# timestamp field value_kB
1777804578.367493237 MemTotal:        8124504 kB
1777804578.367493237 MemFree:         6324628 kB
1777804578.367493237 MemAvailable:    6647560 kB
1777804578.367493237 Buffers:           30868 kB
1777804578.367493237 Cached:           421768 kB
1777804578.367493237 SwapCached:            0 kB
1777804578.367493237 Active:           438088 kB
1777804578.367493237 Inactive:         112456 kB
1777804578.367493237 Active(anon):     103076 kB
1777804578.367493237 Inactive(anon):        0 kB
1777804578.367493237 Active(file):     335012 kB
1777804578.367493237 Inactive(file):   112456 kB
1777804578.367493237 Unevictable:           0 kB
1777804578.367493237 Mlocked:               0 kB
1777804578.367493237 SwapTotal:             0 kB
1777804578.367493237 SwapFree:              0 kB
1777804578.367493237 Zswap:                 0 kB
1777804578.367493237 Zswapped:              0 kB
1777804578.367493237 Dirty:                40 kB
1777804578.367493237 Writeback:             0 kB
1777804578.367493237 AnonPages:         98288 kB
1777804578.367493237 Mapped:           104356 kB
1777804578.367493237 Shmem:              5240 kB
1777804578.367493237 KReclaimable:      30448 kB
1777804578.367493237 Slab:             122960 kB
1777804578.367493237 SReclaimable:      30448 kB
1777804578.367493237 SUnreclaim:        92512 kB
1777804578.367493237 KernelStack:        3160 kB
1777804578.367493237 PageTables:         4728 kB
1777804578.367493237 SecPageTables:         0 kB
1777804578.367493237 NFS_Unstable:          0 kB
1777804578.367493237 Bounce:                0 kB
1777804578.367493237 WritebackTmp:          0 kB
1777804578.367493237 CommitLimit:     3537964 kB
1777804578.367493237 Committed_AS:     512272 kB
1777804578.367493237 VmallocTotal:   135288315904 kB
1777804578.367493237 VmallocUsed:       19572 kB
1777804578.367493237 VmallocChunk:          0 kB
1777804578.367493237 Percpu:             1504 kB
1777804578.367493237 AnonHugePages:         0 kB
1777804578.367493237 ShmemHugePages:        0 kB
1777804578.367493237 ShmemPmdMapped:        0 kB
1777804578.367493237 FileHugePages:         0 kB
1777804578.367493237 FilePmdMapped:         0 kB
1777804578.367493237 CmaTotal:          65536 kB
1777804578.367493237 CmaFree:           49104 kB
1777804578.367493237 Balloon:               0 kB
1777804578.367493237 HugePages_Total:     512
1777804578.367493237 HugePages_Free:      488
1777804578.367493237 HugePages_Rsvd:        0
1777804578.367493237 HugePages_Surp:        0
1777804578.367493237 Hugepagesize:       2048 kB
1777804578.367493237 Hugetlb:         1048576 kB
1777804579.379558177 MemTotal:        8124504 kB
1777804579.379558177 MemFree:         6322848 kB
1777804579.379558177 MemAvailable:    6645820 kB
1777804579.379558177 Buffers:           30868 kB
1777804579.379558177 Cached:           421792 kB
1777804579.379558177 SwapCached:            0 kB
1777804579.379558177 Active:           437536 kB
1777804579.379558177 Inactive:         112488 kB
1777804579.379558177 Active(anon):     102516 kB
1777804579.379558177 Inactive(anon):        0 kB
1777804579.379558177 Active(file):     335020 kB
1777804579.379558177 Inactive(file):   112488 kB
1777804579.379558177 Unevictable:           0 kB
1777804579.379558177 Mlocked:               0 kB
1777804579.379558177 SwapTotal:             0 kB
1777804579.379558177 SwapFree:              0 kB
1777804579.379558177 Zswap:                 0 kB
1777804579.379558177 Zswapped:              0 kB
1777804579.379558177 Dirty:                60 kB
1777804579.379558177 Writeback:             0 kB
1777804579.379558177 AnonPages:         97456 kB
1777804579.379558177 Mapped:           104204 kB
1777804579.379558177 Shmem:              5240 kB
1777804579.379558177 KReclaimable:      30448 kB
1777804579.379558177 Slab:             123080 kB
1777804579.379558177 SReclaimable:      30448 kB
1777804579.379558177 SUnreclaim:        92632 kB
1777804579.379558177 KernelStack:        3184 kB
1777804579.379558177 PageTables:         4220 kB
1777804579.379558177 SecPageTables:         0 kB
1777804579.379558177 NFS_Unstable:          0 kB
1777804579.379558177 Bounce:                0 kB
1777804579.379558177 WritebackTmp:          0 kB
1777804579.379558177 CommitLimit:     3537964 kB
1777804579.379558177 Committed_AS:     510468 kB
1777804579.379558177 VmallocTotal:   135288315904 kB
1777804579.379558177 VmallocUsed:       19588 kB
1777804579.379558177 VmallocChunk:          0 kB
1777804579.379558177 Percpu:             1504 kB
1777804579.379558177 AnonHugePages:         0 kB
1777804579.379558177 ShmemHugePages:        0 kB
1777804579.379558177 ShmemPmdMapped:        0 kB
1777804579.379558177 FileHugePages:         0 kB
1777804579.379558177 FilePmdMapped:         0 kB
1777804579.379558177 CmaTotal:          65536 kB
1777804579.379558177 CmaFree:           49104 kB
1777804579.379558177 Balloon:               0 kB
1777804579.379558177 HugePages_Total:     512
1777804579.379558177 HugePages_Free:      488
1777804579.379558177 HugePages_Rsvd:        0
1777804579.379558177 HugePages_Surp:        0
1777804579.379558177 Hugepagesize:       2048 kB
1777804579.379558177 Hugetlb:         1048576 kB
1777804580.386463892 MemTotal:        8124504 kB
1777804580.386463892 MemFree:         6323760 kB
1777804580.386463892 MemAvailable:    6646744 kB
1777804580.386463892 Buffers:           30868 kB
1777804580.386463892 Cached:           421796 kB
1777804580.386463892 SwapCached:            0 kB
1777804580.386463892 Active:           437472 kB
1777804580.386463892 Inactive:         112492 kB
1777804580.386463892 Active(anon):     102452 kB
1777804580.386463892 Inactive(anon):        0 kB
1777804580.386463892 Active(file):     335020 kB
1777804580.386463892 Inactive(file):   112492 kB
1777804580.386463892 Unevictable:           0 kB
1777804580.386463892 Mlocked:               0 kB
1777804580.386463892 SwapTotal:             0 kB
1777804580.386463892 SwapFree:              0 kB
1777804580.386463892 Zswap:                 0 kB
1777804580.386463892 Zswapped:              0 kB
1777804580.386463892 Dirty:                64 kB
1777804580.386463892 Writeback:             0 kB
1777804580.386463892 AnonPages:         97460 kB
1777804580.386463892 Mapped:           104204 kB
1777804580.386463892 Shmem:              5240 kB
1777804580.386463892 KReclaimable:      30464 kB
1777804580.386463892 Slab:             123100 kB
1777804580.386463892 SReclaimable:      30464 kB
1777804580.386463892 SUnreclaim:        92636 kB
1777804580.386463892 KernelStack:        3184 kB
1777804580.386463892 PageTables:         4224 kB
1777804580.386463892 SecPageTables:         0 kB
1777804580.386463892 NFS_Unstable:          0 kB
1777804580.386463892 Bounce:                0 kB
1777804580.386463892 WritebackTmp:          0 kB
1777804580.386463892 CommitLimit:     3537964 kB
1777804580.386463892 Committed_AS:     510468 kB
1777804580.386463892 VmallocTotal:   135288315904 kB
1777804580.386463892 VmallocUsed:       19572 kB
1777804580.386463892 VmallocChunk:          0 kB
1777804580.386463892 Percpu:             1504 kB
1777804580.386463892 AnonHugePages:         0 kB
1777804580.386463892 ShmemHugePages:        0 kB
1777804580.386463892 ShmemPmdMapped:        0 kB
1777804580.386463892 FileHugePages:         0 kB
1777804580.386463892 FilePmdMapped:         0 kB
1777804580.386463892 CmaTotal:          65536 kB
1777804580.386463892 CmaFree:           49104 kB
1777804580.386463892 Balloon:               0 kB
1777804580.386463892 HugePages_Total:     512
1777804580.386463892 HugePages_Free:      488
1777804580.386463892 HugePages_Rsvd:        0
1777804580.386463892 HugePages_Surp:        0
1777804580.386463892 Hugepagesize:       2048 kB
1777804580.386463892 Hugetlb:         1048576 kB
1777804581.393434589 MemTotal:        8124504 kB
1777804581.393434589 MemFree:         6324100 kB
1777804581.393434589 MemAvailable:    6647084 kB
1777804581.393434589 Buffers:           30868 kB
1777804581.393434589 Cached:           421800 kB
1777804581.393434589 SwapCached:            0 kB
1777804581.393434589 Active:           437356 kB
1777804581.393434589 Inactive:         112492 kB
1777804581.393434589 Active(anon):     102336 kB
1777804581.393434589 Inactive(anon):        0 kB
1777804581.393434589 Active(file):     335020 kB
1777804581.393434589 Inactive(file):   112492 kB
1777804581.393434589 Unevictable:           0 kB
1777804581.393434589 Mlocked:               0 kB
1777804581.393434589 SwapTotal:             0 kB
1777804581.393434589 SwapFree:              0 kB
1777804581.393434589 Zswap:                 0 kB
1777804581.393434589 Zswapped:              0 kB
1777804581.393434589 Dirty:                68 kB
1777804581.393434589 Writeback:             0 kB
1777804581.393434589 AnonPages:         97368 kB
1777804581.393434589 Mapped:           104100 kB
1777804581.393434589 Shmem:              5240 kB
1777804581.393434589 KReclaimable:      30464 kB
1777804581.393434589 Slab:             123140 kB
1777804581.393434589 SReclaimable:      30464 kB
1777804581.393434589 SUnreclaim:        92676 kB
1777804581.393434589 KernelStack:        3184 kB
1777804581.393434589 PageTables:         4248 kB
1777804581.393434589 SecPageTables:         0 kB
1777804581.393434589 NFS_Unstable:          0 kB
1777804581.393434589 Bounce:                0 kB
1777804581.393434589 WritebackTmp:          0 kB
1777804581.393434589 CommitLimit:     3537964 kB
1777804581.393434589 Committed_AS:     510468 kB
1777804581.393434589 VmallocTotal:   135288315904 kB
1777804581.393434589 VmallocUsed:       19588 kB
1777804581.393434589 VmallocChunk:          0 kB
1777804581.393434589 Percpu:             1504 kB
1777804581.393434589 AnonHugePages:         0 kB
1777804581.393434589 ShmemHugePages:        0 kB
1777804581.393434589 ShmemPmdMapped:        0 kB
1777804581.393434589 FileHugePages:         0 kB
1777804581.393434589 FilePmdMapped:         0 kB
1777804581.393434589 CmaTotal:          65536 kB
1777804581.393434589 CmaFree:           49104 kB
1777804581.393434589 Balloon:               0 kB
1777804581.393434589 HugePages_Total:     512
1777804581.393434589 HugePages_Free:      488
1777804581.393434589 HugePages_Rsvd:        0
1777804581.393434589 HugePages_Surp:        0
1777804581.393434589 Hugepagesize:       2048 kB
1777804581.393434589 Hugetlb:         1048576 kB
1777804582.400424304 MemTotal:        8124504 kB
1777804582.400424304 MemFree:         6324352 kB
1777804582.400424304 MemAvailable:    6647344 kB
1777804582.400424304 Buffers:           30868 kB
1777804582.400424304 Cached:           421804 kB
1777804582.400424304 SwapCached:            0 kB
1777804582.400424304 Active:           437528 kB
1777804582.400424304 Inactive:         112500 kB
1777804582.400424304 Active(anon):     102508 kB
1777804582.400424304 Inactive(anon):        0 kB
1777804582.400424304 Active(file):     335020 kB
1777804582.400424304 Inactive(file):   112500 kB
1777804582.400424304 Unevictable:           0 kB
1777804582.400424304 Mlocked:               0 kB
1777804582.400424304 SwapTotal:             0 kB
1777804582.400424304 SwapFree:              0 kB
1777804582.400424304 Zswap:                 0 kB
1777804582.400424304 Zswapped:              0 kB
1777804582.400424304 Dirty:                72 kB
1777804582.400424304 Writeback:             0 kB
1777804582.400424304 AnonPages:         97460 kB
1777804582.400424304 Mapped:           104204 kB
1777804582.400424304 Shmem:              5240 kB
1777804582.400424304 KReclaimable:      30464 kB
1777804582.400424304 Slab:             123120 kB
1777804582.400424304 SReclaimable:      30464 kB
1777804582.400424304 SUnreclaim:        92656 kB
1777804582.400424304 KernelStack:        3184 kB
1777804582.400424304 PageTables:         4216 kB
1777804582.400424304 SecPageTables:         0 kB
1777804582.400424304 NFS_Unstable:          0 kB
1777804582.400424304 Bounce:                0 kB
1777804582.400424304 WritebackTmp:          0 kB
1777804582.400424304 CommitLimit:     3537964 kB
1777804582.400424304 Committed_AS:     510468 kB
1777804582.400424304 VmallocTotal:   135288315904 kB
1777804582.400424304 VmallocUsed:       19604 kB
1777804582.400424304 VmallocChunk:          0 kB
1777804582.400424304 Percpu:             1504 kB
1777804582.400424304 AnonHugePages:         0 kB
1777804582.400424304 ShmemHugePages:        0 kB
1777804582.400424304 ShmemPmdMapped:        0 kB
1777804582.400424304 FileHugePages:         0 kB
1777804582.400424304 FilePmdMapped:         0 kB
1777804582.400424304 CmaTotal:          65536 kB
1777804582.400424304 CmaFree:           49104 kB
1777804582.400424304 Balloon:               0 kB
1777804582.400424304 HugePages_Total:     512
1777804582.400424304 HugePages_Free:      488
1777804582.400424304 HugePages_Rsvd:        0
1777804582.400424304 HugePages_Surp:        0
1777804582.400424304 Hugepagesize:       2048 kB
1777804582.400424304 Hugetlb:         1048576 kB
1777804583.407299593 MemTotal:        8124504 kB
1777804583.407299593 MemFree:         6323904 kB
1777804583.407299593 MemAvailable:    6646900 kB
1777804583.407299593 Buffers:           30876 kB
1777804583.407299593 Cached:           421808 kB
1777804583.407299593 SwapCached:            0 kB
1777804583.407299593 Active:           437340 kB
1777804583.407299593 Inactive:         112508 kB
1777804583.407299593 Active(anon):     102324 kB
1777804583.407299593 Inactive(anon):        0 kB
1777804583.407299593 Active(file):     335016 kB
1777804583.407299593 Inactive(file):   112508 kB
1777804583.407299593 Unevictable:           0 kB
1777804583.407299593 Mlocked:               0 kB
1777804583.407299593 SwapTotal:             0 kB
1777804583.407299593 SwapFree:              0 kB
1777804583.407299593 Zswap:                 0 kB
1777804583.407299593 Zswapped:              0 kB
1777804583.407299593 Dirty:                96 kB
1777804583.407299593 Writeback:             0 kB
1777804583.407299593 AnonPages:         97372 kB
1777804583.407299593 Mapped:           104164 kB
1777804583.407299593 Shmem:              5240 kB
1777804583.407299593 KReclaimable:      30464 kB
1777804583.407299593 Slab:             123100 kB
1777804583.407299593 SReclaimable:      30464 kB
1777804583.407299593 SUnreclaim:        92636 kB
1777804583.407299593 KernelStack:        3168 kB
1777804583.407299593 PageTables:         4224 kB
1777804583.407299593 SecPageTables:         0 kB
1777804583.407299593 NFS_Unstable:          0 kB
1777804583.407299593 Bounce:                0 kB
1777804583.407299593 WritebackTmp:          0 kB
1777804583.407299593 CommitLimit:     3537964 kB
1777804583.407299593 Committed_AS:     510468 kB
1777804583.407299593 VmallocTotal:   135288315904 kB
1777804583.407299593 VmallocUsed:       19572 kB
1777804583.407299593 VmallocChunk:          0 kB
1777804583.407299593 Percpu:             1504 kB
1777804583.407299593 AnonHugePages:         0 kB
1777804583.407299593 ShmemHugePages:        0 kB
1777804583.407299593 ShmemPmdMapped:        0 kB
1777804583.407299593 FileHugePages:         0 kB
1777804583.407299593 FilePmdMapped:         0 kB
1777804583.407299593 CmaTotal:          65536 kB
1777804583.407299593 CmaFree:           49104 kB
1777804583.407299593 Balloon:               0 kB
1777804583.407299593 HugePages_Total:     512
1777804583.407299593 HugePages_Free:      488
1777804583.407299593 HugePages_Rsvd:        0
1777804583.407299593 HugePages_Surp:        0
1777804583.407299593 Hugepagesize:       2048 kB
1777804583.407299593 Hugetlb:         1048576 kB
1777804584.414252067 MemTotal:        8124504 kB
1777804584.414252067 MemFree:         6324304 kB
1777804584.414252067 MemAvailable:    6647308 kB
1777804584.414252067 Buffers:           30876 kB
1777804584.414252067 Cached:           421808 kB
1777804584.414252067 SwapCached:            0 kB
1777804584.414252067 Active:           437404 kB
1777804584.414252067 Inactive:         112512 kB
1777804584.414252067 Active(anon):     102384 kB
1777804584.414252067 Inactive(anon):        0 kB
1777804584.414252067 Active(file):     335020 kB
1777804584.414252067 Inactive(file):   112512 kB
1777804584.414252067 Unevictable:           0 kB
1777804584.414252067 Mlocked:               0 kB
1777804584.414252067 SwapTotal:             0 kB
1777804584.414252067 SwapFree:              0 kB
1777804584.414252067 Zswap:                 0 kB
1777804584.414252067 Zswapped:              0 kB
1777804584.414252067 Dirty:                96 kB
1777804584.414252067 Writeback:             0 kB
1777804584.414252067 AnonPages:         97504 kB
1777804584.414252067 Mapped:           104164 kB
1777804584.414252067 Shmem:              5240 kB
1777804584.414252067 KReclaimable:      30464 kB
1777804584.414252067 Slab:             123084 kB
1777804584.414252067 SReclaimable:      30464 kB
1777804584.414252067 SUnreclaim:        92620 kB
1777804584.414252067 KernelStack:        3200 kB
1777804584.414252067 PageTables:         4272 kB
1777804584.414252067 SecPageTables:         0 kB
1777804584.414252067 NFS_Unstable:          0 kB
1777804584.414252067 Bounce:                0 kB
1777804584.414252067 WritebackTmp:          0 kB
1777804584.414252067 CommitLimit:     3537964 kB
1777804584.414252067 Committed_AS:     510468 kB
1777804584.414252067 VmallocTotal:   135288315904 kB
1777804584.414252067 VmallocUsed:       19572 kB
1777804584.414252067 VmallocChunk:          0 kB
1777804584.414252067 Percpu:             1504 kB
1777804584.414252067 AnonHugePages:         0 kB
1777804584.414252067 ShmemHugePages:        0 kB
1777804584.414252067 ShmemPmdMapped:        0 kB
1777804584.414252067 FileHugePages:         0 kB
1777804584.414252067 FilePmdMapped:         0 kB
1777804584.414252067 CmaTotal:          65536 kB
1777804584.414252067 CmaFree:           49104 kB
1777804584.414252067 Balloon:               0 kB
1777804584.414252067 HugePages_Total:     512
1777804584.414252067 HugePages_Free:      488
1777804584.414252067 HugePages_Rsvd:        0
1777804584.414252067 HugePages_Surp:        0
1777804584.414252067 Hugepagesize:       2048 kB
1777804584.414252067 Hugetlb:         1048576 kB
1777804585.421277394 MemTotal:        8124504 kB
1777804585.421277394 MemFree:         6324252 kB
1777804585.421277394 MemAvailable:    6647264 kB
1777804585.421277394 Buffers:           30876 kB
1777804585.421277394 Cached:           421824 kB
1777804585.421277394 SwapCached:            0 kB
1777804585.421277394 Active:           437416 kB
1777804585.421277394 Inactive:         112520 kB
1777804585.421277394 Active(anon):     102396 kB
1777804585.421277394 Inactive(anon):        0 kB
1777804585.421277394 Active(file):     335020 kB
1777804585.421277394 Inactive(file):   112520 kB
1777804585.421277394 Unevictable:           0 kB
1777804585.421277394 Mlocked:               0 kB
1777804585.421277394 SwapTotal:             0 kB
1777804585.421277394 SwapFree:              0 kB
1777804585.421277394 Zswap:                 0 kB
1777804585.421277394 Zswapped:              0 kB
1777804585.421277394 Dirty:               112 kB
1777804585.421277394 Writeback:             0 kB
1777804585.421277394 AnonPages:         97392 kB
1777804585.421277394 Mapped:           104164 kB
1777804585.421277394 Shmem:              5240 kB
1777804585.421277394 KReclaimable:      30464 kB
1777804585.421277394 Slab:             123052 kB
1777804585.421277394 SReclaimable:      30464 kB
1777804585.421277394 SUnreclaim:        92588 kB
1777804585.421277394 KernelStack:        3184 kB
1777804585.421277394 PageTables:         4240 kB
1777804585.421277394 SecPageTables:         0 kB
1777804585.421277394 NFS_Unstable:          0 kB
1777804585.421277394 Bounce:                0 kB
1777804585.421277394 WritebackTmp:          0 kB
1777804585.421277394 CommitLimit:     3537964 kB
1777804585.421277394 Committed_AS:     510468 kB
1777804585.421277394 VmallocTotal:   135288315904 kB
1777804585.421277394 VmallocUsed:       19588 kB
1777804585.421277394 VmallocChunk:          0 kB
1777804585.421277394 Percpu:             1504 kB
1777804585.421277394 AnonHugePages:         0 kB
1777804585.421277394 ShmemHugePages:        0 kB
1777804585.421277394 ShmemPmdMapped:        0 kB
1777804585.421277394 FileHugePages:         0 kB
1777804585.421277394 FilePmdMapped:         0 kB
1777804585.421277394 CmaTotal:          65536 kB
1777804585.421277394 CmaFree:           49104 kB
1777804585.421277394 Balloon:               0 kB
1777804585.421277394 HugePages_Total:     512
1777804585.421277394 HugePages_Free:      488
1777804585.421277394 HugePages_Rsvd:        0
1777804585.421277394 HugePages_Surp:        0
1777804585.421277394 Hugepagesize:       2048 kB
1777804585.421277394 Hugetlb:         1048576 kB
1777804586.428298961 MemTotal:        8124504 kB
1777804586.428298961 MemFree:         6322588 kB
1777804586.428298961 MemAvailable:    6646496 kB
1777804586.428298961 Buffers:           30960 kB
1777804586.428298961 Cached:           422692 kB
1777804586.428298961 SwapCached:            0 kB
1777804586.428298961 Active:           437828 kB
1777804586.428298961 Inactive:         113216 kB
1777804586.428298961 Active(anon):     102656 kB
1777804586.428298961 Inactive(anon):        0 kB
1777804586.428298961 Active(file):     335172 kB
1777804586.428298961 Inactive(file):   113216 kB
1777804586.428298961 Unevictable:           0 kB
1777804586.428298961 Mlocked:               0 kB
1777804586.428298961 SwapTotal:             0 kB
1777804586.428298961 SwapFree:              0 kB
1777804586.428298961 Zswap:                 0 kB
1777804586.428298961 Zswapped:              0 kB
1777804586.428298961 Dirty:              2312 kB
1777804586.428298961 Writeback:             0 kB
1777804586.428298961 AnonPages:         97592 kB
1777804586.428298961 Mapped:           104208 kB
1777804586.428298961 Shmem:              5248 kB
1777804586.428298961 KReclaimable:      30556 kB
1777804586.428298961 Slab:             123412 kB
1777804586.428298961 SReclaimable:      30556 kB
1777804586.428298961 SUnreclaim:        92856 kB
1777804586.428298961 KernelStack:        3208 kB
1777804586.428298961 PageTables:         4368 kB
1777804586.428298961 SecPageTables:         0 kB
1777804586.428298961 NFS_Unstable:          0 kB
1777804586.428298961 Bounce:                0 kB
1777804586.428298961 WritebackTmp:          0 kB
1777804586.428298961 CommitLimit:     3537964 kB
1777804586.428298961 Committed_AS:     510616 kB
1777804586.428298961 VmallocTotal:   135288315904 kB
1777804586.428298961 VmallocUsed:       19588 kB
1777804586.428298961 VmallocChunk:          0 kB
1777804586.428298961 Percpu:             1504 kB
1777804586.428298961 AnonHugePages:         0 kB
1777804586.428298961 ShmemHugePages:        0 kB
1777804586.428298961 ShmemPmdMapped:        0 kB
1777804586.428298961 FileHugePages:         0 kB
1777804586.428298961 FilePmdMapped:         0 kB
1777804586.428298961 CmaTotal:          65536 kB
1777804586.428298961 CmaFree:           49104 kB
1777804586.428298961 Balloon:               0 kB
1777804586.428298961 HugePages_Total:     512
1777804586.428298961 HugePages_Free:      488
1777804586.428298961 HugePages_Rsvd:        0
1777804586.428298961 HugePages_Surp:        0
1777804586.428298961 Hugepagesize:       2048 kB
1777804586.428298961 Hugetlb:         1048576 kB
1777804587.435274528 MemTotal:        8124504 kB
1777804587.435274528 MemFree:         6321900 kB
1777804587.435274528 MemAvailable:    6645884 kB
1777804587.435274528 Buffers:           30960 kB
1777804587.435274528 Cached:           422632 kB
1777804587.435274528 SwapCached:            0 kB
1777804587.435274528 Active:           437732 kB
1777804587.435274528 Inactive:         113196 kB
1777804587.435274528 Active(anon):     102488 kB
1777804587.435274528 Inactive(anon):        0 kB
1777804587.435274528 Active(file):     335244 kB
1777804587.435274528 Inactive(file):   113196 kB
1777804587.435274528 Unevictable:           0 kB
1777804587.435274528 Mlocked:               0 kB
1777804587.435274528 SwapTotal:             0 kB
1777804587.435274528 SwapFree:              0 kB
1777804587.435274528 Zswap:                 0 kB
1777804587.435274528 Zswapped:              0 kB
1777804587.435274528 Dirty:              2392 kB
1777804587.435274528 Writeback:             0 kB
1777804587.435274528 AnonPages:         97520 kB
1777804587.435274528 Mapped:           104168 kB
1777804587.435274528 Shmem:              5240 kB
1777804587.435274528 KReclaimable:      30604 kB
1777804587.435274528 Slab:             123580 kB
1777804587.435274528 SReclaimable:      30604 kB
1777804587.435274528 SUnreclaim:        92976 kB
1777804587.435274528 KernelStack:        3184 kB
1777804587.435274528 PageTables:         4224 kB
1777804587.435274528 SecPageTables:         0 kB
1777804587.435274528 NFS_Unstable:          0 kB
1777804587.435274528 Bounce:                0 kB
1777804587.435274528 WritebackTmp:          0 kB
1777804587.435274528 CommitLimit:     3537964 kB
1777804587.435274528 Committed_AS:     510616 kB
1777804587.435274528 VmallocTotal:   135288315904 kB
1777804587.435274528 VmallocUsed:       19604 kB
1777804587.435274528 VmallocChunk:          0 kB
1777804587.435274528 Percpu:             1504 kB
1777804587.435274528 AnonHugePages:         0 kB
1777804587.435274528 ShmemHugePages:        0 kB
1777804587.435274528 ShmemPmdMapped:        0 kB
1777804587.435274528 FileHugePages:         0 kB
1777804587.435274528 FilePmdMapped:         0 kB
1777804587.435274528 CmaTotal:          65536 kB
1777804587.435274528 CmaFree:           49104 kB
1777804587.435274528 Balloon:               0 kB
1777804587.435274528 HugePages_Total:     512
1777804587.435274528 HugePages_Free:      488
1777804587.435274528 HugePages_Rsvd:        0
1777804587.435274528 HugePages_Surp:        0
1777804587.435274528 Hugepagesize:       2048 kB
1777804587.435274528 Hugetlb:         1048576 kB
1777804588.442238873 MemTotal:        8124504 kB
1777804588.442238873 MemFree:         6322536 kB
1777804588.442238873 MemAvailable:    6646528 kB
1777804588.442238873 Buffers:           30960 kB
1777804588.442238873 Cached:           422636 kB
1777804588.442238873 SwapCached:            0 kB
1777804588.442238873 Active:           437752 kB
1777804588.442238873 Inactive:         113200 kB
1777804588.442238873 Active(anon):     102504 kB
1777804588.442238873 Inactive(anon):        0 kB
1777804588.442238873 Active(file):     335248 kB
1777804588.442238873 Inactive(file):   113200 kB
1777804588.442238873 Unevictable:           0 kB
1777804588.442238873 Mlocked:               0 kB
1777804588.442238873 SwapTotal:             0 kB
1777804588.442238873 SwapFree:              0 kB
1777804588.442238873 Zswap:                 0 kB
1777804588.442238873 Zswapped:              0 kB
1777804588.442238873 Dirty:              2396 kB
1777804588.442238873 Writeback:             0 kB
1777804588.442238873 AnonPages:         97564 kB
1777804588.442238873 Mapped:           104208 kB
1777804588.442238873 Shmem:              5240 kB
1777804588.442238873 KReclaimable:      30604 kB
1777804588.442238873 Slab:             123540 kB
1777804588.442238873 SReclaimable:      30604 kB
1777804588.442238873 SUnreclaim:        92936 kB
1777804588.442238873 KernelStack:        3200 kB
1777804588.442238873 PageTables:         4268 kB
1777804588.442238873 SecPageTables:         0 kB
1777804588.442238873 NFS_Unstable:          0 kB
1777804588.442238873 Bounce:                0 kB
1777804588.442238873 WritebackTmp:          0 kB
1777804588.442238873 CommitLimit:     3537964 kB
1777804588.442238873 Committed_AS:     510616 kB
1777804588.442238873 VmallocTotal:   135288315904 kB
1777804588.442238873 VmallocUsed:       19604 kB
1777804588.442238873 VmallocChunk:          0 kB
1777804588.442238873 Percpu:             1504 kB
1777804588.442238873 AnonHugePages:         0 kB
1777804588.442238873 ShmemHugePages:        0 kB
1777804588.442238873 ShmemPmdMapped:        0 kB
1777804588.442238873 FileHugePages:         0 kB
1777804588.442238873 FilePmdMapped:         0 kB
1777804588.442238873 CmaTotal:          65536 kB
1777804588.442238873 CmaFree:           49104 kB
1777804588.442238873 Balloon:               0 kB
1777804588.442238873 HugePages_Total:     512
1777804588.442238873 HugePages_Free:      488
1777804588.442238873 HugePages_Rsvd:        0
1777804588.442238873 HugePages_Surp:        0
1777804588.442238873 Hugepagesize:       2048 kB
1777804588.442238873 Hugetlb:         1048576 kB
1777804589.449172033 MemTotal:        8124504 kB
1777804589.449172033 MemFree:         6323700 kB
1777804589.449172033 MemAvailable:    6647688 kB
1777804589.449172033 Buffers:           30960 kB
1777804589.449172033 Cached:           422640 kB
1777804589.449172033 SwapCached:            0 kB
1777804589.449172033 Active:           437704 kB
1777804589.449172033 Inactive:         113200 kB
1777804589.449172033 Active(anon):     102460 kB
1777804589.449172033 Inactive(anon):        0 kB
1777804589.449172033 Active(file):     335244 kB
1777804589.449172033 Inactive(file):   113200 kB
1777804589.449172033 Unevictable:           0 kB
1777804589.449172033 Mlocked:               0 kB
1777804589.449172033 SwapTotal:             0 kB
1777804589.449172033 SwapFree:              0 kB
1777804589.449172033 Zswap:                 0 kB
1777804589.449172033 Zswapped:              0 kB
1777804589.449172033 Dirty:              2400 kB
1777804589.449172033 Writeback:             0 kB
1777804589.449172033 AnonPages:         97524 kB
1777804589.449172033 Mapped:           104208 kB
1777804589.449172033 Shmem:              5240 kB
1777804589.449172033 KReclaimable:      30604 kB
1777804589.449172033 Slab:             123480 kB
1777804589.449172033 SReclaimable:      30604 kB
1777804589.449172033 SUnreclaim:        92876 kB
1777804589.449172033 KernelStack:        3184 kB
1777804589.449172033 PageTables:         4228 kB
1777804589.449172033 SecPageTables:         0 kB
1777804589.449172033 NFS_Unstable:          0 kB
1777804589.449172033 Bounce:                0 kB
1777804589.449172033 WritebackTmp:          0 kB
1777804589.449172033 CommitLimit:     3537964 kB
1777804589.449172033 Committed_AS:     510616 kB
1777804589.449172033 VmallocTotal:   135288315904 kB
1777804589.449172033 VmallocUsed:       19604 kB
1777804589.449172033 VmallocChunk:          0 kB
1777804589.449172033 Percpu:             1504 kB
1777804589.449172033 AnonHugePages:         0 kB
1777804589.449172033 ShmemHugePages:        0 kB
1777804589.449172033 ShmemPmdMapped:        0 kB
1777804589.449172033 FileHugePages:         0 kB
1777804589.449172033 FilePmdMapped:         0 kB
1777804589.449172033 CmaTotal:          65536 kB
1777804589.449172033 CmaFree:           49104 kB
1777804589.449172033 Balloon:               0 kB
1777804589.449172033 HugePages_Total:     512
1777804589.449172033 HugePages_Free:      488
1777804589.449172033 HugePages_Rsvd:        0
1777804589.449172033 HugePages_Surp:        0
1777804589.449172033 Hugepagesize:       2048 kB
1777804589.449172033 Hugetlb:         1048576 kB
1777804590.456195137 MemTotal:        8124504 kB
1777804590.456195137 MemFree:         6322604 kB
1777804590.456195137 MemAvailable:    6646604 kB
1777804590.456195137 Buffers:           30960 kB
1777804590.456195137 Cached:           422644 kB
1777804590.456195137 SwapCached:            0 kB
1777804590.456195137 Active:           437844 kB
1777804590.456195137 Inactive:         113208 kB
1777804590.456195137 Active(anon):     102596 kB
1777804590.456195137 Inactive(anon):        0 kB
1777804590.456195137 Active(file):     335248 kB
1777804590.456195137 Inactive(file):   113208 kB
1777804590.456195137 Unevictable:           0 kB
1777804590.456195137 Mlocked:               0 kB
1777804590.456195137 SwapTotal:             0 kB
1777804590.456195137 SwapFree:              0 kB
1777804590.456195137 Zswap:                 0 kB
1777804590.456195137 Zswapped:              0 kB
1777804590.456195137 Dirty:              2404 kB
1777804590.456195137 Writeback:             0 kB
1777804590.456195137 AnonPages:         97496 kB
1777804590.456195137 Mapped:           104168 kB
1777804590.456195137 Shmem:              5240 kB
1777804590.456195137 KReclaimable:      30604 kB
1777804590.456195137 Slab:             123524 kB
1777804590.456195137 SReclaimable:      30604 kB
1777804590.456195137 SUnreclaim:        92920 kB
1777804590.456195137 KernelStack:        3200 kB
1777804590.456195137 PageTables:         4300 kB
1777804590.456195137 SecPageTables:         0 kB
1777804590.456195137 NFS_Unstable:          0 kB
1777804590.456195137 Bounce:                0 kB
1777804590.456195137 WritebackTmp:          0 kB
1777804590.456195137 CommitLimit:     3537964 kB
1777804590.456195137 Committed_AS:     510616 kB
1777804590.456195137 VmallocTotal:   135288315904 kB
1777804590.456195137 VmallocUsed:       19604 kB
1777804590.456195137 VmallocChunk:          0 kB
1777804590.456195137 Percpu:             1504 kB
1777804590.456195137 AnonHugePages:         0 kB
1777804590.456195137 ShmemHugePages:        0 kB
1777804590.456195137 ShmemPmdMapped:        0 kB
1777804590.456195137 FileHugePages:         0 kB
1777804590.456195137 FilePmdMapped:         0 kB
1777804590.456195137 CmaTotal:          65536 kB
1777804590.456195137 CmaFree:           49104 kB
1777804590.456195137 Balloon:               0 kB
1777804590.456195137 HugePages_Total:     512
1777804590.456195137 HugePages_Free:      488
1777804590.456195137 HugePages_Rsvd:        0
1777804590.456195137 HugePages_Surp:        0
1777804590.456195137 Hugepagesize:       2048 kB
1777804590.456195137 Hugetlb:         1048576 kB
1777804591.463159389 MemTotal:        8124504 kB
1777804591.463159389 MemFree:         6322980 kB
1777804591.463159389 MemAvailable:    6646980 kB
1777804591.463159389 Buffers:           30964 kB
1777804591.463159389 Cached:           422640 kB
1777804591.463159389 SwapCached:            0 kB
1777804591.463159389 Active:           437692 kB
1777804591.463159389 Inactive:         113212 kB
1777804591.463159389 Active(anon):     102448 kB
1777804591.463159389 Inactive(anon):        0 kB
1777804591.463159389 Active(file):     335244 kB
1777804591.463159389 Inactive(file):   113212 kB
1777804591.463159389 Unevictable:           0 kB
1777804591.463159389 Mlocked:               0 kB
1777804591.463159389 SwapTotal:             0 kB
1777804591.463159389 SwapFree:              0 kB
1777804591.463159389 Zswap:                 0 kB
1777804591.463159389 Zswapped:              0 kB
1777804591.463159389 Dirty:              2408 kB
1777804591.463159389 Writeback:             0 kB
1777804591.463159389 AnonPages:         97516 kB
1777804591.463159389 Mapped:           104168 kB
1777804591.463159389 Shmem:              5240 kB
1777804591.463159389 KReclaimable:      30604 kB
1777804591.463159389 Slab:             123544 kB
1777804591.463159389 SReclaimable:      30604 kB
1777804591.463159389 SUnreclaim:        92940 kB
1777804591.463159389 KernelStack:        3184 kB
1777804591.463159389 PageTables:         4220 kB
1777804591.463159389 SecPageTables:         0 kB
1777804591.463159389 NFS_Unstable:          0 kB
1777804591.463159389 Bounce:                0 kB
1777804591.463159389 WritebackTmp:          0 kB
1777804591.463159389 CommitLimit:     3537964 kB
1777804591.463159389 Committed_AS:     510616 kB
1777804591.463159389 VmallocTotal:   135288315904 kB
1777804591.463159389 VmallocUsed:       19572 kB
1777804591.463159389 VmallocChunk:          0 kB
1777804591.463159389 Percpu:             1504 kB
1777804591.463159389 AnonHugePages:         0 kB
1777804591.463159389 ShmemHugePages:        0 kB
1777804591.463159389 ShmemPmdMapped:        0 kB
1777804591.463159389 FileHugePages:         0 kB
1777804591.463159389 FilePmdMapped:         0 kB
1777804591.463159389 CmaTotal:          65536 kB
1777804591.463159389 CmaFree:           49104 kB
1777804591.463159389 Balloon:               0 kB
1777804591.463159389 HugePages_Total:     512
1777804591.463159389 HugePages_Free:      488
1777804591.463159389 HugePages_Rsvd:        0
1777804591.463159389 HugePages_Surp:        0
1777804591.463159389 Hugepagesize:       2048 kB
1777804591.463159389 Hugetlb:         1048576 kB
1777804592.470122623 MemTotal:        8124504 kB
1777804592.470122623 MemFree:         6323620 kB
1777804592.470122623 MemAvailable:    6647640 kB
1777804592.470122623 Buffers:           30972 kB
1777804592.470122623 Cached:           422660 kB
1777804592.470122623 SwapCached:            0 kB
1777804592.470122623 Active:           437912 kB
1777804592.470122623 Inactive:         113228 kB
1777804592.470122623 Active(anon):     102664 kB
1777804592.470122623 Inactive(anon):        0 kB
1777804592.470122623 Active(file):     335248 kB
1777804592.470122623 Inactive(file):   113228 kB
1777804592.470122623 Unevictable:           0 kB
1777804592.470122623 Mlocked:               0 kB
1777804592.470122623 SwapTotal:             0 kB
1777804592.470122623 SwapFree:              0 kB
1777804592.470122623 Zswap:                 0 kB
1777804592.470122623 Zswapped:              0 kB
1777804592.470122623 Dirty:              2412 kB
1777804592.470122623 Writeback:             0 kB
1777804592.470122623 AnonPages:         97564 kB
1777804592.470122623 Mapped:           104208 kB
1777804592.470122623 Shmem:              5240 kB
1777804592.470122623 KReclaimable:      30608 kB
1777804592.470122623 Slab:             123540 kB
1777804592.470122623 SReclaimable:      30608 kB
1777804592.470122623 SUnreclaim:        92932 kB
1777804592.470122623 KernelStack:        3200 kB
1777804592.470122623 PageTables:         4280 kB
1777804592.470122623 SecPageTables:         0 kB
1777804592.470122623 NFS_Unstable:          0 kB
1777804592.470122623 Bounce:                0 kB
1777804592.470122623 WritebackTmp:          0 kB
1777804592.470122623 CommitLimit:     3537964 kB
1777804592.470122623 Committed_AS:     510616 kB
1777804592.470122623 VmallocTotal:   135288315904 kB
1777804592.470122623 VmallocUsed:       19604 kB
1777804592.470122623 VmallocChunk:          0 kB
1777804592.470122623 Percpu:             1504 kB
1777804592.470122623 AnonHugePages:         0 kB
1777804592.470122623 ShmemHugePages:        0 kB
1777804592.470122623 ShmemPmdMapped:        0 kB
1777804592.470122623 FileHugePages:         0 kB
1777804592.470122623 FilePmdMapped:         0 kB
1777804592.470122623 CmaTotal:          65536 kB
1777804592.470122623 CmaFree:           49104 kB
1777804592.470122623 Balloon:               0 kB
1777804592.470122623 HugePages_Total:     512
1777804592.470122623 HugePages_Free:      488
1777804592.470122623 HugePages_Rsvd:        0
1777804592.470122623 HugePages_Surp:        0
1777804592.470122623 Hugepagesize:       2048 kB
1777804592.470122623 Hugetlb:         1048576 kB
1777804593.478169972 MemTotal:        8124504 kB
1777804593.478169972 MemFree:         6317956 kB
1777804593.478169972 MemAvailable:    6641984 kB
1777804593.478169972 Buffers:           30972 kB
1777804593.478169972 Cached:           422664 kB
1777804593.478169972 SwapCached:            0 kB
1777804593.478169972 Active:           437708 kB
1777804593.478169972 Inactive:         113240 kB
1777804593.478169972 Active(anon):     102464 kB
1777804593.478169972 Inactive(anon):        0 kB
1777804593.478169972 Active(file):     335244 kB
1777804593.478169972 Inactive(file):   113240 kB
1777804593.478169972 Unevictable:           0 kB
1777804593.478169972 Mlocked:               0 kB
1777804593.478169972 SwapTotal:             0 kB
1777804593.478169972 SwapFree:              0 kB
1777804593.478169972 Zswap:                 0 kB
1777804593.478169972 Zswapped:              0 kB
1777804593.478169972 Dirty:              2416 kB
1777804593.478169972 Writeback:             0 kB
1777804593.478169972 AnonPages:         97516 kB
1777804593.478169972 Mapped:           104208 kB
1777804593.478169972 Shmem:              5240 kB
1777804593.478169972 KReclaimable:      30608 kB
1777804593.478169972 Slab:             123504 kB
1777804593.478169972 SReclaimable:      30608 kB
1777804593.478169972 SUnreclaim:        92896 kB
1777804593.478169972 KernelStack:        3184 kB
1777804593.478169972 PageTables:         4224 kB
1777804593.478169972 SecPageTables:         0 kB
1777804593.478169972 NFS_Unstable:          0 kB
1777804593.478169972 Bounce:                0 kB
1777804593.478169972 WritebackTmp:          0 kB
1777804593.478169972 CommitLimit:     3537964 kB
1777804593.478169972 Committed_AS:     510616 kB
1777804593.478169972 VmallocTotal:   135288315904 kB
1777804593.478169972 VmallocUsed:       19572 kB
1777804593.478169972 VmallocChunk:          0 kB
1777804593.478169972 Percpu:             1504 kB
1777804593.478169972 AnonHugePages:         0 kB
1777804593.478169972 ShmemHugePages:        0 kB
1777804593.478169972 ShmemPmdMapped:        0 kB
1777804593.478169972 FileHugePages:         0 kB
1777804593.478169972 FilePmdMapped:         0 kB
1777804593.478169972 CmaTotal:          65536 kB
1777804593.478169972 CmaFree:           49104 kB
1777804593.478169972 Balloon:               0 kB
1777804593.478169972 HugePages_Total:     512
1777804593.478169972 HugePages_Free:      488
1777804593.478169972 HugePages_Rsvd:        0
1777804593.478169972 HugePages_Surp:        0
1777804593.478169972 Hugepagesize:       2048 kB
1777804593.478169972 Hugetlb:         1048576 kB
1777804594.487024284 MemTotal:        8124504 kB
1777804594.487024284 MemFree:         6324824 kB
1777804594.487024284 MemAvailable:    6648860 kB
1777804594.487024284 Buffers:           30972 kB
1777804594.487024284 Cached:           422668 kB
1777804594.487024284 SwapCached:            0 kB
1777804594.487024284 Active:           437772 kB
1777804594.487024284 Inactive:         113244 kB
1777804594.487024284 Active(anon):     102524 kB
1777804594.487024284 Inactive(anon):        0 kB
1777804594.487024284 Active(file):     335248 kB
1777804594.487024284 Inactive(file):   113244 kB
1777804594.487024284 Unevictable:           0 kB
1777804594.487024284 Mlocked:               0 kB
1777804594.487024284 SwapTotal:             0 kB
1777804594.487024284 SwapFree:              0 kB
1777804594.487024284 Zswap:                 0 kB
1777804594.487024284 Zswapped:              0 kB
1777804594.487024284 Dirty:              2420 kB
1777804594.487024284 Writeback:             0 kB
1777804594.487024284 AnonPages:         97524 kB
1777804594.487024284 Mapped:           104208 kB
1777804594.487024284 Shmem:              5240 kB
1777804594.487024284 KReclaimable:      30608 kB
1777804594.487024284 Slab:             123456 kB
1777804594.487024284 SReclaimable:      30608 kB
1777804594.487024284 SUnreclaim:        92848 kB
1777804594.487024284 KernelStack:        3184 kB
1777804594.487024284 PageTables:         4232 kB
1777804594.487024284 SecPageTables:         0 kB
1777804594.487024284 NFS_Unstable:          0 kB
1777804594.487024284 Bounce:                0 kB
1777804594.487024284 WritebackTmp:          0 kB
1777804594.487024284 CommitLimit:     3537964 kB
1777804594.487024284 Committed_AS:     510616 kB
1777804594.487024284 VmallocTotal:   135288315904 kB
1777804594.487024284 VmallocUsed:       19604 kB
1777804594.487024284 VmallocChunk:          0 kB
1777804594.487024284 Percpu:             1504 kB
1777804594.487024284 AnonHugePages:         0 kB
1777804594.487024284 ShmemHugePages:        0 kB
1777804594.487024284 ShmemPmdMapped:        0 kB
1777804594.487024284 FileHugePages:         0 kB
1777804594.487024284 FilePmdMapped:         0 kB
1777804594.487024284 CmaTotal:          65536 kB
1777804594.487024284 CmaFree:           49104 kB
1777804594.487024284 Balloon:               0 kB
1777804594.487024284 HugePages_Total:     512
1777804594.487024284 HugePages_Free:      488
1777804594.487024284 HugePages_Rsvd:        0
1777804594.487024284 HugePages_Surp:        0
1777804594.487024284 Hugepagesize:       2048 kB
1777804594.487024284 Hugetlb:         1048576 kB
1777804595.495660373 MemTotal:        8124504 kB
1777804595.495660373 MemFree:         6319604 kB
1777804595.495660373 MemAvailable:    6643636 kB
1777804595.495660373 Buffers:           30972 kB
1777804595.495660373 Cached:           422668 kB
1777804595.495660373 SwapCached:            0 kB
1777804595.495660373 Active:           437716 kB
1777804595.495660373 Inactive:         113244 kB
1777804595.495660373 Active(anon):     102472 kB
1777804595.495660373 Inactive(anon):        0 kB
1777804595.495660373 Active(file):     335244 kB
1777804595.495660373 Inactive(file):   113244 kB
1777804595.495660373 Unevictable:           0 kB
1777804595.495660373 Mlocked:               0 kB
1777804595.495660373 SwapTotal:             0 kB
1777804595.495660373 SwapFree:              0 kB
1777804595.495660373 Zswap:                 0 kB
1777804595.495660373 Zswapped:              0 kB
1777804595.495660373 Dirty:              2420 kB
1777804595.495660373 Writeback:             0 kB
1777804595.495660373 AnonPages:         97556 kB
1777804595.495660373 Mapped:           104168 kB
1777804595.495660373 Shmem:              5240 kB
1777804595.495660373 KReclaimable:      30608 kB
1777804595.495660373 Slab:             123384 kB
1777804595.495660373 SReclaimable:      30608 kB
1777804595.495660373 SUnreclaim:        92776 kB
1777804595.495660373 KernelStack:        3200 kB
1777804595.495660373 PageTables:         4276 kB
1777804595.495660373 SecPageTables:         0 kB
1777804595.495660373 NFS_Unstable:          0 kB
1777804595.495660373 Bounce:                0 kB
1777804595.495660373 WritebackTmp:          0 kB
1777804595.495660373 CommitLimit:     3537964 kB
1777804595.495660373 Committed_AS:     510616 kB
1777804595.495660373 VmallocTotal:   135288315904 kB
1777804595.495660373 VmallocUsed:       19604 kB
1777804595.495660373 VmallocChunk:          0 kB
1777804595.495660373 Percpu:             1504 kB
1777804595.495660373 AnonHugePages:         0 kB
1777804595.495660373 ShmemHugePages:        0 kB
1777804595.495660373 ShmemPmdMapped:        0 kB
1777804595.495660373 FileHugePages:         0 kB
1777804595.495660373 FilePmdMapped:         0 kB
1777804595.495660373 CmaTotal:          65536 kB
1777804595.495660373 CmaFree:           49104 kB
1777804595.495660373 Balloon:               0 kB
1777804595.495660373 HugePages_Total:     512
1777804595.495660373 HugePages_Free:      488
1777804595.495660373 HugePages_Rsvd:        0
1777804595.495660373 HugePages_Surp:        0
1777804595.495660373 Hugepagesize:       2048 kB
1777804595.495660373 Hugetlb:         1048576 kB
1777804596.504478093 MemTotal:        8124504 kB
1777804596.504478093 MemFree:         6317132 kB
1777804596.504478093 MemAvailable:    6641168 kB
1777804596.504478093 Buffers:           30972 kB
1777804596.504478093 Cached:           422676 kB
1777804596.504478093 SwapCached:            0 kB
1777804596.504478093 Active:           437820 kB
1777804596.504478093 Inactive:         113248 kB
1777804596.504478093 Active(anon):     102576 kB
1777804596.504478093 Inactive(anon):        0 kB
1777804596.504478093 Active(file):     335244 kB
1777804596.504478093 Inactive(file):   113248 kB
1777804596.504478093 Unevictable:           0 kB
1777804596.504478093 Mlocked:               0 kB
1777804596.504478093 SwapTotal:             0 kB
1777804596.504478093 SwapFree:              0 kB
1777804596.504478093 Zswap:                 0 kB
1777804596.504478093 Zswapped:              0 kB
1777804596.504478093 Dirty:              2184 kB
1777804596.504478093 Writeback:             0 kB
1777804596.504478093 AnonPages:         97520 kB
1777804596.504478093 Mapped:           104208 kB
1777804596.504478093 Shmem:              5240 kB
1777804596.504478093 KReclaimable:      30608 kB
1777804596.504478093 Slab:             123500 kB
1777804596.504478093 SReclaimable:      30608 kB
1777804596.504478093 SUnreclaim:        92892 kB
1777804596.504478093 KernelStack:        3184 kB
1777804596.504478093 PageTables:         4216 kB
1777804596.504478093 SecPageTables:         0 kB
1777804596.504478093 NFS_Unstable:          0 kB
1777804596.504478093 Bounce:                0 kB
1777804596.504478093 WritebackTmp:          0 kB
1777804596.504478093 CommitLimit:     3537964 kB
1777804596.504478093 Committed_AS:     510616 kB
1777804596.504478093 VmallocTotal:   135288315904 kB
1777804596.504478093 VmallocUsed:       19572 kB
1777804596.504478093 VmallocChunk:          0 kB
1777804596.504478093 Percpu:             1504 kB
1777804596.504478093 AnonHugePages:         0 kB
1777804596.504478093 ShmemHugePages:        0 kB
1777804596.504478093 ShmemPmdMapped:        0 kB
1777804596.504478093 FileHugePages:         0 kB
1777804596.504478093 FilePmdMapped:         0 kB
1777804596.504478093 CmaTotal:          65536 kB
1777804596.504478093 CmaFree:           49104 kB
1777804596.504478093 Balloon:               0 kB
1777804596.504478093 HugePages_Total:     512
1777804596.504478093 HugePages_Free:      488
1777804596.504478093 HugePages_Rsvd:        0
1777804596.504478093 HugePages_Surp:        0
1777804596.504478093 Hugepagesize:       2048 kB
1777804596.504478093 Hugetlb:         1048576 kB
1777804597.515370429 MemTotal:        8124504 kB
1777804597.515370429 MemFree:         6321652 kB
1777804597.515370429 MemAvailable:    6645704 kB
1777804597.515370429 Buffers:           30980 kB
1777804597.515370429 Cached:           422680 kB
1777804597.515370429 SwapCached:            0 kB
1777804597.515370429 Active:           437828 kB
1777804597.515370429 Inactive:         113264 kB
1777804597.515370429 Active(anon):     102584 kB
1777804597.515370429 Inactive(anon):        0 kB
1777804597.515370429 Active(file):     335244 kB
1777804597.515370429 Inactive(file):   113264 kB
1777804597.515370429 Unevictable:           0 kB
1777804597.515370429 Mlocked:               0 kB
1777804597.515370429 SwapTotal:             0 kB
1777804597.515370429 SwapFree:              0 kB
1777804597.515370429 Zswap:                 0 kB
1777804597.515370429 Zswapped:              0 kB
1777804597.515370429 Dirty:              2184 kB
1777804597.515370429 Writeback:             0 kB
1777804597.515370429 AnonPages:         97520 kB
1777804597.515370429 Mapped:           104208 kB
1777804597.515370429 Shmem:              5240 kB
1777804597.515370429 KReclaimable:      30608 kB
1777804597.515370429 Slab:             123484 kB
1777804597.515370429 SReclaimable:      30608 kB
1777804597.515370429 SUnreclaim:        92876 kB
1777804597.515370429 KernelStack:        3184 kB
1777804597.515370429 PageTables:         4216 kB
1777804597.515370429 SecPageTables:         0 kB
1777804597.515370429 NFS_Unstable:          0 kB
1777804597.515370429 Bounce:                0 kB
1777804597.515370429 WritebackTmp:          0 kB
1777804597.515370429 CommitLimit:     3537964 kB
1777804597.515370429 Committed_AS:     510616 kB
1777804597.515370429 VmallocTotal:   135288315904 kB
1777804597.515370429 VmallocUsed:       19588 kB
1777804597.515370429 VmallocChunk:          0 kB
1777804597.515370429 Percpu:             1504 kB
1777804597.515370429 AnonHugePages:         0 kB
1777804597.515370429 ShmemHugePages:        0 kB
1777804597.515370429 ShmemPmdMapped:        0 kB
1777804597.515370429 FileHugePages:         0 kB
1777804597.515370429 FilePmdMapped:         0 kB
1777804597.515370429 CmaTotal:          65536 kB
1777804597.515370429 CmaFree:           49104 kB
1777804597.515370429 Balloon:               0 kB
1777804597.515370429 HugePages_Total:     512
1777804597.515370429 HugePages_Free:      488
1777804597.515370429 HugePages_Rsvd:        0
1777804597.515370429 HugePages_Surp:        0
1777804597.515370429 Hugepagesize:       2048 kB
1777804597.515370429 Hugetlb:         1048576 kB
1777804598.523863129 MemTotal:        8124504 kB
1777804598.523863129 MemFree:         6318272 kB
1777804598.523863129 MemAvailable:    6642328 kB
1777804598.523863129 Buffers:           30980 kB
1777804598.523863129 Cached:           422680 kB
1777804598.523863129 SwapCached:            0 kB
1777804598.523863129 Active:           437788 kB
1777804598.523863129 Inactive:         113264 kB
1777804598.523863129 Active(anon):     102540 kB
1777804598.523863129 Inactive(anon):        0 kB
1777804598.523863129 Active(file):     335248 kB
1777804598.523863129 Inactive(file):   113264 kB
1777804598.523863129 Unevictable:           0 kB
1777804598.523863129 Mlocked:               0 kB
1777804598.523863129 SwapTotal:             0 kB
1777804598.523863129 SwapFree:              0 kB
1777804598.523863129 Zswap:                 0 kB
1777804598.523863129 Zswapped:              0 kB
1777804598.523863129 Dirty:              2184 kB
1777804598.523863129 Writeback:             0 kB
1777804598.523863129 AnonPages:         97524 kB
1777804598.523863129 Mapped:           104168 kB
1777804598.523863129 Shmem:              5240 kB
1777804598.523863129 KReclaimable:      30608 kB
1777804598.523863129 Slab:             123596 kB
1777804598.523863129 SReclaimable:      30608 kB
1777804598.523863129 SUnreclaim:        92988 kB
1777804598.523863129 KernelStack:        3184 kB
1777804598.523863129 PageTables:         4220 kB
1777804598.523863129 SecPageTables:         0 kB
1777804598.523863129 NFS_Unstable:          0 kB
1777804598.523863129 Bounce:                0 kB
1777804598.523863129 WritebackTmp:          0 kB
1777804598.523863129 CommitLimit:     3537964 kB
1777804598.523863129 Committed_AS:     510616 kB
1777804598.523863129 VmallocTotal:   135288315904 kB
1777804598.523863129 VmallocUsed:       19588 kB
1777804598.523863129 VmallocChunk:          0 kB
1777804598.523863129 Percpu:             1504 kB
1777804598.523863129 AnonHugePages:         0 kB
1777804598.523863129 ShmemHugePages:        0 kB
1777804598.523863129 ShmemPmdMapped:        0 kB
1777804598.523863129 FileHugePages:         0 kB
1777804598.523863129 FilePmdMapped:         0 kB
1777804598.523863129 CmaTotal:          65536 kB
1777804598.523863129 CmaFree:           49104 kB
1777804598.523863129 Balloon:               0 kB
1777804598.523863129 HugePages_Total:     512
1777804598.523863129 HugePages_Free:      488
1777804598.523863129 HugePages_Rsvd:        0
1777804598.523863129 HugePages_Surp:        0
1777804598.523863129 Hugepagesize:       2048 kB
1777804598.523863129 Hugetlb:         1048576 kB
1777804599.532687164 MemTotal:        8124504 kB
1777804599.532687164 MemFree:         6318556 kB
1777804599.532687164 MemAvailable:    6642620 kB
1777804599.532687164 Buffers:           30980 kB
1777804599.532687164 Cached:           422692 kB
1777804599.532687164 SwapCached:            0 kB
1777804599.532687164 Active:           437764 kB
1777804599.532687164 Inactive:         113272 kB
1777804599.532687164 Active(anon):     102516 kB
1777804599.532687164 Inactive(anon):        0 kB
1777804599.532687164 Active(file):     335248 kB
1777804599.532687164 Inactive(file):   113272 kB
1777804599.532687164 Unevictable:           0 kB
1777804599.532687164 Mlocked:               0 kB
1777804599.532687164 SwapTotal:             0 kB
1777804599.532687164 SwapFree:              0 kB
1777804599.532687164 Zswap:                 0 kB
1777804599.532687164 Zswapped:              0 kB
1777804599.532687164 Dirty:              2196 kB
1777804599.532687164 Writeback:             0 kB
1777804599.532687164 AnonPages:         97520 kB
1777804599.532687164 Mapped:           104208 kB
1777804599.532687164 Shmem:              5240 kB
1777804599.532687164 KReclaimable:      30608 kB
1777804599.532687164 Slab:             123412 kB
1777804599.532687164 SReclaimable:      30608 kB
1777804599.532687164 SUnreclaim:        92804 kB
1777804599.532687164 KernelStack:        3184 kB
1777804599.532687164 PageTables:         4220 kB
1777804599.532687164 SecPageTables:         0 kB
1777804599.532687164 NFS_Unstable:          0 kB
1777804599.532687164 Bounce:                0 kB
1777804599.532687164 WritebackTmp:          0 kB
1777804599.532687164 CommitLimit:     3537964 kB
1777804599.532687164 Committed_AS:     510616 kB
1777804599.532687164 VmallocTotal:   135288315904 kB
1777804599.532687164 VmallocUsed:       19604 kB
1777804599.532687164 VmallocChunk:          0 kB
1777804599.532687164 Percpu:             1504 kB
1777804599.532687164 AnonHugePages:         0 kB
1777804599.532687164 ShmemHugePages:        0 kB
1777804599.532687164 ShmemPmdMapped:        0 kB
1777804599.532687164 FileHugePages:         0 kB
1777804599.532687164 FilePmdMapped:         0 kB
1777804599.532687164 CmaTotal:          65536 kB
1777804599.532687164 CmaFree:           49104 kB
1777804599.532687164 Balloon:               0 kB
1777804599.532687164 HugePages_Total:     512
1777804599.532687164 HugePages_Free:      488
1777804599.532687164 HugePages_Rsvd:        0
1777804599.532687164 HugePages_Surp:        0
1777804599.532687164 Hugepagesize:       2048 kB
1777804599.532687164 Hugetlb:         1048576 kB
1777804600.541327531 MemTotal:        8124504 kB
1777804600.541327531 MemFree:         6318544 kB
1777804600.541327531 MemAvailable:    6642608 kB
1777804600.541327531 Buffers:           30980 kB
1777804600.541327531 Cached:           422696 kB
1777804600.541327531 SwapCached:            0 kB
1777804600.541327531 Active:           437660 kB
1777804600.541327531 Inactive:         113276 kB
1777804600.541327531 Active(anon):     102416 kB
1777804600.541327531 Inactive(anon):        0 kB
1777804600.541327531 Active(file):     335244 kB
1777804600.541327531 Inactive(file):   113276 kB
1777804600.541327531 Unevictable:           0 kB
1777804600.541327531 Mlocked:               0 kB
1777804600.541327531 SwapTotal:             0 kB
1777804600.541327531 SwapFree:              0 kB
1777804600.541327531 Zswap:                 0 kB
1777804600.541327531 Zswapped:              0 kB
1777804600.541327531 Dirty:              2200 kB
1777804600.541327531 Writeback:             0 kB
1777804600.541327531 AnonPages:         97516 kB
1777804600.541327531 Mapped:           104168 kB
1777804600.541327531 Shmem:              5240 kB
1777804600.541327531 KReclaimable:      30608 kB
1777804600.541327531 Slab:             123484 kB
1777804600.541327531 SReclaimable:      30608 kB
1777804600.541327531 SUnreclaim:        92876 kB
1777804600.541327531 KernelStack:        3184 kB
1777804600.541327531 PageTables:         4220 kB
1777804600.541327531 SecPageTables:         0 kB
1777804600.541327531 NFS_Unstable:          0 kB
1777804600.541327531 Bounce:                0 kB
1777804600.541327531 WritebackTmp:          0 kB
1777804600.541327531 CommitLimit:     3537964 kB
1777804600.541327531 Committed_AS:     510616 kB
1777804600.541327531 VmallocTotal:   135288315904 kB
1777804600.541327531 VmallocUsed:       19588 kB
1777804600.541327531 VmallocChunk:          0 kB
1777804600.541327531 Percpu:             1504 kB
1777804600.541327531 AnonHugePages:         0 kB
1777804600.541327531 ShmemHugePages:        0 kB
1777804600.541327531 ShmemPmdMapped:        0 kB
1777804600.541327531 FileHugePages:         0 kB
1777804600.541327531 FilePmdMapped:         0 kB
1777804600.541327531 CmaTotal:          65536 kB
1777804600.541327531 CmaFree:           49104 kB
1777804600.541327531 Balloon:               0 kB
1777804600.541327531 HugePages_Total:     512
1777804600.541327531 HugePages_Free:      488
1777804600.541327531 HugePages_Rsvd:        0
1777804600.541327531 HugePages_Surp:        0
1777804600.541327531 Hugepagesize:       2048 kB
1777804600.541327531 Hugetlb:         1048576 kB
1777804601.550210047 MemTotal:        8124504 kB
1777804601.550210047 MemFree:         6321300 kB
1777804601.550210047 MemAvailable:    6645372 kB
1777804601.550210047 Buffers:           30984 kB
1777804601.550210047 Cached:           422696 kB
1777804601.550210047 SwapCached:            0 kB
1777804601.550210047 Active:           437848 kB
1777804601.550210047 Inactive:         113284 kB
1777804601.550210047 Active(anon):     102604 kB
1777804601.550210047 Inactive(anon):        0 kB
1777804601.550210047 Active(file):     335244 kB
1777804601.550210047 Inactive(file):   113284 kB
1777804601.550210047 Unevictable:           0 kB
1777804601.550210047 Mlocked:               0 kB
1777804601.550210047 SwapTotal:             0 kB
1777804601.550210047 SwapFree:              0 kB
1777804601.550210047 Zswap:                 0 kB
1777804601.550210047 Zswapped:              0 kB
1777804601.550210047 Dirty:              2204 kB
1777804601.550210047 Writeback:             0 kB
1777804601.550210047 AnonPages:         97516 kB
1777804601.550210047 Mapped:           104208 kB
1777804601.550210047 Shmem:              5240 kB
1777804601.550210047 KReclaimable:      30608 kB
1777804601.550210047 Slab:             123480 kB
1777804601.550210047 SReclaimable:      30608 kB
1777804601.550210047 SUnreclaim:        92872 kB
1777804601.550210047 KernelStack:        3184 kB
1777804601.550210047 PageTables:         4232 kB
1777804601.550210047 SecPageTables:         0 kB
1777804601.550210047 NFS_Unstable:          0 kB
1777804601.550210047 Bounce:                0 kB
1777804601.550210047 WritebackTmp:          0 kB
1777804601.550210047 CommitLimit:     3537964 kB
1777804601.550210047 Committed_AS:     510616 kB
1777804601.550210047 VmallocTotal:   135288315904 kB
1777804601.550210047 VmallocUsed:       19588 kB
1777804601.550210047 VmallocChunk:          0 kB
1777804601.550210047 Percpu:             1504 kB
1777804601.550210047 AnonHugePages:         0 kB
1777804601.550210047 ShmemHugePages:        0 kB
1777804601.550210047 ShmemPmdMapped:        0 kB
1777804601.550210047 FileHugePages:         0 kB
1777804601.550210047 FilePmdMapped:         0 kB
1777804601.550210047 CmaTotal:          65536 kB
1777804601.550210047 CmaFree:           49104 kB
1777804601.550210047 Balloon:               0 kB
1777804601.550210047 HugePages_Total:     512
1777804601.550210047 HugePages_Free:      488
1777804601.550210047 HugePages_Rsvd:        0
1777804601.550210047 HugePages_Surp:        0
1777804601.550210047 Hugepagesize:       2048 kB
1777804601.550210047 Hugetlb:         1048576 kB
1777804602.560429530 MemTotal:        8124504 kB
1777804602.560429530 MemFree:         6317664 kB
1777804602.560429530 MemAvailable:    6641752 kB
1777804602.560429530 Buffers:           30988 kB
1777804602.560429530 Cached:           422704 kB
1777804602.560429530 SwapCached:            0 kB
1777804602.560429530 Active:           437808 kB
1777804602.560429530 Inactive:         113296 kB
1777804602.560429530 Active(anon):     102560 kB
1777804602.560429530 Inactive(anon):        0 kB
1777804602.560429530 Active(file):     335248 kB
1777804602.560429530 Inactive(file):   113296 kB
1777804602.560429530 Unevictable:           0 kB
1777804602.560429530 Mlocked:               0 kB
1777804602.560429530 SwapTotal:             0 kB
1777804602.560429530 SwapFree:              0 kB
1777804602.560429530 Zswap:                 0 kB
1777804602.560429530 Zswapped:              0 kB
1777804602.560429530 Dirty:              2208 kB
1777804602.560429530 Writeback:             0 kB
1777804602.560429530 AnonPages:         97524 kB
1777804602.560429530 Mapped:           104208 kB
1777804602.560429530 Shmem:              5240 kB
1777804602.560429530 KReclaimable:      30608 kB
1777804602.560429530 Slab:             123420 kB
1777804602.560429530 SReclaimable:      30608 kB
1777804602.560429530 SUnreclaim:        92812 kB
1777804602.560429530 KernelStack:        3184 kB
1777804602.560429530 PageTables:         4220 kB
1777804602.560429530 SecPageTables:         0 kB
1777804602.560429530 NFS_Unstable:          0 kB
1777804602.560429530 Bounce:                0 kB
1777804602.560429530 WritebackTmp:          0 kB
1777804602.560429530 CommitLimit:     3537964 kB
1777804602.560429530 Committed_AS:     510616 kB
1777804602.560429530 VmallocTotal:   135288315904 kB
1777804602.560429530 VmallocUsed:       19604 kB
1777804602.560429530 VmallocChunk:          0 kB
1777804602.560429530 Percpu:             1504 kB
1777804602.560429530 AnonHugePages:         0 kB
1777804602.560429530 ShmemHugePages:        0 kB
1777804602.560429530 ShmemPmdMapped:        0 kB
1777804602.560429530 FileHugePages:         0 kB
1777804602.560429530 FilePmdMapped:         0 kB
1777804602.560429530 CmaTotal:          65536 kB
1777804602.560429530 CmaFree:           49104 kB
1777804602.560429530 Balloon:               0 kB
1777804602.560429530 HugePages_Total:     512
1777804602.560429530 HugePages_Free:      488
1777804602.560429530 HugePages_Rsvd:        0
1777804602.560429530 HugePages_Surp:        0
1777804602.560429530 Hugepagesize:       2048 kB
1777804602.560429530 Hugetlb:         1048576 kB
1777804603.569302675 MemTotal:        8124504 kB
1777804603.569302675 MemFree:         6321136 kB
1777804603.569302675 MemAvailable:    6645220 kB
1777804603.569302675 Buffers:           30988 kB
1777804603.569302675 Cached:           422708 kB
1777804603.569302675 SwapCached:            0 kB
1777804603.569302675 Active:           437904 kB
1777804603.569302675 Inactive:         113296 kB
1777804603.569302675 Active(anon):     102660 kB
1777804603.569302675 Inactive(anon):        0 kB
1777804603.569302675 Active(file):     335244 kB
1777804603.569302675 Inactive(file):   113296 kB
1777804603.569302675 Unevictable:           0 kB
1777804603.569302675 Mlocked:               0 kB
1777804603.569302675 SwapTotal:             0 kB
1777804603.569302675 SwapFree:              0 kB
1777804603.569302675 Zswap:                 0 kB
1777804603.569302675 Zswapped:              0 kB
1777804603.569302675 Dirty:              2212 kB
1777804603.569302675 Writeback:             0 kB
1777804603.569302675 AnonPages:         97508 kB
1777804603.569302675 Mapped:           104208 kB
1777804603.569302675 Shmem:              5240 kB
1777804603.569302675 KReclaimable:      30608 kB
1777804603.569302675 Slab:             123428 kB
1777804603.569302675 SReclaimable:      30608 kB
1777804603.569302675 SUnreclaim:        92820 kB
1777804603.569302675 KernelStack:        3184 kB
1777804603.569302675 PageTables:         4360 kB
1777804603.569302675 SecPageTables:         0 kB
1777804603.569302675 NFS_Unstable:          0 kB
1777804603.569302675 Bounce:                0 kB
1777804603.569302675 WritebackTmp:          0 kB
1777804603.569302675 CommitLimit:     3537964 kB
1777804603.569302675 Committed_AS:     510616 kB
1777804603.569302675 VmallocTotal:   135288315904 kB
1777804603.569302675 VmallocUsed:       19604 kB
1777804603.569302675 VmallocChunk:          0 kB
1777804603.569302675 Percpu:             1504 kB
1777804603.569302675 AnonHugePages:         0 kB
1777804603.569302675 ShmemHugePages:        0 kB
1777804603.569302675 ShmemPmdMapped:        0 kB
1777804603.569302675 FileHugePages:         0 kB
1777804603.569302675 FilePmdMapped:         0 kB
1777804603.569302675 CmaTotal:          65536 kB
1777804603.569302675 CmaFree:           49104 kB
1777804603.569302675 Balloon:               0 kB
1777804603.569302675 HugePages_Total:     512
1777804603.569302675 HugePages_Free:      488
1777804603.569302675 HugePages_Rsvd:        0
1777804603.569302675 HugePages_Surp:        0
1777804603.569302675 Hugepagesize:       2048 kB
1777804603.569302675 Hugetlb:         1048576 kB
1777804604.578163729 MemTotal:        8124504 kB
1777804604.578163729 MemFree:         6317380 kB
1777804604.578163729 MemAvailable:    6641472 kB
1777804604.578163729 Buffers:           30988 kB
1777804604.578163729 Cached:           422712 kB
1777804604.578163729 SwapCached:            0 kB
1777804604.578163729 Active:           437852 kB
1777804604.578163729 Inactive:         113304 kB
1777804604.578163729 Active(anon):     102608 kB
1777804604.578163729 Inactive(anon):        0 kB
1777804604.578163729 Active(file):     335244 kB
1777804604.578163729 Inactive(file):   113304 kB
1777804604.578163729 Unevictable:           0 kB
1777804604.578163729 Mlocked:               0 kB
1777804604.578163729 SwapTotal:             0 kB
1777804604.578163729 SwapFree:              0 kB
1777804604.578163729 Zswap:                 0 kB
1777804604.578163729 Zswapped:              0 kB
1777804604.578163729 Dirty:              2216 kB
1777804604.578163729 Writeback:             0 kB
1777804604.578163729 AnonPages:         97520 kB
1777804604.578163729 Mapped:           104208 kB
1777804604.578163729 Shmem:              5240 kB
1777804604.578163729 KReclaimable:      30608 kB
1777804604.578163729 Slab:             123412 kB
1777804604.578163729 SReclaimable:      30608 kB
1777804604.578163729 SUnreclaim:        92804 kB
1777804604.578163729 KernelStack:        3184 kB
1777804604.578163729 PageTables:         4224 kB
1777804604.578163729 SecPageTables:         0 kB
1777804604.578163729 NFS_Unstable:          0 kB
1777804604.578163729 Bounce:                0 kB
1777804604.578163729 WritebackTmp:          0 kB
1777804604.578163729 CommitLimit:     3537964 kB
1777804604.578163729 Committed_AS:     510616 kB
1777804604.578163729 VmallocTotal:   135288315904 kB
1777804604.578163729 VmallocUsed:       19604 kB
1777804604.578163729 VmallocChunk:          0 kB
1777804604.578163729 Percpu:             1504 kB
1777804604.578163729 AnonHugePages:         0 kB
1777804604.578163729 ShmemHugePages:        0 kB
1777804604.578163729 ShmemPmdMapped:        0 kB
1777804604.578163729 FileHugePages:         0 kB
1777804604.578163729 FilePmdMapped:         0 kB
1777804604.578163729 CmaTotal:          65536 kB
1777804604.578163729 CmaFree:           49104 kB
1777804604.578163729 Balloon:               0 kB
1777804604.578163729 HugePages_Total:     512
1777804604.578163729 HugePages_Free:      488
1777804604.578163729 HugePages_Rsvd:        0
1777804604.578163729 HugePages_Surp:        0
1777804604.578163729 Hugepagesize:       2048 kB
1777804604.578163729 Hugetlb:         1048576 kB
1777804605.587010615 MemTotal:        8124504 kB
1777804605.587010615 MemFree:         6320772 kB
1777804605.587010615 MemAvailable:    6644872 kB
1777804605.587010615 Buffers:           30988 kB
1777804605.587010615 Cached:           422716 kB
1777804605.587010615 SwapCached:            0 kB
1777804605.587010615 Active:           437872 kB
1777804605.587010615 Inactive:         113308 kB
1777804605.587010615 Active(anon):     102624 kB
1777804605.587010615 Inactive(anon):        0 kB
1777804605.587010615 Active(file):     335248 kB
1777804605.587010615 Inactive(file):   113308 kB
1777804605.587010615 Unevictable:           0 kB
1777804605.587010615 Mlocked:               0 kB
1777804605.587010615 SwapTotal:             0 kB
1777804605.587010615 SwapFree:              0 kB
1777804605.587010615 Zswap:                 0 kB
1777804605.587010615 Zswapped:              0 kB
1777804605.587010615 Dirty:              2220 kB
1777804605.587010615 Writeback:             0 kB
1777804605.587010615 AnonPages:         97524 kB
1777804605.587010615 Mapped:           104208 kB
1777804605.587010615 Shmem:              5240 kB
1777804605.587010615 KReclaimable:      30608 kB
1777804605.587010615 Slab:             123520 kB
1777804605.587010615 SReclaimable:      30608 kB
1777804605.587010615 SUnreclaim:        92912 kB
1777804605.587010615 KernelStack:        3184 kB
1777804605.587010615 PageTables:         4232 kB
1777804605.587010615 SecPageTables:         0 kB
1777804605.587010615 NFS_Unstable:          0 kB
1777804605.587010615 Bounce:                0 kB
1777804605.587010615 WritebackTmp:          0 kB
1777804605.587010615 CommitLimit:     3537964 kB
1777804605.587010615 Committed_AS:     510616 kB
1777804605.587010615 VmallocTotal:   135288315904 kB
1777804605.587010615 VmallocUsed:       19604 kB
1777804605.587010615 VmallocChunk:          0 kB
1777804605.587010615 Percpu:             1504 kB
1777804605.587010615 AnonHugePages:         0 kB
1777804605.587010615 ShmemHugePages:        0 kB
1777804605.587010615 ShmemPmdMapped:        0 kB
1777804605.587010615 FileHugePages:         0 kB
1777804605.587010615 FilePmdMapped:         0 kB
1777804605.587010615 CmaTotal:          65536 kB
1777804605.587010615 CmaFree:           49104 kB
1777804605.587010615 Balloon:               0 kB
1777804605.587010615 HugePages_Total:     512
1777804605.587010615 HugePages_Free:      488
1777804605.587010615 HugePages_Rsvd:        0
1777804605.587010615 HugePages_Surp:        0
1777804605.587010615 Hugepagesize:       2048 kB
1777804605.587010615 Hugetlb:         1048576 kB
1777804606.595853724 MemTotal:        8124504 kB
1777804606.595853724 MemFree:         6318752 kB
1777804606.595853724 MemAvailable:    6642856 kB
1777804606.595853724 Buffers:           30992 kB
1777804606.595853724 Cached:           422720 kB
1777804606.595853724 SwapCached:            0 kB
1777804606.595853724 Active:           437912 kB
1777804606.595853724 Inactive:         113312 kB
1777804606.595853724 Active(anon):     102664 kB
1777804606.595853724 Inactive(anon):        0 kB
1777804606.595853724 Active(file):     335248 kB
1777804606.595853724 Inactive(file):   113312 kB
1777804606.595853724 Unevictable:           0 kB
1777804606.595853724 Mlocked:               0 kB
1777804606.595853724 SwapTotal:             0 kB
1777804606.595853724 SwapFree:              0 kB
1777804606.595853724 Zswap:                 0 kB
1777804606.595853724 Zswapped:              0 kB
1777804606.595853724 Dirty:              2228 kB
1777804606.595853724 Writeback:             0 kB
1777804606.595853724 AnonPages:         97516 kB
1777804606.595853724 Mapped:           104208 kB
1777804606.595853724 Shmem:              5240 kB
1777804606.595853724 KReclaimable:      30608 kB
1777804606.595853724 Slab:             123496 kB
1777804606.595853724 SReclaimable:      30608 kB
1777804606.595853724 SUnreclaim:        92888 kB
1777804606.595853724 KernelStack:        3184 kB
1777804606.595853724 PageTables:         4220 kB
1777804606.595853724 SecPageTables:         0 kB
1777804606.595853724 NFS_Unstable:          0 kB
1777804606.595853724 Bounce:                0 kB
1777804606.595853724 WritebackTmp:          0 kB
1777804606.595853724 CommitLimit:     3537964 kB
1777804606.595853724 Committed_AS:     510616 kB
1777804606.595853724 VmallocTotal:   135288315904 kB
1777804606.595853724 VmallocUsed:       19588 kB
1777804606.595853724 VmallocChunk:          0 kB
1777804606.595853724 Percpu:             1504 kB
1777804606.595853724 AnonHugePages:         0 kB
1777804606.595853724 ShmemHugePages:        0 kB
1777804606.595853724 ShmemPmdMapped:        0 kB
1777804606.595853724 FileHugePages:         0 kB
1777804606.595853724 FilePmdMapped:         0 kB
1777804606.595853724 CmaTotal:          65536 kB
1777804606.595853724 CmaFree:           49104 kB
1777804606.595853724 Balloon:               0 kB
1777804606.595853724 HugePages_Total:     512
1777804606.595853724 HugePages_Free:      488
1777804606.595853724 HugePages_Rsvd:        0
1777804606.595853724 HugePages_Surp:        0
1777804606.595853724 Hugepagesize:       2048 kB
1777804606.595853724 Hugetlb:         1048576 kB
1777804607.604742517 MemTotal:        8124504 kB
1777804607.604742517 MemFree:         6322044 kB
1777804607.604742517 MemAvailable:    6646164 kB
1777804607.604742517 Buffers:           30996 kB
1777804607.604742517 Cached:           422732 kB
1777804607.604742517 SwapCached:            0 kB
1777804607.604742517 Active:           437780 kB
1777804607.604742517 Inactive:         113328 kB
1777804607.604742517 Active(anon):     102532 kB
1777804607.604742517 Inactive(anon):        0 kB
1777804607.604742517 Active(file):     335248 kB
1777804607.604742517 Inactive(file):   113328 kB
1777804607.604742517 Unevictable:           0 kB
1777804607.604742517 Mlocked:               0 kB
1777804607.604742517 SwapTotal:             0 kB
1777804607.604742517 SwapFree:              0 kB
1777804607.604742517 Zswap:                 0 kB
1777804607.604742517 Zswapped:              0 kB
1777804607.604742517 Dirty:              2240 kB
1777804607.604742517 Writeback:             0 kB
1777804607.604742517 AnonPages:         97524 kB
1777804607.604742517 Mapped:           104208 kB
1777804607.604742517 Shmem:              5240 kB
1777804607.604742517 KReclaimable:      30608 kB
1777804607.604742517 Slab:             123632 kB
1777804607.604742517 SReclaimable:      30608 kB
1777804607.604742517 SUnreclaim:        93024 kB
1777804607.604742517 KernelStack:        3184 kB
1777804607.604742517 PageTables:         4224 kB
1777804607.604742517 SecPageTables:         0 kB
1777804607.604742517 NFS_Unstable:          0 kB
1777804607.604742517 Bounce:                0 kB
1777804607.604742517 WritebackTmp:          0 kB
1777804607.604742517 CommitLimit:     3537964 kB
1777804607.604742517 Committed_AS:     510616 kB
1777804607.604742517 VmallocTotal:   135288315904 kB
1777804607.604742517 VmallocUsed:       19604 kB
1777804607.604742517 VmallocChunk:          0 kB
1777804607.604742517 Percpu:             1504 kB
1777804607.604742517 AnonHugePages:         0 kB
1777804607.604742517 ShmemHugePages:        0 kB
1777804607.604742517 ShmemPmdMapped:        0 kB
1777804607.604742517 FileHugePages:         0 kB
1777804607.604742517 FilePmdMapped:         0 kB
1777804607.604742517 CmaTotal:          65536 kB
1777804607.604742517 CmaFree:           49104 kB
1777804607.604742517 Balloon:               0 kB
1777804607.604742517 HugePages_Total:     512
1777804607.604742517 HugePages_Free:      488
1777804607.604742517 HugePages_Rsvd:        0
1777804607.604742517 HugePages_Surp:        0
1777804607.604742517 Hugepagesize:       2048 kB
1777804607.604742517 Hugetlb:         1048576 kB
1777804608.613559478 MemTotal:        8124504 kB
1777804608.613559478 MemFree:         6318356 kB
1777804608.613559478 MemAvailable:    6642480 kB
1777804608.613559478 Buffers:           30996 kB
1777804608.613559478 Cached:           422732 kB
1777804608.613559478 SwapCached:            0 kB
1777804608.613559478 Active:           437800 kB
1777804608.613559478 Inactive:         113332 kB
1777804608.613559478 Active(anon):     102552 kB
1777804608.613559478 Inactive(anon):        0 kB
1777804608.613559478 Active(file):     335248 kB
1777804608.613559478 Inactive(file):   113332 kB
1777804608.613559478 Unevictable:           0 kB
1777804608.613559478 Mlocked:               0 kB
1777804608.613559478 SwapTotal:             0 kB
1777804608.613559478 SwapFree:              0 kB
1777804608.613559478 Zswap:                 0 kB
1777804608.613559478 Zswapped:              0 kB
1777804608.613559478 Dirty:              2240 kB
1777804608.613559478 Writeback:             0 kB
1777804608.613559478 AnonPages:         97520 kB
1777804608.613559478 Mapped:           104208 kB
1777804608.613559478 Shmem:              5240 kB
1777804608.613559478 KReclaimable:      30608 kB
1777804608.613559478 Slab:             123428 kB
1777804608.613559478 SReclaimable:      30608 kB
1777804608.613559478 SUnreclaim:        92820 kB
1777804608.613559478 KernelStack:        3184 kB
1777804608.613559478 PageTables:         4232 kB
1777804608.613559478 SecPageTables:         0 kB
1777804608.613559478 NFS_Unstable:          0 kB
1777804608.613559478 Bounce:                0 kB
1777804608.613559478 WritebackTmp:          0 kB
1777804608.613559478 CommitLimit:     3537964 kB
1777804608.613559478 Committed_AS:     510616 kB
1777804608.613559478 VmallocTotal:   135288315904 kB
1777804608.613559478 VmallocUsed:       19604 kB
1777804608.613559478 VmallocChunk:          0 kB
1777804608.613559478 Percpu:             1504 kB
1777804608.613559478 AnonHugePages:         0 kB
1777804608.613559478 ShmemHugePages:        0 kB
1777804608.613559478 ShmemPmdMapped:        0 kB
1777804608.613559478 FileHugePages:         0 kB
1777804608.613559478 FilePmdMapped:         0 kB
1777804608.613559478 CmaTotal:          65536 kB
1777804608.613559478 CmaFree:           49104 kB
1777804608.613559478 Balloon:               0 kB
1777804608.613559478 HugePages_Total:     512
1777804608.613559478 HugePages_Free:      488
1777804608.613559478 HugePages_Rsvd:        0
1777804608.613559478 HugePages_Surp:        0
1777804608.613559478 Hugepagesize:       2048 kB
1777804608.613559478 Hugetlb:         1048576 kB
1777804609.622387346 MemTotal:        8124504 kB
1777804609.622387346 MemFree:         6320740 kB
1777804609.622387346 MemAvailable:    6644864 kB
1777804609.622387346 Buffers:           30996 kB
1777804609.622387346 Cached:           422736 kB
1777804609.622387346 SwapCached:            0 kB
1777804609.622387346 Active:           437848 kB
1777804609.622387346 Inactive:         113336 kB
1777804609.622387346 Active(anon):     102604 kB
1777804609.622387346 Inactive(anon):        0 kB
1777804609.622387346 Active(file):     335244 kB
1777804609.622387346 Inactive(file):   113336 kB
1777804609.622387346 Unevictable:           0 kB
1777804609.622387346 Mlocked:               0 kB
1777804609.622387346 SwapTotal:             0 kB
1777804609.622387346 SwapFree:              0 kB
1777804609.622387346 Zswap:                 0 kB
1777804609.622387346 Zswapped:              0 kB
1777804609.622387346 Dirty:              2244 kB
1777804609.622387346 Writeback:             0 kB
1777804609.622387346 AnonPages:         97520 kB
1777804609.622387346 Mapped:           104208 kB
1777804609.622387346 Shmem:              5240 kB
1777804609.622387346 KReclaimable:      30608 kB
1777804609.622387346 Slab:             123524 kB
1777804609.622387346 SReclaimable:      30608 kB
1777804609.622387346 SUnreclaim:        92916 kB
1777804609.622387346 KernelStack:        3184 kB
1777804609.622387346 PageTables:         4224 kB
1777804609.622387346 SecPageTables:         0 kB
1777804609.622387346 NFS_Unstable:          0 kB
1777804609.622387346 Bounce:                0 kB
1777804609.622387346 WritebackTmp:          0 kB
1777804609.622387346 CommitLimit:     3537964 kB
1777804609.622387346 Committed_AS:     510616 kB
1777804609.622387346 VmallocTotal:   135288315904 kB
1777804609.622387346 VmallocUsed:       19604 kB
1777804609.622387346 VmallocChunk:          0 kB
1777804609.622387346 Percpu:             1504 kB
1777804609.622387346 AnonHugePages:         0 kB
1777804609.622387346 ShmemHugePages:        0 kB
1777804609.622387346 ShmemPmdMapped:        0 kB
1777804609.622387346 FileHugePages:         0 kB
1777804609.622387346 FilePmdMapped:         0 kB
1777804609.622387346 CmaTotal:          65536 kB
1777804609.622387346 CmaFree:           49104 kB
1777804609.622387346 Balloon:               0 kB
1777804609.622387346 HugePages_Total:     512
1777804609.622387346 HugePages_Free:      488
1777804609.622387346 HugePages_Rsvd:        0
1777804609.622387346 HugePages_Surp:        0
1777804609.622387346 Hugepagesize:       2048 kB
1777804609.622387346 Hugetlb:         1048576 kB
1777804610.631228621 MemTotal:        8124504 kB
1777804610.631228621 MemFree:         6316768 kB
1777804610.631228621 MemAvailable:    6640896 kB
1777804610.631228621 Buffers:           30996 kB
1777804610.631228621 Cached:           422740 kB
1777804610.631228621 SwapCached:            0 kB
1777804610.631228621 Active:           437840 kB
1777804610.631228621 Inactive:         113340 kB
1777804610.631228621 Active(anon):     102596 kB
1777804610.631228621 Inactive(anon):        0 kB
1777804610.631228621 Active(file):     335244 kB
1777804610.631228621 Inactive(file):   113340 kB
1777804610.631228621 Unevictable:           0 kB
1777804610.631228621 Mlocked:               0 kB
1777804610.631228621 SwapTotal:             0 kB
1777804610.631228621 SwapFree:              0 kB
1777804610.631228621 Zswap:                 0 kB
1777804610.631228621 Zswapped:              0 kB
1777804610.631228621 Dirty:              2248 kB
1777804610.631228621 Writeback:             0 kB
1777804610.631228621 AnonPages:         97516 kB
1777804610.631228621 Mapped:           104208 kB
1777804610.631228621 Shmem:              5240 kB
1777804610.631228621 KReclaimable:      30608 kB
1777804610.631228621 Slab:             123412 kB
1777804610.631228621 SReclaimable:      30608 kB
1777804610.631228621 SUnreclaim:        92804 kB
1777804610.631228621 KernelStack:        3184 kB
1777804610.631228621 PageTables:         4220 kB
1777804610.631228621 SecPageTables:         0 kB
1777804610.631228621 NFS_Unstable:          0 kB
1777804610.631228621 Bounce:                0 kB
1777804610.631228621 WritebackTmp:          0 kB
1777804610.631228621 CommitLimit:     3537964 kB
1777804610.631228621 Committed_AS:     510616 kB
1777804610.631228621 VmallocTotal:   135288315904 kB
1777804610.631228621 VmallocUsed:       19604 kB
1777804610.631228621 VmallocChunk:          0 kB
1777804610.631228621 Percpu:             1504 kB
1777804610.631228621 AnonHugePages:         0 kB
1777804610.631228621 ShmemHugePages:        0 kB
1777804610.631228621 ShmemPmdMapped:        0 kB
1777804610.631228621 FileHugePages:         0 kB
1777804610.631228621 FilePmdMapped:         0 kB
1777804610.631228621 CmaTotal:          65536 kB
1777804610.631228621 CmaFree:           49104 kB
1777804610.631228621 Balloon:               0 kB
1777804610.631228621 HugePages_Total:     512
1777804610.631228621 HugePages_Free:      488
1777804610.631228621 HugePages_Rsvd:        0
1777804610.631228621 HugePages_Surp:        0
1777804610.631228621 Hugepagesize:       2048 kB
1777804610.631228621 Hugetlb:         1048576 kB
1777804611.639712321 MemTotal:        8124504 kB
1777804611.639712321 MemFree:         6321372 kB
1777804611.639712321 MemAvailable:    6645504 kB
1777804611.639712321 Buffers:           30996 kB
1777804611.639712321 Cached:           422744 kB
1777804611.639712321 SwapCached:            0 kB
1777804611.639712321 Active:           437708 kB
1777804611.639712321 Inactive:         113344 kB
1777804611.639712321 Active(anon):     102464 kB
1777804611.639712321 Inactive(anon):        0 kB
1777804611.639712321 Active(file):     335244 kB
1777804611.639712321 Inactive(file):   113344 kB
1777804611.639712321 Unevictable:           0 kB
1777804611.639712321 Mlocked:               0 kB
1777804611.639712321 SwapTotal:             0 kB
1777804611.639712321 SwapFree:              0 kB
1777804611.639712321 Zswap:                 0 kB
1777804611.639712321 Zswapped:              0 kB
1777804611.639712321 Dirty:              2252 kB
1777804611.639712321 Writeback:             0 kB
1777804611.639712321 AnonPages:         97524 kB
1777804611.639712321 Mapped:           104168 kB
1777804611.639712321 Shmem:              5240 kB
1777804611.639712321 KReclaimable:      30608 kB
1777804611.639712321 Slab:             123520 kB
1777804611.639712321 SReclaimable:      30608 kB
1777804611.639712321 SUnreclaim:        92912 kB
1777804611.639712321 KernelStack:        3184 kB
1777804611.639712321 PageTables:         4232 kB
1777804611.639712321 SecPageTables:         0 kB
1777804611.639712321 NFS_Unstable:          0 kB
1777804611.639712321 Bounce:                0 kB
1777804611.639712321 WritebackTmp:          0 kB
1777804611.639712321 CommitLimit:     3537964 kB
1777804611.639712321 Committed_AS:     510616 kB
1777804611.639712321 VmallocTotal:   135288315904 kB
1777804611.639712321 VmallocUsed:       19604 kB
1777804611.639712321 VmallocChunk:          0 kB
1777804611.639712321 Percpu:             1504 kB
1777804611.639712321 AnonHugePages:         0 kB
1777804611.639712321 ShmemHugePages:        0 kB
1777804611.639712321 ShmemPmdMapped:        0 kB
1777804611.639712321 FileHugePages:         0 kB
1777804611.639712321 FilePmdMapped:         0 kB
1777804611.639712321 CmaTotal:          65536 kB
1777804611.639712321 CmaFree:           49104 kB
1777804611.639712321 Balloon:               0 kB
1777804611.639712321 HugePages_Total:     512
1777804611.639712321 HugePages_Free:      488
1777804611.639712321 HugePages_Rsvd:        0
1777804611.639712321 HugePages_Surp:        0
1777804611.639712321 Hugepagesize:       2048 kB
1777804611.639712321 Hugetlb:         1048576 kB
1777804612.648260244 MemTotal:        8124504 kB
1777804612.648260244 MemFree:         6318808 kB
1777804612.648260244 MemAvailable:    6642952 kB
1777804612.648260244 Buffers:           31004 kB
1777804612.648260244 Cached:           422748 kB
1777804612.648260244 SwapCached:            0 kB
1777804612.648260244 Active:           437704 kB
1777804612.648260244 Inactive:         113356 kB
1777804612.648260244 Active(anon):     102460 kB
1777804612.648260244 Inactive(anon):        0 kB
1777804612.648260244 Active(file):     335244 kB
1777804612.648260244 Inactive(file):   113356 kB
1777804612.648260244 Unevictable:           0 kB
1777804612.648260244 Mlocked:               0 kB
1777804612.648260244 SwapTotal:             0 kB
1777804612.648260244 SwapFree:              0 kB
1777804612.648260244 Zswap:                 0 kB
1777804612.648260244 Zswapped:              0 kB
1777804612.648260244 Dirty:              2096 kB
1777804612.648260244 Writeback:             0 kB
1777804612.648260244 AnonPages:         97520 kB
1777804612.648260244 Mapped:           104168 kB
1777804612.648260244 Shmem:              5240 kB
1777804612.648260244 KReclaimable:      30608 kB
1777804612.648260244 Slab:             123420 kB
1777804612.648260244 SReclaimable:      30608 kB
1777804612.648260244 SUnreclaim:        92812 kB
1777804612.648260244 KernelStack:        3184 kB
1777804612.648260244 PageTables:         4220 kB
1777804612.648260244 SecPageTables:         0 kB
1777804612.648260244 NFS_Unstable:          0 kB
1777804612.648260244 Bounce:                0 kB
1777804612.648260244 WritebackTmp:          0 kB
1777804612.648260244 CommitLimit:     3537964 kB
1777804612.648260244 Committed_AS:     510616 kB
1777804612.648260244 VmallocTotal:   135288315904 kB
1777804612.648260244 VmallocUsed:       19604 kB
1777804612.648260244 VmallocChunk:          0 kB
1777804612.648260244 Percpu:             1504 kB
1777804612.648260244 AnonHugePages:         0 kB
1777804612.648260244 ShmemHugePages:        0 kB
1777804612.648260244 ShmemPmdMapped:        0 kB
1777804612.648260244 FileHugePages:         0 kB
1777804612.648260244 FilePmdMapped:         0 kB
1777804612.648260244 CmaTotal:          65536 kB
1777804612.648260244 CmaFree:           49104 kB
1777804612.648260244 Balloon:               0 kB
1777804612.648260244 HugePages_Total:     512
1777804612.648260244 HugePages_Free:      488
1777804612.648260244 HugePages_Rsvd:        0
1777804612.648260244 HugePages_Surp:        0
1777804612.648260244 Hugepagesize:       2048 kB
1777804612.648260244 Hugetlb:         1048576 kB
1777804613.656938852 MemTotal:        8124504 kB
1777804613.656938852 MemFree:         6321192 kB
1777804613.656938852 MemAvailable:    6645344 kB
1777804613.656938852 Buffers:           31004 kB
1777804613.656938852 Cached:           422756 kB
1777804613.656938852 SwapCached:            0 kB
1777804613.656938852 Active:           437648 kB
1777804613.656938852 Inactive:         113364 kB
1777804613.656938852 Active(anon):     102404 kB
1777804613.656938852 Inactive(anon):        0 kB
1777804613.656938852 Active(file):     335244 kB
1777804613.656938852 Inactive(file):   113364 kB
1777804613.656938852 Unevictable:           0 kB
1777804613.656938852 Mlocked:               0 kB
1777804613.656938852 SwapTotal:             0 kB
1777804613.656938852 SwapFree:              0 kB
1777804613.656938852 Zswap:                 0 kB
1777804613.656938852 Zswapped:              0 kB
1777804613.656938852 Dirty:              2112 kB
1777804613.656938852 Writeback:             0 kB
1777804613.656938852 AnonPages:         97516 kB
1777804613.656938852 Mapped:           104168 kB
1777804613.656938852 Shmem:              5240 kB
1777804613.656938852 KReclaimable:      30608 kB
1777804613.656938852 Slab:             123500 kB
1777804613.656938852 SReclaimable:      30608 kB
1777804613.656938852 SUnreclaim:        92892 kB
1777804613.656938852 KernelStack:        3184 kB
1777804613.656938852 PageTables:         4216 kB
1777804613.656938852 SecPageTables:         0 kB
1777804613.656938852 NFS_Unstable:          0 kB
1777804613.656938852 Bounce:                0 kB
1777804613.656938852 WritebackTmp:          0 kB
1777804613.656938852 CommitLimit:     3537964 kB
1777804613.656938852 Committed_AS:     510616 kB
1777804613.656938852 VmallocTotal:   135288315904 kB
1777804613.656938852 VmallocUsed:       19604 kB
1777804613.656938852 VmallocChunk:          0 kB
1777804613.656938852 Percpu:             1504 kB
1777804613.656938852 AnonHugePages:         0 kB
1777804613.656938852 ShmemHugePages:        0 kB
1777804613.656938852 ShmemPmdMapped:        0 kB
1777804613.656938852 FileHugePages:         0 kB
1777804613.656938852 FilePmdMapped:         0 kB
1777804613.656938852 CmaTotal:          65536 kB
1777804613.656938852 CmaFree:           49104 kB
1777804613.656938852 Balloon:               0 kB
1777804613.656938852 HugePages_Total:     512
1777804613.656938852 HugePages_Free:      488
1777804613.656938852 HugePages_Rsvd:        0
1777804613.656938852 HugePages_Surp:        0
1777804613.656938852 Hugepagesize:       2048 kB
1777804613.656938852 Hugetlb:         1048576 kB
1777804614.665483182 MemTotal:        8124504 kB
1777804614.665483182 MemFree:         6318240 kB
1777804614.665483182 MemAvailable:    6642400 kB
1777804614.665483182 Buffers:           31004 kB
1777804614.665483182 Cached:           422760 kB
1777804614.665483182 SwapCached:            0 kB
1777804614.665483182 Active:           437704 kB
1777804614.665483182 Inactive:         113368 kB
1777804614.665483182 Active(anon):     102456 kB
1777804614.665483182 Inactive(anon):        0 kB
1777804614.665483182 Active(file):     335248 kB
1777804614.665483182 Inactive(file):   113368 kB
1777804614.665483182 Unevictable:           0 kB
1777804614.665483182 Mlocked:               0 kB
1777804614.665483182 SwapTotal:             0 kB
1777804614.665483182 SwapFree:              0 kB
1777804614.665483182 Zswap:                 0 kB
1777804614.665483182 Zswapped:              0 kB
1777804614.665483182 Dirty:              2116 kB
1777804614.665483182 Writeback:             0 kB
1777804614.665483182 AnonPages:         97524 kB
1777804614.665483182 Mapped:           104208 kB
1777804614.665483182 Shmem:              5240 kB
1777804614.665483182 KReclaimable:      30608 kB
1777804614.665483182 Slab:             123512 kB
1777804614.665483182 SReclaimable:      30608 kB
1777804614.665483182 SUnreclaim:        92904 kB
1777804614.665483182 KernelStack:        3184 kB
1777804614.665483182 PageTables:         4232 kB
1777804614.665483182 SecPageTables:         0 kB
1777804614.665483182 NFS_Unstable:          0 kB
1777804614.665483182 Bounce:                0 kB
1777804614.665483182 WritebackTmp:          0 kB
1777804614.665483182 CommitLimit:     3537964 kB
1777804614.665483182 Committed_AS:     510616 kB
1777804614.665483182 VmallocTotal:   135288315904 kB
1777804614.665483182 VmallocUsed:       19604 kB
1777804614.665483182 VmallocChunk:          0 kB
1777804614.665483182 Percpu:             1504 kB
1777804614.665483182 AnonHugePages:         0 kB
1777804614.665483182 ShmemHugePages:        0 kB
1777804614.665483182 ShmemPmdMapped:        0 kB
1777804614.665483182 FileHugePages:         0 kB
1777804614.665483182 FilePmdMapped:         0 kB
1777804614.665483182 CmaTotal:          65536 kB
1777804614.665483182 CmaFree:           49104 kB
1777804614.665483182 Balloon:               0 kB
1777804614.665483182 HugePages_Total:     512
1777804614.665483182 HugePages_Free:      488
1777804614.665483182 HugePages_Rsvd:        0
1777804614.665483182 HugePages_Surp:        0
1777804614.665483182 Hugepagesize:       2048 kB
1777804614.665483182 Hugetlb:         1048576 kB
1777804615.674187716 MemTotal:        8124504 kB
1777804615.674187716 MemFree:         6322192 kB
1777804615.674187716 MemAvailable:    6646356 kB
1777804615.674187716 Buffers:           31004 kB
1777804615.674187716 Cached:           422768 kB
1777804615.674187716 SwapCached:            0 kB
1777804615.674187716 Active:           437648 kB
1777804615.674187716 Inactive:         113376 kB
1777804615.674187716 Active(anon):     102404 kB
1777804615.674187716 Inactive(anon):        0 kB
1777804615.674187716 Active(file):     335244 kB
1777804615.674187716 Inactive(file):   113376 kB
1777804615.674187716 Unevictable:           0 kB
1777804615.674187716 Mlocked:               0 kB
1777804615.674187716 SwapTotal:             0 kB
1777804615.674187716 SwapFree:              0 kB
1777804615.674187716 Zswap:                 0 kB
1777804615.674187716 Zswapped:              0 kB
1777804615.674187716 Dirty:              2124 kB
1777804615.674187716 Writeback:             0 kB
1777804615.674187716 AnonPages:         97520 kB
1777804615.674187716 Mapped:           104208 kB
1777804615.674187716 Shmem:              5240 kB
1777804615.674187716 KReclaimable:      30608 kB
1777804615.674187716 Slab:             123532 kB
1777804615.674187716 SReclaimable:      30608 kB
1777804615.674187716 SUnreclaim:        92924 kB
1777804615.674187716 KernelStack:        3184 kB
1777804615.674187716 PageTables:         4232 kB
1777804615.674187716 SecPageTables:         0 kB
1777804615.674187716 NFS_Unstable:          0 kB
1777804615.674187716 Bounce:                0 kB
1777804615.674187716 WritebackTmp:          0 kB
1777804615.674187716 CommitLimit:     3537964 kB
1777804615.674187716 Committed_AS:     510616 kB
1777804615.674187716 VmallocTotal:   135288315904 kB
1777804615.674187716 VmallocUsed:       19604 kB
1777804615.674187716 VmallocChunk:          0 kB
1777804615.674187716 Percpu:             1504 kB
1777804615.674187716 AnonHugePages:         0 kB
1777804615.674187716 ShmemHugePages:        0 kB
1777804615.674187716 ShmemPmdMapped:        0 kB
1777804615.674187716 FileHugePages:         0 kB
1777804615.674187716 FilePmdMapped:         0 kB
1777804615.674187716 CmaTotal:          65536 kB
1777804615.674187716 CmaFree:           49104 kB
1777804615.674187716 Balloon:               0 kB
1777804615.674187716 HugePages_Total:     512
1777804615.674187716 HugePages_Free:      488
1777804615.674187716 HugePages_Rsvd:        0
1777804615.674187716 HugePages_Surp:        0
1777804615.674187716 Hugepagesize:       2048 kB
1777804615.674187716 Hugetlb:         1048576 kB
1777804616.682806250 MemTotal:        8124504 kB
1777804616.682806250 MemFree:         6317008 kB
1777804616.682806250 MemAvailable:    6641176 kB
1777804616.682806250 Buffers:           31004 kB
1777804616.682806250 Cached:           422772 kB
1777804616.682806250 SwapCached:            0 kB
1777804616.682806250 Active:           437708 kB
1777804616.682806250 Inactive:         113380 kB
1777804616.682806250 Active(anon):     102464 kB
1777804616.682806250 Inactive(anon):        0 kB
1777804616.682806250 Active(file):     335244 kB
1777804616.682806250 Inactive(file):   113380 kB
1777804616.682806250 Unevictable:           0 kB
1777804616.682806250 Mlocked:               0 kB
1777804616.682806250 SwapTotal:             0 kB
1777804616.682806250 SwapFree:              0 kB
1777804616.682806250 Zswap:                 0 kB
1777804616.682806250 Zswapped:              0 kB
1777804616.682806250 Dirty:              2128 kB
1777804616.682806250 Writeback:             0 kB
1777804616.682806250 AnonPages:         97520 kB
1777804616.682806250 Mapped:           104168 kB
1777804616.682806250 Shmem:              5240 kB
1777804616.682806250 KReclaimable:      30608 kB
1777804616.682806250 Slab:             123616 kB
1777804616.682806250 SReclaimable:      30608 kB
1777804616.682806250 SUnreclaim:        93008 kB
1777804616.682806250 KernelStack:        3184 kB
1777804616.682806250 PageTables:         4232 kB
1777804616.682806250 SecPageTables:         0 kB
1777804616.682806250 NFS_Unstable:          0 kB
1777804616.682806250 Bounce:                0 kB
1777804616.682806250 WritebackTmp:          0 kB
1777804616.682806250 CommitLimit:     3537964 kB
1777804616.682806250 Committed_AS:     510616 kB
1777804616.682806250 VmallocTotal:   135288315904 kB
1777804616.682806250 VmallocUsed:       19572 kB
1777804616.682806250 VmallocChunk:          0 kB
1777804616.682806250 Percpu:             1504 kB
1777804616.682806250 AnonHugePages:         0 kB
1777804616.682806250 ShmemHugePages:        0 kB
1777804616.682806250 ShmemPmdMapped:        0 kB
1777804616.682806250 FileHugePages:         0 kB
1777804616.682806250 FilePmdMapped:         0 kB
1777804616.682806250 CmaTotal:          65536 kB
1777804616.682806250 CmaFree:           49104 kB
1777804616.682806250 Balloon:               0 kB
1777804616.682806250 HugePages_Total:     512
1777804616.682806250 HugePages_Free:      488
1777804616.682806250 HugePages_Rsvd:        0
1777804616.682806250 HugePages_Surp:        0
1777804616.682806250 Hugepagesize:       2048 kB
1777804616.682806250 Hugetlb:         1048576 kB
1777804617.691463469 MemTotal:        8124504 kB
1777804617.691463469 MemFree:         6316328 kB
1777804617.691463469 MemAvailable:    6640508 kB
1777804617.691463469 Buffers:           31012 kB
1777804617.691463469 Cached:           422772 kB
1777804617.691463469 SwapCached:            0 kB
1777804617.691463469 Active:           437708 kB
1777804617.691463469 Inactive:         113384 kB
1777804617.691463469 Active(anon):     102460 kB
1777804617.691463469 Inactive(anon):        0 kB
1777804617.691463469 Active(file):     335248 kB
1777804617.691463469 Inactive(file):   113384 kB
1777804617.691463469 Unevictable:           0 kB
1777804617.691463469 Mlocked:               0 kB
1777804617.691463469 SwapTotal:             0 kB
1777804617.691463469 SwapFree:              0 kB
1777804617.691463469 Zswap:                 0 kB
1777804617.691463469 Zswapped:              0 kB
1777804617.691463469 Dirty:                64 kB
1777804617.691463469 Writeback:             0 kB
1777804617.691463469 AnonPages:         97456 kB
1777804617.691463469 Mapped:           104228 kB
1777804617.691463469 Shmem:              5240 kB
1777804617.691463469 KReclaimable:      30612 kB
1777804617.691463469 Slab:             123644 kB
1777804617.691463469 SReclaimable:      30612 kB
1777804617.691463469 SUnreclaim:        93032 kB
1777804617.691463469 KernelStack:        3192 kB
1777804617.691463469 PageTables:         4424 kB
1777804617.691463469 SecPageTables:         0 kB
1777804617.691463469 NFS_Unstable:          0 kB
1777804617.691463469 Bounce:                0 kB
1777804617.691463469 WritebackTmp:          0 kB
1777804617.691463469 CommitLimit:     3537964 kB
1777804617.691463469 Committed_AS:     510616 kB
1777804617.691463469 VmallocTotal:   135288315904 kB
1777804617.691463469 VmallocUsed:       19604 kB
1777804617.691463469 VmallocChunk:          0 kB
1777804617.691463469 Percpu:             1504 kB
1777804617.691463469 AnonHugePages:         0 kB
1777804617.691463469 ShmemHugePages:        0 kB
1777804617.691463469 ShmemPmdMapped:        0 kB
1777804617.691463469 FileHugePages:         0 kB
1777804617.691463469 FilePmdMapped:         0 kB
1777804617.691463469 CmaTotal:          65536 kB
1777804617.691463469 CmaFree:           49104 kB
1777804617.691463469 Balloon:               0 kB
1777804617.691463469 HugePages_Total:     512
1777804617.691463469 HugePages_Free:      488
1777804617.691463469 HugePages_Rsvd:        0
1777804617.691463469 HugePages_Surp:        0
1777804617.691463469 Hugepagesize:       2048 kB
1777804617.691463469 Hugetlb:         1048576 kB
1777804618.700028707 MemTotal:        8124504 kB
1777804618.700028707 MemFree:         6319884 kB
1777804618.700028707 MemAvailable:    6644068 kB
1777804618.700028707 Buffers:           31012 kB
1777804618.700028707 Cached:           422780 kB
1777804618.700028707 SwapCached:            0 kB
1777804618.700028707 Active:           437544 kB
1777804618.700028707 Inactive:         113392 kB
1777804618.700028707 Active(anon):     102300 kB
1777804618.700028707 Inactive(anon):        0 kB
1777804618.700028707 Active(file):     335244 kB
1777804618.700028707 Inactive(file):   113392 kB
1777804618.700028707 Unevictable:           0 kB
1777804618.700028707 Mlocked:               0 kB
1777804618.700028707 SwapTotal:             0 kB
1777804618.700028707 SwapFree:              0 kB
1777804618.700028707 Zswap:                 0 kB
1777804618.700028707 Zswapped:              0 kB
1777804618.700028707 Dirty:                72 kB
1777804618.700028707 Writeback:             0 kB
1777804618.700028707 AnonPages:         97224 kB
1777804618.700028707 Mapped:           104260 kB
1777804618.700028707 Shmem:              5240 kB
1777804618.700028707 KReclaimable:      30612 kB
1777804618.700028707 Slab:             123512 kB
1777804618.700028707 SReclaimable:      30612 kB
1777804618.700028707 SUnreclaim:        92900 kB
1777804618.700028707 KernelStack:        3184 kB
1777804618.700028707 PageTables:         4516 kB
1777804618.700028707 SecPageTables:         0 kB
1777804618.700028707 NFS_Unstable:          0 kB
1777804618.700028707 Bounce:                0 kB
1777804618.700028707 WritebackTmp:          0 kB
1777804618.700028707 CommitLimit:     3537964 kB
1777804618.700028707 Committed_AS:     510616 kB
1777804618.700028707 VmallocTotal:   135288315904 kB
1777804618.700028707 VmallocUsed:       19620 kB
1777804618.700028707 VmallocChunk:          0 kB
1777804618.700028707 Percpu:             1504 kB
1777804618.700028707 AnonHugePages:         0 kB
1777804618.700028707 ShmemHugePages:        0 kB
1777804618.700028707 ShmemPmdMapped:        0 kB
1777804618.700028707 FileHugePages:         0 kB
1777804618.700028707 FilePmdMapped:         0 kB
1777804618.700028707 CmaTotal:          65536 kB
1777804618.700028707 CmaFree:           49104 kB
1777804618.700028707 Balloon:               0 kB
1777804618.700028707 HugePages_Total:     512
1777804618.700028707 HugePages_Free:      488
1777804618.700028707 HugePages_Rsvd:        0
1777804618.700028707 HugePages_Surp:        0
1777804618.700028707 Hugepagesize:       2048 kB
1777804618.700028707 Hugetlb:         1048576 kB
1777804619.709932929 MemTotal:        8124504 kB
1777804619.709932929 MemFree:         6317408 kB
1777804619.709932929 MemAvailable:    6641596 kB
1777804619.709932929 Buffers:           31012 kB
1777804619.709932929 Cached:           422780 kB
1777804619.709932929 SwapCached:            0 kB
1777804619.709932929 Active:           437392 kB
1777804619.709932929 Inactive:         113396 kB
1777804619.709932929 Active(anon):     102148 kB
1777804619.709932929 Inactive(anon):        0 kB
1777804619.709932929 Active(file):     335244 kB
1777804619.709932929 Inactive(file):   113396 kB
1777804619.709932929 Unevictable:           0 kB
1777804619.709932929 Mlocked:               0 kB
1777804619.709932929 SwapTotal:             0 kB
1777804619.709932929 SwapFree:              0 kB
1777804619.709932929 Zswap:                 0 kB
1777804619.709932929 Zswapped:              0 kB
1777804619.709932929 Dirty:                72 kB
1777804619.709932929 Writeback:             0 kB
1777804619.709932929 AnonPages:         97108 kB
1777804619.709932929 Mapped:           104936 kB
1777804619.709932929 Shmem:              5240 kB
1777804619.709932929 KReclaimable:      30612 kB
1777804619.709932929 Slab:             123576 kB
1777804619.709932929 SReclaimable:      30612 kB
1777804619.709932929 SUnreclaim:        92964 kB
1777804619.709932929 KernelStack:        3200 kB
1777804619.709932929 PageTables:         5456 kB
1777804619.709932929 SecPageTables:         0 kB
1777804619.709932929 NFS_Unstable:          0 kB
1777804619.709932929 Bounce:                0 kB
1777804619.709932929 WritebackTmp:          0 kB
1777804619.709932929 CommitLimit:     3537964 kB
1777804619.709932929 Committed_AS:     511460 kB
1777804619.709932929 VmallocTotal:   135288315904 kB
1777804619.709932929 VmallocUsed:       19652 kB
1777804619.709932929 VmallocChunk:          0 kB
1777804619.709932929 Percpu:             1504 kB
1777804619.709932929 AnonHugePages:         0 kB
1777804619.709932929 ShmemHugePages:        0 kB
1777804619.709932929 ShmemPmdMapped:        0 kB
1777804619.709932929 FileHugePages:         0 kB
1777804619.709932929 FilePmdMapped:         0 kB
1777804619.709932929 CmaTotal:          65536 kB
1777804619.709932929 CmaFree:           49104 kB
1777804619.709932929 Balloon:               0 kB
1777804619.709932929 HugePages_Total:     512
1777804619.709932929 HugePages_Free:      488
1777804619.709932929 HugePages_Rsvd:        0
1777804619.709932929 HugePages_Surp:        0
1777804619.709932929 Hugepagesize:       2048 kB
1777804619.709932929 Hugetlb:         1048576 kB
1777804620.720821913 MemTotal:        8124504 kB
1777804620.720821913 MemFree:         6320452 kB
1777804620.720821913 MemAvailable:    6644652 kB
1777804620.720821913 Buffers:           31012 kB
1777804620.720821913 Cached:           422788 kB
1777804620.720821913 SwapCached:            0 kB
1777804620.720821913 Active:           437908 kB
1777804620.720821913 Inactive:         113404 kB
1777804620.720821913 Active(anon):     102660 kB
1777804620.720821913 Inactive(anon):        0 kB
1777804620.720821913 Active(file):     335248 kB
1777804620.720821913 Inactive(file):   113404 kB
1777804620.720821913 Unevictable:           0 kB
1777804620.720821913 Mlocked:               0 kB
1777804620.720821913 SwapTotal:             0 kB
1777804620.720821913 SwapFree:              0 kB
1777804620.720821913 Zswap:                 0 kB
1777804620.720821913 Zswapped:              0 kB
1777804620.720821913 Dirty:                80 kB
1777804620.720821913 Writeback:             0 kB
1777804620.720821913 AnonPages:         97516 kB
1777804620.720821913 Mapped:           104208 kB
1777804620.720821913 Shmem:              5240 kB
1777804620.720821913 KReclaimable:      30612 kB
1777804620.720821913 Slab:             123648 kB
1777804620.720821913 SReclaimable:      30612 kB
1777804620.720821913 SUnreclaim:        93036 kB
1777804620.720821913 KernelStack:        3184 kB
1777804620.720821913 PageTables:         4232 kB
1777804620.720821913 SecPageTables:         0 kB
1777804620.720821913 NFS_Unstable:          0 kB
1777804620.720821913 Bounce:                0 kB
1777804620.720821913 WritebackTmp:          0 kB
1777804620.720821913 CommitLimit:     3537964 kB
1777804620.720821913 Committed_AS:     510616 kB
1777804620.720821913 VmallocTotal:   135288315904 kB
1777804620.720821913 VmallocUsed:       19572 kB
1777804620.720821913 VmallocChunk:          0 kB
1777804620.720821913 Percpu:             1504 kB
1777804620.720821913 AnonHugePages:         0 kB
1777804620.720821913 ShmemHugePages:        0 kB
1777804620.720821913 ShmemPmdMapped:        0 kB
1777804620.720821913 FileHugePages:         0 kB
1777804620.720821913 FilePmdMapped:         0 kB
1777804620.720821913 CmaTotal:          65536 kB
1777804620.720821913 CmaFree:           49104 kB
1777804620.720821913 Balloon:               0 kB
1777804620.720821913 HugePages_Total:     512
1777804620.720821913 HugePages_Free:      488
1777804620.720821913 HugePages_Rsvd:        0
1777804620.720821913 HugePages_Surp:        0
1777804620.720821913 Hugepagesize:       2048 kB
1777804620.720821913 Hugetlb:         1048576 kB
1777804621.730924525 MemTotal:        8124504 kB
1777804621.730924525 MemFree:         6320112 kB
1777804621.730924525 MemAvailable:    6644316 kB
1777804621.730924525 Buffers:           31012 kB
1777804621.730924525 Cached:           422796 kB
1777804621.730924525 SwapCached:            0 kB
1777804621.730924525 Active:           437820 kB
1777804621.730924525 Inactive:         113408 kB
1777804621.730924525 Active(anon):     102572 kB
1777804621.730924525 Inactive(anon):        0 kB
1777804621.730924525 Active(file):     335248 kB
1777804621.730924525 Inactive(file):   113408 kB
1777804621.730924525 Unevictable:           0 kB
1777804621.730924525 Mlocked:               0 kB
1777804621.730924525 SwapTotal:             0 kB
1777804621.730924525 SwapFree:              0 kB
1777804621.730924525 Zswap:                 0 kB
1777804621.730924525 Zswapped:              0 kB
1777804621.730924525 Dirty:                88 kB
1777804621.730924525 Writeback:             0 kB
1777804621.730924525 AnonPages:         97564 kB
1777804621.730924525 Mapped:           104168 kB
1777804621.730924525 Shmem:              5240 kB
1777804621.730924525 KReclaimable:      30612 kB
1777804621.730924525 Slab:             123488 kB
1777804621.730924525 SReclaimable:      30612 kB
1777804621.730924525 SUnreclaim:        92876 kB
1777804621.730924525 KernelStack:        3200 kB
1777804621.730924525 PageTables:         4276 kB
1777804621.730924525 SecPageTables:         0 kB
1777804621.730924525 NFS_Unstable:          0 kB
1777804621.730924525 Bounce:                0 kB
1777804621.730924525 WritebackTmp:          0 kB
1777804621.730924525 CommitLimit:     3537964 kB
1777804621.730924525 Committed_AS:     510616 kB
1777804621.730924525 VmallocTotal:   135288315904 kB
1777804621.730924525 VmallocUsed:       19572 kB
1777804621.730924525 VmallocChunk:          0 kB
1777804621.730924525 Percpu:             1504 kB
1777804621.730924525 AnonHugePages:         0 kB
1777804621.730924525 ShmemHugePages:        0 kB
1777804621.730924525 ShmemPmdMapped:        0 kB
1777804621.730924525 FileHugePages:         0 kB
1777804621.730924525 FilePmdMapped:         0 kB
1777804621.730924525 CmaTotal:          65536 kB
1777804621.730924525 CmaFree:           49104 kB
1777804621.730924525 Balloon:               0 kB
1777804621.730924525 HugePages_Total:     512
1777804621.730924525 HugePages_Free:      488
1777804621.730924525 HugePages_Rsvd:        0
1777804621.730924525 HugePages_Surp:        0
1777804621.730924525 Hugepagesize:       2048 kB
1777804621.730924525 Hugetlb:         1048576 kB
1777804622.739853541 MemTotal:        8124504 kB
1777804622.739853541 MemFree:         6321880 kB
1777804622.739853541 MemAvailable:    6646088 kB
1777804622.739853541 Buffers:           31020 kB
1777804622.739853541 Cached:           422800 kB
1777804622.739853541 SwapCached:            0 kB
1777804622.739853541 Active:           437720 kB
1777804622.739853541 Inactive:         113412 kB
1777804622.739853541 Active(anon):     102472 kB
1777804622.739853541 Inactive(anon):        0 kB
1777804622.739853541 Active(file):     335248 kB
1777804622.739853541 Inactive(file):   113412 kB
1777804622.739853541 Unevictable:           0 kB
1777804622.739853541 Mlocked:               0 kB
1777804622.739853541 SwapTotal:             0 kB
1777804622.739853541 SwapFree:              0 kB
1777804622.739853541 Zswap:                 0 kB
1777804622.739853541 Zswapped:              0 kB
1777804622.739853541 Dirty:                96 kB
1777804622.739853541 Writeback:             0 kB
1777804622.739853541 AnonPages:         97524 kB
1777804622.739853541 Mapped:           104208 kB
1777804622.739853541 Shmem:              5240 kB
1777804622.739853541 KReclaimable:      30612 kB
1777804622.739853541 Slab:             123484 kB
1777804622.739853541 SReclaimable:      30612 kB
1777804622.739853541 SUnreclaim:        92872 kB
1777804622.739853541 KernelStack:        3184 kB
1777804622.739853541 PageTables:         4224 kB
1777804622.739853541 SecPageTables:         0 kB
1777804622.739853541 NFS_Unstable:          0 kB
1777804622.739853541 Bounce:                0 kB
1777804622.739853541 WritebackTmp:          0 kB
1777804622.739853541 CommitLimit:     3537964 kB
1777804622.739853541 Committed_AS:     510616 kB
1777804622.739853541 VmallocTotal:   135288315904 kB
1777804622.739853541 VmallocUsed:       19572 kB
1777804622.739853541 VmallocChunk:          0 kB
1777804622.739853541 Percpu:             1504 kB
1777804622.739853541 AnonHugePages:         0 kB
1777804622.739853541 ShmemHugePages:        0 kB
1777804622.739853541 ShmemPmdMapped:        0 kB
1777804622.739853541 FileHugePages:         0 kB
1777804622.739853541 FilePmdMapped:         0 kB
1777804622.739853541 CmaTotal:          65536 kB
1777804622.739853541 CmaFree:           49104 kB
1777804622.739853541 Balloon:               0 kB
1777804622.739853541 HugePages_Total:     512
1777804622.739853541 HugePages_Free:      488
1777804622.739853541 HugePages_Rsvd:        0
1777804622.739853541 HugePages_Surp:        0
1777804622.739853541 Hugepagesize:       2048 kB
1777804622.739853541 Hugetlb:         1048576 kB
1777804623.748737761 MemTotal:        8124504 kB
1777804623.748737761 MemFree:         6315852 kB
1777804623.748737761 MemAvailable:    6640076 kB
1777804623.748737761 Buffers:           31020 kB
1777804623.748737761 Cached:           422804 kB
1777804623.748737761 SwapCached:            0 kB
1777804623.748737761 Active:           437804 kB
1777804623.748737761 Inactive:         113428 kB
1777804623.748737761 Active(anon):     102556 kB
1777804623.748737761 Inactive(anon):        0 kB
1777804623.748737761 Active(file):     335248 kB
1777804623.748737761 Inactive(file):   113428 kB
1777804623.748737761 Unevictable:           0 kB
1777804623.748737761 Mlocked:               0 kB
1777804623.748737761 SwapTotal:             0 kB
1777804623.748737761 SwapFree:              0 kB
1777804623.748737761 Zswap:                 0 kB
1777804623.748737761 Zswapped:              0 kB
1777804623.748737761 Dirty:               100 kB
1777804623.748737761 Writeback:             0 kB
1777804623.748737761 AnonPages:         97516 kB
1777804623.748737761 Mapped:           104208 kB
1777804623.748737761 Shmem:              5240 kB
1777804623.748737761 KReclaimable:      30612 kB
1777804623.748737761 Slab:             123492 kB
1777804623.748737761 SReclaimable:      30612 kB
1777804623.748737761 SUnreclaim:        92880 kB
1777804623.748737761 KernelStack:        3184 kB
1777804623.748737761 PageTables:         4232 kB
1777804623.748737761 SecPageTables:         0 kB
1777804623.748737761 NFS_Unstable:          0 kB
1777804623.748737761 Bounce:                0 kB
1777804623.748737761 WritebackTmp:          0 kB
1777804623.748737761 CommitLimit:     3537964 kB
1777804623.748737761 Committed_AS:     510616 kB
1777804623.748737761 VmallocTotal:   135288315904 kB
1777804623.748737761 VmallocUsed:       19588 kB
1777804623.748737761 VmallocChunk:          0 kB
1777804623.748737761 Percpu:             1504 kB
1777804623.748737761 AnonHugePages:         0 kB
1777804623.748737761 ShmemHugePages:        0 kB
1777804623.748737761 ShmemPmdMapped:        0 kB
1777804623.748737761 FileHugePages:         0 kB
1777804623.748737761 FilePmdMapped:         0 kB
1777804623.748737761 CmaTotal:          65536 kB
1777804623.748737761 CmaFree:           49104 kB
1777804623.748737761 Balloon:               0 kB
1777804623.748737761 HugePages_Total:     512
1777804623.748737761 HugePages_Free:      488
1777804623.748737761 HugePages_Rsvd:        0
1777804623.748737761 HugePages_Surp:        0
1777804623.748737761 Hugepagesize:       2048 kB
1777804623.748737761 Hugetlb:         1048576 kB
1777804624.757588592 MemTotal:        8124504 kB
1777804624.757588592 MemFree:         6322600 kB
1777804624.757588592 MemAvailable:    6646824 kB
1777804624.757588592 Buffers:           31020 kB
1777804624.757588592 Cached:           422808 kB
1777804624.757588592 SwapCached:            0 kB
1777804624.757588592 Active:           437652 kB
1777804624.757588592 Inactive:         113432 kB
1777804624.757588592 Active(anon):     102408 kB
1777804624.757588592 Inactive(anon):        0 kB
1777804624.757588592 Active(file):     335244 kB
1777804624.757588592 Inactive(file):   113432 kB
1777804624.757588592 Unevictable:           0 kB
1777804624.757588592 Mlocked:               0 kB
1777804624.757588592 SwapTotal:             0 kB
1777804624.757588592 SwapFree:              0 kB
1777804624.757588592 Zswap:                 0 kB
1777804624.757588592 Zswapped:              0 kB
1777804624.757588592 Dirty:               104 kB
1777804624.757588592 Writeback:             0 kB
1777804624.757588592 AnonPages:         97516 kB
1777804624.757588592 Mapped:           104208 kB
1777804624.757588592 Shmem:              5240 kB
1777804624.757588592 KReclaimable:      30612 kB
1777804624.757588592 Slab:             123540 kB
1777804624.757588592 SReclaimable:      30612 kB
1777804624.757588592 SUnreclaim:        92928 kB
1777804624.757588592 KernelStack:        3184 kB
1777804624.757588592 PageTables:         4216 kB
1777804624.757588592 SecPageTables:         0 kB
1777804624.757588592 NFS_Unstable:          0 kB
1777804624.757588592 Bounce:                0 kB
1777804624.757588592 WritebackTmp:          0 kB
1777804624.757588592 CommitLimit:     3537964 kB
1777804624.757588592 Committed_AS:     510616 kB
1777804624.757588592 VmallocTotal:   135288315904 kB
1777804624.757588592 VmallocUsed:       19588 kB
1777804624.757588592 VmallocChunk:          0 kB
1777804624.757588592 Percpu:             1504 kB
1777804624.757588592 AnonHugePages:         0 kB
1777804624.757588592 ShmemHugePages:        0 kB
1777804624.757588592 ShmemPmdMapped:        0 kB
1777804624.757588592 FileHugePages:         0 kB
1777804624.757588592 FilePmdMapped:         0 kB
1777804624.757588592 CmaTotal:          65536 kB
1777804624.757588592 CmaFree:           49104 kB
1777804624.757588592 Balloon:               0 kB
1777804624.757588592 HugePages_Total:     512
1777804624.757588592 HugePages_Free:      488
1777804624.757588592 HugePages_Rsvd:        0
1777804624.757588592 HugePages_Surp:        0
1777804624.757588592 Hugepagesize:       2048 kB
1777804624.757588592 Hugetlb:         1048576 kB
1777804625.766544812 MemTotal:        8124504 kB
1777804625.766544812 MemFree:         6318280 kB
1777804625.766544812 MemAvailable:    6642504 kB
1777804625.766544812 Buffers:           31020 kB
1777804625.766544812 Cached:           422808 kB
1777804625.766544812 SwapCached:            0 kB
1777804625.766544812 Active:           437884 kB
1777804625.766544812 Inactive:         113432 kB
1777804625.766544812 Active(anon):     102640 kB
1777804625.766544812 Inactive(anon):        0 kB
1777804625.766544812 Active(file):     335244 kB
1777804625.766544812 Inactive(file):   113432 kB
1777804625.766544812 Unevictable:           0 kB
1777804625.766544812 Mlocked:               0 kB
1777804625.766544812 SwapTotal:             0 kB
1777804625.766544812 SwapFree:              0 kB
1777804625.766544812 Zswap:                 0 kB
1777804625.766544812 Zswapped:              0 kB
1777804625.766544812 Dirty:               104 kB
1777804625.766544812 Writeback:             0 kB
1777804625.766544812 AnonPages:         97528 kB
1777804625.766544812 Mapped:           104208 kB
1777804625.766544812 Shmem:              5240 kB
1777804625.766544812 KReclaimable:      30612 kB
1777804625.766544812 Slab:             123564 kB
1777804625.766544812 SReclaimable:      30612 kB
1777804625.766544812 SUnreclaim:        92952 kB
1777804625.766544812 KernelStack:        3184 kB
1777804625.766544812 PageTables:         4224 kB
1777804625.766544812 SecPageTables:         0 kB
1777804625.766544812 NFS_Unstable:          0 kB
1777804625.766544812 Bounce:                0 kB
1777804625.766544812 WritebackTmp:          0 kB
1777804625.766544812 CommitLimit:     3537964 kB
1777804625.766544812 Committed_AS:     510616 kB
1777804625.766544812 VmallocTotal:   135288315904 kB
1777804625.766544812 VmallocUsed:       19588 kB
1777804625.766544812 VmallocChunk:          0 kB
1777804625.766544812 Percpu:             1504 kB
1777804625.766544812 AnonHugePages:         0 kB
1777804625.766544812 ShmemHugePages:        0 kB
1777804625.766544812 ShmemPmdMapped:        0 kB
1777804625.766544812 FileHugePages:         0 kB
1777804625.766544812 FilePmdMapped:         0 kB
1777804625.766544812 CmaTotal:          65536 kB
1777804625.766544812 CmaFree:           49104 kB
1777804625.766544812 Balloon:               0 kB
1777804625.766544812 HugePages_Total:     512
1777804625.766544812 HugePages_Free:      488
1777804625.766544812 HugePages_Rsvd:        0
1777804625.766544812 HugePages_Surp:        0
1777804625.766544812 Hugepagesize:       2048 kB
1777804625.766544812 Hugetlb:         1048576 kB
1777804626.775557421 MemTotal:        8124504 kB
1777804626.775557421 MemFree:         6320688 kB
1777804626.775557421 MemAvailable:    6644916 kB
1777804626.775557421 Buffers:           31020 kB
1777804626.775557421 Cached:           422816 kB
1777804626.775557421 SwapCached:            0 kB
1777804626.775557421 Active:           437892 kB
1777804626.775557421 Inactive:         113436 kB
1777804626.775557421 Active(anon):     102648 kB
1777804626.775557421 Inactive(anon):        0 kB
1777804626.775557421 Active(file):     335244 kB
1777804626.775557421 Inactive(file):   113436 kB
1777804626.775557421 Unevictable:           0 kB
1777804626.775557421 Mlocked:               0 kB
1777804626.775557421 SwapTotal:             0 kB
1777804626.775557421 SwapFree:              0 kB
1777804626.775557421 Zswap:                 0 kB
1777804626.775557421 Zswapped:              0 kB
1777804626.775557421 Dirty:               112 kB
1777804626.775557421 Writeback:             0 kB
1777804626.775557421 AnonPages:         97528 kB
1777804626.775557421 Mapped:           104208 kB
1777804626.775557421 Shmem:              5240 kB
1777804626.775557421 KReclaimable:      30612 kB
1777804626.775557421 Slab:             123532 kB
1777804626.775557421 SReclaimable:      30612 kB
1777804626.775557421 SUnreclaim:        92920 kB
1777804626.775557421 KernelStack:        3184 kB
1777804626.775557421 PageTables:         4236 kB
1777804626.775557421 SecPageTables:         0 kB
1777804626.775557421 NFS_Unstable:          0 kB
1777804626.775557421 Bounce:                0 kB
1777804626.775557421 WritebackTmp:          0 kB
1777804626.775557421 CommitLimit:     3537964 kB
1777804626.775557421 Committed_AS:     510616 kB
1777804626.775557421 VmallocTotal:   135288315904 kB
1777804626.775557421 VmallocUsed:       19604 kB
1777804626.775557421 VmallocChunk:          0 kB
1777804626.775557421 Percpu:             1504 kB
1777804626.775557421 AnonHugePages:         0 kB
1777804626.775557421 ShmemHugePages:        0 kB
1777804626.775557421 ShmemPmdMapped:        0 kB
1777804626.775557421 FileHugePages:         0 kB
1777804626.775557421 FilePmdMapped:         0 kB
1777804626.775557421 CmaTotal:          65536 kB
1777804626.775557421 CmaFree:           49104 kB
1777804626.775557421 Balloon:               0 kB
1777804626.775557421 HugePages_Total:     512
1777804626.775557421 HugePages_Free:      488
1777804626.775557421 HugePages_Rsvd:        0
1777804626.775557421 HugePages_Surp:        0
1777804626.775557421 Hugepagesize:       2048 kB
1777804626.775557421 Hugetlb:         1048576 kB
1777804627.784543678 MemTotal:        8124504 kB
1777804627.784543678 MemFree:         6318288 kB
1777804627.784543678 MemAvailable:    6642524 kB
1777804627.784543678 Buffers:           31028 kB
1777804627.784543678 Cached:           422820 kB
1777804627.784543678 SwapCached:            0 kB
1777804627.784543678 Active:           437772 kB
1777804627.784543678 Inactive:         113444 kB
1777804627.784543678 Active(anon):     102528 kB
1777804627.784543678 Inactive(anon):        0 kB
1777804627.784543678 Active(file):     335244 kB
1777804627.784543678 Inactive(file):   113444 kB
1777804627.784543678 Unevictable:           0 kB
1777804627.784543678 Mlocked:               0 kB
1777804627.784543678 SwapTotal:             0 kB
1777804627.784543678 SwapFree:              0 kB
1777804627.784543678 Zswap:                 0 kB
1777804627.784543678 Zswapped:              0 kB
1777804627.784543678 Dirty:               116 kB
1777804627.784543678 Writeback:             0 kB
1777804627.784543678 AnonPages:         97528 kB
1777804627.784543678 Mapped:           104168 kB
1777804627.784543678 Shmem:              5240 kB
1777804627.784543678 KReclaimable:      30612 kB
1777804627.784543678 Slab:             123492 kB
1777804627.784543678 SReclaimable:      30612 kB
1777804627.784543678 SUnreclaim:        92880 kB
1777804627.784543678 KernelStack:        3184 kB
1777804627.784543678 PageTables:         4216 kB
1777804627.784543678 SecPageTables:         0 kB
1777804627.784543678 NFS_Unstable:          0 kB
1777804627.784543678 Bounce:                0 kB
1777804627.784543678 WritebackTmp:          0 kB
1777804627.784543678 CommitLimit:     3537964 kB
1777804627.784543678 Committed_AS:     510616 kB
1777804627.784543678 VmallocTotal:   135288315904 kB
1777804627.784543678 VmallocUsed:       19588 kB
1777804627.784543678 VmallocChunk:          0 kB
1777804627.784543678 Percpu:             1504 kB
1777804627.784543678 AnonHugePages:         0 kB
1777804627.784543678 ShmemHugePages:        0 kB
1777804627.784543678 ShmemPmdMapped:        0 kB
1777804627.784543678 FileHugePages:         0 kB
1777804627.784543678 FilePmdMapped:         0 kB
1777804627.784543678 CmaTotal:          65536 kB
1777804627.784543678 CmaFree:           49104 kB
1777804627.784543678 Balloon:               0 kB
1777804627.784543678 HugePages_Total:     512
1777804627.784543678 HugePages_Free:      488
1777804627.784543678 HugePages_Rsvd:        0
1777804627.784543678 HugePages_Surp:        0
1777804627.784543678 Hugepagesize:       2048 kB
1777804627.784543678 Hugetlb:         1048576 kB
1777804628.793436157 MemTotal:        8124504 kB
1777804628.793436157 MemFree:         6321084 kB
1777804628.793436157 MemAvailable:    6645332 kB
1777804628.793436157 Buffers:           31028 kB
1777804628.793436157 Cached:           422828 kB
1777804628.793436157 SwapCached:            0 kB
1777804628.793436157 Active:           437856 kB
1777804628.793436157 Inactive:         113456 kB
1777804628.793436157 Active(anon):     102612 kB
1777804628.793436157 Inactive(anon):        0 kB
1777804628.793436157 Active(file):     335244 kB
1777804628.793436157 Inactive(file):   113456 kB
1777804628.793436157 Unevictable:           0 kB
1777804628.793436157 Mlocked:               0 kB
1777804628.793436157 SwapTotal:             0 kB
1777804628.793436157 SwapFree:              0 kB
1777804628.793436157 Zswap:                 0 kB
1777804628.793436157 Zswapped:              0 kB
1777804628.793436157 Dirty:               124 kB
1777804628.793436157 Writeback:             0 kB
1777804628.793436157 AnonPages:         97524 kB
1777804628.793436157 Mapped:           104208 kB
1777804628.793436157 Shmem:              5240 kB
1777804628.793436157 KReclaimable:      30612 kB
1777804628.793436157 Slab:             123564 kB
1777804628.793436157 SReclaimable:      30612 kB
1777804628.793436157 SUnreclaim:        92952 kB
1777804628.793436157 KernelStack:        3184 kB
1777804628.793436157 PageTables:         4224 kB
1777804628.793436157 SecPageTables:         0 kB
1777804628.793436157 NFS_Unstable:          0 kB
1777804628.793436157 Bounce:                0 kB
1777804628.793436157 WritebackTmp:          0 kB
1777804628.793436157 CommitLimit:     3537964 kB
1777804628.793436157 Committed_AS:     510616 kB
1777804628.793436157 VmallocTotal:   135288315904 kB
1777804628.793436157 VmallocUsed:       19604 kB
1777804628.793436157 VmallocChunk:          0 kB
1777804628.793436157 Percpu:             1504 kB
1777804628.793436157 AnonHugePages:         0 kB
1777804628.793436157 ShmemHugePages:        0 kB
1777804628.793436157 ShmemPmdMapped:        0 kB
1777804628.793436157 FileHugePages:         0 kB
1777804628.793436157 FilePmdMapped:         0 kB
1777804628.793436157 CmaTotal:          65536 kB
1777804628.793436157 CmaFree:           49104 kB
1777804628.793436157 Balloon:               0 kB
1777804628.793436157 HugePages_Total:     512
1777804628.793436157 HugePages_Free:      488
1777804628.793436157 HugePages_Rsvd:        0
1777804628.793436157 HugePages_Surp:        0
1777804628.793436157 Hugepagesize:       2048 kB
1777804628.793436157 Hugetlb:         1048576 kB
1777804629.802413840 MemTotal:        8124504 kB
1777804629.802413840 MemFree:         6318440 kB
1777804629.802413840 MemAvailable:    6642700 kB
1777804629.802413840 Buffers:           31028 kB
1777804629.802413840 Cached:           422836 kB
1777804629.802413840 SwapCached:            0 kB
1777804629.802413840 Active:           437728 kB
1777804629.802413840 Inactive:         113464 kB
1777804629.802413840 Active(anon):     102480 kB
1777804629.802413840 Inactive(anon):        0 kB
1777804629.802413840 Active(file):     335248 kB
1777804629.802413840 Inactive(file):   113464 kB
1777804629.802413840 Unevictable:           0 kB
1777804629.802413840 Mlocked:               0 kB
1777804629.802413840 SwapTotal:             0 kB
1777804629.802413840 SwapFree:              0 kB
1777804629.802413840 Zswap:                 0 kB
1777804629.802413840 Zswapped:              0 kB
1777804629.802413840 Dirty:               132 kB
1777804629.802413840 Writeback:             0 kB
1777804629.802413840 AnonPages:         97528 kB
1777804629.802413840 Mapped:           104208 kB
1777804629.802413840 Shmem:              5240 kB
1777804629.802413840 KReclaimable:      30612 kB
1777804629.802413840 Slab:             123512 kB
1777804629.802413840 SReclaimable:      30612 kB
1777804629.802413840 SUnreclaim:        92900 kB
1777804629.802413840 KernelStack:        3184 kB
1777804629.802413840 PageTables:         4220 kB
1777804629.802413840 SecPageTables:         0 kB
1777804629.802413840 NFS_Unstable:          0 kB
1777804629.802413840 Bounce:                0 kB
1777804629.802413840 WritebackTmp:          0 kB
1777804629.802413840 CommitLimit:     3537964 kB
1777804629.802413840 Committed_AS:     510616 kB
1777804629.802413840 VmallocTotal:   135288315904 kB
1777804629.802413840 VmallocUsed:       19572 kB
1777804629.802413840 VmallocChunk:          0 kB
1777804629.802413840 Percpu:             1504 kB
1777804629.802413840 AnonHugePages:         0 kB
1777804629.802413840 ShmemHugePages:        0 kB
1777804629.802413840 ShmemPmdMapped:        0 kB
1777804629.802413840 FileHugePages:         0 kB
1777804629.802413840 FilePmdMapped:         0 kB
1777804629.802413840 CmaTotal:          65536 kB
1777804629.802413840 CmaFree:           49104 kB
1777804629.802413840 Balloon:               0 kB
1777804629.802413840 HugePages_Total:     512
1777804629.802413840 HugePages_Free:      488
1777804629.802413840 HugePages_Rsvd:        0
1777804629.802413840 HugePages_Surp:        0
1777804629.802413840 Hugepagesize:       2048 kB
1777804629.802413840 Hugetlb:         1048576 kB
1777804630.811239930 MemTotal:        8124504 kB
1777804630.811239930 MemFree:         6325776 kB
1777804630.811239930 MemAvailable:    6650040 kB
1777804630.811239930 Buffers:           31028 kB
1777804630.811239930 Cached:           422836 kB
1777804630.811239930 SwapCached:            0 kB
1777804630.811239930 Active:           437712 kB
1777804630.811239930 Inactive:         113468 kB
1777804630.811239930 Active(anon):     102464 kB
1777804630.811239930 Inactive(anon):        0 kB
1777804630.811239930 Active(file):     335248 kB
1777804630.811239930 Inactive(file):   113468 kB
1777804630.811239930 Unevictable:           0 kB
1777804630.811239930 Mlocked:               0 kB
1777804630.811239930 SwapTotal:             0 kB
1777804630.811239930 SwapFree:              0 kB
1777804630.811239930 Zswap:                 0 kB
1777804630.811239930 Zswapped:              0 kB
1777804630.811239930 Dirty:               132 kB
1777804630.811239930 Writeback:             0 kB
1777804630.811239930 AnonPages:         97524 kB
1777804630.811239930 Mapped:           104208 kB
1777804630.811239930 Shmem:              5240 kB
1777804630.811239930 KReclaimable:      30612 kB
1777804630.811239930 Slab:             123428 kB
1777804630.811239930 SReclaimable:      30612 kB
1777804630.811239930 SUnreclaim:        92816 kB
1777804630.811239930 KernelStack:        3184 kB
1777804630.811239930 PageTables:         4228 kB
1777804630.811239930 SecPageTables:         0 kB
1777804630.811239930 NFS_Unstable:          0 kB
1777804630.811239930 Bounce:                0 kB
1777804630.811239930 WritebackTmp:          0 kB
1777804630.811239930 CommitLimit:     3537964 kB
1777804630.811239930 Committed_AS:     510616 kB
1777804630.811239930 VmallocTotal:   135288315904 kB
1777804630.811239930 VmallocUsed:       19604 kB
1777804630.811239930 VmallocChunk:          0 kB
1777804630.811239930 Percpu:             1504 kB
1777804630.811239930 AnonHugePages:         0 kB
1777804630.811239930 ShmemHugePages:        0 kB
1777804630.811239930 ShmemPmdMapped:        0 kB
1777804630.811239930 FileHugePages:         0 kB
1777804630.811239930 FilePmdMapped:         0 kB
1777804630.811239930 CmaTotal:          65536 kB
1777804630.811239930 CmaFree:           49104 kB
1777804630.811239930 Balloon:               0 kB
1777804630.811239930 HugePages_Total:     512
1777804630.811239930 HugePages_Free:      488
1777804630.811239930 HugePages_Rsvd:        0
1777804630.811239930 HugePages_Surp:        0
1777804630.811239930 Hugepagesize:       2048 kB
1777804630.811239930 Hugetlb:         1048576 kB
1777804631.820082243 MemTotal:        8124504 kB
1777804631.820082243 MemFree:         6322560 kB
1777804631.820082243 MemAvailable:    6646828 kB
1777804631.820082243 Buffers:           31028 kB
1777804631.820082243 Cached:           422840 kB
1777804631.820082243 SwapCached:            0 kB
1777804631.820082243 Active:           437708 kB
1777804631.820082243 Inactive:         113472 kB
1777804631.820082243 Active(anon):     102460 kB
1777804631.820082243 Inactive(anon):        0 kB
1777804631.820082243 Active(file):     335248 kB
1777804631.820082243 Inactive(file):   113472 kB
1777804631.820082243 Unevictable:           0 kB
1777804631.820082243 Mlocked:               0 kB
1777804631.820082243 SwapTotal:             0 kB
1777804631.820082243 SwapFree:              0 kB
1777804631.820082243 Zswap:                 0 kB
1777804631.820082243 Zswapped:              0 kB
1777804631.820082243 Dirty:               136 kB
1777804631.820082243 Writeback:             0 kB
1777804631.820082243 AnonPages:         97528 kB
1777804631.820082243 Mapped:           104208 kB
1777804631.820082243 Shmem:              5240 kB
1777804631.820082243 KReclaimable:      30612 kB
1777804631.820082243 Slab:             123504 kB
1777804631.820082243 SReclaimable:      30612 kB
1777804631.820082243 SUnreclaim:        92892 kB
1777804631.820082243 KernelStack:        3184 kB
1777804631.820082243 PageTables:         4232 kB
1777804631.820082243 SecPageTables:         0 kB
1777804631.820082243 NFS_Unstable:          0 kB
1777804631.820082243 Bounce:                0 kB
1777804631.820082243 WritebackTmp:          0 kB
1777804631.820082243 CommitLimit:     3537964 kB
1777804631.820082243 Committed_AS:     510616 kB
1777804631.820082243 VmallocTotal:   135288315904 kB
1777804631.820082243 VmallocUsed:       19604 kB
1777804631.820082243 VmallocChunk:          0 kB
1777804631.820082243 Percpu:             1504 kB
1777804631.820082243 AnonHugePages:         0 kB
1777804631.820082243 ShmemHugePages:        0 kB
1777804631.820082243 ShmemPmdMapped:        0 kB
1777804631.820082243 FileHugePages:         0 kB
1777804631.820082243 FilePmdMapped:         0 kB
1777804631.820082243 CmaTotal:          65536 kB
1777804631.820082243 CmaFree:           49104 kB
1777804631.820082243 Balloon:               0 kB
1777804631.820082243 HugePages_Total:     512
1777804631.820082243 HugePages_Free:      488
1777804631.820082243 HugePages_Rsvd:        0
1777804631.820082243 HugePages_Surp:        0
1777804631.820082243 Hugepagesize:       2048 kB
1777804631.820082243 Hugetlb:         1048576 kB
1777804632.829172130 MemTotal:        8124504 kB
1777804632.829172130 MemFree:         6316908 kB
1777804632.829172130 MemAvailable:    6641180 kB
1777804632.829172130 Buffers:           31036 kB
1777804632.829172130 Cached:           422844 kB
1777804632.829172130 SwapCached:            0 kB
1777804632.829172130 Active:           437736 kB
1777804632.829172130 Inactive:         113476 kB
1777804632.829172130 Active(anon):     102488 kB
1777804632.829172130 Inactive(anon):        0 kB
1777804632.829172130 Active(file):     335248 kB
1777804632.829172130 Inactive(file):   113476 kB
1777804632.829172130 Unevictable:           0 kB
1777804632.829172130 Mlocked:               0 kB
1777804632.829172130 SwapTotal:             0 kB
1777804632.829172130 SwapFree:              0 kB
1777804632.829172130 Zswap:                 0 kB
1777804632.829172130 Zswapped:              0 kB
1777804632.829172130 Dirty:               140 kB
1777804632.829172130 Writeback:             0 kB
1777804632.829172130 AnonPages:         97520 kB
1777804632.829172130 Mapped:           104168 kB
1777804632.829172130 Shmem:              5240 kB
1777804632.829172130 KReclaimable:      30612 kB
1777804632.829172130 Slab:             123508 kB
1777804632.829172130 SReclaimable:      30612 kB
1777804632.829172130 SUnreclaim:        92896 kB
1777804632.829172130 KernelStack:        3184 kB
1777804632.829172130 PageTables:         4224 kB
1777804632.829172130 SecPageTables:         0 kB
1777804632.829172130 NFS_Unstable:          0 kB
1777804632.829172130 Bounce:                0 kB
1777804632.829172130 WritebackTmp:          0 kB
1777804632.829172130 CommitLimit:     3537964 kB
1777804632.829172130 Committed_AS:     510616 kB
1777804632.829172130 VmallocTotal:   135288315904 kB
1777804632.829172130 VmallocUsed:       19604 kB
1777804632.829172130 VmallocChunk:          0 kB
1777804632.829172130 Percpu:             1504 kB
1777804632.829172130 AnonHugePages:         0 kB
1777804632.829172130 ShmemHugePages:        0 kB
1777804632.829172130 ShmemPmdMapped:        0 kB
1777804632.829172130 FileHugePages:         0 kB
1777804632.829172130 FilePmdMapped:         0 kB
1777804632.829172130 CmaTotal:          65536 kB
1777804632.829172130 CmaFree:           49104 kB
1777804632.829172130 Balloon:               0 kB
1777804632.829172130 HugePages_Total:     512
1777804632.829172130 HugePages_Free:      488
1777804632.829172130 HugePages_Rsvd:        0
1777804632.829172130 HugePages_Surp:        0
1777804632.829172130 Hugepagesize:       2048 kB
1777804632.829172130 Hugetlb:         1048576 kB
1777804633.838029405 MemTotal:        8124504 kB
1777804633.838029405 MemFree:         6320380 kB
1777804633.838029405 MemAvailable:    6644660 kB
1777804633.838029405 Buffers:           31036 kB
1777804633.838029405 Cached:           422848 kB
1777804633.838029405 SwapCached:            0 kB
1777804633.838029405 Active:           437708 kB
1777804633.838029405 Inactive:         113484 kB
1777804633.838029405 Active(anon):     102460 kB
1777804633.838029405 Inactive(anon):        0 kB
1777804633.838029405 Active(file):     335248 kB
1777804633.838029405 Inactive(file):   113484 kB
1777804633.838029405 Unevictable:           0 kB
1777804633.838029405 Mlocked:               0 kB
1777804633.838029405 SwapTotal:             0 kB
1777804633.838029405 SwapFree:              0 kB
1777804633.838029405 Zswap:                 0 kB
1777804633.838029405 Zswapped:              0 kB
1777804633.838029405 Dirty:               144 kB
1777804633.838029405 Writeback:             0 kB
1777804633.838029405 AnonPages:         97524 kB
1777804633.838029405 Mapped:           104208 kB
1777804633.838029405 Shmem:              5240 kB
1777804633.838029405 KReclaimable:      30612 kB
1777804633.838029405 Slab:             123492 kB
1777804633.838029405 SReclaimable:      30612 kB
1777804633.838029405 SUnreclaim:        92880 kB
1777804633.838029405 KernelStack:        3184 kB
1777804633.838029405 PageTables:         4228 kB
1777804633.838029405 SecPageTables:         0 kB
1777804633.838029405 NFS_Unstable:          0 kB
1777804633.838029405 Bounce:                0 kB
1777804633.838029405 WritebackTmp:          0 kB
1777804633.838029405 CommitLimit:     3537964 kB
1777804633.838029405 Committed_AS:     510616 kB
1777804633.838029405 VmallocTotal:   135288315904 kB
1777804633.838029405 VmallocUsed:       19604 kB
1777804633.838029405 VmallocChunk:          0 kB
1777804633.838029405 Percpu:             1504 kB
1777804633.838029405 AnonHugePages:         0 kB
1777804633.838029405 ShmemHugePages:        0 kB
1777804633.838029405 ShmemPmdMapped:        0 kB
1777804633.838029405 FileHugePages:         0 kB
1777804633.838029405 FilePmdMapped:         0 kB
1777804633.838029405 CmaTotal:          65536 kB
1777804633.838029405 CmaFree:           49104 kB
1777804633.838029405 Balloon:               0 kB
1777804633.838029405 HugePages_Total:     512
1777804633.838029405 HugePages_Free:      488
1777804633.838029405 HugePages_Rsvd:        0
1777804633.838029405 HugePages_Surp:        0
1777804633.838029405 Hugepagesize:       2048 kB
1777804633.838029405 Hugetlb:         1048576 kB
1777804634.846951718 MemTotal:        8124504 kB
1777804634.846951718 MemFree:         6316196 kB
1777804634.846951718 MemAvailable:    6640484 kB
1777804634.846951718 Buffers:           31036 kB
1777804634.846951718 Cached:           422856 kB
1777804634.846951718 SwapCached:            0 kB
1777804634.846951718 Active:           437808 kB
1777804634.846951718 Inactive:         113496 kB
1777804634.846951718 Active(anon):     102564 kB
1777804634.846951718 Inactive(anon):        0 kB
1777804634.846951718 Active(file):     335244 kB
1777804634.846951718 Inactive(file):   113496 kB
1777804634.846951718 Unevictable:           0 kB
1777804634.846951718 Mlocked:               0 kB
1777804634.846951718 SwapTotal:             0 kB
1777804634.846951718 SwapFree:              0 kB
1777804634.846951718 Zswap:                 0 kB
1777804634.846951718 Zswapped:              0 kB
1777804634.846951718 Dirty:               152 kB
1777804634.846951718 Writeback:             0 kB
1777804634.846951718 AnonPages:         97524 kB
1777804634.846951718 Mapped:           104208 kB
1777804634.846951718 Shmem:              5240 kB
1777804634.846951718 KReclaimable:      30612 kB
1777804634.846951718 Slab:             123580 kB
1777804634.846951718 SReclaimable:      30612 kB
1777804634.846951718 SUnreclaim:        92968 kB
1777804634.846951718 KernelStack:        3184 kB
1777804634.846951718 PageTables:         4236 kB
1777804634.846951718 SecPageTables:         0 kB
1777804634.846951718 NFS_Unstable:          0 kB
1777804634.846951718 Bounce:                0 kB
1777804634.846951718 WritebackTmp:          0 kB
1777804634.846951718 CommitLimit:     3537964 kB
1777804634.846951718 Committed_AS:     510616 kB
1777804634.846951718 VmallocTotal:   135288315904 kB
1777804634.846951718 VmallocUsed:       19604 kB
1777804634.846951718 VmallocChunk:          0 kB
1777804634.846951718 Percpu:             1504 kB
1777804634.846951718 AnonHugePages:         0 kB
1777804634.846951718 ShmemHugePages:        0 kB
1777804634.846951718 ShmemPmdMapped:        0 kB
1777804634.846951718 FileHugePages:         0 kB
1777804634.846951718 FilePmdMapped:         0 kB
1777804634.846951718 CmaTotal:          65536 kB
1777804634.846951718 CmaFree:           49104 kB
1777804634.846951718 Balloon:               0 kB
1777804634.846951718 HugePages_Total:     512
1777804634.846951718 HugePages_Free:      488
1777804634.846951718 HugePages_Rsvd:        0
1777804634.846951718 HugePages_Surp:        0
1777804634.846951718 Hugepagesize:       2048 kB
1777804634.846951718 Hugetlb:         1048576 kB
1777804635.855813900 MemTotal:        8124504 kB
1777804635.855813900 MemFree:         6319568 kB
1777804635.855813900 MemAvailable:    6643860 kB
1777804635.855813900 Buffers:           31036 kB
1777804635.855813900 Cached:           422864 kB
1777804635.855813900 SwapCached:            0 kB
1777804635.855813900 Active:           437676 kB
1777804635.855813900 Inactive:         113500 kB
1777804635.855813900 Active(anon):     102432 kB
1777804635.855813900 Inactive(anon):        0 kB
1777804635.855813900 Active(file):     335244 kB
1777804635.855813900 Inactive(file):   113500 kB
1777804635.855813900 Unevictable:           0 kB
1777804635.855813900 Mlocked:               0 kB
1777804635.855813900 SwapTotal:             0 kB
1777804635.855813900 SwapFree:              0 kB
1777804635.855813900 Zswap:                 0 kB
1777804635.855813900 Zswapped:              0 kB
1777804635.855813900 Dirty:               160 kB
1777804635.855813900 Writeback:             0 kB
1777804635.855813900 AnonPages:         97528 kB
1777804635.855813900 Mapped:           104208 kB
1777804635.855813900 Shmem:              5240 kB
1777804635.855813900 KReclaimable:      30612 kB
1777804635.855813900 Slab:             123548 kB
1777804635.855813900 SReclaimable:      30612 kB
1777804635.855813900 SUnreclaim:        92936 kB
1777804635.855813900 KernelStack:        3184 kB
1777804635.855813900 PageTables:         4228 kB
1777804635.855813900 SecPageTables:         0 kB
1777804635.855813900 NFS_Unstable:          0 kB
1777804635.855813900 Bounce:                0 kB
1777804635.855813900 WritebackTmp:          0 kB
1777804635.855813900 CommitLimit:     3537964 kB
1777804635.855813900 Committed_AS:     510616 kB
1777804635.855813900 VmallocTotal:   135288315904 kB
1777804635.855813900 VmallocUsed:       19588 kB
1777804635.855813900 VmallocChunk:          0 kB
1777804635.855813900 Percpu:             1504 kB
1777804635.855813900 AnonHugePages:         0 kB
1777804635.855813900 ShmemHugePages:        0 kB
1777804635.855813900 ShmemPmdMapped:        0 kB
1777804635.855813900 FileHugePages:         0 kB
1777804635.855813900 FilePmdMapped:         0 kB
1777804635.855813900 CmaTotal:          65536 kB
1777804635.855813900 CmaFree:           49104 kB
1777804635.855813900 Balloon:               0 kB
1777804635.855813900 HugePages_Total:     512
1777804635.855813900 HugePages_Free:      488
1777804635.855813900 HugePages_Rsvd:        0
1777804635.855813900 HugePages_Surp:        0
1777804635.855813900 Hugepagesize:       2048 kB
1777804635.855813900 Hugetlb:         1048576 kB
1777804636.864640342 MemTotal:        8124504 kB
1777804636.864640342 MemFree:         6317788 kB
1777804636.864640342 MemAvailable:    6642088 kB
1777804636.864640342 Buffers:           31036 kB
1777804636.864640342 Cached:           422864 kB
1777804636.864640342 SwapCached:            0 kB
1777804636.864640342 Active:           437748 kB
1777804636.864640342 Inactive:         113504 kB
1777804636.864640342 Active(anon):     102500 kB
1777804636.864640342 Inactive(anon):        0 kB
1777804636.864640342 Active(file):     335248 kB
1777804636.864640342 Inactive(file):   113504 kB
1777804636.864640342 Unevictable:           0 kB
1777804636.864640342 Mlocked:               0 kB
1777804636.864640342 SwapTotal:             0 kB
1777804636.864640342 SwapFree:              0 kB
1777804636.864640342 Zswap:                 0 kB
1777804636.864640342 Zswapped:              0 kB
1777804636.864640342 Dirty:               160 kB
1777804636.864640342 Writeback:             0 kB
1777804636.864640342 AnonPages:         97520 kB
1777804636.864640342 Mapped:           104208 kB
1777804636.864640342 Shmem:              5240 kB
1777804636.864640342 KReclaimable:      30612 kB
1777804636.864640342 Slab:             123508 kB
1777804636.864640342 SReclaimable:      30612 kB
1777804636.864640342 SUnreclaim:        92896 kB
1777804636.864640342 KernelStack:        3184 kB
1777804636.864640342 PageTables:         4228 kB
1777804636.864640342 SecPageTables:         0 kB
1777804636.864640342 NFS_Unstable:          0 kB
1777804636.864640342 Bounce:                0 kB
1777804636.864640342 WritebackTmp:          0 kB
1777804636.864640342 CommitLimit:     3537964 kB
1777804636.864640342 Committed_AS:     510616 kB
1777804636.864640342 VmallocTotal:   135288315904 kB
1777804636.864640342 VmallocUsed:       19572 kB
1777804636.864640342 VmallocChunk:          0 kB
1777804636.864640342 Percpu:             1504 kB
1777804636.864640342 AnonHugePages:         0 kB
1777804636.864640342 ShmemHugePages:        0 kB
1777804636.864640342 ShmemPmdMapped:        0 kB
1777804636.864640342 FileHugePages:         0 kB
1777804636.864640342 FilePmdMapped:         0 kB
1777804636.864640342 CmaTotal:          65536 kB
1777804636.864640342 CmaFree:           49104 kB
1777804636.864640342 Balloon:               0 kB
1777804636.864640342 HugePages_Total:     512
1777804636.864640342 HugePages_Free:      488
1777804636.864640342 HugePages_Rsvd:        0
1777804636.864640342 HugePages_Surp:        0
1777804636.864640342 Hugepagesize:       2048 kB
1777804636.864640342 Hugetlb:         1048576 kB
1777804637.873535506 MemTotal:        8124504 kB
1777804637.873535506 MemFree:         6322168 kB
1777804637.873535506 MemAvailable:    6646468 kB
1777804637.873535506 Buffers:           31040 kB
1777804637.873535506 Cached:           422868 kB
1777804637.873535506 SwapCached:            0 kB
1777804637.873535506 Active:           437732 kB
1777804637.873535506 Inactive:         113508 kB
1777804637.873535506 Active(anon):     102488 kB
1777804637.873535506 Inactive(anon):        0 kB
1777804637.873535506 Active(file):     335244 kB
1777804637.873535506 Inactive(file):   113508 kB
1777804637.873535506 Unevictable:           0 kB
1777804637.873535506 Mlocked:               0 kB
1777804637.873535506 SwapTotal:             0 kB
1777804637.873535506 SwapFree:              0 kB
1777804637.873535506 Zswap:                 0 kB
1777804637.873535506 Zswapped:              0 kB
1777804637.873535506 Dirty:               144 kB
1777804637.873535506 Writeback:             0 kB
1777804637.873535506 AnonPages:         97528 kB
1777804637.873535506 Mapped:           104208 kB
1777804637.873535506 Shmem:              5240 kB
1777804637.873535506 KReclaimable:      30612 kB
1777804637.873535506 Slab:             123608 kB
1777804637.873535506 SReclaimable:      30612 kB
1777804637.873535506 SUnreclaim:        92996 kB
1777804637.873535506 KernelStack:        3184 kB
1777804637.873535506 PageTables:         4216 kB
1777804637.873535506 SecPageTables:         0 kB
1777804637.873535506 NFS_Unstable:          0 kB
1777804637.873535506 Bounce:                0 kB
1777804637.873535506 WritebackTmp:          0 kB
1777804637.873535506 CommitLimit:     3537964 kB
1777804637.873535506 Committed_AS:     510616 kB
1777804637.873535506 VmallocTotal:   135288315904 kB
1777804637.873535506 VmallocUsed:       19604 kB
1777804637.873535506 VmallocChunk:          0 kB
1777804637.873535506 Percpu:             1504 kB
1777804637.873535506 AnonHugePages:         0 kB
1777804637.873535506 ShmemHugePages:        0 kB
1777804637.873535506 ShmemPmdMapped:        0 kB
1777804637.873535506 FileHugePages:         0 kB
1777804637.873535506 FilePmdMapped:         0 kB
1777804637.873535506 CmaTotal:          65536 kB
1777804637.873535506 CmaFree:           49104 kB
1777804637.873535506 Balloon:               0 kB
1777804637.873535506 HugePages_Total:     512
1777804637.873535506 HugePages_Free:      488
1777804637.873535506 HugePages_Rsvd:        0
1777804637.873535506 HugePages_Surp:        0
1777804637.873535506 Hugepagesize:       2048 kB
1777804637.873535506 Hugetlb:         1048576 kB
1777804638.884292342 MemTotal:        8124504 kB
1777804638.884292342 MemFree:         6317460 kB
1777804638.884292342 MemAvailable:    6641776 kB
1777804638.884292342 Buffers:           31044 kB
1777804638.884292342 Cached:           422872 kB
1777804638.884292342 SwapCached:            0 kB
1777804638.884292342 Active:           437832 kB
1777804638.884292342 Inactive:         113520 kB
1777804638.884292342 Active(anon):     102584 kB
1777804638.884292342 Inactive(anon):        0 kB
1777804638.884292342 Active(file):     335248 kB
1777804638.884292342 Inactive(file):   113520 kB
1777804638.884292342 Unevictable:           0 kB
1777804638.884292342 Mlocked:               0 kB
1777804638.884292342 SwapTotal:             0 kB
1777804638.884292342 SwapFree:              0 kB
1777804638.884292342 Zswap:                 0 kB
1777804638.884292342 Zswapped:              0 kB
1777804638.884292342 Dirty:               144 kB
1777804638.884292342 Writeback:             0 kB
1777804638.884292342 AnonPages:         97528 kB
1777804638.884292342 Mapped:           104208 kB
1777804638.884292342 Shmem:              5240 kB
1777804638.884292342 KReclaimable:      30612 kB
1777804638.884292342 Slab:             123596 kB
1777804638.884292342 SReclaimable:      30612 kB
1777804638.884292342 SUnreclaim:        92984 kB
1777804638.884292342 KernelStack:        3184 kB
1777804638.884292342 PageTables:         4228 kB
1777804638.884292342 SecPageTables:         0 kB
1777804638.884292342 NFS_Unstable:          0 kB
1777804638.884292342 Bounce:                0 kB
1777804638.884292342 WritebackTmp:          0 kB
1777804638.884292342 CommitLimit:     3537964 kB
1777804638.884292342 Committed_AS:     510616 kB
1777804638.884292342 VmallocTotal:   135288315904 kB
1777804638.884292342 VmallocUsed:       19588 kB
1777804638.884292342 VmallocChunk:          0 kB
1777804638.884292342 Percpu:             1504 kB
1777804638.884292342 AnonHugePages:         0 kB
1777804638.884292342 ShmemHugePages:        0 kB
1777804638.884292342 ShmemPmdMapped:        0 kB
1777804638.884292342 FileHugePages:         0 kB
1777804638.884292342 FilePmdMapped:         0 kB
1777804638.884292342 CmaTotal:          65536 kB
1777804638.884292342 CmaFree:           49104 kB
1777804638.884292342 Balloon:               0 kB
1777804638.884292342 HugePages_Total:     512
1777804638.884292342 HugePages_Free:      488
1777804638.884292342 HugePages_Rsvd:        0
1777804638.884292342 HugePages_Surp:        0
1777804638.884292342 Hugepagesize:       2048 kB
1777804638.884292342 Hugetlb:         1048576 kB
1777804639.893389136 MemTotal:        8124504 kB
1777804639.893389136 MemFree:         6320312 kB
1777804639.893389136 MemAvailable:    6644632 kB
1777804639.893389136 Buffers:           31044 kB
1777804639.893389136 Cached:           422876 kB
1777804639.893389136 SwapCached:            0 kB
1777804639.893389136 Active:           437712 kB
1777804639.893389136 Inactive:         113524 kB
1777804639.893389136 Active(anon):     102464 kB
1777804639.893389136 Inactive(anon):        0 kB
1777804639.893389136 Active(file):     335248 kB
1777804639.893389136 Inactive(file):   113524 kB
1777804639.893389136 Unevictable:           0 kB
1777804639.893389136 Mlocked:               0 kB
1777804639.893389136 SwapTotal:             0 kB
1777804639.893389136 SwapFree:              0 kB
1777804639.893389136 Zswap:                 0 kB
1777804639.893389136 Zswapped:              0 kB
1777804639.893389136 Dirty:               148 kB
1777804639.893389136 Writeback:             0 kB
1777804639.893389136 AnonPages:         97520 kB
1777804639.893389136 Mapped:           104168 kB
1777804639.893389136 Shmem:              5240 kB
1777804639.893389136 KReclaimable:      30612 kB
1777804639.893389136 Slab:             123588 kB
1777804639.893389136 SReclaimable:      30612 kB
1777804639.893389136 SUnreclaim:        92976 kB
1777804639.893389136 KernelStack:        3184 kB
1777804639.893389136 PageTables:         4220 kB
1777804639.893389136 SecPageTables:         0 kB
1777804639.893389136 NFS_Unstable:          0 kB
1777804639.893389136 Bounce:                0 kB
1777804639.893389136 WritebackTmp:          0 kB
1777804639.893389136 CommitLimit:     3537964 kB
1777804639.893389136 Committed_AS:     510616 kB
1777804639.893389136 VmallocTotal:   135288315904 kB
1777804639.893389136 VmallocUsed:       19604 kB
1777804639.893389136 VmallocChunk:          0 kB
1777804639.893389136 Percpu:             1504 kB
1777804639.893389136 AnonHugePages:         0 kB
1777804639.893389136 ShmemHugePages:        0 kB
1777804639.893389136 ShmemPmdMapped:        0 kB
1777804639.893389136 FileHugePages:         0 kB
1777804639.893389136 FilePmdMapped:         0 kB
1777804639.893389136 CmaTotal:          65536 kB
1777804639.893389136 CmaFree:           49104 kB
1777804639.893389136 Balloon:               0 kB
1777804639.893389136 HugePages_Total:     512
1777804639.893389136 HugePages_Free:      488
1777804639.893389136 HugePages_Rsvd:        0
1777804639.893389136 HugePages_Surp:        0
1777804639.893389136 Hugepagesize:       2048 kB
1777804639.893389136 Hugetlb:         1048576 kB
1777804640.902299912 MemTotal:        8124504 kB
1777804640.902299912 MemFree:         6316952 kB
1777804640.902299912 MemAvailable:    6641276 kB
1777804640.902299912 Buffers:           31044 kB
1777804640.902299912 Cached:           422884 kB
1777804640.902299912 SwapCached:            0 kB
1777804640.902299912 Active:           437676 kB
1777804640.902299912 Inactive:         113532 kB
1777804640.902299912 Active(anon):     102432 kB
1777804640.902299912 Inactive(anon):        0 kB
1777804640.902299912 Active(file):     335244 kB
1777804640.902299912 Inactive(file):   113532 kB
1777804640.902299912 Unevictable:           0 kB
1777804640.902299912 Mlocked:               0 kB
1777804640.902299912 SwapTotal:             0 kB
1777804640.902299912 SwapFree:              0 kB
1777804640.902299912 Zswap:                 0 kB
1777804640.902299912 Zswapped:              0 kB
1777804640.902299912 Dirty:               156 kB
1777804640.902299912 Writeback:             0 kB
1777804640.902299912 AnonPages:         97524 kB
1777804640.902299912 Mapped:           104208 kB
1777804640.902299912 Shmem:              5240 kB
1777804640.902299912 KReclaimable:      30612 kB
1777804640.902299912 Slab:             123484 kB
1777804640.902299912 SReclaimable:      30612 kB
1777804640.902299912 SUnreclaim:        92872 kB
1777804640.902299912 KernelStack:        3184 kB
1777804640.902299912 PageTables:         4212 kB
1777804640.902299912 SecPageTables:         0 kB
1777804640.902299912 NFS_Unstable:          0 kB
1777804640.902299912 Bounce:                0 kB
1777804640.902299912 WritebackTmp:          0 kB
1777804640.902299912 CommitLimit:     3537964 kB
1777804640.902299912 Committed_AS:     510616 kB
1777804640.902299912 VmallocTotal:   135288315904 kB
1777804640.902299912 VmallocUsed:       19588 kB
1777804640.902299912 VmallocChunk:          0 kB
1777804640.902299912 Percpu:             1504 kB
1777804640.902299912 AnonHugePages:         0 kB
1777804640.902299912 ShmemHugePages:        0 kB
1777804640.902299912 ShmemPmdMapped:        0 kB
1777804640.902299912 FileHugePages:         0 kB
1777804640.902299912 FilePmdMapped:         0 kB
1777804640.902299912 CmaTotal:          65536 kB
1777804640.902299912 CmaFree:           49104 kB
1777804640.902299912 Balloon:               0 kB
1777804640.902299912 HugePages_Total:     512
1777804640.902299912 HugePages_Free:      488
1777804640.902299912 HugePages_Rsvd:        0
1777804640.902299912 HugePages_Surp:        0
1777804640.902299912 Hugepagesize:       2048 kB
1777804640.902299912 Hugetlb:         1048576 kB
1777804641.911203317 MemTotal:        8124504 kB
1777804641.911203317 MemFree:         6320576 kB
1777804641.911203317 MemAvailable:    6644908 kB
1777804641.911203317 Buffers:           31044 kB
1777804641.911203317 Cached:           422888 kB
1777804641.911203317 SwapCached:            0 kB
1777804641.911203317 Active:           437800 kB
1777804641.911203317 Inactive:         113536 kB
1777804641.911203317 Active(anon):     102552 kB
1777804641.911203317 Inactive(anon):        0 kB
1777804641.911203317 Active(file):     335248 kB
1777804641.911203317 Inactive(file):   113536 kB
1777804641.911203317 Unevictable:           0 kB
1777804641.911203317 Mlocked:               0 kB
1777804641.911203317 SwapTotal:             0 kB
1777804641.911203317 SwapFree:              0 kB
1777804641.911203317 Zswap:                 0 kB
1777804641.911203317 Zswapped:              0 kB
1777804641.911203317 Dirty:               160 kB
1777804641.911203317 Writeback:             0 kB
1777804641.911203317 AnonPages:         97524 kB
1777804641.911203317 Mapped:           104208 kB
1777804641.911203317 Shmem:              5240 kB
1777804641.911203317 KReclaimable:      30612 kB
1777804641.911203317 Slab:             123632 kB
1777804641.911203317 SReclaimable:      30612 kB
1777804641.911203317 SUnreclaim:        93020 kB
1777804641.911203317 KernelStack:        3184 kB
1777804641.911203317 PageTables:         4216 kB
1777804641.911203317 SecPageTables:         0 kB
1777804641.911203317 NFS_Unstable:          0 kB
1777804641.911203317 Bounce:                0 kB
1777804641.911203317 WritebackTmp:          0 kB
1777804641.911203317 CommitLimit:     3537964 kB
1777804641.911203317 Committed_AS:     510616 kB
1777804641.911203317 VmallocTotal:   135288315904 kB
1777804641.911203317 VmallocUsed:       19588 kB
1777804641.911203317 VmallocChunk:          0 kB
1777804641.911203317 Percpu:             1504 kB
1777804641.911203317 AnonHugePages:         0 kB
1777804641.911203317 ShmemHugePages:        0 kB
1777804641.911203317 ShmemPmdMapped:        0 kB
1777804641.911203317 FileHugePages:         0 kB
1777804641.911203317 FilePmdMapped:         0 kB
1777804641.911203317 CmaTotal:          65536 kB
1777804641.911203317 CmaFree:           49104 kB
1777804641.911203317 Balloon:               0 kB
1777804641.911203317 HugePages_Total:     512
1777804641.911203317 HugePages_Free:      488
1777804641.911203317 HugePages_Rsvd:        0
1777804641.911203317 HugePages_Surp:        0
1777804641.911203317 Hugepagesize:       2048 kB
1777804641.911203317 Hugetlb:         1048576 kB
1777804642.920049963 MemTotal:        8124504 kB
1777804642.920049963 MemFree:         6317352 kB
1777804642.920049963 MemAvailable:    6641692 kB
1777804642.920049963 Buffers:           31048 kB
1777804642.920049963 Cached:           422892 kB
1777804642.920049963 SwapCached:            0 kB
1777804642.920049963 Active:           437720 kB
1777804642.920049963 Inactive:         113544 kB
1777804642.920049963 Active(anon):     102472 kB
1777804642.920049963 Inactive(anon):        0 kB
1777804642.920049963 Active(file):     335248 kB
1777804642.920049963 Inactive(file):   113544 kB
1777804642.920049963 Unevictable:           0 kB
1777804642.920049963 Mlocked:               0 kB
1777804642.920049963 SwapTotal:             0 kB
1777804642.920049963 SwapFree:              0 kB
1777804642.920049963 Zswap:                 0 kB
1777804642.920049963 Zswapped:              0 kB
1777804642.920049963 Dirty:               168 kB
1777804642.920049963 Writeback:             0 kB
1777804642.920049963 AnonPages:         97524 kB
1777804642.920049963 Mapped:           104208 kB
1777804642.920049963 Shmem:              5240 kB
1777804642.920049963 KReclaimable:      30612 kB
1777804642.920049963 Slab:             123628 kB
1777804642.920049963 SReclaimable:      30612 kB
1777804642.920049963 SUnreclaim:        93016 kB
1777804642.920049963 KernelStack:        3184 kB
1777804642.920049963 PageTables:         4224 kB
1777804642.920049963 SecPageTables:         0 kB
1777804642.920049963 NFS_Unstable:          0 kB
1777804642.920049963 Bounce:                0 kB
1777804642.920049963 WritebackTmp:          0 kB
1777804642.920049963 CommitLimit:     3537964 kB
1777804642.920049963 Committed_AS:     510616 kB
1777804642.920049963 VmallocTotal:   135288315904 kB
1777804642.920049963 VmallocUsed:       19604 kB
1777804642.920049963 VmallocChunk:          0 kB
1777804642.920049963 Percpu:             1504 kB
1777804642.920049963 AnonHugePages:         0 kB
1777804642.920049963 ShmemHugePages:        0 kB
1777804642.920049963 ShmemPmdMapped:        0 kB
1777804642.920049963 FileHugePages:         0 kB
1777804642.920049963 FilePmdMapped:         0 kB
1777804642.920049963 CmaTotal:          65536 kB
1777804642.920049963 CmaFree:           49104 kB
1777804642.920049963 Balloon:               0 kB
1777804642.920049963 HugePages_Total:     512
1777804642.920049963 HugePages_Free:      488
1777804642.920049963 HugePages_Rsvd:        0
1777804642.920049963 HugePages_Surp:        0
1777804642.920049963 Hugepagesize:       2048 kB
1777804642.920049963 Hugetlb:         1048576 kB
1777804643.930263575 MemTotal:        8124504 kB
1777804643.930263575 MemFree:         6320344 kB
1777804643.930263575 MemAvailable:    6644692 kB
1777804643.930263575 Buffers:           31052 kB
1777804643.930263575 Cached:           422900 kB
1777804643.930263575 SwapCached:            0 kB
1777804643.930263575 Active:           437644 kB
1777804643.930263575 Inactive:         113556 kB
1777804643.930263575 Active(anon):     102400 kB
1777804643.930263575 Inactive(anon):        0 kB
1777804643.930263575 Active(file):     335244 kB
1777804643.930263575 Inactive(file):   113556 kB
1777804643.930263575 Unevictable:           0 kB
1777804643.930263575 Mlocked:               0 kB
1777804643.930263575 SwapTotal:             0 kB
1777804643.930263575 SwapFree:              0 kB
1777804643.930263575 Zswap:                 0 kB
1777804643.930263575 Zswapped:              0 kB
1777804643.930263575 Dirty:                12 kB
1777804643.930263575 Writeback:             0 kB
1777804643.930263575 AnonPages:         97444 kB
1777804643.930263575 Mapped:           104168 kB
1777804643.930263575 Shmem:              5240 kB
1777804643.930263575 KReclaimable:      30612 kB
1777804643.930263575 Slab:             123424 kB
1777804643.930263575 SReclaimable:      30612 kB
1777804643.930263575 SUnreclaim:        92812 kB
1777804643.930263575 KernelStack:        3184 kB
1777804643.930263575 PageTables:         4240 kB
1777804643.930263575 SecPageTables:         0 kB
1777804643.930263575 NFS_Unstable:          0 kB
1777804643.930263575 Bounce:                0 kB
1777804643.930263575 WritebackTmp:          0 kB
1777804643.930263575 CommitLimit:     3537964 kB
1777804643.930263575 Committed_AS:     510616 kB
1777804643.930263575 VmallocTotal:   135288315904 kB
1777804643.930263575 VmallocUsed:       19604 kB
1777804643.930263575 VmallocChunk:          0 kB
1777804643.930263575 Percpu:             1504 kB
1777804643.930263575 AnonHugePages:         0 kB
1777804643.930263575 ShmemHugePages:        0 kB
1777804643.930263575 ShmemPmdMapped:        0 kB
1777804643.930263575 FileHugePages:         0 kB
1777804643.930263575 FilePmdMapped:         0 kB
1777804643.930263575 CmaTotal:          65536 kB
1777804643.930263575 CmaFree:           49104 kB
1777804643.930263575 Balloon:               0 kB
1777804643.930263575 HugePages_Total:     512
1777804643.930263575 HugePages_Free:      488
1777804643.930263575 HugePages_Rsvd:        0
1777804643.930263575 HugePages_Surp:        0
1777804643.930263575 Hugepagesize:       2048 kB
1777804643.930263575 Hugetlb:         1048576 kB
1777804644.939262610 MemTotal:        8124504 kB
1777804644.939262610 MemFree:         6316576 kB
1777804644.939262610 MemAvailable:    6640928 kB
1777804644.939262610 Buffers:           31052 kB
1777804644.939262610 Cached:           422904 kB
1777804644.939262610 SwapCached:            0 kB
1777804644.939262610 Active:           437720 kB
1777804644.939262610 Inactive:         113560 kB
1777804644.939262610 Active(anon):     102476 kB
1777804644.939262610 Inactive(anon):        0 kB
1777804644.939262610 Active(file):     335244 kB
1777804644.939262610 Inactive(file):   113560 kB
1777804644.939262610 Unevictable:           0 kB
1777804644.939262610 Mlocked:               0 kB
1777804644.939262610 SwapTotal:             0 kB
1777804644.939262610 SwapFree:              0 kB
1777804644.939262610 Zswap:                 0 kB
1777804644.939262610 Zswapped:              0 kB
1777804644.939262610 Dirty:                24 kB
1777804644.939262610 Writeback:             0 kB
1777804644.939262610 AnonPages:         97524 kB
1777804644.939262610 Mapped:           104168 kB
1777804644.939262610 Shmem:              5240 kB
1777804644.939262610 KReclaimable:      30612 kB
1777804644.939262610 Slab:             123512 kB
1777804644.939262610 SReclaimable:      30612 kB
1777804644.939262610 SUnreclaim:        92900 kB
1777804644.939262610 KernelStack:        3184 kB
1777804644.939262610 PageTables:         4228 kB
1777804644.939262610 SecPageTables:         0 kB
1777804644.939262610 NFS_Unstable:          0 kB
1777804644.939262610 Bounce:                0 kB
1777804644.939262610 WritebackTmp:          0 kB
1777804644.939262610 CommitLimit:     3537964 kB
1777804644.939262610 Committed_AS:     510616 kB
1777804644.939262610 VmallocTotal:   135288315904 kB
1777804644.939262610 VmallocUsed:       19588 kB
1777804644.939262610 VmallocChunk:          0 kB
1777804644.939262610 Percpu:             1504 kB
1777804644.939262610 AnonHugePages:         0 kB
1777804644.939262610 ShmemHugePages:        0 kB
1777804644.939262610 ShmemPmdMapped:        0 kB
1777804644.939262610 FileHugePages:         0 kB
1777804644.939262610 FilePmdMapped:         0 kB
1777804644.939262610 CmaTotal:          65536 kB
1777804644.939262610 CmaFree:           49104 kB
1777804644.939262610 Balloon:               0 kB
1777804644.939262610 HugePages_Total:     512
1777804644.939262610 HugePages_Free:      488
1777804644.939262610 HugePages_Rsvd:        0
1777804644.939262610 HugePages_Surp:        0
1777804644.939262610 Hugepagesize:       2048 kB
1777804644.939262610 Hugetlb:         1048576 kB
1777804645.948018792 MemTotal:        8124504 kB
1777804645.948018792 MemFree:         6320776 kB
1777804645.948018792 MemAvailable:    6645132 kB
1777804645.948018792 Buffers:           31052 kB
1777804645.948018792 Cached:           422908 kB
1777804645.948018792 SwapCached:            0 kB
1777804645.948018792 Active:           437684 kB
1777804645.948018792 Inactive:         113564 kB
1777804645.948018792 Active(anon):     102440 kB
1777804645.948018792 Inactive(anon):        0 kB
1777804645.948018792 Active(file):     335244 kB
1777804645.948018792 Inactive(file):   113564 kB
1777804645.948018792 Unevictable:           0 kB
1777804645.948018792 Mlocked:               0 kB
1777804645.948018792 SwapTotal:             0 kB
1777804645.948018792 SwapFree:              0 kB
1777804645.948018792 Zswap:                 0 kB
1777804645.948018792 Zswapped:              0 kB
1777804645.948018792 Dirty:                28 kB
1777804645.948018792 Writeback:             0 kB
1777804645.948018792 AnonPages:         97536 kB
1777804645.948018792 Mapped:           104168 kB
1777804645.948018792 Shmem:              5240 kB
1777804645.948018792 KReclaimable:      30612 kB
1777804645.948018792 Slab:             123632 kB
1777804645.948018792 SReclaimable:      30612 kB
1777804645.948018792 SUnreclaim:        93020 kB
1777804645.948018792 KernelStack:        3200 kB
1777804645.948018792 PageTables:         4268 kB
1777804645.948018792 SecPageTables:         0 kB
1777804645.948018792 NFS_Unstable:          0 kB
1777804645.948018792 Bounce:                0 kB
1777804645.948018792 WritebackTmp:          0 kB
1777804645.948018792 CommitLimit:     3537964 kB
1777804645.948018792 Committed_AS:     510616 kB
1777804645.948018792 VmallocTotal:   135288315904 kB
1777804645.948018792 VmallocUsed:       19604 kB
1777804645.948018792 VmallocChunk:          0 kB
1777804645.948018792 Percpu:             1504 kB
1777804645.948018792 AnonHugePages:         0 kB
1777804645.948018792 ShmemHugePages:        0 kB
1777804645.948018792 ShmemPmdMapped:        0 kB
1777804645.948018792 FileHugePages:         0 kB
1777804645.948018792 FilePmdMapped:         0 kB
1777804645.948018792 CmaTotal:          65536 kB
1777804645.948018792 CmaFree:           49104 kB
1777804645.948018792 Balloon:               0 kB
1777804645.948018792 HugePages_Total:     512
1777804645.948018792 HugePages_Free:      488
1777804645.948018792 HugePages_Rsvd:        0
1777804645.948018792 HugePages_Surp:        0
1777804645.948018792 Hugepagesize:       2048 kB
1777804645.948018792 Hugetlb:         1048576 kB
1777804646.957021031 MemTotal:        8124504 kB
1777804646.957021031 MemFree:         6316688 kB
1777804646.957021031 MemAvailable:    6641040 kB
1777804646.957021031 Buffers:           31052 kB
1777804646.957021031 Cached:           422908 kB
1777804646.957021031 SwapCached:            0 kB
1777804646.957021031 Active:           437620 kB
1777804646.957021031 Inactive:         113564 kB
1777804646.957021031 Active(anon):     102380 kB
1777804646.957021031 Inactive(anon):        0 kB
1777804646.957021031 Active(file):     335240 kB
1777804646.957021031 Inactive(file):   113564 kB
1777804646.957021031 Unevictable:           0 kB
1777804646.957021031 Mlocked:               0 kB
1777804646.957021031 SwapTotal:             0 kB
1777804646.957021031 SwapFree:              0 kB
1777804646.957021031 Zswap:                 0 kB
1777804646.957021031 Zswapped:              0 kB
1777804646.957021031 Dirty:                28 kB
1777804646.957021031 Writeback:             0 kB
1777804646.957021031 AnonPages:         97480 kB
1777804646.957021031 Mapped:           104168 kB
1777804646.957021031 Shmem:              5240 kB
1777804646.957021031 KReclaimable:      30612 kB
1777804646.957021031 Slab:             123628 kB
1777804646.957021031 SReclaimable:      30612 kB
1777804646.957021031 SUnreclaim:        93016 kB
1777804646.957021031 KernelStack:        3200 kB
1777804646.957021031 PageTables:         4276 kB
1777804646.957021031 SecPageTables:         0 kB
1777804646.957021031 NFS_Unstable:          0 kB
1777804646.957021031 Bounce:                0 kB
1777804646.957021031 WritebackTmp:          0 kB
1777804646.957021031 CommitLimit:     3537964 kB
1777804646.957021031 Committed_AS:     510616 kB
1777804646.957021031 VmallocTotal:   135288315904 kB
1777804646.957021031 VmallocUsed:       19604 kB
1777804646.957021031 VmallocChunk:          0 kB
1777804646.957021031 Percpu:             1504 kB
1777804646.957021031 AnonHugePages:         0 kB
1777804646.957021031 ShmemHugePages:        0 kB
1777804646.957021031 ShmemPmdMapped:        0 kB
1777804646.957021031 FileHugePages:         0 kB
1777804646.957021031 FilePmdMapped:         0 kB
1777804646.957021031 CmaTotal:          65536 kB
1777804646.957021031 CmaFree:           49104 kB
1777804646.957021031 Balloon:               0 kB
1777804646.957021031 HugePages_Total:     512
1777804646.957021031 HugePages_Free:      488
1777804646.957021031 HugePages_Rsvd:        0
1777804646.957021031 HugePages_Surp:        0
1777804646.957021031 Hugepagesize:       2048 kB
1777804646.957021031 Hugetlb:         1048576 kB
1777804647.965911251 MemTotal:        8124504 kB
1777804647.965911251 MemFree:         6320552 kB
1777804647.965911251 MemAvailable:    6644916 kB
1777804647.965911251 Buffers:           31056 kB
1777804647.965911251 Cached:           422908 kB
1777804647.965911251 SwapCached:            0 kB
1777804647.965911251 Active:           437704 kB
1777804647.965911251 Inactive:         113568 kB
1777804647.965911251 Active(anon):     102456 kB
1777804647.965911251 Inactive(anon):        0 kB
1777804647.965911251 Active(file):     335248 kB
1777804647.965911251 Inactive(file):   113568 kB
1777804647.965911251 Unevictable:           0 kB
1777804647.965911251 Mlocked:               0 kB
1777804647.965911251 SwapTotal:             0 kB
1777804647.965911251 SwapFree:              0 kB
1777804647.965911251 Zswap:                 0 kB
1777804647.965911251 Zswapped:              0 kB
1777804647.965911251 Dirty:                24 kB
1777804647.965911251 Writeback:             0 kB
1777804647.965911251 AnonPages:         97404 kB
1777804647.965911251 Mapped:           104164 kB
1777804647.965911251 Shmem:              5240 kB
1777804647.965911251 KReclaimable:      30612 kB
1777804647.965911251 Slab:             123468 kB
1777804647.965911251 SReclaimable:      30612 kB
1777804647.965911251 SUnreclaim:        92856 kB
1777804647.965911251 KernelStack:        3168 kB
1777804647.965911251 PageTables:         4188 kB
1777804647.965911251 SecPageTables:         0 kB
1777804647.965911251 NFS_Unstable:          0 kB
1777804647.965911251 Bounce:                0 kB
1777804647.965911251 WritebackTmp:          0 kB
1777804647.965911251 CommitLimit:     3537964 kB
1777804647.965911251 Committed_AS:     510228 kB
1777804647.965911251 VmallocTotal:   135288315904 kB
1777804647.965911251 VmallocUsed:       19556 kB
1777804647.965911251 VmallocChunk:          0 kB
1777804647.965911251 Percpu:             1504 kB
1777804647.965911251 AnonHugePages:         0 kB
1777804647.965911251 ShmemHugePages:        0 kB
1777804647.965911251 ShmemPmdMapped:        0 kB
1777804647.965911251 FileHugePages:         0 kB
1777804647.965911251 FilePmdMapped:         0 kB
1777804647.965911251 CmaTotal:          65536 kB
1777804647.965911251 CmaFree:           49104 kB
1777804647.965911251 Balloon:               0 kB
1777804647.965911251 HugePages_Total:     512
1777804647.965911251 HugePages_Free:      488
1777804647.965911251 HugePages_Rsvd:        0
1777804647.965911251 HugePages_Surp:        0
1777804647.965911251 Hugepagesize:       2048 kB
1777804647.965911251 Hugetlb:         1048576 kB
