# timestamp field value_kB
1777826667.948517563 MemTotal:        8124504 kB
1777826667.948517563 MemFree:         6348064 kB
1777826667.948517563 MemAvailable:    6665992 kB
1777826667.948517563 Buffers:           30508 kB
1777826667.948517563 Cached:           417184 kB
1777826667.948517563 SwapCached:            0 kB
1777826667.948517563 Active:           428684 kB
1777826667.948517563 Inactive:         106972 kB
1777826667.948517563 Active(anon):      93136 kB
1777826667.948517563 Inactive(anon):        0 kB
1777826667.948517563 Active(file):     335548 kB
1777826667.948517563 Inactive(file):   106972 kB
1777826667.948517563 Unevictable:           0 kB
1777826667.948517563 Mlocked:               0 kB
1777826667.948517563 SwapTotal:             0 kB
1777826667.948517563 SwapFree:              0 kB
1777826667.948517563 Zswap:                 0 kB
1777826667.948517563 Zswapped:              0 kB
1777826667.948517563 Dirty:              3348 kB
1777826667.948517563 Writeback:             0 kB
1777826667.948517563 AnonPages:         88120 kB
1777826667.948517563 Mapped:            89060 kB
1777826667.948517563 Shmem:              5248 kB
1777826667.948517563 KReclaimable:      30336 kB
1777826667.948517563 Slab:             117472 kB
1777826667.948517563 SReclaimable:      30336 kB
1777826667.948517563 SUnreclaim:        87136 kB
1777826667.948517563 KernelStack:        3064 kB
1777826667.948517563 PageTables:         4112 kB
1777826667.948517563 SecPageTables:         0 kB
1777826667.948517563 NFS_Unstable:          0 kB
1777826667.948517563 Bounce:                0 kB
1777826667.948517563 WritebackTmp:          0 kB
1777826667.948517563 CommitLimit:     3537964 kB
1777826667.948517563 Committed_AS:     406180 kB
1777826667.948517563 VmallocTotal:   135288315904 kB
1777826667.948517563 VmallocUsed:       19320 kB
1777826667.948517563 VmallocChunk:          0 kB
1777826667.948517563 Percpu:             1456 kB
1777826667.948517563 AnonHugePages:         0 kB
1777826667.948517563 ShmemHugePages:        0 kB
1777826667.948517563 ShmemPmdMapped:        0 kB
1777826667.948517563 FileHugePages:         0 kB
1777826667.948517563 FilePmdMapped:         0 kB
1777826667.948517563 CmaTotal:          65536 kB
1777826667.948517563 CmaFree:           49104 kB
1777826667.948517563 Balloon:               0 kB
1777826667.948517563 HugePages_Total:     512
1777826667.948517563 HugePages_Free:      488
1777826667.948517563 HugePages_Rsvd:        0
1777826667.948517563 HugePages_Surp:        0
1777826667.948517563 Hugepagesize:       2048 kB
1777826667.948517563 Hugetlb:         1048576 kB
1777826668.958590538 MemTotal:        8124504 kB
1777826668.958590538 MemFree:         6348992 kB
1777826668.958590538 MemAvailable:    6666952 kB
1777826668.958590538 Buffers:           30508 kB
1777826668.958590538 Cached:           417204 kB
1777826668.958590538 SwapCached:            0 kB
1777826668.958590538 Active:           428664 kB
1777826668.958590538 Inactive:         106992 kB
1777826668.958590538 Active(anon):      93104 kB
1777826668.958590538 Inactive(anon):        0 kB
1777826668.958590538 Active(file):     335560 kB
1777826668.958590538 Inactive(file):   106992 kB
1777826668.958590538 Unevictable:           0 kB
1777826668.958590538 Mlocked:               0 kB
1777826668.958590538 SwapTotal:             0 kB
1777826668.958590538 SwapFree:              0 kB
1777826668.958590538 Zswap:                 0 kB
1777826668.958590538 Zswapped:              0 kB
1777826668.958590538 Dirty:              3368 kB
1777826668.958590538 Writeback:             0 kB
1777826668.958590538 AnonPages:         88020 kB
1777826668.958590538 Mapped:            89004 kB
1777826668.958590538 Shmem:              5248 kB
1777826668.958590538 KReclaimable:      30336 kB
1777826668.958590538 Slab:             117472 kB
1777826668.958590538 SReclaimable:      30336 kB
1777826668.958590538 SUnreclaim:        87136 kB
1777826668.958590538 KernelStack:        3008 kB
1777826668.958590538 PageTables:         3732 kB
1777826668.958590538 SecPageTables:         0 kB
1777826668.958590538 NFS_Unstable:          0 kB
1777826668.958590538 Bounce:                0 kB
1777826668.958590538 WritebackTmp:          0 kB
1777826668.958590538 CommitLimit:     3537964 kB
1777826668.958590538 Committed_AS:     405192 kB
1777826668.958590538 VmallocTotal:   135288315904 kB
1777826668.958590538 VmallocUsed:       19304 kB
1777826668.958590538 VmallocChunk:          0 kB
1777826668.958590538 Percpu:             1456 kB
1777826668.958590538 AnonHugePages:         0 kB
1777826668.958590538 ShmemHugePages:        0 kB
1777826668.958590538 ShmemPmdMapped:        0 kB
1777826668.958590538 FileHugePages:         0 kB
1777826668.958590538 FilePmdMapped:         0 kB
1777826668.958590538 CmaTotal:          65536 kB
1777826668.958590538 CmaFree:           49104 kB
1777826668.958590538 Balloon:               0 kB
1777826668.958590538 HugePages_Total:     512
1777826668.958590538 HugePages_Free:      488
1777826668.958590538 HugePages_Rsvd:        0
1777826668.958590538 HugePages_Surp:        0
1777826668.958590538 Hugepagesize:       2048 kB
1777826668.958590538 Hugetlb:         1048576 kB
1777826669.965481233 MemTotal:        8124504 kB
1777826669.965481233 MemFree:         6348556 kB
1777826669.965481233 MemAvailable:    6666520 kB
1777826669.965481233 Buffers:           30508 kB
1777826669.965481233 Cached:           417208 kB
1777826669.965481233 SwapCached:            0 kB
1777826669.965481233 Active:           428656 kB
1777826669.965481233 Inactive:         106996 kB
1777826669.965481233 Active(anon):      93096 kB
1777826669.965481233 Inactive(anon):        0 kB
1777826669.965481233 Active(file):     335560 kB
1777826669.965481233 Inactive(file):   106996 kB
1777826669.965481233 Unevictable:           0 kB
1777826669.965481233 Mlocked:               0 kB
1777826669.965481233 SwapTotal:             0 kB
1777826669.965481233 SwapFree:              0 kB
1777826669.965481233 Zswap:                 0 kB
1777826669.965481233 Zswapped:              0 kB
1777826669.965481233 Dirty:              3372 kB
1777826669.965481233 Writeback:             0 kB
1777826669.965481233 AnonPages:         88024 kB
1777826669.965481233 Mapped:            88964 kB
1777826669.965481233 Shmem:              5248 kB
1777826669.965481233 KReclaimable:      30336 kB
1777826669.965481233 Slab:             117448 kB
1777826669.965481233 SReclaimable:      30336 kB
1777826669.965481233 SUnreclaim:        87112 kB
1777826669.965481233 KernelStack:        3008 kB
1777826669.965481233 PageTables:         3732 kB
1777826669.965481233 SecPageTables:         0 kB
1777826669.965481233 NFS_Unstable:          0 kB
1777826669.965481233 Bounce:                0 kB
1777826669.965481233 WritebackTmp:          0 kB
1777826669.965481233 CommitLimit:     3537964 kB
1777826669.965481233 Committed_AS:     405192 kB
1777826669.965481233 VmallocTotal:   135288315904 kB
1777826669.965481233 VmallocUsed:       19336 kB
1777826669.965481233 VmallocChunk:          0 kB
1777826669.965481233 Percpu:             1456 kB
1777826669.965481233 AnonHugePages:         0 kB
1777826669.965481233 ShmemHugePages:        0 kB
1777826669.965481233 ShmemPmdMapped:        0 kB
1777826669.965481233 FileHugePages:         0 kB
1777826669.965481233 FilePmdMapped:         0 kB
1777826669.965481233 CmaTotal:          65536 kB
1777826669.965481233 CmaFree:           49104 kB
1777826669.965481233 Balloon:               0 kB
1777826669.965481233 HugePages_Total:     512
1777826669.965481233 HugePages_Free:      488
1777826669.965481233 HugePages_Rsvd:        0
1777826669.965481233 HugePages_Surp:        0
1777826669.965481233 Hugepagesize:       2048 kB
1777826669.965481233 Hugetlb:         1048576 kB
1777826670.972357688 MemTotal:        8124504 kB
1777826670.972357688 MemFree:         6347996 kB
1777826670.972357688 MemAvailable:    6665960 kB
1777826670.972357688 Buffers:           30508 kB
1777826670.972357688 Cached:           417212 kB
1777826670.972357688 SwapCached:            0 kB
1777826670.972357688 Active:           428748 kB
1777826670.972357688 Inactive:         106996 kB
1777826670.972357688 Active(anon):      93188 kB
1777826670.972357688 Inactive(anon):        0 kB
1777826670.972357688 Active(file):     335560 kB
1777826670.972357688 Inactive(file):   106996 kB
1777826670.972357688 Unevictable:           0 kB
1777826670.972357688 Mlocked:               0 kB
1777826670.972357688 SwapTotal:             0 kB
1777826670.972357688 SwapFree:              0 kB
1777826670.972357688 Zswap:                 0 kB
1777826670.972357688 Zswapped:              0 kB
1777826670.972357688 Dirty:                32 kB
1777826670.972357688 Writeback:             0 kB
1777826670.972357688 AnonPages:         88028 kB
1777826670.972357688 Mapped:            89004 kB
1777826670.972357688 Shmem:              5248 kB
1777826670.972357688 KReclaimable:      30336 kB
1777826670.972357688 Slab:             117480 kB
1777826670.972357688 SReclaimable:      30336 kB
1777826670.972357688 SUnreclaim:        87144 kB
1777826670.972357688 KernelStack:        3072 kB
1777826670.972357688 PageTables:         3712 kB
1777826670.972357688 SecPageTables:         0 kB
1777826670.972357688 NFS_Unstable:          0 kB
1777826670.972357688 Bounce:                0 kB
1777826670.972357688 WritebackTmp:          0 kB
1777826670.972357688 CommitLimit:     3537964 kB
1777826670.972357688 Committed_AS:     405192 kB
1777826670.972357688 VmallocTotal:   135288315904 kB
1777826670.972357688 VmallocUsed:       19352 kB
1777826670.972357688 VmallocChunk:          0 kB
1777826670.972357688 Percpu:             1456 kB
1777826670.972357688 AnonHugePages:         0 kB
1777826670.972357688 ShmemHugePages:        0 kB
1777826670.972357688 ShmemPmdMapped:        0 kB
1777826670.972357688 FileHugePages:         0 kB
1777826670.972357688 FilePmdMapped:         0 kB
1777826670.972357688 CmaTotal:          65536 kB
1777826670.972357688 CmaFree:           49104 kB
1777826670.972357688 Balloon:               0 kB
1777826670.972357688 HugePages_Total:     512
1777826670.972357688 HugePages_Free:      488
1777826670.972357688 HugePages_Rsvd:        0
1777826670.972357688 HugePages_Surp:        0
1777826670.972357688 Hugepagesize:       2048 kB
1777826670.972357688 Hugetlb:         1048576 kB
1777826671.979178532 MemTotal:        8124504 kB
1777826671.979178532 MemFree:         6349952 kB
1777826671.979178532 MemAvailable:    6667920 kB
1777826671.979178532 Buffers:           30508 kB
1777826671.979178532 Cached:           417216 kB
1777826671.979178532 SwapCached:            0 kB
1777826671.979178532 Active:           428576 kB
1777826671.979178532 Inactive:         107004 kB
1777826671.979178532 Active(anon):      93020 kB
1777826671.979178532 Inactive(anon):        0 kB
1777826671.979178532 Active(file):     335556 kB
1777826671.979178532 Inactive(file):   107004 kB
1777826671.979178532 Unevictable:           0 kB
1777826671.979178532 Mlocked:               0 kB
1777826671.979178532 SwapTotal:             0 kB
1777826671.979178532 SwapFree:              0 kB
1777826671.979178532 Zswap:                 0 kB
1777826671.979178532 Zswapped:              0 kB
1777826671.979178532 Dirty:                36 kB
1777826671.979178532 Writeback:             0 kB
1777826671.979178532 AnonPages:         88072 kB
1777826671.979178532 Mapped:            89004 kB
1777826671.979178532 Shmem:              5248 kB
1777826671.979178532 KReclaimable:      30336 kB
1777826671.979178532 Slab:             117464 kB
1777826671.979178532 SReclaimable:      30336 kB
1777826671.979178532 SUnreclaim:        87128 kB
1777826671.979178532 KernelStack:        3088 kB
1777826671.979178532 PageTables:         3764 kB
1777826671.979178532 SecPageTables:         0 kB
1777826671.979178532 NFS_Unstable:          0 kB
1777826671.979178532 Bounce:                0 kB
1777826671.979178532 WritebackTmp:          0 kB
1777826671.979178532 CommitLimit:     3537964 kB
1777826671.979178532 Committed_AS:     405192 kB
1777826671.979178532 VmallocTotal:   135288315904 kB
1777826671.979178532 VmallocUsed:       19368 kB
1777826671.979178532 VmallocChunk:          0 kB
1777826671.979178532 Percpu:             1456 kB
1777826671.979178532 AnonHugePages:         0 kB
1777826671.979178532 ShmemHugePages:        0 kB
1777826671.979178532 ShmemPmdMapped:        0 kB
1777826671.979178532 FileHugePages:         0 kB
1777826671.979178532 FilePmdMapped:         0 kB
1777826671.979178532 CmaTotal:          65536 kB
1777826671.979178532 CmaFree:           49104 kB
1777826671.979178532 Balloon:               0 kB
1777826671.979178532 HugePages_Total:     512
1777826671.979178532 HugePages_Free:      488
1777826671.979178532 HugePages_Rsvd:        0
1777826671.979178532 HugePages_Surp:        0
1777826671.979178532 Hugepagesize:       2048 kB
1777826671.979178532 Hugetlb:         1048576 kB
1777826672.985846616 MemTotal:        8124504 kB
1777826672.985846616 MemFree:         6348012 kB
1777826672.985846616 MemAvailable:    6665988 kB
1777826672.985846616 Buffers:           30516 kB
1777826672.985846616 Cached:           417220 kB
1777826672.985846616 SwapCached:            0 kB
1777826672.985846616 Active:           428692 kB
1777826672.985846616 Inactive:         107008 kB
1777826672.985846616 Active(anon):      93132 kB
1777826672.985846616 Inactive(anon):        0 kB
1777826672.985846616 Active(file):     335560 kB
1777826672.985846616 Inactive(file):   107008 kB
1777826672.985846616 Unevictable:           0 kB
1777826672.985846616 Mlocked:               0 kB
1777826672.985846616 SwapTotal:             0 kB
1777826672.985846616 SwapFree:              0 kB
1777826672.985846616 Zswap:                 0 kB
1777826672.985846616 Zswapped:              0 kB
1777826672.985846616 Dirty:                80 kB
1777826672.985846616 Writeback:             0 kB
1777826672.985846616 AnonPages:         88024 kB
1777826672.985846616 Mapped:            88964 kB
1777826672.985846616 Shmem:              5248 kB
1777826672.985846616 KReclaimable:      30336 kB
1777826672.985846616 Slab:             117456 kB
1777826672.985846616 SReclaimable:      30336 kB
1777826672.985846616 SUnreclaim:        87120 kB
1777826672.985846616 KernelStack:        3072 kB
1777826672.985846616 PageTables:         3732 kB
1777826672.985846616 SecPageTables:         0 kB
1777826672.985846616 NFS_Unstable:          0 kB
1777826672.985846616 Bounce:                0 kB
1777826672.985846616 WritebackTmp:          0 kB
1777826672.985846616 CommitLimit:     3537964 kB
1777826672.985846616 Committed_AS:     405192 kB
1777826672.985846616 VmallocTotal:   135288315904 kB
1777826672.985846616 VmallocUsed:       19352 kB
1777826672.985846616 VmallocChunk:          0 kB
1777826672.985846616 Percpu:             1456 kB
1777826672.985846616 AnonHugePages:         0 kB
1777826672.985846616 ShmemHugePages:        0 kB
1777826672.985846616 ShmemPmdMapped:        0 kB
1777826672.985846616 FileHugePages:         0 kB
1777826672.985846616 FilePmdMapped:         0 kB
1777826672.985846616 CmaTotal:          65536 kB
1777826672.985846616 CmaFree:           49104 kB
1777826672.985846616 Balloon:               0 kB
1777826672.985846616 HugePages_Total:     512
1777826672.985846616 HugePages_Free:      488
1777826672.985846616 HugePages_Rsvd:        0
1777826672.985846616 HugePages_Surp:        0
1777826672.985846616 Hugepagesize:       2048 kB
1777826672.985846616 Hugetlb:         1048576 kB
1777826673.992581256 MemTotal:        8124504 kB
1777826673.992581256 MemFree:         6347892 kB
1777826673.992581256 MemAvailable:    6665880 kB
1777826673.992581256 Buffers:           30516 kB
1777826673.992581256 Cached:           417224 kB
1777826673.992581256 SwapCached:            0 kB
1777826673.992581256 Active:           428712 kB
1777826673.992581256 Inactive:         107020 kB
1777826673.992581256 Active(anon):      93152 kB
1777826673.992581256 Inactive(anon):        0 kB
1777826673.992581256 Active(file):     335560 kB
1777826673.992581256 Inactive(file):   107020 kB
1777826673.992581256 Unevictable:           0 kB
1777826673.992581256 Mlocked:               0 kB
1777826673.992581256 SwapTotal:             0 kB
1777826673.992581256 SwapFree:              0 kB
1777826673.992581256 Zswap:                 0 kB
1777826673.992581256 Zswapped:              0 kB
1777826673.992581256 Dirty:                84 kB
1777826673.992581256 Writeback:             0 kB
1777826673.992581256 AnonPages:         88032 kB
1777826673.992581256 Mapped:            89004 kB
1777826673.992581256 Shmem:              5248 kB
1777826673.992581256 KReclaimable:      30336 kB
1777826673.992581256 Slab:             117444 kB
1777826673.992581256 SReclaimable:      30336 kB
1777826673.992581256 SUnreclaim:        87108 kB
1777826673.992581256 KernelStack:        3072 kB
1777826673.992581256 PageTables:         3724 kB
1777826673.992581256 SecPageTables:         0 kB
1777826673.992581256 NFS_Unstable:          0 kB
1777826673.992581256 Bounce:                0 kB
1777826673.992581256 WritebackTmp:          0 kB
1777826673.992581256 CommitLimit:     3537964 kB
1777826673.992581256 Committed_AS:     405192 kB
1777826673.992581256 VmallocTotal:   135288315904 kB
1777826673.992581256 VmallocUsed:       19368 kB
1777826673.992581256 VmallocChunk:          0 kB
1777826673.992581256 Percpu:             1456 kB
1777826673.992581256 AnonHugePages:         0 kB
1777826673.992581256 ShmemHugePages:        0 kB
1777826673.992581256 ShmemPmdMapped:        0 kB
1777826673.992581256 FileHugePages:         0 kB
1777826673.992581256 FilePmdMapped:         0 kB
1777826673.992581256 CmaTotal:          65536 kB
1777826673.992581256 CmaFree:           49104 kB
1777826673.992581256 Balloon:               0 kB
1777826673.992581256 HugePages_Total:     512
1777826673.992581256 HugePages_Free:      488
1777826673.992581256 HugePages_Rsvd:        0
1777826673.992581256 HugePages_Surp:        0
1777826673.992581256 Hugepagesize:       2048 kB
1777826673.992581256 Hugetlb:         1048576 kB
1777826674.999257322 MemTotal:        8124504 kB
1777826674.999257322 MemFree:         6346812 kB
1777826674.999257322 MemAvailable:    6664804 kB
1777826674.999257322 Buffers:           30516 kB
1777826674.999257322 Cached:           417236 kB
1777826674.999257322 SwapCached:            0 kB
1777826674.999257322 Active:           428876 kB
1777826674.999257322 Inactive:         107028 kB
1777826674.999257322 Active(anon):      93320 kB
1777826674.999257322 Inactive(anon):        0 kB
1777826674.999257322 Active(file):     335556 kB
1777826674.999257322 Inactive(file):   107028 kB
1777826674.999257322 Unevictable:           0 kB
1777826674.999257322 Mlocked:               0 kB
1777826674.999257322 SwapTotal:             0 kB
1777826674.999257322 SwapFree:              0 kB
1777826674.999257322 Zswap:                 0 kB
1777826674.999257322 Zswapped:              0 kB
1777826674.999257322 Dirty:                96 kB
1777826674.999257322 Writeback:             0 kB
1777826674.999257322 AnonPages:         88076 kB
1777826674.999257322 Mapped:            89004 kB
1777826674.999257322 Shmem:              5248 kB
1777826674.999257322 KReclaimable:      30336 kB
1777826674.999257322 Slab:             117436 kB
1777826674.999257322 SReclaimable:      30336 kB
1777826674.999257322 SUnreclaim:        87100 kB
1777826674.999257322 KernelStack:        3056 kB
1777826674.999257322 PageTables:         3784 kB
1777826674.999257322 SecPageTables:         0 kB
1777826674.999257322 NFS_Unstable:          0 kB
1777826674.999257322 Bounce:                0 kB
1777826674.999257322 WritebackTmp:          0 kB
1777826674.999257322 CommitLimit:     3537964 kB
1777826674.999257322 Committed_AS:     405192 kB
1777826674.999257322 VmallocTotal:   135288315904 kB
1777826674.999257322 VmallocUsed:       19384 kB
1777826674.999257322 VmallocChunk:          0 kB
1777826674.999257322 Percpu:             1456 kB
1777826674.999257322 AnonHugePages:         0 kB
1777826674.999257322 ShmemHugePages:        0 kB
1777826674.999257322 ShmemPmdMapped:        0 kB
1777826674.999257322 FileHugePages:         0 kB
1777826674.999257322 FilePmdMapped:         0 kB
1777826674.999257322 CmaTotal:          65536 kB
1777826674.999257322 CmaFree:           49104 kB
1777826674.999257322 Balloon:               0 kB
1777826674.999257322 HugePages_Total:     512
1777826674.999257322 HugePages_Free:      488
1777826674.999257322 HugePages_Rsvd:        0
1777826674.999257322 HugePages_Surp:        0
1777826674.999257322 Hugepagesize:       2048 kB
1777826674.999257322 Hugetlb:         1048576 kB
1777826676.006048035 MemTotal:        8124504 kB
1777826676.006048035 MemFree:         6348800 kB
1777826676.006048035 MemAvailable:    6666800 kB
1777826676.006048035 Buffers:           30516 kB
1777826676.006048035 Cached:           417240 kB
1777826676.006048035 SwapCached:            0 kB
1777826676.006048035 Active:           428636 kB
1777826676.006048035 Inactive:         107036 kB
1777826676.006048035 Active(anon):      93080 kB
1777826676.006048035 Inactive(anon):        0 kB
1777826676.006048035 Active(file):     335556 kB
1777826676.006048035 Inactive(file):   107036 kB
1777826676.006048035 Unevictable:           0 kB
1777826676.006048035 Mlocked:               0 kB
1777826676.006048035 SwapTotal:             0 kB
1777826676.006048035 SwapFree:              0 kB
1777826676.006048035 Zswap:                 0 kB
1777826676.006048035 Zswapped:              0 kB
1777826676.006048035 Dirty:                96 kB
1777826676.006048035 Writeback:             0 kB
1777826676.006048035 AnonPages:         88032 kB
1777826676.006048035 Mapped:            88964 kB
1777826676.006048035 Shmem:              5248 kB
1777826676.006048035 KReclaimable:      30336 kB
1777826676.006048035 Slab:             117448 kB
1777826676.006048035 SReclaimable:      30336 kB
1777826676.006048035 SUnreclaim:        87112 kB
1777826676.006048035 KernelStack:        3072 kB
1777826676.006048035 PageTables:         3736 kB
1777826676.006048035 SecPageTables:         0 kB
1777826676.006048035 NFS_Unstable:          0 kB
1777826676.006048035 Bounce:                0 kB
1777826676.006048035 WritebackTmp:          0 kB
1777826676.006048035 CommitLimit:     3537964 kB
1777826676.006048035 Committed_AS:     405192 kB
1777826676.006048035 VmallocTotal:   135288315904 kB
1777826676.006048035 VmallocUsed:       19368 kB
1777826676.006048035 VmallocChunk:          0 kB
1777826676.006048035 Percpu:             1456 kB
1777826676.006048035 AnonHugePages:         0 kB
1777826676.006048035 ShmemHugePages:        0 kB
1777826676.006048035 ShmemPmdMapped:        0 kB
1777826676.006048035 FileHugePages:         0 kB
1777826676.006048035 FilePmdMapped:         0 kB
1777826676.006048035 CmaTotal:          65536 kB
1777826676.006048035 CmaFree:           49104 kB
1777826676.006048035 Balloon:               0 kB
1777826676.006048035 HugePages_Total:     512
1777826676.006048035 HugePages_Free:      488
1777826676.006048035 HugePages_Rsvd:        0
1777826676.006048035 HugePages_Surp:        0
1777826676.006048035 Hugepagesize:       2048 kB
1777826676.006048035 Hugetlb:         1048576 kB
1777826677.012785953 MemTotal:        8124504 kB
1777826677.012785953 MemFree:         6347920 kB
1777826677.012785953 MemAvailable:    6665928 kB
1777826677.012785953 Buffers:           30516 kB
1777826677.012785953 Cached:           417240 kB
1777826677.012785953 SwapCached:            0 kB
1777826677.012785953 Active:           428632 kB
1777826677.012785953 Inactive:         107036 kB
1777826677.012785953 Active(anon):      93072 kB
1777826677.012785953 Inactive(anon):        0 kB
1777826677.012785953 Active(file):     335560 kB
1777826677.012785953 Inactive(file):   107036 kB
1777826677.012785953 Unevictable:           0 kB
1777826677.012785953 Mlocked:               0 kB
1777826677.012785953 SwapTotal:             0 kB
1777826677.012785953 SwapFree:              0 kB
1777826677.012785953 Zswap:                 0 kB
1777826677.012785953 Zswapped:              0 kB
1777826677.012785953 Dirty:                96 kB
1777826677.012785953 Writeback:             0 kB
1777826677.012785953 AnonPages:         88024 kB
1777826677.012785953 Mapped:            88964 kB
1777826677.012785953 Shmem:              5248 kB
1777826677.012785953 KReclaimable:      30340 kB
1777826677.012785953 Slab:             117456 kB
1777826677.012785953 SReclaimable:      30340 kB
1777826677.012785953 SUnreclaim:        87116 kB
1777826677.012785953 KernelStack:        3072 kB
1777826677.012785953 PageTables:         3728 kB
1777826677.012785953 SecPageTables:         0 kB
1777826677.012785953 NFS_Unstable:          0 kB
1777826677.012785953 Bounce:                0 kB
1777826677.012785953 WritebackTmp:          0 kB
1777826677.012785953 CommitLimit:     3537964 kB
1777826677.012785953 Committed_AS:     405192 kB
1777826677.012785953 VmallocTotal:   135288315904 kB
1777826677.012785953 VmallocUsed:       19384 kB
1777826677.012785953 VmallocChunk:          0 kB
1777826677.012785953 Percpu:             1456 kB
1777826677.012785953 AnonHugePages:         0 kB
1777826677.012785953 ShmemHugePages:        0 kB
1777826677.012785953 ShmemPmdMapped:        0 kB
1777826677.012785953 FileHugePages:         0 kB
1777826677.012785953 FilePmdMapped:         0 kB
1777826677.012785953 CmaTotal:          65536 kB
1777826677.012785953 CmaFree:           49104 kB
1777826677.012785953 Balloon:               0 kB
1777826677.012785953 HugePages_Total:     512
1777826677.012785953 HugePages_Free:      488
1777826677.012785953 HugePages_Rsvd:        0
1777826677.012785953 HugePages_Surp:        0
1777826677.012785953 Hugepagesize:       2048 kB
1777826677.012785953 Hugetlb:         1048576 kB
1777826678.019527056 MemTotal:        8124504 kB
1777826678.019527056 MemFree:         6347504 kB
1777826678.019527056 MemAvailable:    6665516 kB
1777826678.019527056 Buffers:           30524 kB
1777826678.019527056 Cached:           417244 kB
1777826678.019527056 SwapCached:            0 kB
1777826678.019527056 Active:           428640 kB
1777826678.019527056 Inactive:         107040 kB
1777826678.019527056 Active(anon):      93080 kB
1777826678.019527056 Inactive(anon):        0 kB
1777826678.019527056 Active(file):     335560 kB
1777826678.019527056 Inactive(file):   107040 kB
1777826678.019527056 Unevictable:           0 kB
1777826678.019527056 Mlocked:               0 kB
1777826678.019527056 SwapTotal:             0 kB
1777826678.019527056 SwapFree:              0 kB
1777826678.019527056 Zswap:                 0 kB
1777826678.019527056 Zswapped:              0 kB
1777826678.019527056 Dirty:               104 kB
1777826678.019527056 Writeback:             0 kB
1777826678.019527056 AnonPages:         88032 kB
1777826678.019527056 Mapped:            89004 kB
1777826678.019527056 Shmem:              5248 kB
1777826678.019527056 KReclaimable:      30340 kB
1777826678.019527056 Slab:             117452 kB
1777826678.019527056 SReclaimable:      30340 kB
1777826678.019527056 SUnreclaim:        87112 kB
1777826678.019527056 KernelStack:        3072 kB
1777826678.019527056 PageTables:         3724 kB
1777826678.019527056 SecPageTables:         0 kB
1777826678.019527056 NFS_Unstable:          0 kB
1777826678.019527056 Bounce:                0 kB
1777826678.019527056 WritebackTmp:          0 kB
1777826678.019527056 CommitLimit:     3537964 kB
1777826678.019527056 Committed_AS:     405192 kB
1777826678.019527056 VmallocTotal:   135288315904 kB
1777826678.019527056 VmallocUsed:       19368 kB
1777826678.019527056 VmallocChunk:          0 kB
1777826678.019527056 Percpu:             1456 kB
1777826678.019527056 AnonHugePages:         0 kB
1777826678.019527056 ShmemHugePages:        0 kB
1777826678.019527056 ShmemPmdMapped:        0 kB
1777826678.019527056 FileHugePages:         0 kB
1777826678.019527056 FilePmdMapped:         0 kB
1777826678.019527056 CmaTotal:          65536 kB
1777826678.019527056 CmaFree:           49104 kB
1777826678.019527056 Balloon:               0 kB
1777826678.019527056 HugePages_Total:     512
1777826678.019527056 HugePages_Free:      488
1777826678.019527056 HugePages_Rsvd:        0
1777826678.019527056 HugePages_Surp:        0
1777826678.019527056 Hugepagesize:       2048 kB
1777826678.019527056 Hugetlb:         1048576 kB
1777826679.027531752 MemTotal:        8124504 kB
1777826679.027531752 MemFree:         6345524 kB
1777826679.027531752 MemAvailable:    6663544 kB
1777826679.027531752 Buffers:           30524 kB
1777826679.027531752 Cached:           417252 kB
1777826679.027531752 SwapCached:            0 kB
1777826679.027531752 Active:           428720 kB
1777826679.027531752 Inactive:         107052 kB
1777826679.027531752 Active(anon):      93164 kB
1777826679.027531752 Inactive(anon):        0 kB
1777826679.027531752 Active(file):     335556 kB
1777826679.027531752 Inactive(file):   107052 kB
1777826679.027531752 Unevictable:           0 kB
1777826679.027531752 Mlocked:               0 kB
1777826679.027531752 SwapTotal:             0 kB
1777826679.027531752 SwapFree:              0 kB
1777826679.027531752 Zswap:                 0 kB
1777826679.027531752 Zswapped:              0 kB
1777826679.027531752 Dirty:               112 kB
1777826679.027531752 Writeback:             0 kB
1777826679.027531752 AnonPages:         88032 kB
1777826679.027531752 Mapped:            89004 kB
1777826679.027531752 Shmem:              5248 kB
1777826679.027531752 KReclaimable:      30340 kB
1777826679.027531752 Slab:             117452 kB
1777826679.027531752 SReclaimable:      30340 kB
1777826679.027531752 SUnreclaim:        87112 kB
1777826679.027531752 KernelStack:        3072 kB
1777826679.027531752 PageTables:         3724 kB
1777826679.027531752 SecPageTables:         0 kB
1777826679.027531752 NFS_Unstable:          0 kB
1777826679.027531752 Bounce:                0 kB
1777826679.027531752 WritebackTmp:          0 kB
1777826679.027531752 CommitLimit:     3537964 kB
1777826679.027531752 Committed_AS:     405192 kB
1777826679.027531752 VmallocTotal:   135288315904 kB
1777826679.027531752 VmallocUsed:       19384 kB
1777826679.027531752 VmallocChunk:          0 kB
1777826679.027531752 Percpu:             1456 kB
1777826679.027531752 AnonHugePages:         0 kB
1777826679.027531752 ShmemHugePages:        0 kB
1777826679.027531752 ShmemPmdMapped:        0 kB
1777826679.027531752 FileHugePages:         0 kB
1777826679.027531752 FilePmdMapped:         0 kB
1777826679.027531752 CmaTotal:          65536 kB
1777826679.027531752 CmaFree:           49104 kB
1777826679.027531752 Balloon:               0 kB
1777826679.027531752 HugePages_Total:     512
1777826679.027531752 HugePages_Free:      488
1777826679.027531752 HugePages_Rsvd:        0
1777826679.027531752 HugePages_Surp:        0
1777826679.027531752 Hugepagesize:       2048 kB
1777826679.027531752 Hugetlb:         1048576 kB
1777826680.041003081 MemTotal:        8124504 kB
1777826680.041003081 MemFree:         6344808 kB
1777826680.041003081 MemAvailable:    6662840 kB
1777826680.041003081 Buffers:           30524 kB
1777826680.041003081 Cached:           417256 kB
1777826680.041003081 SwapCached:            0 kB
1777826680.041003081 Active:           428708 kB
1777826680.041003081 Inactive:         107060 kB
1777826680.041003081 Active(anon):      93148 kB
1777826680.041003081 Inactive(anon):        0 kB
1777826680.041003081 Active(file):     335560 kB
1777826680.041003081 Inactive(file):   107060 kB
1777826680.041003081 Unevictable:           0 kB
1777826680.041003081 Mlocked:               0 kB
1777826680.041003081 SwapTotal:             0 kB
1777826680.041003081 SwapFree:              0 kB
1777826680.041003081 Zswap:                 0 kB
1777826680.041003081 Zswapped:              0 kB
1777826680.041003081 Dirty:               116 kB
1777826680.041003081 Writeback:             0 kB
1777826680.041003081 AnonPages:         88128 kB
1777826680.041003081 Mapped:            89004 kB
1777826680.041003081 Shmem:              5248 kB
1777826680.041003081 KReclaimable:      30340 kB
1777826680.041003081 Slab:             117460 kB
1777826680.041003081 SReclaimable:      30340 kB
1777826680.041003081 SUnreclaim:        87120 kB
1777826680.041003081 KernelStack:        3080 kB
1777826680.041003081 PageTables:         3800 kB
1777826680.041003081 SecPageTables:         0 kB
1777826680.041003081 NFS_Unstable:          0 kB
1777826680.041003081 Bounce:                0 kB
1777826680.041003081 WritebackTmp:          0 kB
1777826680.041003081 CommitLimit:     3537964 kB
1777826680.041003081 Committed_AS:     405192 kB
1777826680.041003081 VmallocTotal:   135288315904 kB
1777826680.041003081 VmallocUsed:       19352 kB
1777826680.041003081 VmallocChunk:          0 kB
1777826680.041003081 Percpu:             1456 kB
1777826680.041003081 AnonHugePages:         0 kB
1777826680.041003081 ShmemHugePages:        0 kB
1777826680.041003081 ShmemPmdMapped:        0 kB
1777826680.041003081 FileHugePages:         0 kB
1777826680.041003081 FilePmdMapped:         0 kB
1777826680.041003081 CmaTotal:          65536 kB
1777826680.041003081 CmaFree:           49104 kB
1777826680.041003081 Balloon:               0 kB
1777826680.041003081 HugePages_Total:     512
1777826680.041003081 HugePages_Free:      488
1777826680.041003081 HugePages_Rsvd:        0
1777826680.041003081 HugePages_Surp:        0
1777826680.041003081 Hugepagesize:       2048 kB
1777826680.041003081 Hugetlb:         1048576 kB
1777826681.054104353 MemTotal:        8124504 kB
1777826681.054104353 MemFree:         6345136 kB
1777826681.054104353 MemAvailable:    6663168 kB
1777826681.054104353 Buffers:           30524 kB
1777826681.054104353 Cached:           417260 kB
1777826681.054104353 SwapCached:            0 kB
1777826681.054104353 Active:           428620 kB
1777826681.054104353 Inactive:         107064 kB
1777826681.054104353 Active(anon):      93064 kB
1777826681.054104353 Inactive(anon):        0 kB
1777826681.054104353 Active(file):     335556 kB
1777826681.054104353 Inactive(file):   107064 kB
1777826681.054104353 Unevictable:           0 kB
1777826681.054104353 Mlocked:               0 kB
1777826681.054104353 SwapTotal:             0 kB
1777826681.054104353 SwapFree:              0 kB
1777826681.054104353 Zswap:                 0 kB
1777826681.054104353 Zswapped:              0 kB
1777826681.054104353 Dirty:               120 kB
1777826681.054104353 Writeback:             0 kB
1777826681.054104353 AnonPages:         88032 kB
1777826681.054104353 Mapped:            89004 kB
1777826681.054104353 Shmem:              5248 kB
1777826681.054104353 KReclaimable:      30340 kB
1777826681.054104353 Slab:             117468 kB
1777826681.054104353 SReclaimable:      30340 kB
1777826681.054104353 SUnreclaim:        87128 kB
1777826681.054104353 KernelStack:        3072 kB
1777826681.054104353 PageTables:         3736 kB
1777826681.054104353 SecPageTables:         0 kB
1777826681.054104353 NFS_Unstable:          0 kB
1777826681.054104353 Bounce:                0 kB
1777826681.054104353 WritebackTmp:          0 kB
1777826681.054104353 CommitLimit:     3537964 kB
1777826681.054104353 Committed_AS:     405192 kB
1777826681.054104353 VmallocTotal:   135288315904 kB
1777826681.054104353 VmallocUsed:       19368 kB
1777826681.054104353 VmallocChunk:          0 kB
1777826681.054104353 Percpu:             1456 kB
1777826681.054104353 AnonHugePages:         0 kB
1777826681.054104353 ShmemHugePages:        0 kB
1777826681.054104353 ShmemPmdMapped:        0 kB
1777826681.054104353 FileHugePages:         0 kB
1777826681.054104353 FilePmdMapped:         0 kB
1777826681.054104353 CmaTotal:          65536 kB
1777826681.054104353 CmaFree:           49104 kB
1777826681.054104353 Balloon:               0 kB
1777826681.054104353 HugePages_Total:     512
1777826681.054104353 HugePages_Free:      488
1777826681.054104353 HugePages_Rsvd:        0
1777826681.054104353 HugePages_Surp:        0
1777826681.054104353 Hugepagesize:       2048 kB
1777826681.054104353 Hugetlb:         1048576 kB
1777826682.067448478 MemTotal:        8124504 kB
1777826682.067448478 MemFree:         6345980 kB
1777826682.067448478 MemAvailable:    6664016 kB
1777826682.067448478 Buffers:           30524 kB
1777826682.067448478 Cached:           417264 kB
1777826682.067448478 SwapCached:            0 kB
1777826682.067448478 Active:           428636 kB
1777826682.067448478 Inactive:         107068 kB
1777826682.067448478 Active(anon):      93080 kB
1777826682.067448478 Inactive(anon):        0 kB
1777826682.067448478 Active(file):     335556 kB
1777826682.067448478 Inactive(file):   107068 kB
1777826682.067448478 Unevictable:           0 kB
1777826682.067448478 Mlocked:               0 kB
1777826682.067448478 SwapTotal:             0 kB
1777826682.067448478 SwapFree:              0 kB
1777826682.067448478 Zswap:                 0 kB
1777826682.067448478 Zswapped:              0 kB
1777826682.067448478 Dirty:               124 kB
1777826682.067448478 Writeback:             0 kB
1777826682.067448478 AnonPages:         88008 kB
1777826682.067448478 Mapped:            89128 kB
1777826682.067448478 Shmem:              5248 kB
1777826682.067448478 KReclaimable:      30340 kB
1777826682.067448478 Slab:             117472 kB
1777826682.067448478 SReclaimable:      30340 kB
1777826682.067448478 SUnreclaim:        87132 kB
1777826682.067448478 KernelStack:        3088 kB
1777826682.067448478 PageTables:         3740 kB
1777826682.067448478 SecPageTables:         0 kB
1777826682.067448478 NFS_Unstable:          0 kB
1777826682.067448478 Bounce:                0 kB
1777826682.067448478 WritebackTmp:          0 kB
1777826682.067448478 CommitLimit:     3537964 kB
1777826682.067448478 Committed_AS:     405192 kB
1777826682.067448478 VmallocTotal:   135288315904 kB
1777826682.067448478 VmallocUsed:       19400 kB
1777826682.067448478 VmallocChunk:          0 kB
1777826682.067448478 Percpu:             1456 kB
1777826682.067448478 AnonHugePages:         0 kB
1777826682.067448478 ShmemHugePages:        0 kB
1777826682.067448478 ShmemPmdMapped:        0 kB
1777826682.067448478 FileHugePages:         0 kB
1777826682.067448478 FilePmdMapped:         0 kB
1777826682.067448478 CmaTotal:          65536 kB
1777826682.067448478 CmaFree:           49104 kB
1777826682.067448478 Balloon:               0 kB
1777826682.067448478 HugePages_Total:     512
1777826682.067448478 HugePages_Free:      488
1777826682.067448478 HugePages_Rsvd:        0
1777826682.067448478 HugePages_Surp:        0
1777826682.067448478 Hugepagesize:       2048 kB
1777826682.067448478 Hugetlb:         1048576 kB
1777826683.078230583 MemTotal:        8124504 kB
1777826683.078230583 MemFree:         6345920 kB
1777826683.078230583 MemAvailable:    6663960 kB
1777826683.078230583 Buffers:           30528 kB
1777826683.078230583 Cached:           417268 kB
1777826683.078230583 SwapCached:            0 kB
1777826683.078230583 Active:           428468 kB
1777826683.078230583 Inactive:         107076 kB
1777826683.078230583 Active(anon):      92916 kB
1777826683.078230583 Inactive(anon):        0 kB
1777826683.078230583 Active(file):     335552 kB
1777826683.078230583 Inactive(file):   107076 kB
1777826683.078230583 Unevictable:           0 kB
1777826683.078230583 Mlocked:               0 kB
1777826683.078230583 SwapTotal:             0 kB
1777826683.078230583 SwapFree:              0 kB
1777826683.078230583 Zswap:                 0 kB
1777826683.078230583 Zswapped:              0 kB
1777826683.078230583 Dirty:               132 kB
1777826683.078230583 Writeback:             0 kB
1777826683.078230583 AnonPages:         87980 kB
1777826683.078230583 Mapped:            88964 kB
1777826683.078230583 Shmem:              5248 kB
1777826683.078230583 KReclaimable:      30340 kB
1777826683.078230583 Slab:             117452 kB
1777826683.078230583 SReclaimable:      30340 kB
1777826683.078230583 SUnreclaim:        87112 kB
1777826683.078230583 KernelStack:        3072 kB
1777826683.078230583 PageTables:         3708 kB
1777826683.078230583 SecPageTables:         0 kB
1777826683.078230583 NFS_Unstable:          0 kB
1777826683.078230583 Bounce:                0 kB
1777826683.078230583 WritebackTmp:          0 kB
1777826683.078230583 CommitLimit:     3537964 kB
1777826683.078230583 Committed_AS:     405192 kB
1777826683.078230583 VmallocTotal:   135288315904 kB
1777826683.078230583 VmallocUsed:       19368 kB
1777826683.078230583 VmallocChunk:          0 kB
1777826683.078230583 Percpu:             1456 kB
1777826683.078230583 AnonHugePages:         0 kB
1777826683.078230583 ShmemHugePages:        0 kB
1777826683.078230583 ShmemPmdMapped:        0 kB
1777826683.078230583 FileHugePages:         0 kB
1777826683.078230583 FilePmdMapped:         0 kB
1777826683.078230583 CmaTotal:          65536 kB
1777826683.078230583 CmaFree:           49104 kB
1777826683.078230583 Balloon:               0 kB
1777826683.078230583 HugePages_Total:     512
1777826683.078230583 HugePages_Free:      488
1777826683.078230583 HugePages_Rsvd:        0
1777826683.078230583 HugePages_Surp:        0
1777826683.078230583 Hugepagesize:       2048 kB
1777826683.078230583 Hugetlb:         1048576 kB
1777826684.091034893 MemTotal:        8124504 kB
1777826684.091034893 MemFree:         6345008 kB
1777826684.091034893 MemAvailable:    6663068 kB
1777826684.091034893 Buffers:           30532 kB
1777826684.091034893 Cached:           417276 kB
1777826684.091034893 SwapCached:            0 kB
1777826684.091034893 Active:           428712 kB
1777826684.091034893 Inactive:         107088 kB
1777826684.091034893 Active(anon):      93152 kB
1777826684.091034893 Inactive(anon):        0 kB
1777826684.091034893 Active(file):     335560 kB
1777826684.091034893 Inactive(file):   107088 kB
1777826684.091034893 Unevictable:           0 kB
1777826684.091034893 Mlocked:               0 kB
1777826684.091034893 SwapTotal:             0 kB
1777826684.091034893 SwapFree:              0 kB
1777826684.091034893 Zswap:                 0 kB
1777826684.091034893 Zswapped:              0 kB
1777826684.091034893 Dirty:               136 kB
1777826684.091034893 Writeback:             0 kB
1777826684.091034893 AnonPages:         88028 kB
1777826684.091034893 Mapped:            89004 kB
1777826684.091034893 Shmem:              5248 kB
1777826684.091034893 KReclaimable:      30340 kB
1777826684.091034893 Slab:             117456 kB
1777826684.091034893 SReclaimable:      30340 kB
1777826684.091034893 SUnreclaim:        87116 kB
1777826684.091034893 KernelStack:        3072 kB
1777826684.091034893 PageTables:         3724 kB
1777826684.091034893 SecPageTables:         0 kB
1777826684.091034893 NFS_Unstable:          0 kB
1777826684.091034893 Bounce:                0 kB
1777826684.091034893 WritebackTmp:          0 kB
1777826684.091034893 CommitLimit:     3537964 kB
1777826684.091034893 Committed_AS:     405192 kB
1777826684.091034893 VmallocTotal:   135288315904 kB
1777826684.091034893 VmallocUsed:       19368 kB
1777826684.091034893 VmallocChunk:          0 kB
1777826684.091034893 Percpu:             1456 kB
1777826684.091034893 AnonHugePages:         0 kB
1777826684.091034893 ShmemHugePages:        0 kB
1777826684.091034893 ShmemPmdMapped:        0 kB
1777826684.091034893 FileHugePages:         0 kB
1777826684.091034893 FilePmdMapped:         0 kB
1777826684.091034893 CmaTotal:          65536 kB
1777826684.091034893 CmaFree:           49104 kB
1777826684.091034893 Balloon:               0 kB
1777826684.091034893 HugePages_Total:     512
1777826684.091034893 HugePages_Free:      488
1777826684.091034893 HugePages_Rsvd:        0
1777826684.091034893 HugePages_Surp:        0
1777826684.091034893 Hugepagesize:       2048 kB
1777826684.091034893 Hugetlb:         1048576 kB
1777826685.104445851 MemTotal:        8124504 kB
1777826685.104445851 MemFree:         6345588 kB
1777826685.104445851 MemAvailable:    6663652 kB
1777826685.104445851 Buffers:           30532 kB
1777826685.104445851 Cached:           417280 kB
1777826685.104445851 SwapCached:            0 kB
1777826685.104445851 Active:           428652 kB
1777826685.104445851 Inactive:         107092 kB
1777826685.104445851 Active(anon):      93092 kB
1777826685.104445851 Inactive(anon):        0 kB
1777826685.104445851 Active(file):     335560 kB
1777826685.104445851 Inactive(file):   107092 kB
1777826685.104445851 Unevictable:           0 kB
1777826685.104445851 Mlocked:               0 kB
1777826685.104445851 SwapTotal:             0 kB
1777826685.104445851 SwapFree:              0 kB
1777826685.104445851 Zswap:                 0 kB
1777826685.104445851 Zswapped:              0 kB
1777826685.104445851 Dirty:               140 kB
1777826685.104445851 Writeback:             0 kB
1777826685.104445851 AnonPages:         87988 kB
1777826685.104445851 Mapped:            88964 kB
1777826685.104445851 Shmem:              5248 kB
1777826685.104445851 KReclaimable:      30340 kB
1777826685.104445851 Slab:             117460 kB
1777826685.104445851 SReclaimable:      30340 kB
1777826685.104445851 SUnreclaim:        87120 kB
1777826685.104445851 KernelStack:        3072 kB
1777826685.104445851 PageTables:         3772 kB
1777826685.104445851 SecPageTables:         0 kB
1777826685.104445851 NFS_Unstable:          0 kB
1777826685.104445851 Bounce:                0 kB
1777826685.104445851 WritebackTmp:          0 kB
1777826685.104445851 CommitLimit:     3537964 kB
1777826685.104445851 Committed_AS:     405192 kB
1777826685.104445851 VmallocTotal:   135288315904 kB
1777826685.104445851 VmallocUsed:       19352 kB
1777826685.104445851 VmallocChunk:          0 kB
1777826685.104445851 Percpu:             1456 kB
1777826685.104445851 AnonHugePages:         0 kB
1777826685.104445851 ShmemHugePages:        0 kB
1777826685.104445851 ShmemPmdMapped:        0 kB
1777826685.104445851 FileHugePages:         0 kB
1777826685.104445851 FilePmdMapped:         0 kB
1777826685.104445851 CmaTotal:          65536 kB
1777826685.104445851 CmaFree:           49104 kB
1777826685.104445851 Balloon:               0 kB
1777826685.104445851 HugePages_Total:     512
1777826685.104445851 HugePages_Free:      488
1777826685.104445851 HugePages_Rsvd:        0
1777826685.104445851 HugePages_Surp:        0
1777826685.104445851 Hugepagesize:       2048 kB
1777826685.104445851 Hugetlb:         1048576 kB
1777826686.117073105 MemTotal:        8124504 kB
1777826686.117073105 MemFree:         6346284 kB
1777826686.117073105 MemAvailable:    6664352 kB
1777826686.117073105 Buffers:           30532 kB
1777826686.117073105 Cached:           417288 kB
1777826686.117073105 SwapCached:            0 kB
1777826686.117073105 Active:           428664 kB
1777826686.117073105 Inactive:         107096 kB
1777826686.117073105 Active(anon):      93104 kB
1777826686.117073105 Inactive(anon):        0 kB
1777826686.117073105 Active(file):     335560 kB
1777826686.117073105 Inactive(file):   107096 kB
1777826686.117073105 Unevictable:           0 kB
1777826686.117073105 Mlocked:               0 kB
1777826686.117073105 SwapTotal:             0 kB
1777826686.117073105 SwapFree:              0 kB
1777826686.117073105 Zswap:                 0 kB
1777826686.117073105 Zswapped:              0 kB
1777826686.117073105 Dirty:               148 kB
1777826686.117073105 Writeback:             0 kB
1777826686.117073105 AnonPages:         88024 kB
1777826686.117073105 Mapped:            89004 kB
1777826686.117073105 Shmem:              5248 kB
1777826686.117073105 KReclaimable:      30340 kB
1777826686.117073105 Slab:             117440 kB
1777826686.117073105 SReclaimable:      30340 kB
1777826686.117073105 SUnreclaim:        87100 kB
1777826686.117073105 KernelStack:        3072 kB
1777826686.117073105 PageTables:         3724 kB
1777826686.117073105 SecPageTables:         0 kB
1777826686.117073105 NFS_Unstable:          0 kB
1777826686.117073105 Bounce:                0 kB
1777826686.117073105 WritebackTmp:          0 kB
1777826686.117073105 CommitLimit:     3537964 kB
1777826686.117073105 Committed_AS:     405192 kB
1777826686.117073105 VmallocTotal:   135288315904 kB
1777826686.117073105 VmallocUsed:       19368 kB
1777826686.117073105 VmallocChunk:          0 kB
1777826686.117073105 Percpu:             1456 kB
1777826686.117073105 AnonHugePages:         0 kB
1777826686.117073105 ShmemHugePages:        0 kB
1777826686.117073105 ShmemPmdMapped:        0 kB
1777826686.117073105 FileHugePages:         0 kB
1777826686.117073105 FilePmdMapped:         0 kB
1777826686.117073105 CmaTotal:          65536 kB
1777826686.117073105 CmaFree:           49104 kB
1777826686.117073105 Balloon:               0 kB
1777826686.117073105 HugePages_Total:     512
1777826686.117073105 HugePages_Free:      488
1777826686.117073105 HugePages_Rsvd:        0
1777826686.117073105 HugePages_Surp:        0
1777826686.117073105 Hugepagesize:       2048 kB
1777826686.117073105 Hugetlb:         1048576 kB
1777826687.133437657 MemTotal:        8124504 kB
1777826687.133437657 MemFree:         6344920 kB
1777826687.133437657 MemAvailable:    6662996 kB
1777826687.133437657 Buffers:           30532 kB
1777826687.133437657 Cached:           417292 kB
1777826687.133437657 SwapCached:            0 kB
1777826687.133437657 Active:           428688 kB
1777826687.133437657 Inactive:         107104 kB
1777826687.133437657 Active(anon):      93128 kB
1777826687.133437657 Inactive(anon):        0 kB
1777826687.133437657 Active(file):     335560 kB
1777826687.133437657 Inactive(file):   107104 kB
1777826687.133437657 Unevictable:           0 kB
1777826687.133437657 Mlocked:               0 kB
1777826687.133437657 SwapTotal:             0 kB
1777826687.133437657 SwapFree:              0 kB
1777826687.133437657 Zswap:                 0 kB
1777826687.133437657 Zswapped:              0 kB
1777826687.133437657 Dirty:               152 kB
1777826687.133437657 Writeback:             0 kB
1777826687.133437657 AnonPages:         88068 kB
1777826687.133437657 Mapped:            88964 kB
1777826687.133437657 Shmem:              5248 kB
1777826687.133437657 KReclaimable:      30340 kB
1777826687.133437657 Slab:             117460 kB
1777826687.133437657 SReclaimable:      30340 kB
1777826687.133437657 SUnreclaim:        87120 kB
1777826687.133437657 KernelStack:        3088 kB
1777826687.133437657 PageTables:         3768 kB
1777826687.133437657 SecPageTables:         0 kB
1777826687.133437657 NFS_Unstable:          0 kB
1777826687.133437657 Bounce:                0 kB
1777826687.133437657 WritebackTmp:          0 kB
1777826687.133437657 CommitLimit:     3537964 kB
1777826687.133437657 Committed_AS:     405192 kB
1777826687.133437657 VmallocTotal:   135288315904 kB
1777826687.133437657 VmallocUsed:       19352 kB
1777826687.133437657 VmallocChunk:          0 kB
1777826687.133437657 Percpu:             1456 kB
1777826687.133437657 AnonHugePages:         0 kB
1777826687.133437657 ShmemHugePages:        0 kB
1777826687.133437657 ShmemPmdMapped:        0 kB
1777826687.133437657 FileHugePages:         0 kB
1777826687.133437657 FilePmdMapped:         0 kB
1777826687.133437657 CmaTotal:          65536 kB
1777826687.133437657 CmaFree:           49104 kB
1777826687.133437657 Balloon:               0 kB
1777826687.133437657 HugePages_Total:     512
1777826687.133437657 HugePages_Free:      488
1777826687.133437657 HugePages_Rsvd:        0
1777826687.133437657 HugePages_Surp:        0
1777826687.133437657 Hugepagesize:       2048 kB
1777826687.133437657 Hugetlb:         1048576 kB
1777826688.145620355 MemTotal:        8124504 kB
1777826688.145620355 MemFree:         6337908 kB
1777826688.145620355 MemAvailable:    6655976 kB
1777826688.145620355 Buffers:           30536 kB
1777826688.145620355 Cached:           417288 kB
1777826688.145620355 SwapCached:            0 kB
1777826688.145620355 Active:           428472 kB
1777826688.145620355 Inactive:         107104 kB
1777826688.145620355 Active(anon):      92920 kB
1777826688.145620355 Inactive(anon):        0 kB
1777826688.145620355 Active(file):     335552 kB
1777826688.145620355 Inactive(file):   107104 kB
1777826688.145620355 Unevictable:           0 kB
1777826688.145620355 Mlocked:               0 kB
1777826688.145620355 SwapTotal:             0 kB
1777826688.145620355 SwapFree:              0 kB
1777826688.145620355 Zswap:                 0 kB
1777826688.145620355 Zswapped:              0 kB
1777826688.145620355 Dirty:               152 kB
1777826688.145620355 Writeback:             0 kB
1777826688.145620355 AnonPages:         87944 kB
1777826688.145620355 Mapped:            88964 kB
1777826688.145620355 Shmem:              5248 kB
1777826688.145620355 KReclaimable:      30340 kB
1777826688.145620355 Slab:             117496 kB
1777826688.145620355 SReclaimable:      30340 kB
1777826688.145620355 SUnreclaim:        87156 kB
1777826688.145620355 KernelStack:        3056 kB
1777826688.145620355 PageTables:         3660 kB
1777826688.145620355 SecPageTables:         0 kB
1777826688.145620355 NFS_Unstable:          0 kB
1777826688.145620355 Bounce:                0 kB
1777826688.145620355 WritebackTmp:          0 kB
1777826688.145620355 CommitLimit:     3537964 kB
1777826688.145620355 Committed_AS:     405192 kB
1777826688.145620355 VmallocTotal:   135288315904 kB
1777826688.145620355 VmallocUsed:       19352 kB
1777826688.145620355 VmallocChunk:          0 kB
1777826688.145620355 Percpu:             1456 kB
1777826688.145620355 AnonHugePages:         0 kB
1777826688.145620355 ShmemHugePages:        0 kB
1777826688.145620355 ShmemPmdMapped:        0 kB
1777826688.145620355 FileHugePages:         0 kB
1777826688.145620355 FilePmdMapped:         0 kB
1777826688.145620355 CmaTotal:          65536 kB
1777826688.145620355 CmaFree:           49104 kB
1777826688.145620355 Balloon:               0 kB
1777826688.145620355 HugePages_Total:     512
1777826688.145620355 HugePages_Free:      488
1777826688.145620355 HugePages_Rsvd:        0
1777826688.145620355 HugePages_Surp:        0
1777826688.145620355 Hugepagesize:       2048 kB
1777826688.145620355 Hugetlb:         1048576 kB
1777826689.160337629 MemTotal:        8124504 kB
1777826689.160337629 MemFree:         6341084 kB
1777826689.160337629 MemAvailable:    6659176 kB
1777826689.160337629 Buffers:           30540 kB
1777826689.160337629 Cached:           417300 kB
1777826689.160337629 SwapCached:            0 kB
1777826689.160337629 Active:           428736 kB
1777826689.160337629 Inactive:         107116 kB
1777826689.160337629 Active(anon):      93172 kB
1777826689.160337629 Inactive(anon):        0 kB
1777826689.160337629 Active(file):     335564 kB
1777826689.160337629 Inactive(file):   107116 kB
1777826689.160337629 Unevictable:           0 kB
1777826689.160337629 Mlocked:               0 kB
1777826689.160337629 SwapTotal:             0 kB
1777826689.160337629 SwapFree:              0 kB
1777826689.160337629 Zswap:                 0 kB
1777826689.160337629 Zswapped:              0 kB
1777826689.160337629 Dirty:               160 kB
1777826689.160337629 Writeback:             0 kB
1777826689.160337629 AnonPages:         88076 kB
1777826689.160337629 Mapped:            89004 kB
1777826689.160337629 Shmem:              5248 kB
1777826689.160337629 KReclaimable:      30340 kB
1777826689.160337629 Slab:             117468 kB
1777826689.160337629 SReclaimable:      30340 kB
1777826689.160337629 SUnreclaim:        87128 kB
1777826689.160337629 KernelStack:        3088 kB
1777826689.160337629 PageTables:         3852 kB
1777826689.160337629 SecPageTables:         0 kB
1777826689.160337629 NFS_Unstable:          0 kB
1777826689.160337629 Bounce:                0 kB
1777826689.160337629 WritebackTmp:          0 kB
1777826689.160337629 CommitLimit:     3537964 kB
1777826689.160337629 Committed_AS:     405192 kB
1777826689.160337629 VmallocTotal:   135288315904 kB
1777826689.160337629 VmallocUsed:       19368 kB
1777826689.160337629 VmallocChunk:          0 kB
1777826689.160337629 Percpu:             1456 kB
1777826689.160337629 AnonHugePages:         0 kB
1777826689.160337629 ShmemHugePages:        0 kB
1777826689.160337629 ShmemPmdMapped:        0 kB
1777826689.160337629 FileHugePages:         0 kB
1777826689.160337629 FilePmdMapped:         0 kB
1777826689.160337629 CmaTotal:          65536 kB
1777826689.160337629 CmaFree:           49104 kB
1777826689.160337629 Balloon:               0 kB
1777826689.160337629 HugePages_Total:     512
1777826689.160337629 HugePages_Free:      488
1777826689.160337629 HugePages_Rsvd:        0
1777826689.160337629 HugePages_Surp:        0
1777826689.160337629 Hugepagesize:       2048 kB
1777826689.160337629 Hugetlb:         1048576 kB
1777826690.167302269 MemTotal:        8124504 kB
1777826690.167302269 MemFree:         6341920 kB
1777826690.167302269 MemAvailable:    6660008 kB
1777826690.167302269 Buffers:           30540 kB
1777826690.167302269 Cached:           417304 kB
1777826690.167302269 SwapCached:            0 kB
1777826690.167302269 Active:           428752 kB
1777826690.167302269 Inactive:         107120 kB
1777826690.167302269 Active(anon):      93196 kB
1777826690.167302269 Inactive(anon):        0 kB
1777826690.167302269 Active(file):     335556 kB
1777826690.167302269 Inactive(file):   107120 kB
1777826690.167302269 Unevictable:           0 kB
1777826690.167302269 Mlocked:               0 kB
1777826690.167302269 SwapTotal:             0 kB
1777826690.167302269 SwapFree:              0 kB
1777826690.167302269 Zswap:                 0 kB
1777826690.167302269 Zswapped:              0 kB
1777826690.167302269 Dirty:               164 kB
1777826690.167302269 Writeback:             0 kB
1777826690.167302269 AnonPages:         87948 kB
1777826690.167302269 Mapped:            88964 kB
1777826690.167302269 Shmem:              5248 kB
1777826690.167302269 KReclaimable:      30340 kB
1777826690.167302269 Slab:             117456 kB
1777826690.167302269 SReclaimable:      30340 kB
1777826690.167302269 SUnreclaim:        87116 kB
1777826690.167302269 KernelStack:        3056 kB
1777826690.167302269 PageTables:         3736 kB
1777826690.167302269 SecPageTables:         0 kB
1777826690.167302269 NFS_Unstable:          0 kB
1777826690.167302269 Bounce:                0 kB
1777826690.167302269 WritebackTmp:          0 kB
1777826690.167302269 CommitLimit:     3537964 kB
1777826690.167302269 Committed_AS:     405192 kB
1777826690.167302269 VmallocTotal:   135288315904 kB
1777826690.167302269 VmallocUsed:       19368 kB
1777826690.167302269 VmallocChunk:          0 kB
1777826690.167302269 Percpu:             1456 kB
1777826690.167302269 AnonHugePages:         0 kB
1777826690.167302269 ShmemHugePages:        0 kB
1777826690.167302269 ShmemPmdMapped:        0 kB
1777826690.167302269 FileHugePages:         0 kB
1777826690.167302269 FilePmdMapped:         0 kB
1777826690.167302269 CmaTotal:          65536 kB
1777826690.167302269 CmaFree:           49104 kB
1777826690.167302269 Balloon:               0 kB
1777826690.167302269 HugePages_Total:     512
1777826690.167302269 HugePages_Free:      488
1777826690.167302269 HugePages_Rsvd:        0
1777826690.167302269 HugePages_Surp:        0
1777826690.167302269 Hugepagesize:       2048 kB
1777826690.167302269 Hugetlb:         1048576 kB
1777826691.178358929 MemTotal:        8124504 kB
1777826691.178358929 MemFree:         6343520 kB
1777826691.178358929 MemAvailable:    6661620 kB
1777826691.178358929 Buffers:           30540 kB
1777826691.178358929 Cached:           417312 kB
1777826691.178358929 SwapCached:            0 kB
1777826691.178358929 Active:           428676 kB
1777826691.178358929 Inactive:         107132 kB
1777826691.178358929 Active(anon):      93120 kB
1777826691.178358929 Inactive(anon):        0 kB
1777826691.178358929 Active(file):     335556 kB
1777826691.178358929 Inactive(file):   107132 kB
1777826691.178358929 Unevictable:           0 kB
1777826691.178358929 Mlocked:               0 kB
1777826691.178358929 SwapTotal:             0 kB
1777826691.178358929 SwapFree:              0 kB
1777826691.178358929 Zswap:                 0 kB
1777826691.178358929 Zswapped:              0 kB
1777826691.178358929 Dirty:               172 kB
1777826691.178358929 Writeback:             0 kB
1777826691.178358929 AnonPages:         88068 kB
1777826691.178358929 Mapped:            89004 kB
1777826691.178358929 Shmem:              5248 kB
1777826691.178358929 KReclaimable:      30340 kB
1777826691.178358929 Slab:             117452 kB
1777826691.178358929 SReclaimable:      30340 kB
1777826691.178358929 SUnreclaim:        87112 kB
1777826691.178358929 KernelStack:        3088 kB
1777826691.178358929 PageTables:         3764 kB
1777826691.178358929 SecPageTables:         0 kB
1777826691.178358929 NFS_Unstable:          0 kB
1777826691.178358929 Bounce:                0 kB
1777826691.178358929 WritebackTmp:          0 kB
1777826691.178358929 CommitLimit:     3537964 kB
1777826691.178358929 Committed_AS:     405192 kB
1777826691.178358929 VmallocTotal:   135288315904 kB
1777826691.178358929 VmallocUsed:       19368 kB
1777826691.178358929 VmallocChunk:          0 kB
1777826691.178358929 Percpu:             1456 kB
1777826691.178358929 AnonHugePages:         0 kB
1777826691.178358929 ShmemHugePages:        0 kB
1777826691.178358929 ShmemPmdMapped:        0 kB
1777826691.178358929 FileHugePages:         0 kB
1777826691.178358929 FilePmdMapped:         0 kB
1777826691.178358929 CmaTotal:          65536 kB
1777826691.178358929 CmaFree:           49104 kB
1777826691.178358929 Balloon:               0 kB
1777826691.178358929 HugePages_Total:     512
1777826691.178358929 HugePages_Free:      488
1777826691.178358929 HugePages_Rsvd:        0
1777826691.178358929 HugePages_Surp:        0
1777826691.178358929 Hugepagesize:       2048 kB
1777826691.178358929 Hugetlb:         1048576 kB
1777826692.190715072 MemTotal:        8124504 kB
1777826692.190715072 MemFree:         6343616 kB
1777826692.190715072 MemAvailable:    6661724 kB
1777826692.190715072 Buffers:           30540 kB
1777826692.190715072 Cached:           417316 kB
1777826692.190715072 SwapCached:            0 kB
1777826692.190715072 Active:           428832 kB
1777826692.190715072 Inactive:         107136 kB
1777826692.190715072 Active(anon):      93272 kB
1777826692.190715072 Inactive(anon):        0 kB
1777826692.190715072 Active(file):     335560 kB
1777826692.190715072 Inactive(file):   107136 kB
1777826692.190715072 Unevictable:           0 kB
1777826692.190715072 Mlocked:               0 kB
1777826692.190715072 SwapTotal:             0 kB
1777826692.190715072 SwapFree:              0 kB
1777826692.190715072 Zswap:                 0 kB
1777826692.190715072 Zswapped:              0 kB
1777826692.190715072 Dirty:               176 kB
1777826692.190715072 Writeback:             0 kB
1777826692.190715072 AnonPages:         88028 kB
1777826692.190715072 Mapped:            89004 kB
1777826692.190715072 Shmem:              5248 kB
1777826692.190715072 KReclaimable:      30340 kB
1777826692.190715072 Slab:             117460 kB
1777826692.190715072 SReclaimable:      30340 kB
1777826692.190715072 SUnreclaim:        87120 kB
1777826692.190715072 KernelStack:        3088 kB
1777826692.190715072 PageTables:         3740 kB
1777826692.190715072 SecPageTables:         0 kB
1777826692.190715072 NFS_Unstable:          0 kB
1777826692.190715072 Bounce:                0 kB
1777826692.190715072 WritebackTmp:          0 kB
1777826692.190715072 CommitLimit:     3537964 kB
1777826692.190715072 Committed_AS:     405192 kB
1777826692.190715072 VmallocTotal:   135288315904 kB
1777826692.190715072 VmallocUsed:       19368 kB
1777826692.190715072 VmallocChunk:          0 kB
1777826692.190715072 Percpu:             1456 kB
1777826692.190715072 AnonHugePages:         0 kB
1777826692.190715072 ShmemHugePages:        0 kB
1777826692.190715072 ShmemPmdMapped:        0 kB
1777826692.190715072 FileHugePages:         0 kB
1777826692.190715072 FilePmdMapped:         0 kB
1777826692.190715072 CmaTotal:          65536 kB
1777826692.190715072 CmaFree:           49104 kB
1777826692.190715072 Balloon:               0 kB
1777826692.190715072 HugePages_Total:     512
1777826692.190715072 HugePages_Free:      488
1777826692.190715072 HugePages_Rsvd:        0
1777826692.190715072 HugePages_Surp:        0
1777826692.190715072 Hugepagesize:       2048 kB
1777826692.190715072 Hugetlb:         1048576 kB
1777826693.201880158 MemTotal:        8124504 kB
1777826693.201880158 MemFree:         6345784 kB
1777826693.201880158 MemAvailable:    6663896 kB
1777826693.201880158 Buffers:           30544 kB
1777826693.201880158 Cached:           417316 kB
1777826693.201880158 SwapCached:            0 kB
1777826693.201880158 Active:           428756 kB
1777826693.201880158 Inactive:         107136 kB
1777826693.201880158 Active(anon):      93192 kB
1777826693.201880158 Inactive(anon):        0 kB
1777826693.201880158 Active(file):     335564 kB
1777826693.201880158 Inactive(file):   107136 kB
1777826693.201880158 Unevictable:           0 kB
1777826693.201880158 Mlocked:               0 kB
1777826693.201880158 SwapTotal:             0 kB
1777826693.201880158 SwapFree:              0 kB
1777826693.201880158 Zswap:                 0 kB
1777826693.201880158 Zswapped:              0 kB
1777826693.201880158 Dirty:               180 kB
1777826693.201880158 Writeback:             0 kB
1777826693.201880158 AnonPages:         88000 kB
1777826693.201880158 Mapped:            89004 kB
1777826693.201880158 Shmem:              5248 kB
1777826693.201880158 KReclaimable:      30340 kB
1777826693.201880158 Slab:             117472 kB
1777826693.201880158 SReclaimable:      30340 kB
1777826693.201880158 SUnreclaim:        87132 kB
1777826693.201880158 KernelStack:        3088 kB
1777826693.201880158 PageTables:         3800 kB
1777826693.201880158 SecPageTables:         0 kB
1777826693.201880158 NFS_Unstable:          0 kB
1777826693.201880158 Bounce:                0 kB
1777826693.201880158 WritebackTmp:          0 kB
1777826693.201880158 CommitLimit:     3537964 kB
1777826693.201880158 Committed_AS:     405192 kB
1777826693.201880158 VmallocTotal:   135288315904 kB
1777826693.201880158 VmallocUsed:       19368 kB
1777826693.201880158 VmallocChunk:          0 kB
1777826693.201880158 Percpu:             1456 kB
1777826693.201880158 AnonHugePages:         0 kB
1777826693.201880158 ShmemHugePages:        0 kB
1777826693.201880158 ShmemPmdMapped:        0 kB
1777826693.201880158 FileHugePages:         0 kB
1777826693.201880158 FilePmdMapped:         0 kB
1777826693.201880158 CmaTotal:          65536 kB
1777826693.201880158 CmaFree:           49104 kB
1777826693.201880158 Balloon:               0 kB
1777826693.201880158 HugePages_Total:     512
1777826693.201880158 HugePages_Free:      488
1777826693.201880158 HugePages_Rsvd:        0
1777826693.201880158 HugePages_Surp:        0
1777826693.201880158 Hugepagesize:       2048 kB
1777826693.201880158 Hugetlb:         1048576 kB
1777826694.213032338 MemTotal:        8124504 kB
1777826694.213032338 MemFree:         6345992 kB
1777826694.213032338 MemAvailable:    6664116 kB
1777826694.213032338 Buffers:           30548 kB
1777826694.213032338 Cached:           417324 kB
1777826694.213032338 SwapCached:            0 kB
1777826694.213032338 Active:           428748 kB
1777826694.213032338 Inactive:         107152 kB
1777826694.213032338 Active(anon):      93188 kB
1777826694.213032338 Inactive(anon):        0 kB
1777826694.213032338 Active(file):     335560 kB
1777826694.213032338 Inactive(file):   107152 kB
1777826694.213032338 Unevictable:           0 kB
1777826694.213032338 Mlocked:               0 kB
1777826694.213032338 SwapTotal:             0 kB
1777826694.213032338 SwapFree:              0 kB
1777826694.213032338 Zswap:                 0 kB
1777826694.213032338 Zswapped:              0 kB
1777826694.213032338 Dirty:               184 kB
1777826694.213032338 Writeback:             0 kB
1777826694.213032338 AnonPages:         88036 kB
1777826694.213032338 Mapped:            89004 kB
1777826694.213032338 Shmem:              5248 kB
1777826694.213032338 KReclaimable:      30340 kB
1777826694.213032338 Slab:             117448 kB
1777826694.213032338 SReclaimable:      30340 kB
1777826694.213032338 SUnreclaim:        87108 kB
1777826694.213032338 KernelStack:        3088 kB
1777826694.213032338 PageTables:         3724 kB
1777826694.213032338 SecPageTables:         0 kB
1777826694.213032338 NFS_Unstable:          0 kB
1777826694.213032338 Bounce:                0 kB
1777826694.213032338 WritebackTmp:          0 kB
1777826694.213032338 CommitLimit:     3537964 kB
1777826694.213032338 Committed_AS:     405192 kB
1777826694.213032338 VmallocTotal:   135288315904 kB
1777826694.213032338 VmallocUsed:       19352 kB
1777826694.213032338 VmallocChunk:          0 kB
1777826694.213032338 Percpu:             1456 kB
1777826694.213032338 AnonHugePages:         0 kB
1777826694.213032338 ShmemHugePages:        0 kB
1777826694.213032338 ShmemPmdMapped:        0 kB
1777826694.213032338 FileHugePages:         0 kB
1777826694.213032338 FilePmdMapped:         0 kB
1777826694.213032338 CmaTotal:          65536 kB
1777826694.213032338 CmaFree:           49104 kB
1777826694.213032338 Balloon:               0 kB
1777826694.213032338 HugePages_Total:     512
1777826694.213032338 HugePages_Free:      488
1777826694.213032338 HugePages_Rsvd:        0
1777826694.213032338 HugePages_Surp:        0
1777826694.213032338 Hugepagesize:       2048 kB
1777826694.213032338 Hugetlb:         1048576 kB
1777826695.220324644 MemTotal:        8124504 kB
1777826695.220324644 MemFree:         6345288 kB
1777826695.220324644 MemAvailable:    6663412 kB
1777826695.220324644 Buffers:           30548 kB
1777826695.220324644 Cached:           417328 kB
1777826695.220324644 SwapCached:            0 kB
1777826695.220324644 Active:           428524 kB
1777826695.220324644 Inactive:         107156 kB
1777826695.220324644 Active(anon):      92968 kB
1777826695.220324644 Inactive(anon):        0 kB
1777826695.220324644 Active(file):     335556 kB
1777826695.220324644 Inactive(file):   107156 kB
1777826695.220324644 Unevictable:           0 kB
1777826695.220324644 Mlocked:               0 kB
1777826695.220324644 SwapTotal:             0 kB
1777826695.220324644 SwapFree:              0 kB
1777826695.220324644 Zswap:                 0 kB
1777826695.220324644 Zswapped:              0 kB
1777826695.220324644 Dirty:               188 kB
1777826695.220324644 Writeback:             0 kB
1777826695.220324644 AnonPages:         87948 kB
1777826695.220324644 Mapped:            88964 kB
1777826695.220324644 Shmem:              5248 kB
1777826695.220324644 KReclaimable:      30340 kB
1777826695.220324644 Slab:             117504 kB
1777826695.220324644 SReclaimable:      30340 kB
1777826695.220324644 SUnreclaim:        87164 kB
1777826695.220324644 KernelStack:        3072 kB
1777826695.220324644 PageTables:         3736 kB
1777826695.220324644 SecPageTables:         0 kB
1777826695.220324644 NFS_Unstable:          0 kB
1777826695.220324644 Bounce:                0 kB
1777826695.220324644 WritebackTmp:          0 kB
1777826695.220324644 CommitLimit:     3537964 kB
1777826695.220324644 Committed_AS:     405192 kB
1777826695.220324644 VmallocTotal:   135288315904 kB
1777826695.220324644 VmallocUsed:       19368 kB
1777826695.220324644 VmallocChunk:          0 kB
1777826695.220324644 Percpu:             1456 kB
1777826695.220324644 AnonHugePages:         0 kB
1777826695.220324644 ShmemHugePages:        0 kB
1777826695.220324644 ShmemPmdMapped:        0 kB
1777826695.220324644 FileHugePages:         0 kB
1777826695.220324644 FilePmdMapped:         0 kB
1777826695.220324644 CmaTotal:          65536 kB
1777826695.220324644 CmaFree:           49104 kB
1777826695.220324644 Balloon:               0 kB
1777826695.220324644 HugePages_Total:     512
1777826695.220324644 HugePages_Free:      488
1777826695.220324644 HugePages_Rsvd:        0
1777826695.220324644 HugePages_Surp:        0
1777826695.220324644 Hugepagesize:       2048 kB
1777826695.220324644 Hugetlb:         1048576 kB
1777826696.231224935 MemTotal:        8124504 kB
1777826696.231224935 MemFree:         6345288 kB
1777826696.231224935 MemAvailable:    6663424 kB
1777826696.231224935 Buffers:           30548 kB
1777826696.231224935 Cached:           417336 kB
1777826696.231224935 SwapCached:            0 kB
1777826696.231224935 Active:           428736 kB
1777826696.231224935 Inactive:         107164 kB
1777826696.231224935 Active(anon):      93176 kB
1777826696.231224935 Inactive(anon):        0 kB
1777826696.231224935 Active(file):     335560 kB
1777826696.231224935 Inactive(file):   107164 kB
1777826696.231224935 Unevictable:           0 kB
1777826696.231224935 Mlocked:               0 kB
1777826696.231224935 SwapTotal:             0 kB
1777826696.231224935 SwapFree:              0 kB
1777826696.231224935 Zswap:                 0 kB
1777826696.231224935 Zswapped:              0 kB
1777826696.231224935 Dirty:               196 kB
1777826696.231224935 Writeback:             0 kB
1777826696.231224935 AnonPages:         88064 kB
1777826696.231224935 Mapped:            89004 kB
1777826696.231224935 Shmem:              5248 kB
1777826696.231224935 KReclaimable:      30340 kB
1777826696.231224935 Slab:             117480 kB
1777826696.231224935 SReclaimable:      30340 kB
1777826696.231224935 SUnreclaim:        87140 kB
1777826696.231224935 KernelStack:        3088 kB
1777826696.231224935 PageTables:         3812 kB
1777826696.231224935 SecPageTables:         0 kB
1777826696.231224935 NFS_Unstable:          0 kB
1777826696.231224935 Bounce:                0 kB
1777826696.231224935 WritebackTmp:          0 kB
1777826696.231224935 CommitLimit:     3537964 kB
1777826696.231224935 Committed_AS:     405192 kB
1777826696.231224935 VmallocTotal:   135288315904 kB
1777826696.231224935 VmallocUsed:       19400 kB
1777826696.231224935 VmallocChunk:          0 kB
1777826696.231224935 Percpu:             1456 kB
1777826696.231224935 AnonHugePages:         0 kB
1777826696.231224935 ShmemHugePages:        0 kB
1777826696.231224935 ShmemPmdMapped:        0 kB
1777826696.231224935 FileHugePages:         0 kB
1777826696.231224935 FilePmdMapped:         0 kB
1777826696.231224935 CmaTotal:          65536 kB
1777826696.231224935 CmaFree:           49104 kB
1777826696.231224935 Balloon:               0 kB
1777826696.231224935 HugePages_Total:     512
1777826696.231224935 HugePages_Free:      488
1777826696.231224935 HugePages_Rsvd:        0
1777826696.231224935 HugePages_Surp:        0
1777826696.231224935 Hugepagesize:       2048 kB
1777826696.231224935 Hugetlb:         1048576 kB
1777826697.241374095 MemTotal:        8124504 kB
1777826697.241374095 MemFree:         6345744 kB
1777826697.241374095 MemAvailable:    6663888 kB
1777826697.241374095 Buffers:           30548 kB
1777826697.241374095 Cached:           417344 kB
1777826697.241374095 SwapCached:            0 kB
1777826697.241374095 Active:           428580 kB
1777826697.241374095 Inactive:         107172 kB
1777826697.241374095 Active(anon):      93020 kB
1777826697.241374095 Inactive(anon):        0 kB
1777826697.241374095 Active(file):     335560 kB
1777826697.241374095 Inactive(file):   107172 kB
1777826697.241374095 Unevictable:           0 kB
1777826697.241374095 Mlocked:               0 kB
1777826697.241374095 SwapTotal:             0 kB
1777826697.241374095 SwapFree:              0 kB
1777826697.241374095 Zswap:                 0 kB
1777826697.241374095 Zswapped:              0 kB
1777826697.241374095 Dirty:               204 kB
1777826697.241374095 Writeback:             0 kB
1777826697.241374095 AnonPages:         88004 kB
1777826697.241374095 Mapped:            89004 kB
1777826697.241374095 Shmem:              5248 kB
1777826697.241374095 KReclaimable:      30340 kB
1777826697.241374095 Slab:             117476 kB
1777826697.241374095 SReclaimable:      30340 kB
1777826697.241374095 SUnreclaim:        87136 kB
1777826697.241374095 KernelStack:        3088 kB
1777826697.241374095 PageTables:         3800 kB
1777826697.241374095 SecPageTables:         0 kB
1777826697.241374095 NFS_Unstable:          0 kB
1777826697.241374095 Bounce:                0 kB
1777826697.241374095 WritebackTmp:          0 kB
1777826697.241374095 CommitLimit:     3537964 kB
1777826697.241374095 Committed_AS:     405192 kB
1777826697.241374095 VmallocTotal:   135288315904 kB
1777826697.241374095 VmallocUsed:       19400 kB
1777826697.241374095 VmallocChunk:          0 kB
1777826697.241374095 Percpu:             1456 kB
1777826697.241374095 AnonHugePages:         0 kB
1777826697.241374095 ShmemHugePages:        0 kB
1777826697.241374095 ShmemPmdMapped:        0 kB
1777826697.241374095 FileHugePages:         0 kB
1777826697.241374095 FilePmdMapped:         0 kB
1777826697.241374095 CmaTotal:          65536 kB
1777826697.241374095 CmaFree:           49104 kB
1777826697.241374095 Balloon:               0 kB
1777826697.241374095 HugePages_Total:     512
1777826697.241374095 HugePages_Free:      488
1777826697.241374095 HugePages_Rsvd:        0
1777826697.241374095 HugePages_Surp:        0
1777826697.241374095 Hugepagesize:       2048 kB
1777826697.241374095 Hugetlb:         1048576 kB
1777826698.248330235 MemTotal:        8124504 kB
1777826698.248330235 MemFree:         6346108 kB
1777826698.248330235 MemAvailable:    6664248 kB
1777826698.248330235 Buffers:           30552 kB
1777826698.248330235 Cached:           417340 kB
1777826698.248330235 SwapCached:            0 kB
1777826698.248330235 Active:           428580 kB
1777826698.248330235 Inactive:         107172 kB
1777826698.248330235 Active(anon):      93024 kB
1777826698.248330235 Inactive(anon):        0 kB
1777826698.248330235 Active(file):     335556 kB
1777826698.248330235 Inactive(file):   107172 kB
1777826698.248330235 Unevictable:           0 kB
1777826698.248330235 Mlocked:               0 kB
1777826698.248330235 SwapTotal:             0 kB
1777826698.248330235 SwapFree:              0 kB
1777826698.248330235 Zswap:                 0 kB
1777826698.248330235 Zswapped:              0 kB
1777826698.248330235 Dirty:               204 kB
1777826698.248330235 Writeback:             0 kB
1777826698.248330235 AnonPages:         87948 kB
1777826698.248330235 Mapped:            88964 kB
1777826698.248330235 Shmem:              5248 kB
1777826698.248330235 KReclaimable:      30340 kB
1777826698.248330235 Slab:             117484 kB
1777826698.248330235 SReclaimable:      30340 kB
1777826698.248330235 SUnreclaim:        87144 kB
1777826698.248330235 KernelStack:        3072 kB
1777826698.248330235 PageTables:         3716 kB
1777826698.248330235 SecPageTables:         0 kB
1777826698.248330235 NFS_Unstable:          0 kB
1777826698.248330235 Bounce:                0 kB
1777826698.248330235 WritebackTmp:          0 kB
1777826698.248330235 CommitLimit:     3537964 kB
1777826698.248330235 Committed_AS:     405192 kB
1777826698.248330235 VmallocTotal:   135288315904 kB
1777826698.248330235 VmallocUsed:       19416 kB
1777826698.248330235 VmallocChunk:          0 kB
1777826698.248330235 Percpu:             1456 kB
1777826698.248330235 AnonHugePages:         0 kB
1777826698.248330235 ShmemHugePages:        0 kB
1777826698.248330235 ShmemPmdMapped:        0 kB
1777826698.248330235 FileHugePages:         0 kB
1777826698.248330235 FilePmdMapped:         0 kB
1777826698.248330235 CmaTotal:          65536 kB
1777826698.248330235 CmaFree:           49104 kB
1777826698.248330235 Balloon:               0 kB
1777826698.248330235 HugePages_Total:     512
1777826698.248330235 HugePages_Free:      488
1777826698.248330235 HugePages_Rsvd:        0
1777826698.248330235 HugePages_Surp:        0
1777826698.248330235 Hugepagesize:       2048 kB
1777826698.248330235 Hugetlb:         1048576 kB
1777826699.260652600 MemTotal:        8124504 kB
1777826699.260652600 MemFree:         6345808 kB
1777826699.260652600 MemAvailable:    6663964 kB
1777826699.260652600 Buffers:           30556 kB
1777826699.260652600 Cached:           417348 kB
1777826699.260652600 SwapCached:            0 kB
1777826699.260652600 Active:           428640 kB
1777826699.260652600 Inactive:         107184 kB
1777826699.260652600 Active(anon):      93080 kB
1777826699.260652600 Inactive(anon):        0 kB
1777826699.260652600 Active(file):     335560 kB
1777826699.260652600 Inactive(file):   107184 kB
1777826699.260652600 Unevictable:           0 kB
1777826699.260652600 Mlocked:               0 kB
1777826699.260652600 SwapTotal:             0 kB
1777826699.260652600 SwapFree:              0 kB
1777826699.260652600 Zswap:                 0 kB
1777826699.260652600 Zswapped:              0 kB
1777826699.260652600 Dirty:                52 kB
1777826699.260652600 Writeback:             0 kB
1777826699.260652600 AnonPages:         88024 kB
1777826699.260652600 Mapped:            89096 kB
1777826699.260652600 Shmem:              5248 kB
1777826699.260652600 KReclaimable:      30340 kB
1777826699.260652600 Slab:             117488 kB
1777826699.260652600 SReclaimable:      30340 kB
1777826699.260652600 SUnreclaim:        87148 kB
1777826699.260652600 KernelStack:        3104 kB
1777826699.260652600 PageTables:         3784 kB
1777826699.260652600 SecPageTables:         0 kB
1777826699.260652600 NFS_Unstable:          0 kB
1777826699.260652600 Bounce:                0 kB
1777826699.260652600 WritebackTmp:          0 kB
1777826699.260652600 CommitLimit:     3537964 kB
1777826699.260652600 Committed_AS:     405192 kB
1777826699.260652600 VmallocTotal:   135288315904 kB
1777826699.260652600 VmallocUsed:       19400 kB
1777826699.260652600 VmallocChunk:          0 kB
1777826699.260652600 Percpu:             1456 kB
1777826699.260652600 AnonHugePages:         0 kB
1777826699.260652600 ShmemHugePages:        0 kB
1777826699.260652600 ShmemPmdMapped:        0 kB
1777826699.260652600 FileHugePages:         0 kB
1777826699.260652600 FilePmdMapped:         0 kB
1777826699.260652600 CmaTotal:          65536 kB
1777826699.260652600 CmaFree:           49104 kB
1777826699.260652600 Balloon:               0 kB
1777826699.260652600 HugePages_Total:     512
1777826699.260652600 HugePages_Free:      488
1777826699.260652600 HugePages_Rsvd:        0
1777826699.260652600 HugePages_Surp:        0
1777826699.260652600 Hugepagesize:       2048 kB
1777826699.260652600 Hugetlb:         1048576 kB
1777826700.269329796 MemTotal:        8124504 kB
1777826700.269329796 MemFree:         6345256 kB
1777826700.269329796 MemAvailable:    6663412 kB
1777826700.269329796 Buffers:           30556 kB
1777826700.269329796 Cached:           417352 kB
1777826700.269329796 SwapCached:            0 kB
1777826700.269329796 Active:           428780 kB
1777826700.269329796 Inactive:         107188 kB
1777826700.269329796 Active(anon):      93224 kB
1777826700.269329796 Inactive(anon):        0 kB
1777826700.269329796 Active(file):     335556 kB
1777826700.269329796 Inactive(file):   107188 kB
1777826700.269329796 Unevictable:           0 kB
1777826700.269329796 Mlocked:               0 kB
1777826700.269329796 SwapTotal:             0 kB
1777826700.269329796 SwapFree:              0 kB
1777826700.269329796 Zswap:                 0 kB
1777826700.269329796 Zswapped:              0 kB
1777826700.269329796 Dirty:                68 kB
1777826700.269329796 Writeback:             0 kB
1777826700.269329796 AnonPages:         88112 kB
1777826700.269329796 Mapped:            88964 kB
1777826700.269329796 Shmem:              5248 kB
1777826700.269329796 KReclaimable:      30340 kB
1777826700.269329796 Slab:             117492 kB
1777826700.269329796 SReclaimable:      30340 kB
1777826700.269329796 SUnreclaim:        87152 kB
1777826700.269329796 KernelStack:        3104 kB
1777826700.269329796 PageTables:         3760 kB
1777826700.269329796 SecPageTables:         0 kB
1777826700.269329796 NFS_Unstable:          0 kB
1777826700.269329796 Bounce:                0 kB
1777826700.269329796 WritebackTmp:          0 kB
1777826700.269329796 CommitLimit:     3537964 kB
1777826700.269329796 Committed_AS:     405192 kB
1777826700.269329796 VmallocTotal:   135288315904 kB
1777826700.269329796 VmallocUsed:       19400 kB
1777826700.269329796 VmallocChunk:          0 kB
1777826700.269329796 Percpu:             1456 kB
1777826700.269329796 AnonHugePages:         0 kB
1777826700.269329796 ShmemHugePages:        0 kB
1777826700.269329796 ShmemPmdMapped:        0 kB
1777826700.269329796 FileHugePages:         0 kB
1777826700.269329796 FilePmdMapped:         0 kB
1777826700.269329796 CmaTotal:          65536 kB
1777826700.269329796 CmaFree:           49104 kB
1777826700.269329796 Balloon:               0 kB
1777826700.269329796 HugePages_Total:     512
1777826700.269329796 HugePages_Free:      488
1777826700.269329796 HugePages_Rsvd:        0
1777826700.269329796 HugePages_Surp:        0
1777826700.269329796 Hugepagesize:       2048 kB
1777826700.269329796 Hugetlb:         1048576 kB
1777826701.280004105 MemTotal:        8124504 kB
1777826701.280004105 MemFree:         6345876 kB
1777826701.280004105 MemAvailable:    6664040 kB
1777826701.280004105 Buffers:           30556 kB
1777826701.280004105 Cached:           417356 kB
1777826701.280004105 SwapCached:            0 kB
1777826701.280004105 Active:           428688 kB
1777826701.280004105 Inactive:         107192 kB
1777826701.280004105 Active(anon):      93128 kB
1777826701.280004105 Inactive(anon):        0 kB
1777826701.280004105 Active(file):     335560 kB
1777826701.280004105 Inactive(file):   107192 kB
1777826701.280004105 Unevictable:           0 kB
1777826701.280004105 Mlocked:               0 kB
1777826701.280004105 SwapTotal:             0 kB
1777826701.280004105 SwapFree:              0 kB
1777826701.280004105 Zswap:                 0 kB
1777826701.280004105 Zswapped:              0 kB
1777826701.280004105 Dirty:                72 kB
1777826701.280004105 Writeback:             0 kB
1777826701.280004105 AnonPages:         88036 kB
1777826701.280004105 Mapped:            89004 kB
1777826701.280004105 Shmem:              5248 kB
1777826701.280004105 KReclaimable:      30340 kB
1777826701.280004105 Slab:             117492 kB
1777826701.280004105 SReclaimable:      30340 kB
1777826701.280004105 SUnreclaim:        87152 kB
1777826701.280004105 KernelStack:        3088 kB
1777826701.280004105 PageTables:         3736 kB
1777826701.280004105 SecPageTables:         0 kB
1777826701.280004105 NFS_Unstable:          0 kB
1777826701.280004105 Bounce:                0 kB
1777826701.280004105 WritebackTmp:          0 kB
1777826701.280004105 CommitLimit:     3537964 kB
1777826701.280004105 Committed_AS:     405192 kB
1777826701.280004105 VmallocTotal:   135288315904 kB
1777826701.280004105 VmallocUsed:       19416 kB
1777826701.280004105 VmallocChunk:          0 kB
1777826701.280004105 Percpu:             1456 kB
1777826701.280004105 AnonHugePages:         0 kB
1777826701.280004105 ShmemHugePages:        0 kB
1777826701.280004105 ShmemPmdMapped:        0 kB
1777826701.280004105 FileHugePages:         0 kB
1777826701.280004105 FilePmdMapped:         0 kB
1777826701.280004105 CmaTotal:          65536 kB
1777826701.280004105 CmaFree:           49104 kB
1777826701.280004105 Balloon:               0 kB
1777826701.280004105 HugePages_Total:     512
1777826701.280004105 HugePages_Free:      488
1777826701.280004105 HugePages_Rsvd:        0
1777826701.280004105 HugePages_Surp:        0
1777826701.280004105 Hugepagesize:       2048 kB
1777826701.280004105 Hugetlb:         1048576 kB
1777826702.286840930 MemTotal:        8124504 kB
1777826702.286840930 MemFree:         6345740 kB
1777826702.286840930 MemAvailable:    6663912 kB
1777826702.286840930 Buffers:           30556 kB
1777826702.286840930 Cached:           417364 kB
1777826702.286840930 SwapCached:            0 kB
1777826702.286840930 Active:           428604 kB
1777826702.286840930 Inactive:         107200 kB
1777826702.286840930 Active(anon):      93044 kB
1777826702.286840930 Inactive(anon):        0 kB
1777826702.286840930 Active(file):     335560 kB
1777826702.286840930 Inactive(file):   107200 kB
1777826702.286840930 Unevictable:           0 kB
1777826702.286840930 Mlocked:               0 kB
1777826702.286840930 SwapTotal:             0 kB
1777826702.286840930 SwapFree:              0 kB
1777826702.286840930 Zswap:                 0 kB
1777826702.286840930 Zswapped:              0 kB
1777826702.286840930 Dirty:              1768 kB
1777826702.286840930 Writeback:             0 kB
1777826702.286840930 AnonPages:         88032 kB
1777826702.286840930 Mapped:            88940 kB
1777826702.286840930 Shmem:              5248 kB
1777826702.286840930 KReclaimable:      30340 kB
1777826702.286840930 Slab:             117496 kB
1777826702.286840930 SReclaimable:      30340 kB
1777826702.286840930 SUnreclaim:        87156 kB
1777826702.286840930 KernelStack:        3104 kB
1777826702.286840930 PageTables:         4004 kB
1777826702.286840930 SecPageTables:         0 kB
1777826702.286840930 NFS_Unstable:          0 kB
1777826702.286840930 Bounce:                0 kB
1777826702.286840930 WritebackTmp:          0 kB
1777826702.286840930 CommitLimit:     3537964 kB
1777826702.286840930 Committed_AS:     405192 kB
1777826702.286840930 VmallocTotal:   135288315904 kB
1777826702.286840930 VmallocUsed:       19400 kB
1777826702.286840930 VmallocChunk:          0 kB
1777826702.286840930 Percpu:             1456 kB
1777826702.286840930 AnonHugePages:         0 kB
1777826702.286840930 ShmemHugePages:        0 kB
1777826702.286840930 ShmemPmdMapped:        0 kB
1777826702.286840930 FileHugePages:         0 kB
1777826702.286840930 FilePmdMapped:         0 kB
1777826702.286840930 CmaTotal:          65536 kB
1777826702.286840930 CmaFree:           49104 kB
1777826702.286840930 Balloon:               0 kB
1777826702.286840930 HugePages_Total:     512
1777826702.286840930 HugePages_Free:      488
1777826702.286840930 HugePages_Rsvd:        0
1777826702.286840930 HugePages_Surp:        0
1777826702.286840930 Hugepagesize:       2048 kB
1777826702.286840930 Hugetlb:         1048576 kB
1777826703.297780275 MemTotal:        8124504 kB
1777826703.297780275 MemFree:         6344660 kB
1777826703.297780275 MemAvailable:    6662840 kB
1777826703.297780275 Buffers:           30564 kB
1777826703.297780275 Cached:           417368 kB
1777826703.297780275 SwapCached:            0 kB
1777826703.297780275 Active:           428640 kB
1777826703.297780275 Inactive:         107208 kB
1777826703.297780275 Active(anon):      93080 kB
1777826703.297780275 Inactive(anon):        0 kB
1777826703.297780275 Active(file):     335560 kB
1777826703.297780275 Inactive(file):   107208 kB
1777826703.297780275 Unevictable:           0 kB
1777826703.297780275 Mlocked:               0 kB
1777826703.297780275 SwapTotal:             0 kB
1777826703.297780275 SwapFree:              0 kB
1777826703.297780275 Zswap:                 0 kB
1777826703.297780275 Zswapped:              0 kB
1777826703.297780275 Dirty:              1788 kB
1777826703.297780275 Writeback:             0 kB
1777826703.297780275 AnonPages:         87924 kB
1777826703.297780275 Mapped:            89196 kB
1777826703.297780275 Shmem:              5248 kB
1777826703.297780275 KReclaimable:      30344 kB
1777826703.297780275 Slab:             117492 kB
1777826703.297780275 SReclaimable:      30344 kB
1777826703.297780275 SUnreclaim:        87148 kB
1777826703.297780275 KernelStack:        3112 kB
1777826703.297780275 PageTables:         3876 kB
1777826703.297780275 SecPageTables:         0 kB
1777826703.297780275 NFS_Unstable:          0 kB
1777826703.297780275 Bounce:                0 kB
1777826703.297780275 WritebackTmp:          0 kB
1777826703.297780275 CommitLimit:     3537964 kB
1777826703.297780275 Committed_AS:     405192 kB
1777826703.297780275 VmallocTotal:   135288315904 kB
1777826703.297780275 VmallocUsed:       19384 kB
1777826703.297780275 VmallocChunk:          0 kB
1777826703.297780275 Percpu:             1456 kB
1777826703.297780275 AnonHugePages:         0 kB
1777826703.297780275 ShmemHugePages:        0 kB
1777826703.297780275 ShmemPmdMapped:        0 kB
1777826703.297780275 FileHugePages:         0 kB
1777826703.297780275 FilePmdMapped:         0 kB
1777826703.297780275 CmaTotal:          65536 kB
1777826703.297780275 CmaFree:           49104 kB
1777826703.297780275 Balloon:               0 kB
1777826703.297780275 HugePages_Total:     512
1777826703.297780275 HugePages_Free:      488
1777826703.297780275 HugePages_Rsvd:        0
1777826703.297780275 HugePages_Surp:        0
1777826703.297780275 Hugepagesize:       2048 kB
1777826703.297780275 Hugetlb:         1048576 kB
1777826704.307341732 MemTotal:        8124504 kB
1777826704.307341732 MemFree:         6346596 kB
1777826704.307341732 MemAvailable:    6664780 kB
1777826704.307341732 Buffers:           30564 kB
1777826704.307341732 Cached:           417372 kB
1777826704.307341732 SwapCached:            0 kB
1777826704.307341732 Active:           429124 kB
1777826704.307341732 Inactive:         107212 kB
1777826704.307341732 Active(anon):      93564 kB
1777826704.307341732 Inactive(anon):        0 kB
1777826704.307341732 Active(file):     335560 kB
1777826704.307341732 Inactive(file):   107212 kB
1777826704.307341732 Unevictable:           0 kB
1777826704.307341732 Mlocked:               0 kB
1777826704.307341732 SwapTotal:             0 kB
1777826704.307341732 SwapFree:              0 kB
1777826704.307341732 Zswap:                 0 kB
1777826704.307341732 Zswapped:              0 kB
1777826704.307341732 Dirty:              1792 kB
1777826704.307341732 Writeback:             0 kB
1777826704.307341732 AnonPages:         88332 kB
1777826704.307341732 Mapped:            89152 kB
1777826704.307341732 Shmem:              5248 kB
1777826704.307341732 KReclaimable:      30344 kB
1777826704.307341732 Slab:             117472 kB
1777826704.307341732 SReclaimable:      30344 kB
1777826704.307341732 SUnreclaim:        87128 kB
1777826704.307341732 KernelStack:        3128 kB
1777826704.307341732 PageTables:         4016 kB
1777826704.307341732 SecPageTables:         0 kB
1777826704.307341732 NFS_Unstable:          0 kB
1777826704.307341732 Bounce:                0 kB
1777826704.307341732 WritebackTmp:          0 kB
1777826704.307341732 CommitLimit:     3537964 kB
1777826704.307341732 Committed_AS:     405672 kB
1777826704.307341732 VmallocTotal:   135288315904 kB
1777826704.307341732 VmallocUsed:       19416 kB
1777826704.307341732 VmallocChunk:          0 kB
1777826704.307341732 Percpu:             1456 kB
1777826704.307341732 AnonHugePages:         0 kB
1777826704.307341732 ShmemHugePages:        0 kB
1777826704.307341732 ShmemPmdMapped:        0 kB
1777826704.307341732 FileHugePages:         0 kB
1777826704.307341732 FilePmdMapped:         0 kB
1777826704.307341732 CmaTotal:          65536 kB
1777826704.307341732 CmaFree:           49104 kB
1777826704.307341732 Balloon:               0 kB
1777826704.307341732 HugePages_Total:     512
1777826704.307341732 HugePages_Free:      488
1777826704.307341732 HugePages_Rsvd:        0
1777826704.307341732 HugePages_Surp:        0
1777826704.307341732 Hugepagesize:       2048 kB
1777826704.307341732 Hugetlb:         1048576 kB
1777826705.318928522 MemTotal:        8124504 kB
1777826705.318928522 MemFree:         6346604 kB
1777826705.318928522 MemAvailable:    6664792 kB
1777826705.318928522 Buffers:           30564 kB
1777826705.318928522 Cached:           417380 kB
1777826705.318928522 SwapCached:            0 kB
1777826705.318928522 Active:           428488 kB
1777826705.318928522 Inactive:         107220 kB
1777826705.318928522 Active(anon):      92932 kB
1777826705.318928522 Inactive(anon):        0 kB
1777826705.318928522 Active(file):     335556 kB
1777826705.318928522 Inactive(file):   107220 kB
1777826705.318928522 Unevictable:           0 kB
1777826705.318928522 Mlocked:               0 kB
1777826705.318928522 SwapTotal:             0 kB
1777826705.318928522 SwapFree:              0 kB
1777826705.318928522 Zswap:                 0 kB
1777826705.318928522 Zswapped:              0 kB
1777826705.318928522 Dirty:              1800 kB
1777826705.318928522 Writeback:             0 kB
1777826705.318928522 AnonPages:         87956 kB
1777826705.318928522 Mapped:            89156 kB
1777826705.318928522 Shmem:              5248 kB
1777826705.318928522 KReclaimable:      30344 kB
1777826705.318928522 Slab:             117492 kB
1777826705.318928522 SReclaimable:      30344 kB
1777826705.318928522 SUnreclaim:        87148 kB
1777826705.318928522 KernelStack:        3072 kB
1777826705.318928522 PageTables:         3660 kB
1777826705.318928522 SecPageTables:         0 kB
1777826705.318928522 NFS_Unstable:          0 kB
1777826705.318928522 Bounce:                0 kB
1777826705.318928522 WritebackTmp:          0 kB
1777826705.318928522 CommitLimit:     3537964 kB
1777826705.318928522 Committed_AS:     405308 kB
1777826705.318928522 VmallocTotal:   135288315904 kB
1777826705.318928522 VmallocUsed:       19368 kB
1777826705.318928522 VmallocChunk:          0 kB
1777826705.318928522 Percpu:             1456 kB
1777826705.318928522 AnonHugePages:         0 kB
1777826705.318928522 ShmemHugePages:        0 kB
1777826705.318928522 ShmemPmdMapped:        0 kB
1777826705.318928522 FileHugePages:         0 kB
1777826705.318928522 FilePmdMapped:         0 kB
1777826705.318928522 CmaTotal:          65536 kB
1777826705.318928522 CmaFree:           49104 kB
1777826705.318928522 Balloon:               0 kB
1777826705.318928522 HugePages_Total:     512
1777826705.318928522 HugePages_Free:      488
1777826705.318928522 HugePages_Rsvd:        0
1777826705.318928522 HugePages_Surp:        0
1777826705.318928522 Hugepagesize:       2048 kB
1777826705.318928522 Hugetlb:         1048576 kB
1777826706.333759240 MemTotal:        8124504 kB
1777826706.333759240 MemFree:         6345576 kB
1777826706.333759240 MemAvailable:    6663772 kB
1777826706.333759240 Buffers:           30564 kB
1777826706.333759240 Cached:           417384 kB
1777826706.333759240 SwapCached:            0 kB
1777826706.333759240 Active:           428652 kB
1777826706.333759240 Inactive:         107228 kB
1777826706.333759240 Active(anon):      93096 kB
1777826706.333759240 Inactive(anon):        0 kB
1777826706.333759240 Active(file):     335556 kB
1777826706.333759240 Inactive(file):   107228 kB
1777826706.333759240 Unevictable:           0 kB
1777826706.333759240 Mlocked:               0 kB
1777826706.333759240 SwapTotal:             0 kB
1777826706.333759240 SwapFree:              0 kB
1777826706.333759240 Zswap:                 0 kB
1777826706.333759240 Zswapped:              0 kB
1777826706.333759240 Dirty:              1804 kB
1777826706.333759240 Writeback:             0 kB
1777826706.333759240 AnonPages:         87996 kB
1777826706.333759240 Mapped:            88964 kB
1777826706.333759240 Shmem:              5248 kB
1777826706.333759240 KReclaimable:      30344 kB
1777826706.333759240 Slab:             117484 kB
1777826706.333759240 SReclaimable:      30344 kB
1777826706.333759240 SUnreclaim:        87140 kB
1777826706.333759240 KernelStack:        3088 kB
1777826706.333759240 PageTables:         3700 kB
1777826706.333759240 SecPageTables:         0 kB
1777826706.333759240 NFS_Unstable:          0 kB
1777826706.333759240 Bounce:                0 kB
1777826706.333759240 WritebackTmp:          0 kB
1777826706.333759240 CommitLimit:     3537964 kB
1777826706.333759240 Committed_AS:     405192 kB
1777826706.333759240 VmallocTotal:   135288315904 kB
1777826706.333759240 VmallocUsed:       19384 kB
1777826706.333759240 VmallocChunk:          0 kB
1777826706.333759240 Percpu:             1456 kB
1777826706.333759240 AnonHugePages:         0 kB
1777826706.333759240 ShmemHugePages:        0 kB
1777826706.333759240 ShmemPmdMapped:        0 kB
1777826706.333759240 FileHugePages:         0 kB
1777826706.333759240 FilePmdMapped:         0 kB
1777826706.333759240 CmaTotal:          65536 kB
1777826706.333759240 CmaFree:           49104 kB
1777826706.333759240 Balloon:               0 kB
1777826706.333759240 HugePages_Total:     512
1777826706.333759240 HugePages_Free:      488
1777826706.333759240 HugePages_Rsvd:        0
1777826706.333759240 HugePages_Surp:        0
1777826706.333759240 Hugepagesize:       2048 kB
1777826706.333759240 Hugetlb:         1048576 kB
1777826707.345177364 MemTotal:        8124504 kB
1777826707.345177364 MemFree:         6344064 kB
1777826707.345177364 MemAvailable:    6662264 kB
1777826707.345177364 Buffers:           30564 kB
1777826707.345177364 Cached:           417388 kB
1777826707.345177364 SwapCached:            0 kB
1777826707.345177364 Active:           428632 kB
1777826707.345177364 Inactive:         107232 kB
1777826707.345177364 Active(anon):      93076 kB
1777826707.345177364 Inactive(anon):        0 kB
1777826707.345177364 Active(file):     335556 kB
1777826707.345177364 Inactive(file):   107232 kB
1777826707.345177364 Unevictable:           0 kB
1777826707.345177364 Mlocked:               0 kB
1777826707.345177364 SwapTotal:             0 kB
1777826707.345177364 SwapFree:              0 kB
1777826707.345177364 Zswap:                 0 kB
1777826707.345177364 Zswapped:              0 kB
1777826707.345177364 Dirty:              1748 kB
1777826707.345177364 Writeback:             0 kB
1777826707.345177364 AnonPages:         88040 kB
1777826707.345177364 Mapped:            89004 kB
1777826707.345177364 Shmem:              5248 kB
1777826707.345177364 KReclaimable:      30344 kB
1777826707.345177364 Slab:             117592 kB
1777826707.345177364 SReclaimable:      30344 kB
1777826707.345177364 SUnreclaim:        87248 kB
1777826707.345177364 KernelStack:        3088 kB
1777826707.345177364 PageTables:         3724 kB
1777826707.345177364 SecPageTables:         0 kB
1777826707.345177364 NFS_Unstable:          0 kB
1777826707.345177364 Bounce:                0 kB
1777826707.345177364 WritebackTmp:          0 kB
1777826707.345177364 CommitLimit:     3537964 kB
1777826707.345177364 Committed_AS:     405192 kB
1777826707.345177364 VmallocTotal:   135288315904 kB
1777826707.345177364 VmallocUsed:       19400 kB
1777826707.345177364 VmallocChunk:          0 kB
1777826707.345177364 Percpu:             1456 kB
1777826707.345177364 AnonHugePages:         0 kB
1777826707.345177364 ShmemHugePages:        0 kB
1777826707.345177364 ShmemPmdMapped:        0 kB
1777826707.345177364 FileHugePages:         0 kB
1777826707.345177364 FilePmdMapped:         0 kB
1777826707.345177364 CmaTotal:          65536 kB
1777826707.345177364 CmaFree:           49104 kB
1777826707.345177364 Balloon:               0 kB
1777826707.345177364 HugePages_Total:     512
1777826707.345177364 HugePages_Free:      488
1777826707.345177364 HugePages_Rsvd:        0
1777826707.345177364 HugePages_Surp:        0
1777826707.345177364 Hugepagesize:       2048 kB
1777826707.345177364 Hugetlb:         1048576 kB
1777826708.356920080 MemTotal:        8124504 kB
1777826708.356920080 MemFree:         6344296 kB
1777826708.356920080 MemAvailable:    6662500 kB
1777826708.356920080 Buffers:           30568 kB
1777826708.356920080 Cached:           417392 kB
1777826708.356920080 SwapCached:            0 kB
1777826708.356920080 Active:           428652 kB
1777826708.356920080 Inactive:         107236 kB
1777826708.356920080 Active(anon):      93096 kB
1777826708.356920080 Inactive(anon):        0 kB
1777826708.356920080 Active(file):     335556 kB
1777826708.356920080 Inactive(file):   107236 kB
1777826708.356920080 Unevictable:           0 kB
1777826708.356920080 Mlocked:               0 kB
1777826708.356920080 SwapTotal:             0 kB
1777826708.356920080 SwapFree:              0 kB
1777826708.356920080 Zswap:                 0 kB
1777826708.356920080 Zswapped:              0 kB
1777826708.356920080 Dirty:              1756 kB
1777826708.356920080 Writeback:             0 kB
1777826708.356920080 AnonPages:         87992 kB
1777826708.356920080 Mapped:            88964 kB
1777826708.356920080 Shmem:              5248 kB
1777826708.356920080 KReclaimable:      30344 kB
1777826708.356920080 Slab:             117528 kB
1777826708.356920080 SReclaimable:      30344 kB
1777826708.356920080 SUnreclaim:        87184 kB
1777826708.356920080 KernelStack:        3088 kB
1777826708.356920080 PageTables:         3696 kB
1777826708.356920080 SecPageTables:         0 kB
1777826708.356920080 NFS_Unstable:          0 kB
1777826708.356920080 Bounce:                0 kB
1777826708.356920080 WritebackTmp:          0 kB
1777826708.356920080 CommitLimit:     3537964 kB
1777826708.356920080 Committed_AS:     405192 kB
1777826708.356920080 VmallocTotal:   135288315904 kB
1777826708.356920080 VmallocUsed:       19400 kB
1777826708.356920080 VmallocChunk:          0 kB
1777826708.356920080 Percpu:             1456 kB
1777826708.356920080 AnonHugePages:         0 kB
1777826708.356920080 ShmemHugePages:        0 kB
1777826708.356920080 ShmemPmdMapped:        0 kB
1777826708.356920080 FileHugePages:         0 kB
1777826708.356920080 FilePmdMapped:         0 kB
1777826708.356920080 CmaTotal:          65536 kB
1777826708.356920080 CmaFree:           49104 kB
1777826708.356920080 Balloon:               0 kB
1777826708.356920080 HugePages_Total:     512
1777826708.356920080 HugePages_Free:      488
1777826708.356920080 HugePages_Rsvd:        0
1777826708.356920080 HugePages_Surp:        0
1777826708.356920080 Hugepagesize:       2048 kB
1777826708.356920080 Hugetlb:         1048576 kB
1777826709.371277946 MemTotal:        8124504 kB
1777826709.371277946 MemFree:         6343728 kB
1777826709.371277946 MemAvailable:    6661948 kB
1777826709.371277946 Buffers:           30572 kB
1777826709.371277946 Cached:           417396 kB
1777826709.371277946 SwapCached:            0 kB
1777826709.371277946 Active:           428688 kB
1777826709.371277946 Inactive:         107248 kB
1777826709.371277946 Active(anon):      93128 kB
1777826709.371277946 Inactive(anon):        0 kB
1777826709.371277946 Active(file):     335560 kB
1777826709.371277946 Inactive(file):   107248 kB
1777826709.371277946 Unevictable:           0 kB
1777826709.371277946 Mlocked:               0 kB
1777826709.371277946 SwapTotal:             0 kB
1777826709.371277946 SwapFree:              0 kB
1777826709.371277946 Zswap:                 0 kB
1777826709.371277946 Zswapped:              0 kB
1777826709.371277946 Dirty:              1756 kB
1777826709.371277946 Writeback:             0 kB
1777826709.371277946 AnonPages:         88040 kB
1777826709.371277946 Mapped:            89004 kB
1777826709.371277946 Shmem:              5248 kB
1777826709.371277946 KReclaimable:      30344 kB
1777826709.371277946 Slab:             117520 kB
1777826709.371277946 SReclaimable:      30344 kB
1777826709.371277946 SUnreclaim:        87176 kB
1777826709.371277946 KernelStack:        3088 kB
1777826709.371277946 PageTables:         3716 kB
1777826709.371277946 SecPageTables:         0 kB
1777826709.371277946 NFS_Unstable:          0 kB
1777826709.371277946 Bounce:                0 kB
1777826709.371277946 WritebackTmp:          0 kB
1777826709.371277946 CommitLimit:     3537964 kB
1777826709.371277946 Committed_AS:     405192 kB
1777826709.371277946 VmallocTotal:   135288315904 kB
1777826709.371277946 VmallocUsed:       19384 kB
1777826709.371277946 VmallocChunk:          0 kB
1777826709.371277946 Percpu:             1456 kB
1777826709.371277946 AnonHugePages:         0 kB
1777826709.371277946 ShmemHugePages:        0 kB
1777826709.371277946 ShmemPmdMapped:        0 kB
1777826709.371277946 FileHugePages:         0 kB
1777826709.371277946 FilePmdMapped:         0 kB
1777826709.371277946 CmaTotal:          65536 kB
1777826709.371277946 CmaFree:           49104 kB
1777826709.371277946 Balloon:               0 kB
1777826709.371277946 HugePages_Total:     512
1777826709.371277946 HugePages_Free:      488
1777826709.371277946 HugePages_Rsvd:        0
1777826709.371277946 HugePages_Surp:        0
1777826709.371277946 Hugepagesize:       2048 kB
1777826709.371277946 Hugetlb:         1048576 kB
1777826710.382120736 MemTotal:        8124504 kB
1777826710.382120736 MemFree:         6344456 kB
1777826710.382120736 MemAvailable:    6662676 kB
1777826710.382120736 Buffers:           30572 kB
1777826710.382120736 Cached:           417400 kB
1777826710.382120736 SwapCached:            0 kB
1777826710.382120736 Active:           428776 kB
1777826710.382120736 Inactive:         107252 kB
1777826710.382120736 Active(anon):      93220 kB
1777826710.382120736 Inactive(anon):        0 kB
1777826710.382120736 Active(file):     335556 kB
1777826710.382120736 Inactive(file):   107252 kB
1777826710.382120736 Unevictable:           0 kB
1777826710.382120736 Mlocked:               0 kB
1777826710.382120736 SwapTotal:             0 kB
1777826710.382120736 SwapFree:              0 kB
1777826710.382120736 Zswap:                 0 kB
1777826710.382120736 Zswapped:              0 kB
1777826710.382120736 Dirty:              1760 kB
1777826710.382120736 Writeback:             0 kB
1777826710.382120736 AnonPages:         88036 kB
1777826710.382120736 Mapped:            89004 kB
1777826710.382120736 Shmem:              5248 kB
1777826710.382120736 KReclaimable:      30344 kB
1777826710.382120736 Slab:             117528 kB
1777826710.382120736 SReclaimable:      30344 kB
1777826710.382120736 SUnreclaim:        87184 kB
1777826710.382120736 KernelStack:        3088 kB
1777826710.382120736 PageTables:         3728 kB
1777826710.382120736 SecPageTables:         0 kB
1777826710.382120736 NFS_Unstable:          0 kB
1777826710.382120736 Bounce:                0 kB
1777826710.382120736 WritebackTmp:          0 kB
1777826710.382120736 CommitLimit:     3537964 kB
1777826710.382120736 Committed_AS:     405192 kB
1777826710.382120736 VmallocTotal:   135288315904 kB
1777826710.382120736 VmallocUsed:       19400 kB
1777826710.382120736 VmallocChunk:          0 kB
1777826710.382120736 Percpu:             1456 kB
1777826710.382120736 AnonHugePages:         0 kB
1777826710.382120736 ShmemHugePages:        0 kB
1777826710.382120736 ShmemPmdMapped:        0 kB
1777826710.382120736 FileHugePages:         0 kB
1777826710.382120736 FilePmdMapped:         0 kB
1777826710.382120736 CmaTotal:          65536 kB
1777826710.382120736 CmaFree:           49104 kB
1777826710.382120736 Balloon:               0 kB
1777826710.382120736 HugePages_Total:     512
1777826710.382120736 HugePages_Free:      488
1777826710.382120736 HugePages_Rsvd:        0
1777826710.382120736 HugePages_Surp:        0
1777826710.382120736 Hugepagesize:       2048 kB
1777826710.382120736 Hugetlb:         1048576 kB
1777826711.394922213 MemTotal:        8124504 kB
1777826711.394922213 MemFree:         6345428 kB
1777826711.394922213 MemAvailable:    6663656 kB
1777826711.394922213 Buffers:           30572 kB
1777826711.394922213 Cached:           417408 kB
1777826711.394922213 SwapCached:            0 kB
1777826711.394922213 Active:           428756 kB
1777826711.394922213 Inactive:         107256 kB
1777826711.394922213 Active(anon):      93196 kB
1777826711.394922213 Inactive(anon):        0 kB
1777826711.394922213 Active(file):     335560 kB
1777826711.394922213 Inactive(file):   107256 kB
1777826711.394922213 Unevictable:           0 kB
1777826711.394922213 Mlocked:               0 kB
1777826711.394922213 SwapTotal:             0 kB
1777826711.394922213 SwapFree:              0 kB
1777826711.394922213 Zswap:                 0 kB
1777826711.394922213 Zswapped:              0 kB
1777826711.394922213 Dirty:              1768 kB
1777826711.394922213 Writeback:             0 kB
1777826711.394922213 AnonPages:         88108 kB
1777826711.394922213 Mapped:            89004 kB
1777826711.394922213 Shmem:              5248 kB
1777826711.394922213 KReclaimable:      30344 kB
1777826711.394922213 Slab:             117524 kB
1777826711.394922213 SReclaimable:      30344 kB
1777826711.394922213 SUnreclaim:        87180 kB
1777826711.394922213 KernelStack:        3088 kB
1777826711.394922213 PageTables:         3784 kB
1777826711.394922213 SecPageTables:         0 kB
1777826711.394922213 NFS_Unstable:          0 kB
1777826711.394922213 Bounce:                0 kB
1777826711.394922213 WritebackTmp:          0 kB
1777826711.394922213 CommitLimit:     3537964 kB
1777826711.394922213 Committed_AS:     405192 kB
1777826711.394922213 VmallocTotal:   135288315904 kB
1777826711.394922213 VmallocUsed:       19400 kB
1777826711.394922213 VmallocChunk:          0 kB
1777826711.394922213 Percpu:             1456 kB
1777826711.394922213 AnonHugePages:         0 kB
1777826711.394922213 ShmemHugePages:        0 kB
1777826711.394922213 ShmemPmdMapped:        0 kB
1777826711.394922213 FileHugePages:         0 kB
1777826711.394922213 FilePmdMapped:         0 kB
1777826711.394922213 CmaTotal:          65536 kB
1777826711.394922213 CmaFree:           49104 kB
1777826711.394922213 Balloon:               0 kB
1777826711.394922213 HugePages_Total:     512
1777826711.394922213 HugePages_Free:      488
1777826711.394922213 HugePages_Rsvd:        0
1777826711.394922213 HugePages_Surp:        0
1777826711.394922213 Hugepagesize:       2048 kB
1777826711.394922213 Hugetlb:         1048576 kB
1777826712.409469208 MemTotal:        8124504 kB
1777826712.409469208 MemFree:         6345536 kB
1777826712.409469208 MemAvailable:    6663768 kB
1777826712.409469208 Buffers:           30572 kB
1777826712.409469208 Cached:           417412 kB
1777826712.409469208 SwapCached:            0 kB
1777826712.409469208 Active:           428712 kB
1777826712.409469208 Inactive:         107260 kB
1777826712.409469208 Active(anon):      93152 kB
1777826712.409469208 Inactive(anon):        0 kB
1777826712.409469208 Active(file):     335560 kB
1777826712.409469208 Inactive(file):   107260 kB
1777826712.409469208 Unevictable:           0 kB
1777826712.409469208 Mlocked:               0 kB
1777826712.409469208 SwapTotal:             0 kB
1777826712.409469208 SwapFree:              0 kB
1777826712.409469208 Zswap:                 0 kB
1777826712.409469208 Zswapped:              0 kB
1777826712.409469208 Dirty:              1772 kB
1777826712.409469208 Writeback:             0 kB
1777826712.409469208 AnonPages:         88044 kB
1777826712.409469208 Mapped:            88964 kB
1777826712.409469208 Shmem:              5248 kB
1777826712.409469208 KReclaimable:      30344 kB
1777826712.409469208 Slab:             117528 kB
1777826712.409469208 SReclaimable:      30344 kB
1777826712.409469208 SUnreclaim:        87184 kB
1777826712.409469208 KernelStack:        3088 kB
1777826712.409469208 PageTables:         3724 kB
1777826712.409469208 SecPageTables:         0 kB
1777826712.409469208 NFS_Unstable:          0 kB
1777826712.409469208 Bounce:                0 kB
1777826712.409469208 WritebackTmp:          0 kB
1777826712.409469208 CommitLimit:     3537964 kB
1777826712.409469208 Committed_AS:     405192 kB
1777826712.409469208 VmallocTotal:   135288315904 kB
1777826712.409469208 VmallocUsed:       19400 kB
1777826712.409469208 VmallocChunk:          0 kB
1777826712.409469208 Percpu:             1456 kB
1777826712.409469208 AnonHugePages:         0 kB
1777826712.409469208 ShmemHugePages:        0 kB
1777826712.409469208 ShmemPmdMapped:        0 kB
1777826712.409469208 FileHugePages:         0 kB
1777826712.409469208 FilePmdMapped:         0 kB
1777826712.409469208 CmaTotal:          65536 kB
1777826712.409469208 CmaFree:           49104 kB
1777826712.409469208 Balloon:               0 kB
1777826712.409469208 HugePages_Total:     512
1777826712.409469208 HugePages_Free:      488
1777826712.409469208 HugePages_Rsvd:        0
1777826712.409469208 HugePages_Surp:        0
1777826712.409469208 Hugepagesize:       2048 kB
1777826712.409469208 Hugetlb:         1048576 kB
1777826713.418290775 MemTotal:        8124504 kB
1777826713.418290775 MemFree:         6344344 kB
1777826713.418290775 MemAvailable:    6662584 kB
1777826713.418290775 Buffers:           30576 kB
1777826713.418290775 Cached:           417416 kB
1777826713.418290775 SwapCached:            0 kB
1777826713.418290775 Active:           428572 kB
1777826713.418290775 Inactive:         107272 kB
1777826713.418290775 Active(anon):      93016 kB
1777826713.418290775 Inactive(anon):        0 kB
1777826713.418290775 Active(file):     335556 kB
1777826713.418290775 Inactive(file):   107272 kB
1777826713.418290775 Unevictable:           0 kB
1777826713.418290775 Mlocked:               0 kB
1777826713.418290775 SwapTotal:             0 kB
1777826713.418290775 SwapFree:              0 kB
1777826713.418290775 Zswap:                 0 kB
1777826713.418290775 Zswapped:              0 kB
1777826713.418290775 Dirty:              1780 kB
1777826713.418290775 Writeback:             0 kB
1777826713.418290775 AnonPages:         87988 kB
1777826713.418290775 Mapped:            88964 kB
1777826713.418290775 Shmem:              5248 kB
1777826713.418290775 KReclaimable:      30344 kB
1777826713.418290775 Slab:             117556 kB
1777826713.418290775 SReclaimable:      30344 kB
1777826713.418290775 SUnreclaim:        87212 kB
1777826713.418290775 KernelStack:        3088 kB
1777826713.418290775 PageTables:         3768 kB
1777826713.418290775 SecPageTables:         0 kB
1777826713.418290775 NFS_Unstable:          0 kB
1777826713.418290775 Bounce:                0 kB
1777826713.418290775 WritebackTmp:          0 kB
1777826713.418290775 CommitLimit:     3537964 kB
1777826713.418290775 Committed_AS:     405192 kB
1777826713.418290775 VmallocTotal:   135288315904 kB
1777826713.418290775 VmallocUsed:       19384 kB
1777826713.418290775 VmallocChunk:          0 kB
1777826713.418290775 Percpu:             1456 kB
1777826713.418290775 AnonHugePages:         0 kB
1777826713.418290775 ShmemHugePages:        0 kB
1777826713.418290775 ShmemPmdMapped:        0 kB
1777826713.418290775 FileHugePages:         0 kB
1777826713.418290775 FilePmdMapped:         0 kB
1777826713.418290775 CmaTotal:          65536 kB
1777826713.418290775 CmaFree:           49104 kB
1777826713.418290775 Balloon:               0 kB
1777826713.418290775 HugePages_Total:     512
1777826713.418290775 HugePages_Free:      488
1777826713.418290775 HugePages_Rsvd:        0
1777826713.418290775 HugePages_Surp:        0
1777826713.418290775 Hugepagesize:       2048 kB
1777826713.418290775 Hugetlb:         1048576 kB
1777826714.430796640 MemTotal:        8124504 kB
1777826714.430796640 MemFree:         6344348 kB
1777826714.430796640 MemAvailable:    6662596 kB
1777826714.430796640 Buffers:           30580 kB
1777826714.430796640 Cached:           417424 kB
1777826714.430796640 SwapCached:            0 kB
1777826714.430796640 Active:           428540 kB
1777826714.430796640 Inactive:         107284 kB
1777826714.430796640 Active(anon):      92988 kB
1777826714.430796640 Inactive(anon):        0 kB
1777826714.430796640 Active(file):     335552 kB
1777826714.430796640 Inactive(file):   107284 kB
1777826714.430796640 Unevictable:           0 kB
1777826714.430796640 Mlocked:               0 kB
1777826714.430796640 SwapTotal:             0 kB
1777826714.430796640 SwapFree:              0 kB
1777826714.430796640 Zswap:                 0 kB
1777826714.430796640 Zswapped:              0 kB
1777826714.430796640 Dirty:              1784 kB
1777826714.430796640 Writeback:             0 kB
1777826714.430796640 AnonPages:         87952 kB
1777826714.430796640 Mapped:            88964 kB
1777826714.430796640 Shmem:              5248 kB
1777826714.430796640 KReclaimable:      30344 kB
1777826714.430796640 Slab:             117548 kB
1777826714.430796640 SReclaimable:      30344 kB
1777826714.430796640 SUnreclaim:        87204 kB
1777826714.430796640 KernelStack:        3072 kB
1777826714.430796640 PageTables:         3656 kB
1777826714.430796640 SecPageTables:         0 kB
1777826714.430796640 NFS_Unstable:          0 kB
1777826714.430796640 Bounce:                0 kB
1777826714.430796640 WritebackTmp:          0 kB
1777826714.430796640 CommitLimit:     3537964 kB
1777826714.430796640 Committed_AS:     405192 kB
1777826714.430796640 VmallocTotal:   135288315904 kB
1777826714.430796640 VmallocUsed:       19352 kB
1777826714.430796640 VmallocChunk:          0 kB
1777826714.430796640 Percpu:             1456 kB
1777826714.430796640 AnonHugePages:         0 kB
1777826714.430796640 ShmemHugePages:        0 kB
1777826714.430796640 ShmemPmdMapped:        0 kB
1777826714.430796640 FileHugePages:         0 kB
1777826714.430796640 FilePmdMapped:         0 kB
1777826714.430796640 CmaTotal:          65536 kB
1777826714.430796640 CmaFree:           49104 kB
1777826714.430796640 Balloon:               0 kB
1777826714.430796640 HugePages_Total:     512
1777826714.430796640 HugePages_Free:      488
1777826714.430796640 HugePages_Rsvd:        0
1777826714.430796640 HugePages_Surp:        0
1777826714.430796640 Hugepagesize:       2048 kB
1777826714.430796640 Hugetlb:         1048576 kB
1777826715.443028820 MemTotal:        8124504 kB
1777826715.443028820 MemFree:         6344516 kB
1777826715.443028820 MemAvailable:    6662772 kB
1777826715.443028820 Buffers:           30580 kB
1777826715.443028820 Cached:           417424 kB
1777826715.443028820 SwapCached:            0 kB
1777826715.443028820 Active:           428680 kB
1777826715.443028820 Inactive:         107284 kB
1777826715.443028820 Active(anon):      93120 kB
1777826715.443028820 Inactive(anon):        0 kB
1777826715.443028820 Active(file):     335560 kB
1777826715.443028820 Inactive(file):   107284 kB
1777826715.443028820 Unevictable:           0 kB
1777826715.443028820 Mlocked:               0 kB
1777826715.443028820 SwapTotal:             0 kB
1777826715.443028820 SwapFree:              0 kB
1777826715.443028820 Zswap:                 0 kB
1777826715.443028820 Zswapped:              0 kB
1777826715.443028820 Dirty:              1784 kB
1777826715.443028820 Writeback:             0 kB
1777826715.443028820 AnonPages:         88044 kB
1777826715.443028820 Mapped:            89004 kB
1777826715.443028820 Shmem:              5248 kB
1777826715.443028820 KReclaimable:      30344 kB
1777826715.443028820 Slab:             117496 kB
1777826715.443028820 SReclaimable:      30344 kB
1777826715.443028820 SUnreclaim:        87152 kB
1777826715.443028820 KernelStack:        3088 kB
1777826715.443028820 PageTables:         3736 kB
1777826715.443028820 SecPageTables:         0 kB
1777826715.443028820 NFS_Unstable:          0 kB
1777826715.443028820 Bounce:                0 kB
1777826715.443028820 WritebackTmp:          0 kB
1777826715.443028820 CommitLimit:     3537964 kB
1777826715.443028820 Committed_AS:     405192 kB
1777826715.443028820 VmallocTotal:   135288315904 kB
1777826715.443028820 VmallocUsed:       19384 kB
1777826715.443028820 VmallocChunk:          0 kB
1777826715.443028820 Percpu:             1456 kB
1777826715.443028820 AnonHugePages:         0 kB
1777826715.443028820 ShmemHugePages:        0 kB
1777826715.443028820 ShmemPmdMapped:        0 kB
1777826715.443028820 FileHugePages:         0 kB
1777826715.443028820 FilePmdMapped:         0 kB
1777826715.443028820 CmaTotal:          65536 kB
1777826715.443028820 CmaFree:           49104 kB
1777826715.443028820 Balloon:               0 kB
1777826715.443028820 HugePages_Total:     512
1777826715.443028820 HugePages_Free:      488
1777826715.443028820 HugePages_Rsvd:        0
1777826715.443028820 HugePages_Surp:        0
1777826715.443028820 Hugepagesize:       2048 kB
1777826715.443028820 Hugetlb:         1048576 kB
1777826716.453699628 MemTotal:        8124504 kB
1777826716.453699628 MemFree:         6345080 kB
1777826716.453699628 MemAvailable:    6663340 kB
1777826716.453699628 Buffers:           30580 kB
1777826716.453699628 Cached:           417432 kB
1777826716.453699628 SwapCached:            0 kB
1777826716.453699628 Active:           428780 kB
1777826716.453699628 Inactive:         107288 kB
1777826716.453699628 Active(anon):      93220 kB
1777826716.453699628 Inactive(anon):        0 kB
1777826716.453699628 Active(file):     335560 kB
1777826716.453699628 Inactive(file):   107288 kB
1777826716.453699628 Unevictable:           0 kB
1777826716.453699628 Mlocked:               0 kB
1777826716.453699628 SwapTotal:             0 kB
1777826716.453699628 SwapFree:              0 kB
1777826716.453699628 Zswap:                 0 kB
1777826716.453699628 Zswapped:              0 kB
1777826716.453699628 Dirty:              1792 kB
1777826716.453699628 Writeback:             0 kB
1777826716.453699628 AnonPages:         88168 kB
1777826716.453699628 Mapped:            88940 kB
1777826716.453699628 Shmem:              5248 kB
1777826716.453699628 KReclaimable:      30344 kB
1777826716.453699628 Slab:             117516 kB
1777826716.453699628 SReclaimable:      30344 kB
1777826716.453699628 SUnreclaim:        87172 kB
1777826716.453699628 KernelStack:        3104 kB
1777826716.453699628 PageTables:         3824 kB
1777826716.453699628 SecPageTables:         0 kB
1777826716.453699628 NFS_Unstable:          0 kB
1777826716.453699628 Bounce:                0 kB
1777826716.453699628 WritebackTmp:          0 kB
1777826716.453699628 CommitLimit:     3537964 kB
1777826716.453699628 Committed_AS:     405192 kB
1777826716.453699628 VmallocTotal:   135288315904 kB
1777826716.453699628 VmallocUsed:       19368 kB
1777826716.453699628 VmallocChunk:          0 kB
1777826716.453699628 Percpu:             1456 kB
1777826716.453699628 AnonHugePages:         0 kB
1777826716.453699628 ShmemHugePages:        0 kB
1777826716.453699628 ShmemPmdMapped:        0 kB
1777826716.453699628 FileHugePages:         0 kB
1777826716.453699628 FilePmdMapped:         0 kB
1777826716.453699628 CmaTotal:          65536 kB
1777826716.453699628 CmaFree:           49104 kB
1777826716.453699628 Balloon:               0 kB
1777826716.453699628 HugePages_Total:     512
1777826716.453699628 HugePages_Free:      488
1777826716.453699628 HugePages_Rsvd:        0
1777826716.453699628 HugePages_Surp:        0
1777826716.453699628 Hugepagesize:       2048 kB
1777826716.453699628 Hugetlb:         1048576 kB
1777826717.464556807 MemTotal:        8124504 kB
1777826717.464556807 MemFree:         6344388 kB
1777826717.464556807 MemAvailable:    6662648 kB
1777826717.464556807 Buffers:           30580 kB
1777826717.464556807 Cached:           417432 kB
1777826717.464556807 SwapCached:            0 kB
1777826717.464556807 Active:           428624 kB
1777826717.464556807 Inactive:         107292 kB
1777826717.464556807 Active(anon):      93068 kB
1777826717.464556807 Inactive(anon):        0 kB
1777826717.464556807 Active(file):     335556 kB
1777826717.464556807 Inactive(file):   107292 kB
1777826717.464556807 Unevictable:           0 kB
1777826717.464556807 Mlocked:               0 kB
1777826717.464556807 SwapTotal:             0 kB
1777826717.464556807 SwapFree:              0 kB
1777826717.464556807 Zswap:                 0 kB
1777826717.464556807 Zswapped:              0 kB
1777826717.464556807 Dirty:              1792 kB
1777826717.464556807 Writeback:             0 kB
1777826717.464556807 AnonPages:         88040 kB
1777826717.464556807 Mapped:            89004 kB
1777826717.464556807 Shmem:              5248 kB
1777826717.464556807 KReclaimable:      30344 kB
1777826717.464556807 Slab:             117512 kB
1777826717.464556807 SReclaimable:      30344 kB
1777826717.464556807 SUnreclaim:        87168 kB
1777826717.464556807 KernelStack:        3088 kB
1777826717.464556807 PageTables:         3728 kB
1777826717.464556807 SecPageTables:         0 kB
1777826717.464556807 NFS_Unstable:          0 kB
1777826717.464556807 Bounce:                0 kB
1777826717.464556807 WritebackTmp:          0 kB
1777826717.464556807 CommitLimit:     3537964 kB
1777826717.464556807 Committed_AS:     405192 kB
1777826717.464556807 VmallocTotal:   135288315904 kB
1777826717.464556807 VmallocUsed:       19400 kB
1777826717.464556807 VmallocChunk:          0 kB
1777826717.464556807 Percpu:             1456 kB
1777826717.464556807 AnonHugePages:         0 kB
1777826717.464556807 ShmemHugePages:        0 kB
1777826717.464556807 ShmemPmdMapped:        0 kB
1777826717.464556807 FileHugePages:         0 kB
1777826717.464556807 FilePmdMapped:         0 kB
1777826717.464556807 CmaTotal:          65536 kB
1777826717.464556807 CmaFree:           49104 kB
1777826717.464556807 Balloon:               0 kB
1777826717.464556807 HugePages_Total:     512
1777826717.464556807 HugePages_Free:      488
1777826717.464556807 HugePages_Rsvd:        0
1777826717.464556807 HugePages_Surp:        0
1777826717.464556807 Hugepagesize:       2048 kB
1777826717.464556807 Hugetlb:         1048576 kB
1777826718.476849728 MemTotal:        8124504 kB
1777826718.476849728 MemFree:         6345372 kB
1777826718.476849728 MemAvailable:    6663644 kB
1777826718.476849728 Buffers:           30584 kB
1777826718.476849728 Cached:           417436 kB
1777826718.476849728 SwapCached:            0 kB
1777826718.476849728 Active:           428732 kB
1777826718.476849728 Inactive:         107300 kB
1777826718.476849728 Active(anon):      93168 kB
1777826718.476849728 Inactive(anon):        0 kB
1777826718.476849728 Active(file):     335564 kB
1777826718.476849728 Inactive(file):   107300 kB
1777826718.476849728 Unevictable:           0 kB
1777826718.476849728 Mlocked:               0 kB
1777826718.476849728 SwapTotal:             0 kB
1777826718.476849728 SwapFree:              0 kB
1777826718.476849728 Zswap:                 0 kB
1777826718.476849728 Zswapped:              0 kB
1777826718.476849728 Dirty:              1800 kB
1777826718.476849728 Writeback:             0 kB
1777826718.476849728 AnonPages:         88008 kB
1777826718.476849728 Mapped:            89004 kB
1777826718.476849728 Shmem:              5248 kB
1777826718.476849728 KReclaimable:      30344 kB
1777826718.476849728 Slab:             117496 kB
1777826718.476849728 SReclaimable:      30344 kB
1777826718.476849728 SUnreclaim:        87152 kB
1777826718.476849728 KernelStack:        3088 kB
1777826718.476849728 PageTables:         3804 kB
1777826718.476849728 SecPageTables:         0 kB
1777826718.476849728 NFS_Unstable:          0 kB
1777826718.476849728 Bounce:                0 kB
1777826718.476849728 WritebackTmp:          0 kB
1777826718.476849728 CommitLimit:     3537964 kB
1777826718.476849728 Committed_AS:     405192 kB
1777826718.476849728 VmallocTotal:   135288315904 kB
1777826718.476849728 VmallocUsed:       19384 kB
1777826718.476849728 VmallocChunk:          0 kB
1777826718.476849728 Percpu:             1456 kB
1777826718.476849728 AnonHugePages:         0 kB
1777826718.476849728 ShmemHugePages:        0 kB
1777826718.476849728 ShmemPmdMapped:        0 kB
1777826718.476849728 FileHugePages:         0 kB
1777826718.476849728 FilePmdMapped:         0 kB
1777826718.476849728 CmaTotal:          65536 kB
1777826718.476849728 CmaFree:           49104 kB
1777826718.476849728 Balloon:               0 kB
1777826718.476849728 HugePages_Total:     512
1777826718.476849728 HugePages_Free:      488
1777826718.476849728 HugePages_Rsvd:        0
1777826718.476849728 HugePages_Surp:        0
1777826718.476849728 Hugepagesize:       2048 kB
1777826718.476849728 Hugetlb:         1048576 kB
1777826719.487984555 MemTotal:        8124504 kB
1777826719.487984555 MemFree:         6345076 kB
1777826719.487984555 MemAvailable:    6663364 kB
1777826719.487984555 Buffers:           30588 kB
1777826719.487984555 Cached:           417452 kB
1777826719.487984555 SwapCached:            0 kB
1777826719.487984555 Active:           428664 kB
1777826719.487984555 Inactive:         107316 kB
1777826719.487984555 Active(anon):      93104 kB
1777826719.487984555 Inactive(anon):        0 kB
1777826719.487984555 Active(file):     335560 kB
1777826719.487984555 Inactive(file):   107316 kB
1777826719.487984555 Unevictable:           0 kB
1777826719.487984555 Mlocked:               0 kB
1777826719.487984555 SwapTotal:             0 kB
1777826719.487984555 SwapFree:              0 kB
1777826719.487984555 Zswap:                 0 kB
1777826719.487984555 Zswapped:              0 kB
1777826719.487984555 Dirty:              1816 kB
1777826719.487984555 Writeback:             0 kB
1777826719.487984555 AnonPages:         88072 kB
1777826719.487984555 Mapped:            89004 kB
1777826719.487984555 Shmem:              5248 kB
1777826719.487984555 KReclaimable:      30344 kB
1777826719.487984555 Slab:             117512 kB
1777826719.487984555 SReclaimable:      30344 kB
1777826719.487984555 SUnreclaim:        87168 kB
1777826719.487984555 KernelStack:        3104 kB
1777826719.487984555 PageTables:         3776 kB
1777826719.487984555 SecPageTables:         0 kB
1777826719.487984555 NFS_Unstable:          0 kB
1777826719.487984555 Bounce:                0 kB
1777826719.487984555 WritebackTmp:          0 kB
1777826719.487984555 CommitLimit:     3537964 kB
1777826719.487984555 Committed_AS:     405192 kB
1777826719.487984555 VmallocTotal:   135288315904 kB
1777826719.487984555 VmallocUsed:       19400 kB
1777826719.487984555 VmallocChunk:          0 kB
1777826719.487984555 Percpu:             1456 kB
1777826719.487984555 AnonHugePages:         0 kB
1777826719.487984555 ShmemHugePages:        0 kB
1777826719.487984555 ShmemPmdMapped:        0 kB
1777826719.487984555 FileHugePages:         0 kB
1777826719.487984555 FilePmdMapped:         0 kB
1777826719.487984555 CmaTotal:          65536 kB
1777826719.487984555 CmaFree:           49104 kB
1777826719.487984555 Balloon:               0 kB
1777826719.487984555 HugePages_Total:     512
1777826719.487984555 HugePages_Free:      488
1777826719.487984555 HugePages_Rsvd:        0
1777826719.487984555 HugePages_Surp:        0
1777826719.487984555 Hugepagesize:       2048 kB
1777826719.487984555 Hugetlb:         1048576 kB
1777826720.502634792 MemTotal:        8124504 kB
1777826720.502634792 MemFree:         6345268 kB
1777826720.502634792 MemAvailable:    6663560 kB
1777826720.502634792 Buffers:           30588 kB
1777826720.502634792 Cached:           417452 kB
1777826720.502634792 SwapCached:            0 kB
1777826720.502634792 Active:           428700 kB
1777826720.502634792 Inactive:         107320 kB
1777826720.502634792 Active(anon):      93140 kB
1777826720.502634792 Inactive(anon):        0 kB
1777826720.502634792 Active(file):     335560 kB
1777826720.502634792 Inactive(file):   107320 kB
1777826720.502634792 Unevictable:           0 kB
1777826720.502634792 Mlocked:               0 kB
1777826720.502634792 SwapTotal:             0 kB
1777826720.502634792 SwapFree:              0 kB
1777826720.502634792 Zswap:                 0 kB
1777826720.502634792 Zswapped:              0 kB
1777826720.502634792 Dirty:              1816 kB
1777826720.502634792 Writeback:             0 kB
1777826720.502634792 AnonPages:         88044 kB
1777826720.502634792 Mapped:            88964 kB
1777826720.502634792 Shmem:              5248 kB
1777826720.502634792 KReclaimable:      30344 kB
1777826720.502634792 Slab:             117500 kB
1777826720.502634792 SReclaimable:      30344 kB
1777826720.502634792 SUnreclaim:        87156 kB
1777826720.502634792 KernelStack:        3088 kB
1777826720.502634792 PageTables:         3716 kB
1777826720.502634792 SecPageTables:         0 kB
1777826720.502634792 NFS_Unstable:          0 kB
1777826720.502634792 Bounce:                0 kB
1777826720.502634792 WritebackTmp:          0 kB
1777826720.502634792 CommitLimit:     3537964 kB
1777826720.502634792 Committed_AS:     405192 kB
1777826720.502634792 VmallocTotal:   135288315904 kB
1777826720.502634792 VmallocUsed:       19400 kB
1777826720.502634792 VmallocChunk:          0 kB
1777826720.502634792 Percpu:             1456 kB
1777826720.502634792 AnonHugePages:         0 kB
1777826720.502634792 ShmemHugePages:        0 kB
1777826720.502634792 ShmemPmdMapped:        0 kB
1777826720.502634792 FileHugePages:         0 kB
1777826720.502634792 FilePmdMapped:         0 kB
1777826720.502634792 CmaTotal:          65536 kB
1777826720.502634792 CmaFree:           49104 kB
1777826720.502634792 Balloon:               0 kB
1777826720.502634792 HugePages_Total:     512
1777826720.502634792 HugePages_Free:      488
1777826720.502634792 HugePages_Rsvd:        0
1777826720.502634792 HugePages_Surp:        0
1777826720.502634792 Hugepagesize:       2048 kB
1777826720.502634792 Hugetlb:         1048576 kB
1777826721.518829770 MemTotal:        8124504 kB
1777826721.518829770 MemFree:         6345356 kB
1777826721.518829770 MemAvailable:    6663652 kB
1777826721.518829770 Buffers:           30588 kB
1777826721.518829770 Cached:           417456 kB
1777826721.518829770 SwapCached:            0 kB
1777826721.518829770 Active:           428716 kB
1777826721.518829770 Inactive:         107324 kB
1777826721.518829770 Active(anon):      93156 kB
1777826721.518829770 Inactive(anon):        0 kB
1777826721.518829770 Active(file):     335560 kB
1777826721.518829770 Inactive(file):   107324 kB
1777826721.518829770 Unevictable:           0 kB
1777826721.518829770 Mlocked:               0 kB
1777826721.518829770 SwapTotal:             0 kB
1777826721.518829770 SwapFree:              0 kB
1777826721.518829770 Zswap:                 0 kB
1777826721.518829770 Zswapped:              0 kB
1777826721.518829770 Dirty:              1820 kB
1777826721.518829770 Writeback:             0 kB
1777826721.518829770 AnonPages:         88040 kB
1777826721.518829770 Mapped:            88964 kB
1777826721.518829770 Shmem:              5248 kB
1777826721.518829770 KReclaimable:      30344 kB
1777826721.518829770 Slab:             117504 kB
1777826721.518829770 SReclaimable:      30344 kB
1777826721.518829770 SUnreclaim:        87160 kB
1777826721.518829770 KernelStack:        3088 kB
1777826721.518829770 PageTables:         3732 kB
1777826721.518829770 SecPageTables:         0 kB
1777826721.518829770 NFS_Unstable:          0 kB
1777826721.518829770 Bounce:                0 kB
1777826721.518829770 WritebackTmp:          0 kB
1777826721.518829770 CommitLimit:     3537964 kB
1777826721.518829770 Committed_AS:     405192 kB
1777826721.518829770 VmallocTotal:   135288315904 kB
1777826721.518829770 VmallocUsed:       19400 kB
1777826721.518829770 VmallocChunk:          0 kB
1777826721.518829770 Percpu:             1456 kB
1777826721.518829770 AnonHugePages:         0 kB
1777826721.518829770 ShmemHugePages:        0 kB
1777826721.518829770 ShmemPmdMapped:        0 kB
1777826721.518829770 FileHugePages:         0 kB
1777826721.518829770 FilePmdMapped:         0 kB
1777826721.518829770 CmaTotal:          65536 kB
1777826721.518829770 CmaFree:           49104 kB
1777826721.518829770 Balloon:               0 kB
1777826721.518829770 HugePages_Total:     512
1777826721.518829770 HugePages_Free:      488
1777826721.518829770 HugePages_Rsvd:        0
1777826721.518829770 HugePages_Surp:        0
1777826721.518829770 Hugepagesize:       2048 kB
1777826721.518829770 Hugetlb:         1048576 kB
1777826722.527814300 MemTotal:        8124504 kB
1777826722.527814300 MemFree:         6345460 kB
1777826722.527814300 MemAvailable:    6663756 kB
1777826722.527814300 Buffers:           30588 kB
1777826722.527814300 Cached:           417460 kB
1777826722.527814300 SwapCached:            0 kB
1777826722.527814300 Active:           428628 kB
1777826722.527814300 Inactive:         107328 kB
1777826722.527814300 Active(anon):      93072 kB
1777826722.527814300 Inactive(anon):        0 kB
1777826722.527814300 Active(file):     335556 kB
1777826722.527814300 Inactive(file):   107328 kB
1777826722.527814300 Unevictable:           0 kB
1777826722.527814300 Mlocked:               0 kB
1777826722.527814300 SwapTotal:             0 kB
1777826722.527814300 SwapFree:              0 kB
1777826722.527814300 Zswap:                 0 kB
1777826722.527814300 Zswapped:              0 kB
1777826722.527814300 Dirty:              1952 kB
1777826722.527814300 Writeback:             0 kB
1777826722.527814300 AnonPages:         87952 kB
1777826722.527814300 Mapped:            88964 kB
1777826722.527814300 Shmem:              5248 kB
1777826722.527814300 KReclaimable:      30344 kB
1777826722.527814300 Slab:             117528 kB
1777826722.527814300 SReclaimable:      30344 kB
1777826722.527814300 SUnreclaim:        87184 kB
1777826722.527814300 KernelStack:        3088 kB
1777826722.527814300 PageTables:         3724 kB
1777826722.527814300 SecPageTables:         0 kB
1777826722.527814300 NFS_Unstable:          0 kB
1777826722.527814300 Bounce:                0 kB
1777826722.527814300 WritebackTmp:          0 kB
1777826722.527814300 CommitLimit:     3537964 kB
1777826722.527814300 Committed_AS:     405192 kB
1777826722.527814300 VmallocTotal:   135288315904 kB
1777826722.527814300 VmallocUsed:       19384 kB
1777826722.527814300 VmallocChunk:          0 kB
1777826722.527814300 Percpu:             1456 kB
1777826722.527814300 AnonHugePages:         0 kB
1777826722.527814300 ShmemHugePages:        0 kB
1777826722.527814300 ShmemPmdMapped:        0 kB
1777826722.527814300 FileHugePages:         0 kB
1777826722.527814300 FilePmdMapped:         0 kB
1777826722.527814300 CmaTotal:          65536 kB
1777826722.527814300 CmaFree:           49104 kB
1777826722.527814300 Balloon:               0 kB
1777826722.527814300 HugePages_Total:     512
1777826722.527814300 HugePages_Free:      488
1777826722.527814300 HugePages_Rsvd:        0
1777826722.527814300 HugePages_Surp:        0
1777826722.527814300 Hugepagesize:       2048 kB
1777826722.527814300 Hugetlb:         1048576 kB
1777826723.534860069 MemTotal:        8124504 kB
1777826723.534860069 MemFree:         6347268 kB
1777826723.534860069 MemAvailable:    6665568 kB
1777826723.534860069 Buffers:           30592 kB
1777826723.534860069 Cached:           417460 kB
1777826723.534860069 SwapCached:            0 kB
1777826723.534860069 Active:           428796 kB
1777826723.534860069 Inactive:         107332 kB
1777826723.534860069 Active(anon):      93240 kB
1777826723.534860069 Inactive(anon):        0 kB
1777826723.534860069 Active(file):     335556 kB
1777826723.534860069 Inactive(file):   107332 kB
1777826723.534860069 Unevictable:           0 kB
1777826723.534860069 Mlocked:               0 kB
1777826723.534860069 SwapTotal:             0 kB
1777826723.534860069 SwapFree:              0 kB
1777826723.534860069 Zswap:                 0 kB
1777826723.534860069 Zswapped:              0 kB
1777826723.534860069 Dirty:              1956 kB
1777826723.534860069 Writeback:             0 kB
1777826723.534860069 AnonPages:         88040 kB
1777826723.534860069 Mapped:            89004 kB
1777826723.534860069 Shmem:              5248 kB
1777826723.534860069 KReclaimable:      30344 kB
1777826723.534860069 Slab:             117524 kB
1777826723.534860069 SReclaimable:      30344 kB
1777826723.534860069 SUnreclaim:        87180 kB
1777826723.534860069 KernelStack:        3088 kB
1777826723.534860069 PageTables:         3720 kB
1777826723.534860069 SecPageTables:         0 kB
1777826723.534860069 NFS_Unstable:          0 kB
1777826723.534860069 Bounce:                0 kB
1777826723.534860069 WritebackTmp:          0 kB
1777826723.534860069 CommitLimit:     3537964 kB
1777826723.534860069 Committed_AS:     405192 kB
1777826723.534860069 VmallocTotal:   135288315904 kB
1777826723.534860069 VmallocUsed:       19400 kB
1777826723.534860069 VmallocChunk:          0 kB
1777826723.534860069 Percpu:             1456 kB
1777826723.534860069 AnonHugePages:         0 kB
1777826723.534860069 ShmemHugePages:        0 kB
1777826723.534860069 ShmemPmdMapped:        0 kB
1777826723.534860069 FileHugePages:         0 kB
1777826723.534860069 FilePmdMapped:         0 kB
1777826723.534860069 CmaTotal:          65536 kB
1777826723.534860069 CmaFree:           49104 kB
1777826723.534860069 Balloon:               0 kB
1777826723.534860069 HugePages_Total:     512
1777826723.534860069 HugePages_Free:      488
1777826723.534860069 HugePages_Rsvd:        0
1777826723.534860069 HugePages_Surp:        0
1777826723.534860069 Hugepagesize:       2048 kB
1777826723.534860069 Hugetlb:         1048576 kB
1777826724.545986804 MemTotal:        8124504 kB
1777826724.545986804 MemFree:         6346032 kB
1777826724.545986804 MemAvailable:    6664360 kB
1777826724.545986804 Buffers:           30604 kB
1777826724.545986804 Cached:           417472 kB
1777826724.545986804 SwapCached:            0 kB
1777826724.545986804 Active:           428820 kB
1777826724.545986804 Inactive:         107356 kB
1777826724.545986804 Active(anon):      93260 kB
1777826724.545986804 Inactive(anon):        0 kB
1777826724.545986804 Active(file):     335560 kB
1777826724.545986804 Inactive(file):   107356 kB
1777826724.545986804 Unevictable:           0 kB
1777826724.545986804 Mlocked:               0 kB
1777826724.545986804 SwapTotal:             0 kB
1777826724.545986804 SwapFree:              0 kB
1777826724.545986804 Zswap:                 0 kB
1777826724.545986804 Zswapped:              0 kB
1777826724.545986804 Dirty:               172 kB
1777826724.545986804 Writeback:             0 kB
1777826724.545986804 AnonPages:         88036 kB
1777826724.545986804 Mapped:            89004 kB
1777826724.545986804 Shmem:              5248 kB
1777826724.545986804 KReclaimable:      30344 kB
1777826724.545986804 Slab:             117528 kB
1777826724.545986804 SReclaimable:      30344 kB
1777826724.545986804 SUnreclaim:        87184 kB
1777826724.545986804 KernelStack:        3088 kB
1777826724.545986804 PageTables:         3728 kB
1777826724.545986804 SecPageTables:         0 kB
1777826724.545986804 NFS_Unstable:          0 kB
1777826724.545986804 Bounce:                0 kB
1777826724.545986804 WritebackTmp:          0 kB
1777826724.545986804 CommitLimit:     3537964 kB
1777826724.545986804 Committed_AS:     405192 kB
1777826724.545986804 VmallocTotal:   135288315904 kB
1777826724.545986804 VmallocUsed:       19384 kB
1777826724.545986804 VmallocChunk:          0 kB
1777826724.545986804 Percpu:             1456 kB
1777826724.545986804 AnonHugePages:         0 kB
1777826724.545986804 ShmemHugePages:        0 kB
1777826724.545986804 ShmemPmdMapped:        0 kB
1777826724.545986804 FileHugePages:         0 kB
1777826724.545986804 FilePmdMapped:         0 kB
1777826724.545986804 CmaTotal:          65536 kB
1777826724.545986804 CmaFree:           49104 kB
1777826724.545986804 Balloon:               0 kB
1777826724.545986804 HugePages_Total:     512
1777826724.545986804 HugePages_Free:      488
1777826724.545986804 HugePages_Rsvd:        0
1777826724.545986804 HugePages_Surp:        0
1777826724.545986804 Hugepagesize:       2048 kB
1777826724.545986804 Hugetlb:         1048576 kB
1777826725.557087316 MemTotal:        8124504 kB
1777826725.557087316 MemFree:         6345044 kB
1777826725.557087316 MemAvailable:    6663372 kB
1777826725.557087316 Buffers:           30604 kB
1777826725.557087316 Cached:           417480 kB
1777826725.557087316 SwapCached:            0 kB
1777826725.557087316 Active:           428508 kB
1777826725.557087316 Inactive:         107364 kB
1777826725.557087316 Active(anon):      92956 kB
1777826725.557087316 Inactive(anon):        0 kB
1777826725.557087316 Active(file):     335552 kB
1777826725.557087316 Inactive(file):   107364 kB
1777826725.557087316 Unevictable:           0 kB
1777826725.557087316 Mlocked:               0 kB
1777826725.557087316 SwapTotal:             0 kB
1777826725.557087316 SwapFree:              0 kB
1777826725.557087316 Zswap:                 0 kB
1777826725.557087316 Zswapped:              0 kB
1777826725.557087316 Dirty:               180 kB
1777826725.557087316 Writeback:             0 kB
1777826725.557087316 AnonPages:         88052 kB
1777826725.557087316 Mapped:            88964 kB
1777826725.557087316 Shmem:              5248 kB
1777826725.557087316 KReclaimable:      30344 kB
1777826725.557087316 Slab:             117524 kB
1777826725.557087316 SReclaimable:      30344 kB
1777826725.557087316 SUnreclaim:        87180 kB
1777826725.557087316 KernelStack:        3048 kB
1777826725.557087316 PageTables:         3768 kB
1777826725.557087316 SecPageTables:         0 kB
1777826725.557087316 NFS_Unstable:          0 kB
1777826725.557087316 Bounce:                0 kB
1777826725.557087316 WritebackTmp:          0 kB
1777826725.557087316 CommitLimit:     3537964 kB
1777826725.557087316 Committed_AS:     405192 kB
1777826725.557087316 VmallocTotal:   135288315904 kB
1777826725.557087316 VmallocUsed:       19336 kB
1777826725.557087316 VmallocChunk:          0 kB
1777826725.557087316 Percpu:             1456 kB
1777826725.557087316 AnonHugePages:         0 kB
1777826725.557087316 ShmemHugePages:        0 kB
1777826725.557087316 ShmemPmdMapped:        0 kB
1777826725.557087316 FileHugePages:         0 kB
1777826725.557087316 FilePmdMapped:         0 kB
1777826725.557087316 CmaTotal:          65536 kB
1777826725.557087316 CmaFree:           49104 kB
1777826725.557087316 Balloon:               0 kB
1777826725.557087316 HugePages_Total:     512
1777826725.557087316 HugePages_Free:      488
1777826725.557087316 HugePages_Rsvd:        0
1777826725.557087316 HugePages_Surp:        0
1777826725.557087316 Hugepagesize:       2048 kB
1777826725.557087316 Hugetlb:         1048576 kB
1777826726.569763533 MemTotal:        8124504 kB
1777826726.569763533 MemFree:         6346148 kB
1777826726.569763533 MemAvailable:    6664476 kB
1777826726.569763533 Buffers:           30604 kB
1777826726.569763533 Cached:           417480 kB
1777826726.569763533 SwapCached:            0 kB
1777826726.569763533 Active:           428492 kB
1777826726.569763533 Inactive:         107364 kB
1777826726.569763533 Active(anon):      92940 kB
1777826726.569763533 Inactive(anon):        0 kB
1777826726.569763533 Active(file):     335552 kB
1777826726.569763533 Inactive(file):   107364 kB
1777826726.569763533 Unevictable:           0 kB
1777826726.569763533 Mlocked:               0 kB
1777826726.569763533 SwapTotal:             0 kB
1777826726.569763533 SwapFree:              0 kB
1777826726.569763533 Zswap:                 0 kB
1777826726.569763533 Zswapped:              0 kB
1777826726.569763533 Dirty:               180 kB
1777826726.569763533 Writeback:             0 kB
1777826726.569763533 AnonPages:         87952 kB
1777826726.569763533 Mapped:            88964 kB
1777826726.569763533 Shmem:              5248 kB
1777826726.569763533 KReclaimable:      30344 kB
1777826726.569763533 Slab:             117520 kB
1777826726.569763533 SReclaimable:      30344 kB
1777826726.569763533 SUnreclaim:        87176 kB
1777826726.569763533 KernelStack:        3040 kB
1777826726.569763533 PageTables:         3664 kB
1777826726.569763533 SecPageTables:         0 kB
1777826726.569763533 NFS_Unstable:          0 kB
1777826726.569763533 Bounce:                0 kB
1777826726.569763533 WritebackTmp:          0 kB
1777826726.569763533 CommitLimit:     3537964 kB
1777826726.569763533 Committed_AS:     405192 kB
1777826726.569763533 VmallocTotal:   135288315904 kB
1777826726.569763533 VmallocUsed:       19336 kB
1777826726.569763533 VmallocChunk:          0 kB
1777826726.569763533 Percpu:             1456 kB
1777826726.569763533 AnonHugePages:         0 kB
1777826726.569763533 ShmemHugePages:        0 kB
1777826726.569763533 ShmemPmdMapped:        0 kB
1777826726.569763533 FileHugePages:         0 kB
1777826726.569763533 FilePmdMapped:         0 kB
1777826726.569763533 CmaTotal:          65536 kB
1777826726.569763533 CmaFree:           49104 kB
1777826726.569763533 Balloon:               0 kB
1777826726.569763533 HugePages_Total:     512
1777826726.569763533 HugePages_Free:      488
1777826726.569763533 HugePages_Rsvd:        0
1777826726.569763533 HugePages_Surp:        0
1777826726.569763533 Hugepagesize:       2048 kB
1777826726.569763533 Hugetlb:         1048576 kB
1777826727.582176547 MemTotal:        8124504 kB
1777826727.582176547 MemFree:         6345276 kB
1777826727.582176547 MemAvailable:    6663616 kB
1777826727.582176547 Buffers:           30604 kB
1777826727.582176547 Cached:           417488 kB
1777826727.582176547 SwapCached:            0 kB
1777826727.582176547 Active:           428816 kB
1777826727.582176547 Inactive:         107372 kB
1777826727.582176547 Active(anon):      93260 kB
1777826727.582176547 Inactive(anon):        0 kB
1777826727.582176547 Active(file):     335556 kB
1777826727.582176547 Inactive(file):   107372 kB
1777826727.582176547 Unevictable:           0 kB
1777826727.582176547 Mlocked:               0 kB
1777826727.582176547 SwapTotal:             0 kB
1777826727.582176547 SwapFree:              0 kB
1777826727.582176547 Zswap:                 0 kB
1777826727.582176547 Zswapped:              0 kB
1777826727.582176547 Dirty:               188 kB
1777826727.582176547 Writeback:             0 kB
1777826727.582176547 AnonPages:         88044 kB
1777826727.582176547 Mapped:            89004 kB
1777826727.582176547 Shmem:              5248 kB
1777826727.582176547 KReclaimable:      30344 kB
1777826727.582176547 Slab:             117540 kB
1777826727.582176547 SReclaimable:      30344 kB
1777826727.582176547 SUnreclaim:        87196 kB
1777826727.582176547 KernelStack:        3040 kB
1777826727.582176547 PageTables:         3828 kB
1777826727.582176547 SecPageTables:         0 kB
1777826727.582176547 NFS_Unstable:          0 kB
1777826727.582176547 Bounce:                0 kB
1777826727.582176547 WritebackTmp:          0 kB
1777826727.582176547 CommitLimit:     3537964 kB
1777826727.582176547 Committed_AS:     405192 kB
1777826727.582176547 VmallocTotal:   135288315904 kB
1777826727.582176547 VmallocUsed:       19368 kB
1777826727.582176547 VmallocChunk:          0 kB
1777826727.582176547 Percpu:             1456 kB
1777826727.582176547 AnonHugePages:         0 kB
1777826727.582176547 ShmemHugePages:        0 kB
1777826727.582176547 ShmemPmdMapped:        0 kB
1777826727.582176547 FileHugePages:         0 kB
1777826727.582176547 FilePmdMapped:         0 kB
1777826727.582176547 CmaTotal:          65536 kB
1777826727.582176547 CmaFree:           49104 kB
1777826727.582176547 Balloon:               0 kB
1777826727.582176547 HugePages_Total:     512
1777826727.582176547 HugePages_Free:      488
1777826727.582176547 HugePages_Rsvd:        0
1777826727.582176547 HugePages_Surp:        0
1777826727.582176547 Hugepagesize:       2048 kB
1777826727.582176547 Hugetlb:         1048576 kB
1777826728.596842635 MemTotal:        8124504 kB
1777826728.596842635 MemFree:         6344492 kB
1777826728.596842635 MemAvailable:    6662832 kB
1777826728.596842635 Buffers:           30604 kB
1777826728.596842635 Cached:           417488 kB
1777826728.596842635 SwapCached:            0 kB
1777826728.596842635 Active:           428700 kB
1777826728.596842635 Inactive:         107372 kB
1777826728.596842635 Active(anon):      93144 kB
1777826728.596842635 Inactive(anon):        0 kB
1777826728.596842635 Active(file):     335556 kB
1777826728.596842635 Inactive(file):   107372 kB
1777826728.596842635 Unevictable:           0 kB
1777826728.596842635 Mlocked:               0 kB
1777826728.596842635 SwapTotal:             0 kB
1777826728.596842635 SwapFree:              0 kB
1777826728.596842635 Zswap:                 0 kB
1777826728.596842635 Zswapped:              0 kB
1777826728.596842635 Dirty:               188 kB
1777826728.596842635 Writeback:             0 kB
1777826728.596842635 AnonPages:         87984 kB
1777826728.596842635 Mapped:            89040 kB
1777826728.596842635 Shmem:              5248 kB
1777826728.596842635 KReclaimable:      30344 kB
1777826728.596842635 Slab:             117528 kB
1777826728.596842635 SReclaimable:      30344 kB
1777826728.596842635 SUnreclaim:        87184 kB
1777826728.596842635 KernelStack:        3040 kB
1777826728.596842635 PageTables:         3840 kB
1777826728.596842635 SecPageTables:         0 kB
1777826728.596842635 NFS_Unstable:          0 kB
1777826728.596842635 Bounce:                0 kB
1777826728.596842635 WritebackTmp:          0 kB
1777826728.596842635 CommitLimit:     3537964 kB
1777826728.596842635 Committed_AS:     405192 kB
1777826728.596842635 VmallocTotal:   135288315904 kB
1777826728.596842635 VmallocUsed:       19368 kB
1777826728.596842635 VmallocChunk:          0 kB
1777826728.596842635 Percpu:             1456 kB
1777826728.596842635 AnonHugePages:         0 kB
1777826728.596842635 ShmemHugePages:        0 kB
1777826728.596842635 ShmemPmdMapped:        0 kB
1777826728.596842635 FileHugePages:         0 kB
1777826728.596842635 FilePmdMapped:         0 kB
1777826728.596842635 CmaTotal:          65536 kB
1777826728.596842635 CmaFree:           49104 kB
1777826728.596842635 Balloon:               0 kB
1777826728.596842635 HugePages_Total:     512
1777826728.596842635 HugePages_Free:      488
1777826728.596842635 HugePages_Rsvd:        0
1777826728.596842635 HugePages_Surp:        0
1777826728.596842635 Hugepagesize:       2048 kB
1777826728.596842635 Hugetlb:         1048576 kB
1777826729.609316444 MemTotal:        8124504 kB
1777826729.609316444 MemFree:         6344448 kB
1777826729.609316444 MemAvailable:    6662796 kB
1777826729.609316444 Buffers:           30612 kB
1777826729.609316444 Cached:           417492 kB
1777826729.609316444 SwapCached:            0 kB
1777826729.609316444 Active:           428656 kB
1777826729.609316444 Inactive:         107380 kB
1777826729.609316444 Active(anon):      93100 kB
1777826729.609316444 Inactive(anon):        0 kB
1777826729.609316444 Active(file):     335556 kB
1777826729.609316444 Inactive(file):   107380 kB
1777826729.609316444 Unevictable:           0 kB
1777826729.609316444 Mlocked:               0 kB
1777826729.609316444 SwapTotal:             0 kB
1777826729.609316444 SwapFree:              0 kB
1777826729.609316444 Zswap:                 0 kB
1777826729.609316444 Zswapped:              0 kB
1777826729.609316444 Dirty:               192 kB
1777826729.609316444 Writeback:             0 kB
1777826729.609316444 AnonPages:         88108 kB
1777826729.609316444 Mapped:            89004 kB
1777826729.609316444 Shmem:              5248 kB
1777826729.609316444 KReclaimable:      30344 kB
1777826729.609316444 Slab:             117524 kB
1777826729.609316444 SReclaimable:      30344 kB
1777826729.609316444 SUnreclaim:        87180 kB
1777826729.609316444 KernelStack:        3056 kB
1777826729.609316444 PageTables:         3864 kB
1777826729.609316444 SecPageTables:         0 kB
1777826729.609316444 NFS_Unstable:          0 kB
1777826729.609316444 Bounce:                0 kB
1777826729.609316444 WritebackTmp:          0 kB
1777826729.609316444 CommitLimit:     3537964 kB
1777826729.609316444 Committed_AS:     405192 kB
1777826729.609316444 VmallocTotal:   135288315904 kB
1777826729.609316444 VmallocUsed:       19352 kB
1777826729.609316444 VmallocChunk:          0 kB
1777826729.609316444 Percpu:             1456 kB
1777826729.609316444 AnonHugePages:         0 kB
1777826729.609316444 ShmemHugePages:        0 kB
1777826729.609316444 ShmemPmdMapped:        0 kB
1777826729.609316444 FileHugePages:         0 kB
1777826729.609316444 FilePmdMapped:         0 kB
1777826729.609316444 CmaTotal:          65536 kB
1777826729.609316444 CmaFree:           49104 kB
1777826729.609316444 Balloon:               0 kB
1777826729.609316444 HugePages_Total:     512
1777826729.609316444 HugePages_Free:      488
1777826729.609316444 HugePages_Rsvd:        0
1777826729.609316444 HugePages_Surp:        0
1777826729.609316444 Hugepagesize:       2048 kB
1777826729.609316444 Hugetlb:         1048576 kB
1777826730.624563366 MemTotal:        8124504 kB
1777826730.624563366 MemFree:         6346328 kB
1777826730.624563366 MemAvailable:    6664704 kB
1777826730.624563366 Buffers:           30612 kB
1777826730.624563366 Cached:           417504 kB
1777826730.624563366 SwapCached:            0 kB
1777826730.624563366 Active:           428652 kB
1777826730.624563366 Inactive:         107396 kB
1777826730.624563366 Active(anon):      93088 kB
1777826730.624563366 Inactive(anon):        0 kB
1777826730.624563366 Active(file):     335564 kB
1777826730.624563366 Inactive(file):   107396 kB
1777826730.624563366 Unevictable:           0 kB
1777826730.624563366 Mlocked:               0 kB
1777826730.624563366 SwapTotal:             0 kB
1777826730.624563366 SwapFree:              0 kB
1777826730.624563366 Zswap:                 0 kB
1777826730.624563366 Zswapped:              0 kB
1777826730.624563366 Dirty:                28 kB
1777826730.624563366 Writeback:             0 kB
1777826730.624563366 AnonPages:         87972 kB
1777826730.624563366 Mapped:            89100 kB
1777826730.624563366 Shmem:              5248 kB
1777826730.624563366 KReclaimable:      30348 kB
1777826730.624563366 Slab:             117552 kB
1777826730.624563366 SReclaimable:      30348 kB
1777826730.624563366 SUnreclaim:        87204 kB
1777826730.624563366 KernelStack:        3080 kB
1777826730.624563366 PageTables:         3868 kB
1777826730.624563366 SecPageTables:         0 kB
1777826730.624563366 NFS_Unstable:          0 kB
1777826730.624563366 Bounce:                0 kB
1777826730.624563366 WritebackTmp:          0 kB
1777826730.624563366 CommitLimit:     3537964 kB
1777826730.624563366 Committed_AS:     405192 kB
1777826730.624563366 VmallocTotal:   135288315904 kB
1777826730.624563366 VmallocUsed:       19384 kB
1777826730.624563366 VmallocChunk:          0 kB
1777826730.624563366 Percpu:             1456 kB
1777826730.624563366 AnonHugePages:         0 kB
1777826730.624563366 ShmemHugePages:        0 kB
1777826730.624563366 ShmemPmdMapped:        0 kB
1777826730.624563366 FileHugePages:         0 kB
1777826730.624563366 FilePmdMapped:         0 kB
1777826730.624563366 CmaTotal:          65536 kB
1777826730.624563366 CmaFree:           49104 kB
1777826730.624563366 Balloon:               0 kB
1777826730.624563366 HugePages_Total:     512
1777826730.624563366 HugePages_Free:      488
1777826730.624563366 HugePages_Rsvd:        0
1777826730.624563366 HugePages_Surp:        0
1777826730.624563366 Hugepagesize:       2048 kB
1777826730.624563366 Hugetlb:         1048576 kB
1777826731.633413007 MemTotal:        8124504 kB
1777826731.633413007 MemFree:         6345060 kB
1777826731.633413007 MemAvailable:    6663428 kB
1777826731.633413007 Buffers:           30612 kB
1777826731.633413007 Cached:           417504 kB
1777826731.633413007 SwapCached:            0 kB
1777826731.633413007 Active:           428588 kB
1777826731.633413007 Inactive:         107396 kB
1777826731.633413007 Active(anon):      93032 kB
1777826731.633413007 Inactive(anon):        0 kB
1777826731.633413007 Active(file):     335556 kB
1777826731.633413007 Inactive(file):   107396 kB
1777826731.633413007 Unevictable:           0 kB
1777826731.633413007 Mlocked:               0 kB
1777826731.633413007 SwapTotal:             0 kB
1777826731.633413007 SwapFree:              0 kB
1777826731.633413007 Zswap:                 0 kB
1777826731.633413007 Zswapped:              0 kB
1777826731.633413007 Dirty:                48 kB
1777826731.633413007 Writeback:             0 kB
1777826731.633413007 AnonPages:         88036 kB
1777826731.633413007 Mapped:            89004 kB
1777826731.633413007 Shmem:              5248 kB
1777826731.633413007 KReclaimable:      30348 kB
1777826731.633413007 Slab:             117544 kB
1777826731.633413007 SReclaimable:      30348 kB
1777826731.633413007 SUnreclaim:        87196 kB
1777826731.633413007 KernelStack:        3056 kB
1777826731.633413007 PageTables:         3788 kB
1777826731.633413007 SecPageTables:         0 kB
1777826731.633413007 NFS_Unstable:          0 kB
1777826731.633413007 Bounce:                0 kB
1777826731.633413007 WritebackTmp:          0 kB
1777826731.633413007 CommitLimit:     3537964 kB
1777826731.633413007 Committed_AS:     405192 kB
1777826731.633413007 VmallocTotal:   135288315904 kB
1777826731.633413007 VmallocUsed:       19368 kB
1777826731.633413007 VmallocChunk:          0 kB
1777826731.633413007 Percpu:             1456 kB
1777826731.633413007 AnonHugePages:         0 kB
1777826731.633413007 ShmemHugePages:        0 kB
1777826731.633413007 ShmemPmdMapped:        0 kB
1777826731.633413007 FileHugePages:         0 kB
1777826731.633413007 FilePmdMapped:         0 kB
1777826731.633413007 CmaTotal:          65536 kB
1777826731.633413007 CmaFree:           49104 kB
1777826731.633413007 Balloon:               0 kB
1777826731.633413007 HugePages_Total:     512
1777826731.633413007 HugePages_Free:      488
1777826731.633413007 HugePages_Rsvd:        0
1777826731.633413007 HugePages_Surp:        0
1777826731.633413007 Hugepagesize:       2048 kB
1777826731.633413007 Hugetlb:         1048576 kB
1777826732.644420946 MemTotal:        8124504 kB
1777826732.644420946 MemFree:         6345456 kB
1777826732.644420946 MemAvailable:    6663836 kB
1777826732.644420946 Buffers:           30612 kB
1777826732.644420946 Cached:           417512 kB
1777826732.644420946 SwapCached:            0 kB
1777826732.644420946 Active:           428740 kB
1777826732.644420946 Inactive:         107404 kB
1777826732.644420946 Active(anon):      93180 kB
1777826732.644420946 Inactive(anon):        0 kB
1777826732.644420946 Active(file):     335560 kB
1777826732.644420946 Inactive(file):   107404 kB
1777826732.644420946 Unevictable:           0 kB
1777826732.644420946 Mlocked:               0 kB
1777826732.644420946 SwapTotal:             0 kB
1777826732.644420946 SwapFree:              0 kB
1777826732.644420946 Zswap:                 0 kB
1777826732.644420946 Zswapped:              0 kB
1777826732.644420946 Dirty:                48 kB
1777826732.644420946 Writeback:             0 kB
1777826732.644420946 AnonPages:         88036 kB
1777826732.644420946 Mapped:            89004 kB
1777826732.644420946 Shmem:              5248 kB
1777826732.644420946 KReclaimable:      30348 kB
1777826732.644420946 Slab:             117524 kB
1777826732.644420946 SReclaimable:      30348 kB
1777826732.644420946 SUnreclaim:        87176 kB
1777826732.644420946 KernelStack:        3072 kB
1777826732.644420946 PageTables:         3728 kB
1777826732.644420946 SecPageTables:         0 kB
1777826732.644420946 NFS_Unstable:          0 kB
1777826732.644420946 Bounce:                0 kB
1777826732.644420946 WritebackTmp:          0 kB
1777826732.644420946 CommitLimit:     3537964 kB
1777826732.644420946 Committed_AS:     405192 kB
1777826732.644420946 VmallocTotal:   135288315904 kB
1777826732.644420946 VmallocUsed:       19368 kB
1777826732.644420946 VmallocChunk:          0 kB
1777826732.644420946 Percpu:             1456 kB
1777826732.644420946 AnonHugePages:         0 kB
1777826732.644420946 ShmemHugePages:        0 kB
1777826732.644420946 ShmemPmdMapped:        0 kB
1777826732.644420946 FileHugePages:         0 kB
1777826732.644420946 FilePmdMapped:         0 kB
1777826732.644420946 CmaTotal:          65536 kB
1777826732.644420946 CmaFree:           49104 kB
1777826732.644420946 Balloon:               0 kB
1777826732.644420946 HugePages_Total:     512
1777826732.644420946 HugePages_Free:      488
1777826732.644420946 HugePages_Rsvd:        0
1777826732.644420946 HugePages_Surp:        0
1777826732.644420946 Hugepagesize:       2048 kB
1777826732.644420946 Hugetlb:         1048576 kB
1777826733.654349680 MemTotal:        8124504 kB
1777826733.654349680 MemFree:         6345492 kB
1777826733.654349680 MemAvailable:    6663880 kB
1777826733.654349680 Buffers:           30612 kB
1777826733.654349680 Cached:           417516 kB
1777826733.654349680 SwapCached:            0 kB
1777826733.654349680 Active:           428864 kB
1777826733.654349680 Inactive:         107408 kB
1777826733.654349680 Active(anon):      93300 kB
1777826733.654349680 Inactive(anon):        0 kB
1777826733.654349680 Active(file):     335564 kB
1777826733.654349680 Inactive(file):   107408 kB
1777826733.654349680 Unevictable:           0 kB
1777826733.654349680 Mlocked:               0 kB
1777826733.654349680 SwapTotal:             0 kB
1777826733.654349680 SwapFree:              0 kB
1777826733.654349680 Zswap:                 0 kB
1777826733.654349680 Zswapped:              0 kB
1777826733.654349680 Dirty:                52 kB
1777826733.654349680 Writeback:             0 kB
1777826733.654349680 AnonPages:         88184 kB
1777826733.654349680 Mapped:            89012 kB
1777826733.654349680 Shmem:              5248 kB
1777826733.654349680 KReclaimable:      30348 kB
1777826733.654349680 Slab:             117540 kB
1777826733.654349680 SReclaimable:      30348 kB
1777826733.654349680 SUnreclaim:        87192 kB
1777826733.654349680 KernelStack:        3056 kB
1777826733.654349680 PageTables:         3848 kB
1777826733.654349680 SecPageTables:         0 kB
1777826733.654349680 NFS_Unstable:          0 kB
1777826733.654349680 Bounce:                0 kB
1777826733.654349680 WritebackTmp:          0 kB
1777826733.654349680 CommitLimit:     3537964 kB
1777826733.654349680 Committed_AS:     405192 kB
1777826733.654349680 VmallocTotal:   135288315904 kB
1777826733.654349680 VmallocUsed:       19368 kB
1777826733.654349680 VmallocChunk:          0 kB
1777826733.654349680 Percpu:             1456 kB
1777826733.654349680 AnonHugePages:         0 kB
1777826733.654349680 ShmemHugePages:        0 kB
1777826733.654349680 ShmemPmdMapped:        0 kB
1777826733.654349680 FileHugePages:         0 kB
1777826733.654349680 FilePmdMapped:         0 kB
1777826733.654349680 CmaTotal:          65536 kB
1777826733.654349680 CmaFree:           49104 kB
1777826733.654349680 Balloon:               0 kB
1777826733.654349680 HugePages_Total:     512
1777826733.654349680 HugePages_Free:      488
1777826733.654349680 HugePages_Rsvd:        0
1777826733.654349680 HugePages_Surp:        0
1777826733.654349680 Hugepagesize:       2048 kB
1777826733.654349680 Hugetlb:         1048576 kB
1777826734.665011285 MemTotal:        8124504 kB
1777826734.665011285 MemFree:         6345256 kB
1777826734.665011285 MemAvailable:    6663648 kB
1777826734.665011285 Buffers:           30620 kB
1777826734.665011285 Cached:           417520 kB
1777826734.665011285 SwapCached:            0 kB
1777826734.665011285 Active:           428596 kB
1777826734.665011285 Inactive:         107420 kB
1777826734.665011285 Active(anon):      93040 kB
1777826734.665011285 Inactive(anon):        0 kB
1777826734.665011285 Active(file):     335556 kB
1777826734.665011285 Inactive(file):   107420 kB
1777826734.665011285 Unevictable:           0 kB
1777826734.665011285 Mlocked:               0 kB
1777826734.665011285 SwapTotal:             0 kB
1777826734.665011285 SwapFree:              0 kB
1777826734.665011285 Zswap:                 0 kB
1777826734.665011285 Zswapped:              0 kB
1777826734.665011285 Dirty:                76 kB
1777826734.665011285 Writeback:             0 kB
1777826734.665011285 AnonPages:         87956 kB
1777826734.665011285 Mapped:            88964 kB
1777826734.665011285 Shmem:              5248 kB
1777826734.665011285 KReclaimable:      30348 kB
1777826734.665011285 Slab:             117544 kB
1777826734.665011285 SReclaimable:      30348 kB
1777826734.665011285 SUnreclaim:        87196 kB
1777826734.665011285 KernelStack:        3056 kB
1777826734.665011285 PageTables:         3668 kB
1777826734.665011285 SecPageTables:         0 kB
1777826734.665011285 NFS_Unstable:          0 kB
1777826734.665011285 Bounce:                0 kB
1777826734.665011285 WritebackTmp:          0 kB
1777826734.665011285 CommitLimit:     3537964 kB
1777826734.665011285 Committed_AS:     405192 kB
1777826734.665011285 VmallocTotal:   135288315904 kB
1777826734.665011285 VmallocUsed:       19368 kB
1777826734.665011285 VmallocChunk:          0 kB
1777826734.665011285 Percpu:             1456 kB
1777826734.665011285 AnonHugePages:         0 kB
1777826734.665011285 ShmemHugePages:        0 kB
1777826734.665011285 ShmemPmdMapped:        0 kB
1777826734.665011285 FileHugePages:         0 kB
1777826734.665011285 FilePmdMapped:         0 kB
1777826734.665011285 CmaTotal:          65536 kB
1777826734.665011285 CmaFree:           49104 kB
1777826734.665011285 Balloon:               0 kB
1777826734.665011285 HugePages_Total:     512
1777826734.665011285 HugePages_Free:      488
1777826734.665011285 HugePages_Rsvd:        0
1777826734.665011285 HugePages_Surp:        0
1777826734.665011285 Hugepagesize:       2048 kB
1777826734.665011285 Hugetlb:         1048576 kB
1777826735.673820703 MemTotal:        8124504 kB
1777826735.673820703 MemFree:         6344840 kB
1777826735.673820703 MemAvailable:    6663232 kB
1777826735.673820703 Buffers:           30620 kB
1777826735.673820703 Cached:           417528 kB
1777826735.673820703 SwapCached:            0 kB
1777826735.673820703 Active:           428648 kB
1777826735.673820703 Inactive:         107424 kB
1777826735.673820703 Active(anon):      93096 kB
1777826735.673820703 Inactive(anon):        0 kB
1777826735.673820703 Active(file):     335552 kB
1777826735.673820703 Inactive(file):   107424 kB
1777826735.673820703 Unevictable:           0 kB
1777826735.673820703 Mlocked:               0 kB
1777826735.673820703 SwapTotal:             0 kB
1777826735.673820703 SwapFree:              0 kB
1777826735.673820703 Zswap:                 0 kB
1777826735.673820703 Zswapped:              0 kB
1777826735.673820703 Dirty:                84 kB
1777826735.673820703 Writeback:             0 kB
1777826735.673820703 AnonPages:         88180 kB
1777826735.673820703 Mapped:            89088 kB
1777826735.673820703 Shmem:              5248 kB
1777826735.673820703 KReclaimable:      30348 kB
1777826735.673820703 Slab:             117552 kB
1777826735.673820703 SReclaimable:      30348 kB
1777826735.673820703 SUnreclaim:        87204 kB
1777826735.673820703 KernelStack:        3096 kB
1777826735.673820703 PageTables:         3904 kB
1777826735.673820703 SecPageTables:         0 kB
1777826735.673820703 NFS_Unstable:          0 kB
1777826735.673820703 Bounce:                0 kB
1777826735.673820703 WritebackTmp:          0 kB
1777826735.673820703 CommitLimit:     3537964 kB
1777826735.673820703 Committed_AS:     405192 kB
1777826735.673820703 VmallocTotal:   135288315904 kB
1777826735.673820703 VmallocUsed:       19368 kB
1777826735.673820703 VmallocChunk:          0 kB
1777826735.673820703 Percpu:             1456 kB
1777826735.673820703 AnonHugePages:         0 kB
1777826735.673820703 ShmemHugePages:        0 kB
1777826735.673820703 ShmemPmdMapped:        0 kB
1777826735.673820703 FileHugePages:         0 kB
1777826735.673820703 FilePmdMapped:         0 kB
1777826735.673820703 CmaTotal:          65536 kB
1777826735.673820703 CmaFree:           49104 kB
1777826735.673820703 Balloon:               0 kB
1777826735.673820703 HugePages_Total:     512
1777826735.673820703 HugePages_Free:      488
1777826735.673820703 HugePages_Rsvd:        0
1777826735.673820703 HugePages_Surp:        0
1777826735.673820703 Hugepagesize:       2048 kB
1777826735.673820703 Hugetlb:         1048576 kB
1777826736.684411252 MemTotal:        8124504 kB
1777826736.684411252 MemFree:         6344996 kB
1777826736.684411252 MemAvailable:    6663392 kB
1777826736.684411252 Buffers:           30620 kB
1777826736.684411252 Cached:           417528 kB
1777826736.684411252 SwapCached:            0 kB
1777826736.684411252 Active:           428504 kB
1777826736.684411252 Inactive:         107428 kB
1777826736.684411252 Active(anon):      92952 kB
1777826736.684411252 Inactive(anon):        0 kB
1777826736.684411252 Active(file):     335552 kB
1777826736.684411252 Inactive(file):   107428 kB
1777826736.684411252 Unevictable:           0 kB
1777826736.684411252 Mlocked:               0 kB
1777826736.684411252 SwapTotal:             0 kB
1777826736.684411252 SwapFree:              0 kB
1777826736.684411252 Zswap:                 0 kB
1777826736.684411252 Zswapped:              0 kB
1777826736.684411252 Dirty:                84 kB
1777826736.684411252 Writeback:             0 kB
1777826736.684411252 AnonPages:         87952 kB
1777826736.684411252 Mapped:            88964 kB
1777826736.684411252 Shmem:              5248 kB
1777826736.684411252 KReclaimable:      30348 kB
1777826736.684411252 Slab:             117544 kB
1777826736.684411252 SReclaimable:      30348 kB
1777826736.684411252 SUnreclaim:        87196 kB
1777826736.684411252 KernelStack:        3056 kB
1777826736.684411252 PageTables:         3664 kB
1777826736.684411252 SecPageTables:         0 kB
1777826736.684411252 NFS_Unstable:          0 kB
1777826736.684411252 Bounce:                0 kB
1777826736.684411252 WritebackTmp:          0 kB
1777826736.684411252 CommitLimit:     3537964 kB
1777826736.684411252 Committed_AS:     405192 kB
1777826736.684411252 VmallocTotal:   135288315904 kB
1777826736.684411252 VmallocUsed:       19384 kB
1777826736.684411252 VmallocChunk:          0 kB
1777826736.684411252 Percpu:             1456 kB
1777826736.684411252 AnonHugePages:         0 kB
1777826736.684411252 ShmemHugePages:        0 kB
1777826736.684411252 ShmemPmdMapped:        0 kB
1777826736.684411252 FileHugePages:         0 kB
1777826736.684411252 FilePmdMapped:         0 kB
1777826736.684411252 CmaTotal:          65536 kB
1777826736.684411252 CmaFree:           49104 kB
1777826736.684411252 Balloon:               0 kB
1777826736.684411252 HugePages_Total:     512
1777826736.684411252 HugePages_Free:      488
1777826736.684411252 HugePages_Rsvd:        0
1777826736.684411252 HugePages_Surp:        0
1777826736.684411252 Hugepagesize:       2048 kB
1777826736.684411252 Hugetlb:         1048576 kB
1777826737.696693525 MemTotal:        8124504 kB
1777826737.696693525 MemFree:         6345096 kB
1777826737.696693525 MemAvailable:    6663500 kB
1777826737.696693525 Buffers:           30620 kB
1777826737.696693525 Cached:           417532 kB
1777826737.696693525 SwapCached:            0 kB
1777826737.696693525 Active:           428600 kB
1777826737.696693525 Inactive:         107432 kB
1777826737.696693525 Active(anon):      93044 kB
1777826737.696693525 Inactive(anon):        0 kB
1777826737.696693525 Active(file):     335556 kB
1777826737.696693525 Inactive(file):   107432 kB
1777826737.696693525 Unevictable:           0 kB
1777826737.696693525 Mlocked:               0 kB
1777826737.696693525 SwapTotal:             0 kB
1777826737.696693525 SwapFree:              0 kB
1777826737.696693525 Zswap:                 0 kB
1777826737.696693525 Zswapped:              0 kB
1777826737.696693525 Dirty:                88 kB
1777826737.696693525 Writeback:             0 kB
1777826737.696693525 AnonPages:         88000 kB
1777826737.696693525 Mapped:            89024 kB
1777826737.696693525 Shmem:              5248 kB
1777826737.696693525 KReclaimable:      30348 kB
1777826737.696693525 Slab:             117520 kB
1777826737.696693525 SReclaimable:      30348 kB
1777826737.696693525 SUnreclaim:        87172 kB
1777826737.696693525 KernelStack:        3064 kB
1777826737.696693525 PageTables:         3856 kB
1777826737.696693525 SecPageTables:         0 kB
1777826737.696693525 NFS_Unstable:          0 kB
1777826737.696693525 Bounce:                0 kB
1777826737.696693525 WritebackTmp:          0 kB
1777826737.696693525 CommitLimit:     3537964 kB
1777826737.696693525 Committed_AS:     405192 kB
1777826737.696693525 VmallocTotal:   135288315904 kB
1777826737.696693525 VmallocUsed:       19384 kB
1777826737.696693525 VmallocChunk:          0 kB
1777826737.696693525 Percpu:             1456 kB
1777826737.696693525 AnonHugePages:         0 kB
1777826737.696693525 ShmemHugePages:        0 kB
1777826737.696693525 ShmemPmdMapped:        0 kB
1777826737.696693525 FileHugePages:         0 kB
1777826737.696693525 FilePmdMapped:         0 kB
1777826737.696693525 CmaTotal:          65536 kB
1777826737.696693525 CmaFree:           49104 kB
1777826737.696693525 Balloon:               0 kB
1777826737.696693525 HugePages_Total:     512
1777826737.696693525 HugePages_Free:      488
1777826737.696693525 HugePages_Rsvd:        0
1777826737.696693525 HugePages_Surp:        0
1777826737.696693525 Hugepagesize:       2048 kB
1777826737.696693525 Hugetlb:         1048576 kB
1777826738.703525313 MemTotal:        8124504 kB
1777826738.703525313 MemFree:         6345052 kB
1777826738.703525313 MemAvailable:    6663460 kB
1777826738.703525313 Buffers:           30620 kB
1777826738.703525313 Cached:           417540 kB
1777826738.703525313 SwapCached:            0 kB
1777826738.703525313 Active:           428820 kB
1777826738.703525313 Inactive:         107436 kB
1777826738.703525313 Active(anon):      93264 kB
1777826738.703525313 Inactive(anon):        0 kB
1777826738.703525313 Active(file):     335556 kB
1777826738.703525313 Inactive(file):   107436 kB
1777826738.703525313 Unevictable:           0 kB
1777826738.703525313 Mlocked:               0 kB
1777826738.703525313 SwapTotal:             0 kB
1777826738.703525313 SwapFree:              0 kB
1777826738.703525313 Zswap:                 0 kB
1777826738.703525313 Zswapped:              0 kB
1777826738.703525313 Dirty:                96 kB
1777826738.703525313 Writeback:             0 kB
1777826738.703525313 AnonPages:         88028 kB
1777826738.703525313 Mapped:            89212 kB
1777826738.703525313 Shmem:              5248 kB
1777826738.703525313 KReclaimable:      30348 kB
1777826738.703525313 Slab:             117528 kB
1777826738.703525313 SReclaimable:      30348 kB
1777826738.703525313 SUnreclaim:        87180 kB
1777826738.703525313 KernelStack:        3112 kB
1777826738.703525313 PageTables:         3844 kB
1777826738.703525313 SecPageTables:         0 kB
1777826738.703525313 NFS_Unstable:          0 kB
1777826738.703525313 Bounce:                0 kB
1777826738.703525313 WritebackTmp:          0 kB
1777826738.703525313 CommitLimit:     3537964 kB
1777826738.703525313 Committed_AS:     405192 kB
1777826738.703525313 VmallocTotal:   135288315904 kB
1777826738.703525313 VmallocUsed:       19384 kB
1777826738.703525313 VmallocChunk:          0 kB
1777826738.703525313 Percpu:             1456 kB
1777826738.703525313 AnonHugePages:         0 kB
1777826738.703525313 ShmemHugePages:        0 kB
1777826738.703525313 ShmemPmdMapped:        0 kB
1777826738.703525313 FileHugePages:         0 kB
1777826738.703525313 FilePmdMapped:         0 kB
1777826738.703525313 CmaTotal:          65536 kB
1777826738.703525313 CmaFree:           49104 kB
1777826738.703525313 Balloon:               0 kB
1777826738.703525313 HugePages_Total:     512
1777826738.703525313 HugePages_Free:      488
1777826738.703525313 HugePages_Rsvd:        0
1777826738.703525313 HugePages_Surp:        0
1777826738.703525313 Hugepagesize:       2048 kB
1777826738.703525313 Hugetlb:         1048576 kB
1777826739.714256658 MemTotal:        8124504 kB
1777826739.714256658 MemFree:         6344180 kB
1777826739.714256658 MemAvailable:    6662592 kB
1777826739.714256658 Buffers:           30628 kB
1777826739.714256658 Cached:           417544 kB
1777826739.714256658 SwapCached:            0 kB
1777826739.714256658 Active:           428636 kB
1777826739.714256658 Inactive:         107440 kB
1777826739.714256658 Active(anon):      93080 kB
1777826739.714256658 Inactive(anon):        0 kB
1777826739.714256658 Active(file):     335556 kB
1777826739.714256658 Inactive(file):   107440 kB
1777826739.714256658 Unevictable:           0 kB
1777826739.714256658 Mlocked:               0 kB
1777826739.714256658 SwapTotal:             0 kB
1777826739.714256658 SwapFree:              0 kB
1777826739.714256658 Zswap:                 0 kB
1777826739.714256658 Zswapped:              0 kB
1777826739.714256658 Dirty:               100 kB
1777826739.714256658 Writeback:             0 kB
1777826739.714256658 AnonPages:         88348 kB
1777826739.714256658 Mapped:            89036 kB
1777826739.714256658 Shmem:              5248 kB
1777826739.714256658 KReclaimable:      30348 kB
1777826739.714256658 Slab:             117528 kB
1777826739.714256658 SReclaimable:      30348 kB
1777826739.714256658 SUnreclaim:        87180 kB
1777826739.714256658 KernelStack:        3120 kB
1777826739.714256658 PageTables:         4076 kB
1777826739.714256658 SecPageTables:         0 kB
1777826739.714256658 NFS_Unstable:          0 kB
1777826739.714256658 Bounce:                0 kB
1777826739.714256658 WritebackTmp:          0 kB
1777826739.714256658 CommitLimit:     3537964 kB
1777826739.714256658 Committed_AS:     404596 kB
1777826739.714256658 VmallocTotal:   135288315904 kB
1777826739.714256658 VmallocUsed:       19400 kB
1777826739.714256658 VmallocChunk:          0 kB
1777826739.714256658 Percpu:             1456 kB
1777826739.714256658 AnonHugePages:         0 kB
1777826739.714256658 ShmemHugePages:        0 kB
1777826739.714256658 ShmemPmdMapped:        0 kB
1777826739.714256658 FileHugePages:         0 kB
1777826739.714256658 FilePmdMapped:         0 kB
1777826739.714256658 CmaTotal:          65536 kB
1777826739.714256658 CmaFree:           49104 kB
1777826739.714256658 Balloon:               0 kB
1777826739.714256658 HugePages_Total:     512
1777826739.714256658 HugePages_Free:      488
1777826739.714256658 HugePages_Rsvd:        0
1777826739.714256658 HugePages_Surp:        0
1777826739.714256658 Hugepagesize:       2048 kB
1777826739.714256658 Hugetlb:         1048576 kB
1777826740.727471357 MemTotal:        8124504 kB
1777826740.727471357 MemFree:         6345084 kB
1777826740.727471357 MemAvailable:    6663516 kB
1777826740.727471357 Buffers:           30628 kB
1777826740.727471357 Cached:           417548 kB
1777826740.727471357 SwapCached:            0 kB
1777826740.727471357 Active:           428228 kB
1777826740.727471357 Inactive:         107456 kB
1777826740.727471357 Active(anon):      92668 kB
1777826740.727471357 Inactive(anon):        0 kB
1777826740.727471357 Active(file):     335560 kB
1777826740.727471357 Inactive(file):   107456 kB
1777826740.727471357 Unevictable:           0 kB
1777826740.727471357 Mlocked:               0 kB
1777826740.727471357 SwapTotal:             0 kB
1777826740.727471357 SwapFree:              0 kB
1777826740.727471357 Zswap:                 0 kB
1777826740.727471357 Zswapped:              0 kB
1777826740.727471357 Dirty:               104 kB
1777826740.727471357 Writeback:             0 kB
1777826740.727471357 AnonPages:         87596 kB
1777826740.727471357 Mapped:            89252 kB
1777826740.727471357 Shmem:              5248 kB
1777826740.727471357 KReclaimable:      30348 kB
1777826740.727471357 Slab:             117528 kB
1777826740.727471357 SReclaimable:      30348 kB
1777826740.727471357 SUnreclaim:        87180 kB
1777826740.727471357 KernelStack:        3128 kB
1777826740.727471357 PageTables:         4320 kB
1777826740.727471357 SecPageTables:         0 kB
1777826740.727471357 NFS_Unstable:          0 kB
1777826740.727471357 Bounce:                0 kB
1777826740.727471357 WritebackTmp:          0 kB
1777826740.727471357 CommitLimit:     3537964 kB
1777826740.727471357 Committed_AS:     406288 kB
1777826740.727471357 VmallocTotal:   135288315904 kB
1777826740.727471357 VmallocUsed:       19416 kB
1777826740.727471357 VmallocChunk:          0 kB
1777826740.727471357 Percpu:             1456 kB
1777826740.727471357 AnonHugePages:         0 kB
1777826740.727471357 ShmemHugePages:        0 kB
1777826740.727471357 ShmemPmdMapped:        0 kB
1777826740.727471357 FileHugePages:         0 kB
1777826740.727471357 FilePmdMapped:         0 kB
1777826740.727471357 CmaTotal:          65536 kB
1777826740.727471357 CmaFree:           49104 kB
1777826740.727471357 Balloon:               0 kB
1777826740.727471357 HugePages_Total:     512
1777826740.727471357 HugePages_Free:      488
1777826740.727471357 HugePages_Rsvd:        0
1777826740.727471357 HugePages_Surp:        0
1777826740.727471357 Hugepagesize:       2048 kB
1777826740.727471357 Hugetlb:         1048576 kB
1777826741.740488667 MemTotal:        8124504 kB
1777826741.740488667 MemFree:         6344836 kB
1777826741.740488667 MemAvailable:    6663268 kB
1777826741.740488667 Buffers:           30628 kB
1777826741.740488667 Cached:           417556 kB
1777826741.740488667 SwapCached:            0 kB
1777826741.740488667 Active:           428760 kB
1777826741.740488667 Inactive:         107460 kB
1777826741.740488667 Active(anon):      93204 kB
1777826741.740488667 Inactive(anon):        0 kB
1777826741.740488667 Active(file):     335556 kB
1777826741.740488667 Inactive(file):   107460 kB
1777826741.740488667 Unevictable:           0 kB
1777826741.740488667 Mlocked:               0 kB
1777826741.740488667 SwapTotal:             0 kB
1777826741.740488667 SwapFree:              0 kB
1777826741.740488667 Zswap:                 0 kB
1777826741.740488667 Zswapped:              0 kB
1777826741.740488667 Dirty:               112 kB
1777826741.740488667 Writeback:             0 kB
1777826741.740488667 AnonPages:         88044 kB
1777826741.740488667 Mapped:            89004 kB
1777826741.740488667 Shmem:              5248 kB
1777826741.740488667 KReclaimable:      30348 kB
1777826741.740488667 Slab:             117532 kB
1777826741.740488667 SReclaimable:      30348 kB
1777826741.740488667 SUnreclaim:        87184 kB
1777826741.740488667 KernelStack:        3088 kB
1777826741.740488667 PageTables:         3728 kB
1777826741.740488667 SecPageTables:         0 kB
1777826741.740488667 NFS_Unstable:          0 kB
1777826741.740488667 Bounce:                0 kB
1777826741.740488667 WritebackTmp:          0 kB
1777826741.740488667 CommitLimit:     3537964 kB
1777826741.740488667 Committed_AS:     405192 kB
1777826741.740488667 VmallocTotal:   135288315904 kB
1777826741.740488667 VmallocUsed:       19384 kB
1777826741.740488667 VmallocChunk:          0 kB
1777826741.740488667 Percpu:             1456 kB
1777826741.740488667 AnonHugePages:         0 kB
1777826741.740488667 ShmemHugePages:        0 kB
1777826741.740488667 ShmemPmdMapped:        0 kB
1777826741.740488667 FileHugePages:         0 kB
1777826741.740488667 FilePmdMapped:         0 kB
1777826741.740488667 CmaTotal:          65536 kB
1777826741.740488667 CmaFree:           49104 kB
1777826741.740488667 Balloon:               0 kB
1777826741.740488667 HugePages_Total:     512
1777826741.740488667 HugePages_Free:      488
1777826741.740488667 HugePages_Rsvd:        0
1777826741.740488667 HugePages_Surp:        0
1777826741.740488667 Hugepagesize:       2048 kB
1777826741.740488667 Hugetlb:         1048576 kB
1777826742.747594326 MemTotal:        8124504 kB
1777826742.747594326 MemFree:         6344856 kB
1777826742.747594326 MemAvailable:    6663292 kB
1777826742.747594326 Buffers:           30628 kB
1777826742.747594326 Cached:           417560 kB
1777826742.747594326 SwapCached:            0 kB
1777826742.747594326 Active:           428680 kB
1777826742.747594326 Inactive:         107464 kB
1777826742.747594326 Active(anon):      93124 kB
1777826742.747594326 Inactive(anon):        0 kB
1777826742.747594326 Active(file):     335556 kB
1777826742.747594326 Inactive(file):   107464 kB
1777826742.747594326 Unevictable:           0 kB
1777826742.747594326 Mlocked:               0 kB
1777826742.747594326 SwapTotal:             0 kB
1777826742.747594326 SwapFree:              0 kB
1777826742.747594326 Zswap:                 0 kB
1777826742.747594326 Zswapped:              0 kB
1777826742.747594326 Dirty:               116 kB
1777826742.747594326 Writeback:             0 kB
1777826742.747594326 AnonPages:         88044 kB
1777826742.747594326 Mapped:            89004 kB
1777826742.747594326 Shmem:              5248 kB
1777826742.747594326 KReclaimable:      30348 kB
1777826742.747594326 Slab:             117520 kB
1777826742.747594326 SReclaimable:      30348 kB
1777826742.747594326 SUnreclaim:        87172 kB
1777826742.747594326 KernelStack:        3088 kB
1777826742.747594326 PageTables:         3728 kB
1777826742.747594326 SecPageTables:         0 kB
1777826742.747594326 NFS_Unstable:          0 kB
1777826742.747594326 Bounce:                0 kB
1777826742.747594326 WritebackTmp:          0 kB
1777826742.747594326 CommitLimit:     3537964 kB
1777826742.747594326 Committed_AS:     405192 kB
1777826742.747594326 VmallocTotal:   135288315904 kB
1777826742.747594326 VmallocUsed:       19384 kB
1777826742.747594326 VmallocChunk:          0 kB
1777826742.747594326 Percpu:             1456 kB
1777826742.747594326 AnonHugePages:         0 kB
1777826742.747594326 ShmemHugePages:        0 kB
1777826742.747594326 ShmemPmdMapped:        0 kB
1777826742.747594326 FileHugePages:         0 kB
1777826742.747594326 FilePmdMapped:         0 kB
1777826742.747594326 CmaTotal:          65536 kB
1777826742.747594326 CmaFree:           49104 kB
1777826742.747594326 Balloon:               0 kB
1777826742.747594326 HugePages_Total:     512
1777826742.747594326 HugePages_Free:      488
1777826742.747594326 HugePages_Rsvd:        0
1777826742.747594326 HugePages_Surp:        0
1777826742.747594326 Hugepagesize:       2048 kB
1777826742.747594326 Hugetlb:         1048576 kB
1777826743.754722354 MemTotal:        8124504 kB
1777826743.754722354 MemFree:         6346564 kB
1777826743.754722354 MemAvailable:    6665008 kB
1777826743.754722354 Buffers:           30628 kB
1777826743.754722354 Cached:           417564 kB
1777826743.754722354 SwapCached:            0 kB
1777826743.754722354 Active:           428616 kB
1777826743.754722354 Inactive:         107472 kB
1777826743.754722354 Active(anon):      93060 kB
1777826743.754722354 Inactive(anon):        0 kB
1777826743.754722354 Active(file):     335556 kB
1777826743.754722354 Inactive(file):   107472 kB
1777826743.754722354 Unevictable:           0 kB
1777826743.754722354 Mlocked:               0 kB
1777826743.754722354 SwapTotal:             0 kB
1777826743.754722354 SwapFree:              0 kB
1777826743.754722354 Zswap:                 0 kB
1777826743.754722354 Zswapped:              0 kB
1777826743.754722354 Dirty:               120 kB
1777826743.754722354 Writeback:             0 kB
1777826743.754722354 AnonPages:         88044 kB
1777826743.754722354 Mapped:            89004 kB
1777826743.754722354 Shmem:              5248 kB
1777826743.754722354 KReclaimable:      30348 kB
1777826743.754722354 Slab:             117508 kB
1777826743.754722354 SReclaimable:      30348 kB
1777826743.754722354 SUnreclaim:        87160 kB
1777826743.754722354 KernelStack:        3088 kB
1777826743.754722354 PageTables:         3736 kB
1777826743.754722354 SecPageTables:         0 kB
1777826743.754722354 NFS_Unstable:          0 kB
1777826743.754722354 Bounce:                0 kB
1777826743.754722354 WritebackTmp:          0 kB
1777826743.754722354 CommitLimit:     3537964 kB
1777826743.754722354 Committed_AS:     405192 kB
1777826743.754722354 VmallocTotal:   135288315904 kB
1777826743.754722354 VmallocUsed:       19384 kB
1777826743.754722354 VmallocChunk:          0 kB
1777826743.754722354 Percpu:             1456 kB
1777826743.754722354 AnonHugePages:         0 kB
1777826743.754722354 ShmemHugePages:        0 kB
1777826743.754722354 ShmemPmdMapped:        0 kB
1777826743.754722354 FileHugePages:         0 kB
1777826743.754722354 FilePmdMapped:         0 kB
1777826743.754722354 CmaTotal:          65536 kB
1777826743.754722354 CmaFree:           49104 kB
1777826743.754722354 Balloon:               0 kB
1777826743.754722354 HugePages_Total:     512
1777826743.754722354 HugePages_Free:      488
1777826743.754722354 HugePages_Rsvd:        0
1777826743.754722354 HugePages_Surp:        0
1777826743.754722354 Hugepagesize:       2048 kB
1777826743.754722354 Hugetlb:         1048576 kB
1777826744.761675161 MemTotal:        8124504 kB
1777826744.761675161 MemFree:         6344572 kB
1777826744.761675161 MemAvailable:    6663024 kB
1777826744.761675161 Buffers:           30636 kB
1777826744.761675161 Cached:           417568 kB
1777826744.761675161 SwapCached:            0 kB
1777826744.761675161 Active:           428696 kB
1777826744.761675161 Inactive:         107476 kB
1777826744.761675161 Active(anon):      93136 kB
1777826744.761675161 Inactive(anon):        0 kB
1777826744.761675161 Active(file):     335560 kB
1777826744.761675161 Inactive(file):   107476 kB
1777826744.761675161 Unevictable:           0 kB
1777826744.761675161 Mlocked:               0 kB
1777826744.761675161 SwapTotal:             0 kB
1777826744.761675161 SwapFree:              0 kB
1777826744.761675161 Zswap:                 0 kB
1777826744.761675161 Zswapped:              0 kB
1777826744.761675161 Dirty:               124 kB
1777826744.761675161 Writeback:             0 kB
1777826744.761675161 AnonPages:         88036 kB
1777826744.761675161 Mapped:            88964 kB
1777826744.761675161 Shmem:              5248 kB
1777826744.761675161 KReclaimable:      30348 kB
1777826744.761675161 Slab:             117536 kB
1777826744.761675161 SReclaimable:      30348 kB
1777826744.761675161 SUnreclaim:        87188 kB
1777826744.761675161 KernelStack:        3088 kB
1777826744.761675161 PageTables:         3732 kB
1777826744.761675161 SecPageTables:         0 kB
1777826744.761675161 NFS_Unstable:          0 kB
1777826744.761675161 Bounce:                0 kB
1777826744.761675161 WritebackTmp:          0 kB
1777826744.761675161 CommitLimit:     3537964 kB
1777826744.761675161 Committed_AS:     405192 kB
1777826744.761675161 VmallocTotal:   135288315904 kB
1777826744.761675161 VmallocUsed:       19384 kB
1777826744.761675161 VmallocChunk:          0 kB
1777826744.761675161 Percpu:             1456 kB
1777826744.761675161 AnonHugePages:         0 kB
1777826744.761675161 ShmemHugePages:        0 kB
1777826744.761675161 ShmemPmdMapped:        0 kB
1777826744.761675161 FileHugePages:         0 kB
1777826744.761675161 FilePmdMapped:         0 kB
1777826744.761675161 CmaTotal:          65536 kB
1777826744.761675161 CmaFree:           49104 kB
1777826744.761675161 Balloon:               0 kB
1777826744.761675161 HugePages_Total:     512
1777826744.761675161 HugePages_Free:      488
1777826744.761675161 HugePages_Rsvd:        0
1777826744.761675161 HugePages_Surp:        0
1777826744.761675161 Hugepagesize:       2048 kB
1777826744.761675161 Hugetlb:         1048576 kB
1777826745.768708634 MemTotal:        8124504 kB
1777826745.768708634 MemFree:         6344812 kB
1777826745.768708634 MemAvailable:    6663268 kB
1777826745.768708634 Buffers:           30636 kB
1777826745.768708634 Cached:           417572 kB
1777826745.768708634 SwapCached:            0 kB
1777826745.768708634 Active:           428748 kB
1777826745.768708634 Inactive:         107484 kB
1777826745.768708634 Active(anon):      93192 kB
1777826745.768708634 Inactive(anon):        0 kB
1777826745.768708634 Active(file):     335556 kB
1777826745.768708634 Inactive(file):   107484 kB
1777826745.768708634 Unevictable:           0 kB
1777826745.768708634 Mlocked:               0 kB
1777826745.768708634 SwapTotal:             0 kB
1777826745.768708634 SwapFree:              0 kB
1777826745.768708634 Zswap:                 0 kB
1777826745.768708634 Zswapped:              0 kB
1777826745.768708634 Dirty:               128 kB
1777826745.768708634 Writeback:             0 kB
1777826745.768708634 AnonPages:         88040 kB
1777826745.768708634 Mapped:            89004 kB
1777826745.768708634 Shmem:              5248 kB
1777826745.768708634 KReclaimable:      30348 kB
1777826745.768708634 Slab:             117548 kB
1777826745.768708634 SReclaimable:      30348 kB
1777826745.768708634 SUnreclaim:        87200 kB
1777826745.768708634 KernelStack:        3088 kB
1777826745.768708634 PageTables:         3732 kB
1777826745.768708634 SecPageTables:         0 kB
1777826745.768708634 NFS_Unstable:          0 kB
1777826745.768708634 Bounce:                0 kB
1777826745.768708634 WritebackTmp:          0 kB
1777826745.768708634 CommitLimit:     3537964 kB
1777826745.768708634 Committed_AS:     405192 kB
1777826745.768708634 VmallocTotal:   135288315904 kB
1777826745.768708634 VmallocUsed:       19400 kB
1777826745.768708634 VmallocChunk:          0 kB
1777826745.768708634 Percpu:             1456 kB
1777826745.768708634 AnonHugePages:         0 kB
1777826745.768708634 ShmemHugePages:        0 kB
1777826745.768708634 ShmemPmdMapped:        0 kB
1777826745.768708634 FileHugePages:         0 kB
1777826745.768708634 FilePmdMapped:         0 kB
1777826745.768708634 CmaTotal:          65536 kB
1777826745.768708634 CmaFree:           49104 kB
1777826745.768708634 Balloon:               0 kB
1777826745.768708634 HugePages_Total:     512
1777826745.768708634 HugePages_Free:      488
1777826745.768708634 HugePages_Rsvd:        0
1777826745.768708634 HugePages_Surp:        0
1777826745.768708634 Hugepagesize:       2048 kB
1777826745.768708634 Hugetlb:         1048576 kB
1777826746.775740552 MemTotal:        8124504 kB
1777826746.775740552 MemFree:         6344484 kB
1777826746.775740552 MemAvailable:    6662956 kB
1777826746.775740552 Buffers:           30636 kB
1777826746.775740552 Cached:           417580 kB
1777826746.775740552 SwapCached:            0 kB
1777826746.775740552 Active:           428692 kB
1777826746.775740552 Inactive:         107496 kB
1777826746.775740552 Active(anon):      93132 kB
1777826746.775740552 Inactive(anon):        0 kB
1777826746.775740552 Active(file):     335560 kB
1777826746.775740552 Inactive(file):   107496 kB
1777826746.775740552 Unevictable:           0 kB
1777826746.775740552 Mlocked:               0 kB
1777826746.775740552 SwapTotal:             0 kB
1777826746.775740552 SwapFree:              0 kB
1777826746.775740552 Zswap:                 0 kB
1777826746.775740552 Zswapped:              0 kB
1777826746.775740552 Dirty:               136 kB
1777826746.775740552 Writeback:             0 kB
1777826746.775740552 AnonPages:         88132 kB
1777826746.775740552 Mapped:            88940 kB
1777826746.775740552 Shmem:              5248 kB
1777826746.775740552 KReclaimable:      30348 kB
1777826746.775740552 Slab:             117540 kB
1777826746.775740552 SReclaimable:      30348 kB
1777826746.775740552 SUnreclaim:        87192 kB
1777826746.775740552 KernelStack:        3088 kB
1777826746.775740552 PageTables:         3796 kB
1777826746.775740552 SecPageTables:         0 kB
1777826746.775740552 NFS_Unstable:          0 kB
1777826746.775740552 Bounce:                0 kB
1777826746.775740552 WritebackTmp:          0 kB
1777826746.775740552 CommitLimit:     3537964 kB
1777826746.775740552 Committed_AS:     405192 kB
1777826746.775740552 VmallocTotal:   135288315904 kB
1777826746.775740552 VmallocUsed:       19400 kB
1777826746.775740552 VmallocChunk:          0 kB
1777826746.775740552 Percpu:             1456 kB
1777826746.775740552 AnonHugePages:         0 kB
1777826746.775740552 ShmemHugePages:        0 kB
1777826746.775740552 ShmemPmdMapped:        0 kB
1777826746.775740552 FileHugePages:         0 kB
1777826746.775740552 FilePmdMapped:         0 kB
1777826746.775740552 CmaTotal:          65536 kB
1777826746.775740552 CmaFree:           49104 kB
1777826746.775740552 Balloon:               0 kB
1777826746.775740552 HugePages_Total:     512
1777826746.775740552 HugePages_Free:      488
1777826746.775740552 HugePages_Rsvd:        0
1777826746.775740552 HugePages_Surp:        0
1777826746.775740552 Hugepagesize:       2048 kB
1777826746.775740552 Hugetlb:         1048576 kB
1777826747.782722026 MemTotal:        8124504 kB
1777826747.782722026 MemFree:         6344804 kB
1777826747.782722026 MemAvailable:    6663276 kB
1777826747.782722026 Buffers:           30636 kB
1777826747.782722026 Cached:           417584 kB
1777826747.782722026 SwapCached:            0 kB
1777826747.782722026 Active:           428664 kB
1777826747.782722026 Inactive:         107500 kB
1777826747.782722026 Active(anon):      93108 kB
1777826747.782722026 Inactive(anon):        0 kB
1777826747.782722026 Active(file):     335556 kB
1777826747.782722026 Inactive(file):   107500 kB
1777826747.782722026 Unevictable:           0 kB
1777826747.782722026 Mlocked:               0 kB
1777826747.782722026 SwapTotal:             0 kB
1777826747.782722026 SwapFree:              0 kB
1777826747.782722026 Zswap:                 0 kB
1777826747.782722026 Zswapped:              0 kB
1777826747.782722026 Dirty:               140 kB
1777826747.782722026 Writeback:             0 kB
1777826747.782722026 AnonPages:         88036 kB
1777826747.782722026 Mapped:            89004 kB
1777826747.782722026 Shmem:              5248 kB
1777826747.782722026 KReclaimable:      30348 kB
1777826747.782722026 Slab:             117540 kB
1777826747.782722026 SReclaimable:      30348 kB
1777826747.782722026 SUnreclaim:        87192 kB
1777826747.782722026 KernelStack:        3088 kB
1777826747.782722026 PageTables:         3732 kB
1777826747.782722026 SecPageTables:         0 kB
1777826747.782722026 NFS_Unstable:          0 kB
1777826747.782722026 Bounce:                0 kB
1777826747.782722026 WritebackTmp:          0 kB
1777826747.782722026 CommitLimit:     3537964 kB
1777826747.782722026 Committed_AS:     405192 kB
1777826747.782722026 VmallocTotal:   135288315904 kB
1777826747.782722026 VmallocUsed:       19400 kB
1777826747.782722026 VmallocChunk:          0 kB
1777826747.782722026 Percpu:             1456 kB
1777826747.782722026 AnonHugePages:         0 kB
1777826747.782722026 ShmemHugePages:        0 kB
1777826747.782722026 ShmemPmdMapped:        0 kB
1777826747.782722026 FileHugePages:         0 kB
1777826747.782722026 FilePmdMapped:         0 kB
1777826747.782722026 CmaTotal:          65536 kB
1777826747.782722026 CmaFree:           49104 kB
1777826747.782722026 Balloon:               0 kB
1777826747.782722026 HugePages_Total:     512
1777826747.782722026 HugePages_Free:      488
1777826747.782722026 HugePages_Rsvd:        0
1777826747.782722026 HugePages_Surp:        0
1777826747.782722026 Hugepagesize:       2048 kB
1777826747.782722026 Hugetlb:         1048576 kB
1777826748.789611573 MemTotal:        8124504 kB
1777826748.789611573 MemFree:         6343908 kB
1777826748.789611573 MemAvailable:    6662388 kB
1777826748.789611573 Buffers:           30636 kB
1777826748.789611573 Cached:           417588 kB
1777826748.789611573 SwapCached:            0 kB
1777826748.789611573 Active:           428820 kB
1777826748.789611573 Inactive:         107504 kB
1777826748.789611573 Active(anon):      93260 kB
1777826748.789611573 Inactive(anon):        0 kB
1777826748.789611573 Active(file):     335560 kB
1777826748.789611573 Inactive(file):   107504 kB
1777826748.789611573 Unevictable:           0 kB
1777826748.789611573 Mlocked:               0 kB
1777826748.789611573 SwapTotal:             0 kB
1777826748.789611573 SwapFree:              0 kB
1777826748.789611573 Zswap:                 0 kB
1777826748.789611573 Zswapped:              0 kB
1777826748.789611573 Dirty:               144 kB
1777826748.789611573 Writeback:             0 kB
1777826748.789611573 AnonPages:         88040 kB
1777826748.789611573 Mapped:            89004 kB
1777826748.789611573 Shmem:              5248 kB
1777826748.789611573 KReclaimable:      30348 kB
1777826748.789611573 Slab:             117532 kB
1777826748.789611573 SReclaimable:      30348 kB
1777826748.789611573 SUnreclaim:        87184 kB
1777826748.789611573 KernelStack:        3088 kB
1777826748.789611573 PageTables:         3736 kB
1777826748.789611573 SecPageTables:         0 kB
1777826748.789611573 NFS_Unstable:          0 kB
1777826748.789611573 Bounce:                0 kB
1777826748.789611573 WritebackTmp:          0 kB
1777826748.789611573 CommitLimit:     3537964 kB
1777826748.789611573 Committed_AS:     405192 kB
1777826748.789611573 VmallocTotal:   135288315904 kB
1777826748.789611573 VmallocUsed:       19384 kB
1777826748.789611573 VmallocChunk:          0 kB
1777826748.789611573 Percpu:             1456 kB
1777826748.789611573 AnonHugePages:         0 kB
1777826748.789611573 ShmemHugePages:        0 kB
1777826748.789611573 ShmemPmdMapped:        0 kB
1777826748.789611573 FileHugePages:         0 kB
1777826748.789611573 FilePmdMapped:         0 kB
1777826748.789611573 CmaTotal:          65536 kB
1777826748.789611573 CmaFree:           49104 kB
1777826748.789611573 Balloon:               0 kB
1777826748.789611573 HugePages_Total:     512
1777826748.789611573 HugePages_Free:      488
1777826748.789611573 HugePages_Rsvd:        0
1777826748.789611573 HugePages_Surp:        0
1777826748.789611573 Hugepagesize:       2048 kB
1777826748.789611573 Hugetlb:         1048576 kB
1777826749.796690065 MemTotal:        8124504 kB
1777826749.796690065 MemFree:         6345480 kB
1777826749.796690065 MemAvailable:    6663972 kB
1777826749.796690065 Buffers:           30644 kB
1777826749.796690065 Cached:           417596 kB
1777826749.796690065 SwapCached:            0 kB
1777826749.796690065 Active:           428668 kB
1777826749.796690065 Inactive:         107520 kB
1777826749.796690065 Active(anon):      93112 kB
1777826749.796690065 Inactive(anon):        0 kB
1777826749.796690065 Active(file):     335556 kB
1777826749.796690065 Inactive(file):   107520 kB
1777826749.796690065 Unevictable:           0 kB
1777826749.796690065 Mlocked:               0 kB
1777826749.796690065 SwapTotal:             0 kB
1777826749.796690065 SwapFree:              0 kB
1777826749.796690065 Zswap:                 0 kB
1777826749.796690065 Zswapped:              0 kB
1777826749.796690065 Dirty:               112 kB
1777826749.796690065 Writeback:             0 kB
1777826749.796690065 AnonPages:         88040 kB
1777826749.796690065 Mapped:            88964 kB
1777826749.796690065 Shmem:              5248 kB
1777826749.796690065 KReclaimable:      30348 kB
1777826749.796690065 Slab:             117568 kB
1777826749.796690065 SReclaimable:      30348 kB
1777826749.796690065 SUnreclaim:        87220 kB
1777826749.796690065 KernelStack:        3088 kB
1777826749.796690065 PageTables:         3736 kB
1777826749.796690065 SecPageTables:         0 kB
1777826749.796690065 NFS_Unstable:          0 kB
1777826749.796690065 Bounce:                0 kB
1777826749.796690065 WritebackTmp:          0 kB
1777826749.796690065 CommitLimit:     3537964 kB
1777826749.796690065 Committed_AS:     405192 kB
1777826749.796690065 VmallocTotal:   135288315904 kB
1777826749.796690065 VmallocUsed:       19384 kB
1777826749.796690065 VmallocChunk:          0 kB
1777826749.796690065 Percpu:             1456 kB
1777826749.796690065 AnonHugePages:         0 kB
1777826749.796690065 ShmemHugePages:        0 kB
1777826749.796690065 ShmemPmdMapped:        0 kB
1777826749.796690065 FileHugePages:         0 kB
1777826749.796690065 FilePmdMapped:         0 kB
1777826749.796690065 CmaTotal:          65536 kB
1777826749.796690065 CmaFree:           49104 kB
1777826749.796690065 Balloon:               0 kB
1777826749.796690065 HugePages_Total:     512
1777826749.796690065 HugePages_Free:      488
1777826749.796690065 HugePages_Rsvd:        0
1777826749.796690065 HugePages_Surp:        0
1777826749.796690065 Hugepagesize:       2048 kB
1777826749.796690065 Hugetlb:         1048576 kB
1777826750.803719983 MemTotal:        8124504 kB
1777826750.803719983 MemFree:         6344180 kB
1777826750.803719983 MemAvailable:    6662672 kB
1777826750.803719983 Buffers:           30644 kB
1777826750.803719983 Cached:           417596 kB
1777826750.803719983 SwapCached:            0 kB
1777826750.803719983 Active:           428836 kB
1777826750.803719983 Inactive:         107520 kB
1777826750.803719983 Active(anon):      93280 kB
1777826750.803719983 Inactive(anon):        0 kB
1777826750.803719983 Active(file):     335556 kB
1777826750.803719983 Inactive(file):   107520 kB
1777826750.803719983 Unevictable:           0 kB
1777826750.803719983 Mlocked:               0 kB
1777826750.803719983 SwapTotal:             0 kB
1777826750.803719983 SwapFree:              0 kB
1777826750.803719983 Zswap:                 0 kB
1777826750.803719983 Zswapped:              0 kB
1777826750.803719983 Dirty:               112 kB
1777826750.803719983 Writeback:             0 kB
1777826750.803719983 AnonPages:         88116 kB
1777826750.803719983 Mapped:            89128 kB
1777826750.803719983 Shmem:              5248 kB
1777826750.803719983 KReclaimable:      30348 kB
1777826750.803719983 Slab:             117536 kB
1777826750.803719983 SReclaimable:      30348 kB
1777826750.803719983 SUnreclaim:        87188 kB
1777826750.803719983 KernelStack:        3096 kB
1777826750.803719983 PageTables:         3820 kB
1777826750.803719983 SecPageTables:         0 kB
1777826750.803719983 NFS_Unstable:          0 kB
1777826750.803719983 Bounce:                0 kB
1777826750.803719983 WritebackTmp:          0 kB
1777826750.803719983 CommitLimit:     3537964 kB
1777826750.803719983 Committed_AS:     405192 kB
1777826750.803719983 VmallocTotal:   135288315904 kB
1777826750.803719983 VmallocUsed:       19384 kB
1777826750.803719983 VmallocChunk:          0 kB
1777826750.803719983 Percpu:             1456 kB
1777826750.803719983 AnonHugePages:         0 kB
1777826750.803719983 ShmemHugePages:        0 kB
1777826750.803719983 ShmemPmdMapped:        0 kB
1777826750.803719983 FileHugePages:         0 kB
1777826750.803719983 FilePmdMapped:         0 kB
1777826750.803719983 CmaTotal:          65536 kB
1777826750.803719983 CmaFree:           49104 kB
1777826750.803719983 Balloon:               0 kB
1777826750.803719983 HugePages_Total:     512
1777826750.803719983 HugePages_Free:      488
1777826750.803719983 HugePages_Rsvd:        0
1777826750.803719983 HugePages_Surp:        0
1777826750.803719983 Hugepagesize:       2048 kB
1777826750.803719983 Hugetlb:         1048576 kB
1777826751.810773271 MemTotal:        8124504 kB
1777826751.810773271 MemFree:         6345592 kB
1777826751.810773271 MemAvailable:    6664092 kB
1777826751.810773271 Buffers:           30644 kB
1777826751.810773271 Cached:           417600 kB
1777826751.810773271 SwapCached:            0 kB
1777826751.810773271 Active:           428844 kB
1777826751.810773271 Inactive:         107524 kB
1777826751.810773271 Active(anon):      93284 kB
1777826751.810773271 Inactive(anon):        0 kB
1777826751.810773271 Active(file):     335560 kB
1777826751.810773271 Inactive(file):   107524 kB
1777826751.810773271 Unevictable:           0 kB
1777826751.810773271 Mlocked:               0 kB
1777826751.810773271 SwapTotal:             0 kB
1777826751.810773271 SwapFree:              0 kB
1777826751.810773271 Zswap:                 0 kB
1777826751.810773271 Zswapped:              0 kB
1777826751.810773271 Dirty:               116 kB
1777826751.810773271 Writeback:             0 kB
1777826751.810773271 AnonPages:         88040 kB
1777826751.810773271 Mapped:            89004 kB
1777826751.810773271 Shmem:              5248 kB
1777826751.810773271 KReclaimable:      30348 kB
1777826751.810773271 Slab:             117552 kB
1777826751.810773271 SReclaimable:      30348 kB
1777826751.810773271 SUnreclaim:        87204 kB
1777826751.810773271 KernelStack:        3088 kB
1777826751.810773271 PageTables:         3744 kB
1777826751.810773271 SecPageTables:         0 kB
1777826751.810773271 NFS_Unstable:          0 kB
1777826751.810773271 Bounce:                0 kB
1777826751.810773271 WritebackTmp:          0 kB
1777826751.810773271 CommitLimit:     3537964 kB
1777826751.810773271 Committed_AS:     405192 kB
1777826751.810773271 VmallocTotal:   135288315904 kB
1777826751.810773271 VmallocUsed:       19384 kB
1777826751.810773271 VmallocChunk:          0 kB
1777826751.810773271 Percpu:             1456 kB
1777826751.810773271 AnonHugePages:         0 kB
1777826751.810773271 ShmemHugePages:        0 kB
1777826751.810773271 ShmemPmdMapped:        0 kB
1777826751.810773271 FileHugePages:         0 kB
1777826751.810773271 FilePmdMapped:         0 kB
1777826751.810773271 CmaTotal:          65536 kB
1777826751.810773271 CmaFree:           49104 kB
1777826751.810773271 Balloon:               0 kB
1777826751.810773271 HugePages_Total:     512
1777826751.810773271 HugePages_Free:      488
1777826751.810773271 HugePages_Rsvd:        0
1777826751.810773271 HugePages_Surp:        0
1777826751.810773271 Hugepagesize:       2048 kB
1777826751.810773271 Hugetlb:         1048576 kB
1777826752.821446765 MemTotal:        8124504 kB
1777826752.821446765 MemFree:         6345088 kB
1777826752.821446765 MemAvailable:    6663596 kB
1777826752.821446765 Buffers:           30644 kB
1777826752.821446765 Cached:           417608 kB
1777826752.821446765 SwapCached:            0 kB
1777826752.821446765 Active:           428724 kB
1777826752.821446765 Inactive:         107532 kB
1777826752.821446765 Active(anon):      93164 kB
1777826752.821446765 Inactive(anon):        0 kB
1777826752.821446765 Active(file):     335560 kB
1777826752.821446765 Inactive(file):   107532 kB
1777826752.821446765 Unevictable:           0 kB
1777826752.821446765 Mlocked:               0 kB
1777826752.821446765 SwapTotal:             0 kB
1777826752.821446765 SwapFree:              0 kB
1777826752.821446765 Zswap:                 0 kB
1777826752.821446765 Zswapped:              0 kB
1777826752.821446765 Dirty:               124 kB
1777826752.821446765 Writeback:             0 kB
1777826752.821446765 AnonPages:         88132 kB
1777826752.821446765 Mapped:            89004 kB
1777826752.821446765 Shmem:              5248 kB
1777826752.821446765 KReclaimable:      30348 kB
1777826752.821446765 Slab:             117560 kB
1777826752.821446765 SReclaimable:      30348 kB
1777826752.821446765 SUnreclaim:        87212 kB
1777826752.821446765 KernelStack:        3080 kB
1777826752.821446765 PageTables:         3812 kB
1777826752.821446765 SecPageTables:         0 kB
1777826752.821446765 NFS_Unstable:          0 kB
1777826752.821446765 Bounce:                0 kB
1777826752.821446765 WritebackTmp:          0 kB
1777826752.821446765 CommitLimit:     3537964 kB
1777826752.821446765 Committed_AS:     405192 kB
1777826752.821446765 VmallocTotal:   135288315904 kB
1777826752.821446765 VmallocUsed:       19384 kB
1777826752.821446765 VmallocChunk:          0 kB
1777826752.821446765 Percpu:             1456 kB
1777826752.821446765 AnonHugePages:         0 kB
1777826752.821446765 ShmemHugePages:        0 kB
1777826752.821446765 ShmemPmdMapped:        0 kB
1777826752.821446765 FileHugePages:         0 kB
1777826752.821446765 FilePmdMapped:         0 kB
1777826752.821446765 CmaTotal:          65536 kB
1777826752.821446765 CmaFree:           49104 kB
1777826752.821446765 Balloon:               0 kB
1777826752.821446765 HugePages_Total:     512
1777826752.821446765 HugePages_Free:      488
1777826752.821446765 HugePages_Rsvd:        0
1777826752.821446765 HugePages_Surp:        0
1777826752.821446765 Hugepagesize:       2048 kB
1777826752.821446765 Hugetlb:         1048576 kB
1777826753.828488553 MemTotal:        8124504 kB
1777826753.828488553 MemFree:         6345224 kB
1777826753.828488553 MemAvailable:    6663740 kB
1777826753.828488553 Buffers:           30644 kB
1777826753.828488553 Cached:           417616 kB
1777826753.828488553 SwapCached:            0 kB
1777826753.828488553 Active:           428792 kB
1777826753.828488553 Inactive:         107540 kB
1777826753.828488553 Active(anon):      93232 kB
1777826753.828488553 Inactive(anon):        0 kB
1777826753.828488553 Active(file):     335560 kB
1777826753.828488553 Inactive(file):   107540 kB
1777826753.828488553 Unevictable:           0 kB
1777826753.828488553 Mlocked:               0 kB
1777826753.828488553 SwapTotal:             0 kB
1777826753.828488553 SwapFree:              0 kB
1777826753.828488553 Zswap:                 0 kB
1777826753.828488553 Zswapped:              0 kB
1777826753.828488553 Dirty:               132 kB
1777826753.828488553 Writeback:             0 kB
1777826753.828488553 AnonPages:         88168 kB
1777826753.828488553 Mapped:            89004 kB
1777826753.828488553 Shmem:              5248 kB
1777826753.828488553 KReclaimable:      30348 kB
1777826753.828488553 Slab:             117552 kB
1777826753.828488553 SReclaimable:      30348 kB
1777826753.828488553 SUnreclaim:        87204 kB
1777826753.828488553 KernelStack:        3120 kB
1777826753.828488553 PageTables:         3772 kB
1777826753.828488553 SecPageTables:         0 kB
1777826753.828488553 NFS_Unstable:          0 kB
1777826753.828488553 Bounce:                0 kB
1777826753.828488553 WritebackTmp:          0 kB
1777826753.828488553 CommitLimit:     3537964 kB
1777826753.828488553 Committed_AS:     405192 kB
1777826753.828488553 VmallocTotal:   135288315904 kB
1777826753.828488553 VmallocUsed:       19400 kB
1777826753.828488553 VmallocChunk:          0 kB
1777826753.828488553 Percpu:             1456 kB
1777826753.828488553 AnonHugePages:         0 kB
1777826753.828488553 ShmemHugePages:        0 kB
1777826753.828488553 ShmemPmdMapped:        0 kB
1777826753.828488553 FileHugePages:         0 kB
1777826753.828488553 FilePmdMapped:         0 kB
1777826753.828488553 CmaTotal:          65536 kB
1777826753.828488553 CmaFree:           49104 kB
1777826753.828488553 Balloon:               0 kB
1777826753.828488553 HugePages_Total:     512
1777826753.828488553 HugePages_Free:      488
1777826753.828488553 HugePages_Rsvd:        0
1777826753.828488553 HugePages_Surp:        0
1777826753.828488553 Hugepagesize:       2048 kB
1777826753.828488553 Hugetlb:         1048576 kB
1777826754.835410396 MemTotal:        8124504 kB
1777826754.835410396 MemFree:         6346800 kB
1777826754.835410396 MemAvailable:    6665320 kB
1777826754.835410396 Buffers:           30652 kB
1777826754.835410396 Cached:           417620 kB
1777826754.835410396 SwapCached:            0 kB
1777826754.835410396 Active:           428660 kB
1777826754.835410396 Inactive:         107544 kB
1777826754.835410396 Active(anon):      93100 kB
1777826754.835410396 Inactive(anon):        0 kB
1777826754.835410396 Active(file):     335560 kB
1777826754.835410396 Inactive(file):   107544 kB
1777826754.835410396 Unevictable:           0 kB
1777826754.835410396 Mlocked:               0 kB
1777826754.835410396 SwapTotal:             0 kB
1777826754.835410396 SwapFree:              0 kB
1777826754.835410396 Zswap:                 0 kB
1777826754.835410396 Zswapped:              0 kB
1777826754.835410396 Dirty:               136 kB
1777826754.835410396 Writeback:             0 kB
1777826754.835410396 AnonPages:         87988 kB
1777826754.835410396 Mapped:            88900 kB
1777826754.835410396 Shmem:              5248 kB
1777826754.835410396 KReclaimable:      30348 kB
1777826754.835410396 Slab:             117556 kB
1777826754.835410396 SReclaimable:      30348 kB
1777826754.835410396 SUnreclaim:        87208 kB
1777826754.835410396 KernelStack:        3064 kB
1777826754.835410396 PageTables:         3796 kB
1777826754.835410396 SecPageTables:         0 kB
1777826754.835410396 NFS_Unstable:          0 kB
1777826754.835410396 Bounce:                0 kB
1777826754.835410396 WritebackTmp:          0 kB
1777826754.835410396 CommitLimit:     3537964 kB
1777826754.835410396 Committed_AS:     405192 kB
1777826754.835410396 VmallocTotal:   135288315904 kB
1777826754.835410396 VmallocUsed:       19384 kB
1777826754.835410396 VmallocChunk:          0 kB
1777826754.835410396 Percpu:             1456 kB
1777826754.835410396 AnonHugePages:         0 kB
1777826754.835410396 ShmemHugePages:        0 kB
1777826754.835410396 ShmemPmdMapped:        0 kB
1777826754.835410396 FileHugePages:         0 kB
1777826754.835410396 FilePmdMapped:         0 kB
1777826754.835410396 CmaTotal:          65536 kB
1777826754.835410396 CmaFree:           49104 kB
1777826754.835410396 Balloon:               0 kB
1777826754.835410396 HugePages_Total:     512
1777826754.835410396 HugePages_Free:      488
1777826754.835410396 HugePages_Rsvd:        0
1777826754.835410396 HugePages_Surp:        0
1777826754.835410396 Hugepagesize:       2048 kB
1777826754.835410396 Hugetlb:         1048576 kB
1777826755.842462999 MemTotal:        8124504 kB
1777826755.842462999 MemFree:         6345036 kB
1777826755.842462999 MemAvailable:    6663564 kB
1777826755.842462999 Buffers:           30652 kB
1777826755.842462999 Cached:           417620 kB
1777826755.842462999 SwapCached:            0 kB
1777826755.842462999 Active:           428632 kB
1777826755.842462999 Inactive:         107552 kB
1777826755.842462999 Active(anon):      93072 kB
1777826755.842462999 Inactive(anon):        0 kB
1777826755.842462999 Active(file):     335560 kB
1777826755.842462999 Inactive(file):   107552 kB
1777826755.842462999 Unevictable:           0 kB
1777826755.842462999 Mlocked:               0 kB
1777826755.842462999 SwapTotal:             0 kB
1777826755.842462999 SwapFree:              0 kB
1777826755.842462999 Zswap:                 0 kB
1777826755.842462999 Zswapped:              0 kB
1777826755.842462999 Dirty:               136 kB
1777826755.842462999 Writeback:             0 kB
1777826755.842462999 AnonPages:         88036 kB
1777826755.842462999 Mapped:            89004 kB
1777826755.842462999 Shmem:              5248 kB
1777826755.842462999 KReclaimable:      30348 kB
1777826755.842462999 Slab:             117572 kB
1777826755.842462999 SReclaimable:      30348 kB
1777826755.842462999 SUnreclaim:        87224 kB
1777826755.842462999 KernelStack:        3088 kB
1777826755.842462999 PageTables:         3728 kB
1777826755.842462999 SecPageTables:         0 kB
1777826755.842462999 NFS_Unstable:          0 kB
1777826755.842462999 Bounce:                0 kB
1777826755.842462999 WritebackTmp:          0 kB
1777826755.842462999 CommitLimit:     3537964 kB
1777826755.842462999 Committed_AS:     405192 kB
1777826755.842462999 VmallocTotal:   135288315904 kB
1777826755.842462999 VmallocUsed:       19384 kB
1777826755.842462999 VmallocChunk:          0 kB
1777826755.842462999 Percpu:             1456 kB
1777826755.842462999 AnonHugePages:         0 kB
1777826755.842462999 ShmemHugePages:        0 kB
1777826755.842462999 ShmemPmdMapped:        0 kB
1777826755.842462999 FileHugePages:         0 kB
1777826755.842462999 FilePmdMapped:         0 kB
1777826755.842462999 CmaTotal:          65536 kB
1777826755.842462999 CmaFree:           49104 kB
1777826755.842462999 Balloon:               0 kB
1777826755.842462999 HugePages_Total:     512
1777826755.842462999 HugePages_Free:      488
1777826755.842462999 HugePages_Rsvd:        0
1777826755.842462999 HugePages_Surp:        0
1777826755.842462999 Hugepagesize:       2048 kB
1777826755.842462999 Hugetlb:         1048576 kB
1777826756.853430734 MemTotal:        8124504 kB
1777826756.853430734 MemFree:         6345924 kB
1777826756.853430734 MemAvailable:    6664456 kB
1777826756.853430734 Buffers:           30652 kB
1777826756.853430734 Cached:           417628 kB
1777826756.853430734 SwapCached:            0 kB
1777826756.853430734 Active:           428644 kB
1777826756.853430734 Inactive:         107560 kB
1777826756.853430734 Active(anon):      93088 kB
1777826756.853430734 Inactive(anon):        0 kB
1777826756.853430734 Active(file):     335556 kB
1777826756.853430734 Inactive(file):   107560 kB
1777826756.853430734 Unevictable:           0 kB
1777826756.853430734 Mlocked:               0 kB
1777826756.853430734 SwapTotal:             0 kB
1777826756.853430734 SwapFree:              0 kB
1777826756.853430734 Zswap:                 0 kB
1777826756.853430734 Zswapped:              0 kB
1777826756.853430734 Dirty:               144 kB
1777826756.853430734 Writeback:             0 kB
1777826756.853430734 AnonPages:         87972 kB
1777826756.853430734 Mapped:            89088 kB
1777826756.853430734 Shmem:              5248 kB
1777826756.853430734 KReclaimable:      30348 kB
1777826756.853430734 Slab:             117588 kB
1777826756.853430734 SReclaimable:      30348 kB
1777826756.853430734 SUnreclaim:        87240 kB
1777826756.853430734 KernelStack:        3096 kB
1777826756.853430734 PageTables:         3836 kB
1777826756.853430734 SecPageTables:         0 kB
1777826756.853430734 NFS_Unstable:          0 kB
1777826756.853430734 Bounce:                0 kB
1777826756.853430734 WritebackTmp:          0 kB
1777826756.853430734 CommitLimit:     3537964 kB
1777826756.853430734 Committed_AS:     405192 kB
1777826756.853430734 VmallocTotal:   135288315904 kB
1777826756.853430734 VmallocUsed:       19384 kB
1777826756.853430734 VmallocChunk:          0 kB
1777826756.853430734 Percpu:             1456 kB
1777826756.853430734 AnonHugePages:         0 kB
1777826756.853430734 ShmemHugePages:        0 kB
1777826756.853430734 ShmemPmdMapped:        0 kB
1777826756.853430734 FileHugePages:         0 kB
1777826756.853430734 FilePmdMapped:         0 kB
1777826756.853430734 CmaTotal:          65536 kB
1777826756.853430734 CmaFree:           49104 kB
1777826756.853430734 Balloon:               0 kB
1777826756.853430734 HugePages_Total:     512
1777826756.853430734 HugePages_Free:      488
1777826756.853430734 HugePages_Rsvd:        0
1777826756.853430734 HugePages_Surp:        0
1777826756.853430734 Hugepagesize:       2048 kB
1777826756.853430734 Hugetlb:         1048576 kB
1777826757.860492596 MemTotal:        8124504 kB
1777826757.860492596 MemFree:         6346116 kB
1777826757.860492596 MemAvailable:    6664652 kB
1777826757.860492596 Buffers:           30652 kB
1777826757.860492596 Cached:           417632 kB
1777826757.860492596 SwapCached:            0 kB
1777826757.860492596 Active:           428712 kB
1777826757.860492596 Inactive:         107564 kB
1777826757.860492596 Active(anon):      93156 kB
1777826757.860492596 Inactive(anon):        0 kB
1777826757.860492596 Active(file):     335556 kB
1777826757.860492596 Inactive(file):   107564 kB
1777826757.860492596 Unevictable:           0 kB
1777826757.860492596 Mlocked:               0 kB
1777826757.860492596 SwapTotal:             0 kB
1777826757.860492596 SwapFree:              0 kB
1777826757.860492596 Zswap:                 0 kB
1777826757.860492596 Zswapped:              0 kB
1777826757.860492596 Dirty:               148 kB
1777826757.860492596 Writeback:             0 kB
1777826757.860492596 AnonPages:         88044 kB
1777826757.860492596 Mapped:            89004 kB
1777826757.860492596 Shmem:              5248 kB
1777826757.860492596 KReclaimable:      30348 kB
1777826757.860492596 Slab:             117572 kB
1777826757.860492596 SReclaimable:      30348 kB
1777826757.860492596 SUnreclaim:        87224 kB
1777826757.860492596 KernelStack:        3088 kB
1777826757.860492596 PageTables:         3740 kB
1777826757.860492596 SecPageTables:         0 kB
1777826757.860492596 NFS_Unstable:          0 kB
1777826757.860492596 Bounce:                0 kB
1777826757.860492596 WritebackTmp:          0 kB
1777826757.860492596 CommitLimit:     3537964 kB
1777826757.860492596 Committed_AS:     405192 kB
1777826757.860492596 VmallocTotal:   135288315904 kB
1777826757.860492596 VmallocUsed:       19384 kB
1777826757.860492596 VmallocChunk:          0 kB
1777826757.860492596 Percpu:             1456 kB
1777826757.860492596 AnonHugePages:         0 kB
1777826757.860492596 ShmemHugePages:        0 kB
1777826757.860492596 ShmemPmdMapped:        0 kB
1777826757.860492596 FileHugePages:         0 kB
1777826757.860492596 FilePmdMapped:         0 kB
1777826757.860492596 CmaTotal:          65536 kB
1777826757.860492596 CmaFree:           49104 kB
1777826757.860492596 Balloon:               0 kB
1777826757.860492596 HugePages_Total:     512
1777826757.860492596 HugePages_Free:      488
1777826757.860492596 HugePages_Rsvd:        0
1777826757.860492596 HugePages_Surp:        0
1777826757.860492596 Hugepagesize:       2048 kB
1777826757.860492596 Hugetlb:         1048576 kB
1777826758.867602366 MemTotal:        8124504 kB
1777826758.867602366 MemFree:         6346800 kB
1777826758.867602366 MemAvailable:    6665336 kB
1777826758.867602366 Buffers:           30652 kB
1777826758.867602366 Cached:           417632 kB
1777826758.867602366 SwapCached:            0 kB
1777826758.867602366 Active:           428848 kB
1777826758.867602366 Inactive:         107564 kB
1777826758.867602366 Active(anon):      93292 kB
1777826758.867602366 Inactive(anon):        0 kB
1777826758.867602366 Active(file):     335556 kB
1777826758.867602366 Inactive(file):   107564 kB
1777826758.867602366 Unevictable:           0 kB
1777826758.867602366 Mlocked:               0 kB
1777826758.867602366 SwapTotal:             0 kB
1777826758.867602366 SwapFree:              0 kB
1777826758.867602366 Zswap:                 0 kB
1777826758.867602366 Zswapped:              0 kB
1777826758.867602366 Dirty:               148 kB
1777826758.867602366 Writeback:             0 kB
1777826758.867602366 AnonPages:         88132 kB
1777826758.867602366 Mapped:            89064 kB
1777826758.867602366 Shmem:              5248 kB
1777826758.867602366 KReclaimable:      30348 kB
1777826758.867602366 Slab:             117572 kB
1777826758.867602366 SReclaimable:      30348 kB
1777826758.867602366 SUnreclaim:        87224 kB
1777826758.867602366 KernelStack:        3104 kB
1777826758.867602366 PageTables:         3896 kB
1777826758.867602366 SecPageTables:         0 kB
1777826758.867602366 NFS_Unstable:          0 kB
1777826758.867602366 Bounce:                0 kB
1777826758.867602366 WritebackTmp:          0 kB
1777826758.867602366 CommitLimit:     3537964 kB
1777826758.867602366 Committed_AS:     405192 kB
1777826758.867602366 VmallocTotal:   135288315904 kB
1777826758.867602366 VmallocUsed:       19400 kB
1777826758.867602366 VmallocChunk:          0 kB
1777826758.867602366 Percpu:             1456 kB
1777826758.867602366 AnonHugePages:         0 kB
1777826758.867602366 ShmemHugePages:        0 kB
1777826758.867602366 ShmemPmdMapped:        0 kB
1777826758.867602366 FileHugePages:         0 kB
1777826758.867602366 FilePmdMapped:         0 kB
1777826758.867602366 CmaTotal:          65536 kB
1777826758.867602366 CmaFree:           49104 kB
1777826758.867602366 Balloon:               0 kB
1777826758.867602366 HugePages_Total:     512
1777826758.867602366 HugePages_Free:      488
1777826758.867602366 HugePages_Rsvd:        0
1777826758.867602366 HugePages_Surp:        0
1777826758.867602366 Hugepagesize:       2048 kB
1777826758.867602366 Hugetlb:         1048576 kB
1777826759.874655821 MemTotal:        8124504 kB
1777826759.874655821 MemFree:         6346400 kB
1777826759.874655821 MemAvailable:    6664948 kB
1777826759.874655821 Buffers:           30660 kB
1777826759.874655821 Cached:           417640 kB
1777826759.874655821 SwapCached:            0 kB
1777826759.874655821 Active:           428720 kB
1777826759.874655821 Inactive:         107572 kB
1777826759.874655821 Active(anon):      93160 kB
1777826759.874655821 Inactive(anon):        0 kB
1777826759.874655821 Active(file):     335560 kB
1777826759.874655821 Inactive(file):   107572 kB
1777826759.874655821 Unevictable:           0 kB
1777826759.874655821 Mlocked:               0 kB
1777826759.874655821 SwapTotal:             0 kB
1777826759.874655821 SwapFree:              0 kB
1777826759.874655821 Zswap:                 0 kB
1777826759.874655821 Zswapped:              0 kB
1777826759.874655821 Dirty:               156 kB
1777826759.874655821 Writeback:             0 kB
1777826759.874655821 AnonPages:         88032 kB
1777826759.874655821 Mapped:            89004 kB
1777826759.874655821 Shmem:              5248 kB
1777826759.874655821 KReclaimable:      30348 kB
1777826759.874655821 Slab:             117568 kB
1777826759.874655821 SReclaimable:      30348 kB
1777826759.874655821 SUnreclaim:        87220 kB
1777826759.874655821 KernelStack:        3088 kB
1777826759.874655821 PageTables:         3732 kB
1777826759.874655821 SecPageTables:         0 kB
1777826759.874655821 NFS_Unstable:          0 kB
1777826759.874655821 Bounce:                0 kB
1777826759.874655821 WritebackTmp:          0 kB
1777826759.874655821 CommitLimit:     3537964 kB
1777826759.874655821 Committed_AS:     405192 kB
1777826759.874655821 VmallocTotal:   135288315904 kB
1777826759.874655821 VmallocUsed:       19368 kB
1777826759.874655821 VmallocChunk:          0 kB
1777826759.874655821 Percpu:             1456 kB
1777826759.874655821 AnonHugePages:         0 kB
1777826759.874655821 ShmemHugePages:        0 kB
1777826759.874655821 ShmemPmdMapped:        0 kB
1777826759.874655821 FileHugePages:         0 kB
1777826759.874655821 FilePmdMapped:         0 kB
1777826759.874655821 CmaTotal:          65536 kB
1777826759.874655821 CmaFree:           49104 kB
1777826759.874655821 Balloon:               0 kB
1777826759.874655821 HugePages_Total:     512
1777826759.874655821 HugePages_Free:      488
1777826759.874655821 HugePages_Rsvd:        0
1777826759.874655821 HugePages_Surp:        0
1777826759.874655821 Hugepagesize:       2048 kB
1777826759.874655821 Hugetlb:         1048576 kB
1777826760.885567593 MemTotal:        8124504 kB
1777826760.885567593 MemFree:         6346508 kB
1777826760.885567593 MemAvailable:    6665076 kB
1777826760.885567593 Buffers:           30660 kB
1777826760.885567593 Cached:           417652 kB
1777826760.885567593 SwapCached:            0 kB
1777826760.885567593 Active:           428808 kB
1777826760.885567593 Inactive:         107592 kB
1777826760.885567593 Active(anon):      93248 kB
1777826760.885567593 Inactive(anon):        0 kB
1777826760.885567593 Active(file):     335560 kB
1777826760.885567593 Inactive(file):   107592 kB
1777826760.885567593 Unevictable:           0 kB
1777826760.885567593 Mlocked:               0 kB
1777826760.885567593 SwapTotal:             0 kB
1777826760.885567593 SwapFree:              0 kB
1777826760.885567593 Zswap:                 0 kB
1777826760.885567593 Zswapped:              0 kB
1777826760.885567593 Dirty:               168 kB
1777826760.885567593 Writeback:             0 kB
1777826760.885567593 AnonPages:         88032 kB
1777826760.885567593 Mapped:            89004 kB
1777826760.885567593 Shmem:              5248 kB
1777826760.885567593 KReclaimable:      30348 kB
1777826760.885567593 Slab:             117572 kB
1777826760.885567593 SReclaimable:      30348 kB
1777826760.885567593 SUnreclaim:        87224 kB
1777826760.885567593 KernelStack:        3088 kB
1777826760.885567593 PageTables:         3740 kB
1777826760.885567593 SecPageTables:         0 kB
1777826760.885567593 NFS_Unstable:          0 kB
1777826760.885567593 Bounce:                0 kB
1777826760.885567593 WritebackTmp:          0 kB
1777826760.885567593 CommitLimit:     3537964 kB
1777826760.885567593 Committed_AS:     405192 kB
1777826760.885567593 VmallocTotal:   135288315904 kB
1777826760.885567593 VmallocUsed:       19384 kB
1777826760.885567593 VmallocChunk:          0 kB
1777826760.885567593 Percpu:             1456 kB
1777826760.885567593 AnonHugePages:         0 kB
1777826760.885567593 ShmemHugePages:        0 kB
1777826760.885567593 ShmemPmdMapped:        0 kB
1777826760.885567593 FileHugePages:         0 kB
1777826760.885567593 FilePmdMapped:         0 kB
1777826760.885567593 CmaTotal:          65536 kB
1777826760.885567593 CmaFree:           49104 kB
1777826760.885567593 Balloon:               0 kB
1777826760.885567593 HugePages_Total:     512
1777826760.885567593 HugePages_Free:      488
1777826760.885567593 HugePages_Rsvd:        0
1777826760.885567593 HugePages_Surp:        0
1777826760.885567593 Hugepagesize:       2048 kB
1777826760.885567593 Hugetlb:         1048576 kB
1777826761.896552142 MemTotal:        8124504 kB
1777826761.896552142 MemFree:         6347120 kB
1777826761.896552142 MemAvailable:    6665684 kB
1777826761.896552142 Buffers:           30660 kB
1777826761.896552142 Cached:           417652 kB
1777826761.896552142 SwapCached:            0 kB
1777826761.896552142 Active:           428700 kB
1777826761.896552142 Inactive:         107592 kB
1777826761.896552142 Active(anon):      93144 kB
1777826761.896552142 Inactive(anon):        0 kB
1777826761.896552142 Active(file):     335556 kB
1777826761.896552142 Inactive(file):   107592 kB
1777826761.896552142 Unevictable:           0 kB
1777826761.896552142 Mlocked:               0 kB
1777826761.896552142 SwapTotal:             0 kB
1777826761.896552142 SwapFree:              0 kB
1777826761.896552142 Zswap:                 0 kB
1777826761.896552142 Zswapped:              0 kB
1777826761.896552142 Dirty:                 4 kB
1777826761.896552142 Writeback:            56 kB
1777826761.896552142 AnonPages:         88004 kB
1777826761.896552142 Mapped:            89088 kB
1777826761.896552142 Shmem:              5248 kB
1777826761.896552142 KReclaimable:      30348 kB
1777826761.896552142 Slab:             117564 kB
1777826761.896552142 SReclaimable:      30348 kB
1777826761.896552142 SUnreclaim:        87216 kB
1777826761.896552142 KernelStack:        3096 kB
1777826761.896552142 PageTables:         3804 kB
1777826761.896552142 SecPageTables:         0 kB
1777826761.896552142 NFS_Unstable:          0 kB
1777826761.896552142 Bounce:                0 kB
1777826761.896552142 WritebackTmp:          0 kB
1777826761.896552142 CommitLimit:     3537964 kB
1777826761.896552142 Committed_AS:     405192 kB
1777826761.896552142 VmallocTotal:   135288315904 kB
1777826761.896552142 VmallocUsed:       19368 kB
1777826761.896552142 VmallocChunk:          0 kB
1777826761.896552142 Percpu:             1456 kB
1777826761.896552142 AnonHugePages:         0 kB
1777826761.896552142 ShmemHugePages:        0 kB
1777826761.896552142 ShmemPmdMapped:        0 kB
1777826761.896552142 FileHugePages:         0 kB
1777826761.896552142 FilePmdMapped:         0 kB
1777826761.896552142 CmaTotal:          65536 kB
1777826761.896552142 CmaFree:           49104 kB
1777826761.896552142 Balloon:               0 kB
1777826761.896552142 HugePages_Total:     512
1777826761.896552142 HugePages_Free:      488
1777826761.896552142 HugePages_Rsvd:        0
1777826761.896552142 HugePages_Surp:        0
1777826761.896552142 Hugepagesize:       2048 kB
1777826761.896552142 Hugetlb:         1048576 kB
1777826762.903595282 MemTotal:        8124504 kB
1777826762.903595282 MemFree:         6346284 kB
1777826762.903595282 MemAvailable:    6664852 kB
1777826762.903595282 Buffers:           30660 kB
1777826762.903595282 Cached:           417656 kB
1777826762.903595282 SwapCached:            0 kB
1777826762.903595282 Active:           428776 kB
1777826762.903595282 Inactive:         107596 kB
1777826762.903595282 Active(anon):      93220 kB
1777826762.903595282 Inactive(anon):        0 kB
1777826762.903595282 Active(file):     335556 kB
1777826762.903595282 Inactive(file):   107596 kB
1777826762.903595282 Unevictable:           0 kB
1777826762.903595282 Mlocked:               0 kB
1777826762.903595282 SwapTotal:             0 kB
1777826762.903595282 SwapFree:              0 kB
1777826762.903595282 Zswap:                 0 kB
1777826762.903595282 Zswapped:              0 kB
1777826762.903595282 Dirty:                24 kB
1777826762.903595282 Writeback:             0 kB
1777826762.903595282 AnonPages:         88076 kB
1777826762.903595282 Mapped:            89000 kB
1777826762.903595282 Shmem:              5248 kB
1777826762.903595282 KReclaimable:      30348 kB
1777826762.903595282 Slab:             117576 kB
1777826762.903595282 SReclaimable:      30348 kB
1777826762.903595282 SUnreclaim:        87228 kB
1777826762.903595282 KernelStack:        3096 kB
1777826762.903595282 PageTables:         3956 kB
1777826762.903595282 SecPageTables:         0 kB
1777826762.903595282 NFS_Unstable:          0 kB
1777826762.903595282 Bounce:                0 kB
1777826762.903595282 WritebackTmp:          0 kB
1777826762.903595282 CommitLimit:     3537964 kB
1777826762.903595282 Committed_AS:     405192 kB
1777826762.903595282 VmallocTotal:   135288315904 kB
1777826762.903595282 VmallocUsed:       19400 kB
1777826762.903595282 VmallocChunk:          0 kB
1777826762.903595282 Percpu:             1456 kB
1777826762.903595282 AnonHugePages:         0 kB
1777826762.903595282 ShmemHugePages:        0 kB
1777826762.903595282 ShmemPmdMapped:        0 kB
1777826762.903595282 FileHugePages:         0 kB
1777826762.903595282 FilePmdMapped:         0 kB
1777826762.903595282 CmaTotal:          65536 kB
1777826762.903595282 CmaFree:           49104 kB
1777826762.903595282 Balloon:               0 kB
1777826762.903595282 HugePages_Total:     512
1777826762.903595282 HugePages_Free:      488
1777826762.903595282 HugePages_Rsvd:        0
1777826762.903595282 HugePages_Surp:        0
1777826762.903595282 Hugepagesize:       2048 kB
1777826762.903595282 Hugetlb:         1048576 kB
1777826763.910676200 MemTotal:        8124504 kB
1777826763.910676200 MemFree:         6347716 kB
1777826763.910676200 MemAvailable:    6666296 kB
1777826763.910676200 Buffers:           30660 kB
1777826763.910676200 Cached:           417664 kB
1777826763.910676200 SwapCached:            0 kB
1777826763.910676200 Active:           428760 kB
1777826763.910676200 Inactive:         107604 kB
1777826763.910676200 Active(anon):      93200 kB
1777826763.910676200 Inactive(anon):        0 kB
1777826763.910676200 Active(file):     335560 kB
1777826763.910676200 Inactive(file):   107604 kB
1777826763.910676200 Unevictable:           0 kB
1777826763.910676200 Mlocked:               0 kB
1777826763.910676200 SwapTotal:             0 kB
1777826763.910676200 SwapFree:              0 kB
1777826763.910676200 Zswap:                 0 kB
1777826763.910676200 Zswapped:              0 kB
1777826763.910676200 Dirty:                32 kB
1777826763.910676200 Writeback:             0 kB
1777826763.910676200 AnonPages:         88136 kB
1777826763.910676200 Mapped:            89088 kB
1777826763.910676200 Shmem:              5248 kB
1777826763.910676200 KReclaimable:      30348 kB
1777826763.910676200 Slab:             117584 kB
1777826763.910676200 SReclaimable:      30348 kB
1777826763.910676200 SUnreclaim:        87236 kB
1777826763.910676200 KernelStack:        3088 kB
1777826763.910676200 PageTables:         3792 kB
1777826763.910676200 SecPageTables:         0 kB
1777826763.910676200 NFS_Unstable:          0 kB
1777826763.910676200 Bounce:                0 kB
1777826763.910676200 WritebackTmp:          0 kB
1777826763.910676200 CommitLimit:     3537964 kB
1777826763.910676200 Committed_AS:     405192 kB
1777826763.910676200 VmallocTotal:   135288315904 kB
1777826763.910676200 VmallocUsed:       19416 kB
1777826763.910676200 VmallocChunk:          0 kB
1777826763.910676200 Percpu:             1456 kB
1777826763.910676200 AnonHugePages:         0 kB
1777826763.910676200 ShmemHugePages:        0 kB
1777826763.910676200 ShmemPmdMapped:        0 kB
1777826763.910676200 FileHugePages:         0 kB
1777826763.910676200 FilePmdMapped:         0 kB
1777826763.910676200 CmaTotal:          65536 kB
1777826763.910676200 CmaFree:           49104 kB
1777826763.910676200 Balloon:               0 kB
1777826763.910676200 HugePages_Total:     512
1777826763.910676200 HugePages_Free:      488
1777826763.910676200 HugePages_Rsvd:        0
1777826763.910676200 HugePages_Surp:        0
1777826763.910676200 Hugepagesize:       2048 kB
1777826763.910676200 Hugetlb:         1048576 kB
1777826764.917593710 MemTotal:        8124504 kB
1777826764.917593710 MemFree:         6346228 kB
1777826764.917593710 MemAvailable:    6664816 kB
1777826764.917593710 Buffers:           30668 kB
1777826764.917593710 Cached:           417660 kB
1777826764.917593710 SwapCached:            0 kB
1777826764.917593710 Active:           428540 kB
1777826764.917593710 Inactive:         107608 kB
1777826764.917593710 Active(anon):      92976 kB
1777826764.917593710 Inactive(anon):        0 kB
1777826764.917593710 Active(file):     335564 kB
1777826764.917593710 Inactive(file):   107608 kB
1777826764.917593710 Unevictable:           0 kB
1777826764.917593710 Mlocked:               0 kB
1777826764.917593710 SwapTotal:             0 kB
1777826764.917593710 SwapFree:              0 kB
1777826764.917593710 Zswap:                 0 kB
1777826764.917593710 Zswapped:              0 kB
1777826764.917593710 Dirty:                36 kB
1777826764.917593710 Writeback:             0 kB
1777826764.917593710 AnonPages:         87912 kB
1777826764.917593710 Mapped:            89036 kB
1777826764.917593710 Shmem:              5248 kB
1777826764.917593710 KReclaimable:      30348 kB
1777826764.917593710 Slab:             117552 kB
1777826764.917593710 SReclaimable:      30348 kB
1777826764.917593710 SUnreclaim:        87204 kB
1777826764.917593710 KernelStack:        3080 kB
1777826764.917593710 PageTables:         3892 kB
1777826764.917593710 SecPageTables:         0 kB
1777826764.917593710 NFS_Unstable:          0 kB
1777826764.917593710 Bounce:                0 kB
1777826764.917593710 WritebackTmp:          0 kB
1777826764.917593710 CommitLimit:     3537964 kB
1777826764.917593710 Committed_AS:     405192 kB
1777826764.917593710 VmallocTotal:   135288315904 kB
1777826764.917593710 VmallocUsed:       19384 kB
1777826764.917593710 VmallocChunk:          0 kB
1777826764.917593710 Percpu:             1456 kB
1777826764.917593710 AnonHugePages:         0 kB
1777826764.917593710 ShmemHugePages:        0 kB
1777826764.917593710 ShmemPmdMapped:        0 kB
1777826764.917593710 FileHugePages:         0 kB
1777826764.917593710 FilePmdMapped:         0 kB
1777826764.917593710 CmaTotal:          65536 kB
1777826764.917593710 CmaFree:           49104 kB
1777826764.917593710 Balloon:               0 kB
1777826764.917593710 HugePages_Total:     512
1777826764.917593710 HugePages_Free:      488
1777826764.917593710 HugePages_Rsvd:        0
1777826764.917593710 HugePages_Surp:        0
1777826764.917593710 Hugepagesize:       2048 kB
1777826764.917593710 Hugetlb:         1048576 kB
1777826765.926980833 MemTotal:        8124504 kB
1777826765.926980833 MemFree:         6347008 kB
1777826765.926980833 MemAvailable:    6665600 kB
1777826765.926980833 Buffers:           30668 kB
1777826765.926980833 Cached:           417672 kB
1777826765.926980833 SwapCached:            0 kB
1777826765.926980833 Active:           428724 kB
1777826765.926980833 Inactive:         107620 kB
1777826765.926980833 Active(anon):      93168 kB
1777826765.926980833 Inactive(anon):        0 kB
1777826765.926980833 Active(file):     335556 kB
1777826765.926980833 Inactive(file):   107620 kB
1777826765.926980833 Unevictable:           0 kB
1777826765.926980833 Mlocked:               0 kB
1777826765.926980833 SwapTotal:             0 kB
1777826765.926980833 SwapFree:              0 kB
1777826765.926980833 Zswap:                 0 kB
1777826765.926980833 Zswapped:              0 kB
1777826765.926980833 Dirty:                64 kB
1777826765.926980833 Writeback:             0 kB
1777826765.926980833 AnonPages:         88140 kB
1777826765.926980833 Mapped:            89004 kB
1777826765.926980833 Shmem:              5248 kB
1777826765.926980833 KReclaimable:      30352 kB
1777826765.926980833 Slab:             117564 kB
1777826765.926980833 SReclaimable:      30352 kB
1777826765.926980833 SUnreclaim:        87212 kB
1777826765.926980833 KernelStack:        3096 kB
1777826765.926980833 PageTables:         3796 kB
1777826765.926980833 SecPageTables:         0 kB
1777826765.926980833 NFS_Unstable:          0 kB
1777826765.926980833 Bounce:                0 kB
1777826765.926980833 WritebackTmp:          0 kB
1777826765.926980833 CommitLimit:     3537964 kB
1777826765.926980833 Committed_AS:     405192 kB
1777826765.926980833 VmallocTotal:   135288315904 kB
1777826765.926980833 VmallocUsed:       19384 kB
1777826765.926980833 VmallocChunk:          0 kB
1777826765.926980833 Percpu:             1456 kB
1777826765.926980833 AnonHugePages:         0 kB
1777826765.926980833 ShmemHugePages:        0 kB
1777826765.926980833 ShmemPmdMapped:        0 kB
1777826765.926980833 FileHugePages:         0 kB
1777826765.926980833 FilePmdMapped:         0 kB
1777826765.926980833 CmaTotal:          65536 kB
1777826765.926980833 CmaFree:           49104 kB
1777826765.926980833 Balloon:               0 kB
1777826765.926980833 HugePages_Total:     512
1777826765.926980833 HugePages_Free:      488
1777826765.926980833 HugePages_Rsvd:        0
1777826765.926980833 HugePages_Surp:        0
1777826765.926980833 Hugepagesize:       2048 kB
1777826765.926980833 Hugetlb:         1048576 kB
1777826766.939580068 MemTotal:        8124504 kB
1777826766.939580068 MemFree:         6347256 kB
1777826766.939580068 MemAvailable:    6665852 kB
1777826766.939580068 Buffers:           30668 kB
1777826766.939580068 Cached:           417676 kB
1777826766.939580068 SwapCached:            0 kB
1777826766.939580068 Active:           428712 kB
1777826766.939580068 Inactive:         107624 kB
1777826766.939580068 Active(anon):      93156 kB
1777826766.939580068 Inactive(anon):        0 kB
1777826766.939580068 Active(file):     335556 kB
1777826766.939580068 Inactive(file):   107624 kB
1777826766.939580068 Unevictable:           0 kB
1777826766.939580068 Mlocked:               0 kB
1777826766.939580068 SwapTotal:             0 kB
1777826766.939580068 SwapFree:              0 kB
1777826766.939580068 Zswap:                 0 kB
1777826766.939580068 Zswapped:              0 kB
1777826766.939580068 Dirty:                68 kB
1777826766.939580068 Writeback:             0 kB
1777826766.939580068 AnonPages:         88100 kB
1777826766.939580068 Mapped:            89128 kB
1777826766.939580068 Shmem:              5248 kB
1777826766.939580068 KReclaimable:      30352 kB
1777826766.939580068 Slab:             117580 kB
1777826766.939580068 SReclaimable:      30352 kB
1777826766.939580068 SUnreclaim:        87228 kB
1777826766.939580068 KernelStack:        3096 kB
1777826766.939580068 PageTables:         3888 kB
1777826766.939580068 SecPageTables:         0 kB
1777826766.939580068 NFS_Unstable:          0 kB
1777826766.939580068 Bounce:                0 kB
1777826766.939580068 WritebackTmp:          0 kB
1777826766.939580068 CommitLimit:     3537964 kB
1777826766.939580068 Committed_AS:     405192 kB
1777826766.939580068 VmallocTotal:   135288315904 kB
1777826766.939580068 VmallocUsed:       19368 kB
1777826766.939580068 VmallocChunk:          0 kB
1777826766.939580068 Percpu:             1456 kB
1777826766.939580068 AnonHugePages:         0 kB
1777826766.939580068 ShmemHugePages:        0 kB
1777826766.939580068 ShmemPmdMapped:        0 kB
1777826766.939580068 FileHugePages:         0 kB
1777826766.939580068 FilePmdMapped:         0 kB
1777826766.939580068 CmaTotal:          65536 kB
1777826766.939580068 CmaFree:           49104 kB
1777826766.939580068 Balloon:               0 kB
1777826766.939580068 HugePages_Total:     512
1777826766.939580068 HugePages_Free:      488
1777826766.939580068 HugePages_Rsvd:        0
1777826766.939580068 HugePages_Surp:        0
1777826766.939580068 Hugepagesize:       2048 kB
1777826766.939580068 Hugetlb:         1048576 kB
1777826767.946464745 MemTotal:        8124504 kB
1777826767.946464745 MemFree:         6346884 kB
1777826767.946464745 MemAvailable:    6665488 kB
1777826767.946464745 Buffers:           30668 kB
1777826767.946464745 Cached:           417684 kB
1777826767.946464745 SwapCached:            0 kB
1777826767.946464745 Active:           428708 kB
1777826767.946464745 Inactive:         107632 kB
1777826767.946464745 Active(anon):      93152 kB
1777826767.946464745 Inactive(anon):        0 kB
1777826767.946464745 Active(file):     335556 kB
1777826767.946464745 Inactive(file):   107632 kB
1777826767.946464745 Unevictable:           0 kB
1777826767.946464745 Mlocked:               0 kB
1777826767.946464745 SwapTotal:             0 kB
1777826767.946464745 SwapFree:              0 kB
1777826767.946464745 Zswap:                 0 kB
1777826767.946464745 Zswapped:              0 kB
1777826767.946464745 Dirty:                76 kB
1777826767.946464745 Writeback:             0 kB
1777826767.946464745 AnonPages:         88044 kB
1777826767.946464745 Mapped:            88960 kB
1777826767.946464745 Shmem:              5248 kB
1777826767.946464745 KReclaimable:      30352 kB
1777826767.946464745 Slab:             117580 kB
1777826767.946464745 SReclaimable:      30352 kB
1777826767.946464745 SUnreclaim:        87228 kB
1777826767.946464745 KernelStack:        3088 kB
1777826767.946464745 PageTables:         3900 kB
1777826767.946464745 SecPageTables:         0 kB
1777826767.946464745 NFS_Unstable:          0 kB
1777826767.946464745 Bounce:                0 kB
1777826767.946464745 WritebackTmp:          0 kB
1777826767.946464745 CommitLimit:     3537964 kB
1777826767.946464745 Committed_AS:     405192 kB
1777826767.946464745 VmallocTotal:   135288315904 kB
1777826767.946464745 VmallocUsed:       19400 kB
1777826767.946464745 VmallocChunk:          0 kB
1777826767.946464745 Percpu:             1456 kB
1777826767.946464745 AnonHugePages:         0 kB
1777826767.946464745 ShmemHugePages:        0 kB
1777826767.946464745 ShmemPmdMapped:        0 kB
1777826767.946464745 FileHugePages:         0 kB
1777826767.946464745 FilePmdMapped:         0 kB
1777826767.946464745 CmaTotal:          65536 kB
1777826767.946464745 CmaFree:           49104 kB
1777826767.946464745 Balloon:               0 kB
1777826767.946464745 HugePages_Total:     512
1777826767.946464745 HugePages_Free:      488
1777826767.946464745 HugePages_Rsvd:        0
1777826767.946464745 HugePages_Surp:        0
1777826767.946464745 Hugepagesize:       2048 kB
1777826767.946464745 Hugetlb:         1048576 kB
1777826768.955466997 MemTotal:        8124504 kB
1777826768.955466997 MemFree:         6347636 kB
1777826768.955466997 MemAvailable:    6666252 kB
1777826768.955466997 Buffers:           30668 kB
1777826768.955466997 Cached:           417692 kB
1777826768.955466997 SwapCached:            0 kB
1777826768.955466997 Active:           429076 kB
1777826768.955466997 Inactive:         107640 kB
1777826768.955466997 Active(anon):      93516 kB
1777826768.955466997 Inactive(anon):        0 kB
1777826768.955466997 Active(file):     335560 kB
1777826768.955466997 Inactive(file):   107640 kB
1777826768.955466997 Unevictable:           0 kB
1777826768.955466997 Mlocked:               0 kB
1777826768.955466997 SwapTotal:             0 kB
1777826768.955466997 SwapFree:              0 kB
1777826768.955466997 Zswap:                 0 kB
1777826768.955466997 Zswapped:              0 kB
1777826768.955466997 Dirty:                84 kB
1777826768.955466997 Writeback:             0 kB
1777826768.955466997 AnonPages:         88424 kB
1777826768.955466997 Mapped:            89120 kB
1777826768.955466997 Shmem:              5248 kB
1777826768.955466997 KReclaimable:      30352 kB
1777826768.955466997 Slab:             117580 kB
1777826768.955466997 SReclaimable:      30352 kB
1777826768.955466997 SUnreclaim:        87228 kB
1777826768.955466997 KernelStack:        3160 kB
1777826768.955466997 PageTables:         4392 kB
1777826768.955466997 SecPageTables:         0 kB
1777826768.955466997 NFS_Unstable:          0 kB
1777826768.955466997 Bounce:                0 kB
1777826768.955466997 WritebackTmp:          0 kB
1777826768.955466997 CommitLimit:     3537964 kB
1777826768.955466997 Committed_AS:     405916 kB
1777826768.955466997 VmallocTotal:   135288315904 kB
1777826768.955466997 VmallocUsed:       19432 kB
1777826768.955466997 VmallocChunk:          0 kB
1777826768.955466997 Percpu:             1456 kB
1777826768.955466997 AnonHugePages:         0 kB
1777826768.955466997 ShmemHugePages:        0 kB
1777826768.955466997 ShmemPmdMapped:        0 kB
1777826768.955466997 FileHugePages:         0 kB
1777826768.955466997 FilePmdMapped:         0 kB
1777826768.955466997 CmaTotal:          65536 kB
1777826768.955466997 CmaFree:           49104 kB
1777826768.955466997 Balloon:               0 kB
1777826768.955466997 HugePages_Total:     512
1777826768.955466997 HugePages_Free:      488
1777826768.955466997 HugePages_Rsvd:        0
1777826768.955466997 HugePages_Surp:        0
1777826768.955466997 Hugepagesize:       2048 kB
1777826768.955466997 Hugetlb:         1048576 kB
1777826769.963020545 MemTotal:        8124504 kB
1777826769.963020545 MemFree:         6348456 kB
1777826769.963020545 MemAvailable:    6667064 kB
1777826769.963020545 Buffers:           30676 kB
1777826769.963020545 Cached:           417696 kB
1777826769.963020545 SwapCached:            0 kB
1777826769.963020545 Active:           428856 kB
1777826769.963020545 Inactive:         107640 kB
1777826769.963020545 Active(anon):      93304 kB
1777826769.963020545 Inactive(anon):        0 kB
1777826769.963020545 Active(file):     335552 kB
1777826769.963020545 Inactive(file):   107640 kB
1777826769.963020545 Unevictable:           0 kB
1777826769.963020545 Mlocked:               0 kB
1777826769.963020545 SwapTotal:             0 kB
1777826769.963020545 SwapFree:              0 kB
1777826769.963020545 Zswap:                 0 kB
1777826769.963020545 Zswapped:              0 kB
1777826769.963020545 Dirty:                88 kB
1777826769.963020545 Writeback:             0 kB
1777826769.963020545 AnonPages:         88028 kB
1777826769.963020545 Mapped:            89044 kB
1777826769.963020545 Shmem:              5248 kB
1777826769.963020545 KReclaimable:      30352 kB
1777826769.963020545 Slab:             117576 kB
1777826769.963020545 SReclaimable:      30352 kB
1777826769.963020545 SUnreclaim:        87224 kB
1777826769.963020545 KernelStack:        3120 kB
1777826769.963020545 PageTables:         3752 kB
1777826769.963020545 SecPageTables:         0 kB
1777826769.963020545 NFS_Unstable:          0 kB
1777826769.963020545 Bounce:                0 kB
1777826769.963020545 WritebackTmp:          0 kB
1777826769.963020545 CommitLimit:     3537964 kB
1777826769.963020545 Committed_AS:     405192 kB
1777826769.963020545 VmallocTotal:   135288315904 kB
1777826769.963020545 VmallocUsed:       19384 kB
1777826769.963020545 VmallocChunk:          0 kB
1777826769.963020545 Percpu:             1456 kB
1777826769.963020545 AnonHugePages:         0 kB
1777826769.963020545 ShmemHugePages:        0 kB
1777826769.963020545 ShmemPmdMapped:        0 kB
1777826769.963020545 FileHugePages:         0 kB
1777826769.963020545 FilePmdMapped:         0 kB
1777826769.963020545 CmaTotal:          65536 kB
1777826769.963020545 CmaFree:           49104 kB
1777826769.963020545 Balloon:               0 kB
1777826769.963020545 HugePages_Total:     512
1777826769.963020545 HugePages_Free:      488
1777826769.963020545 HugePages_Rsvd:        0
1777826769.963020545 HugePages_Surp:        0
1777826769.963020545 Hugepagesize:       2048 kB
1777826769.963020545 Hugetlb:         1048576 kB
1777826770.978301078 MemTotal:        8124504 kB
1777826770.978301078 MemFree:         6348648 kB
1777826770.978301078 MemAvailable:    6667280 kB
1777826770.978301078 Buffers:           30676 kB
1777826770.978301078 Cached:           417704 kB
1777826770.978301078 SwapCached:            0 kB
1777826770.978301078 Active:           428688 kB
1777826770.978301078 Inactive:         107656 kB
1777826770.978301078 Active(anon):      93128 kB
1777826770.978301078 Inactive(anon):        0 kB
1777826770.978301078 Active(file):     335560 kB
1777826770.978301078 Inactive(file):   107656 kB
1777826770.978301078 Unevictable:           0 kB
1777826770.978301078 Mlocked:               0 kB
1777826770.978301078 SwapTotal:             0 kB
1777826770.978301078 SwapFree:              0 kB
1777826770.978301078 Zswap:                 0 kB
1777826770.978301078 Zswapped:              0 kB
1777826770.978301078 Dirty:                96 kB
1777826770.978301078 Writeback:             0 kB
1777826770.978301078 AnonPages:         88040 kB
1777826770.978301078 Mapped:            88964 kB
1777826770.978301078 Shmem:              5248 kB
1777826770.978301078 KReclaimable:      30352 kB
1777826770.978301078 Slab:             117600 kB
1777826770.978301078 SReclaimable:      30352 kB
1777826770.978301078 SUnreclaim:        87248 kB
1777826770.978301078 KernelStack:        3088 kB
1777826770.978301078 PageTables:         3732 kB
1777826770.978301078 SecPageTables:         0 kB
1777826770.978301078 NFS_Unstable:          0 kB
1777826770.978301078 Bounce:                0 kB
1777826770.978301078 WritebackTmp:          0 kB
1777826770.978301078 CommitLimit:     3537964 kB
1777826770.978301078 Committed_AS:     405192 kB
1777826770.978301078 VmallocTotal:   135288315904 kB
1777826770.978301078 VmallocUsed:       19384 kB
1777826770.978301078 VmallocChunk:          0 kB
1777826770.978301078 Percpu:             1456 kB
1777826770.978301078 AnonHugePages:         0 kB
1777826770.978301078 ShmemHugePages:        0 kB
1777826770.978301078 ShmemPmdMapped:        0 kB
1777826770.978301078 FileHugePages:         0 kB
1777826770.978301078 FilePmdMapped:         0 kB
1777826770.978301078 CmaTotal:          65536 kB
1777826770.978301078 CmaFree:           49104 kB
1777826770.978301078 Balloon:               0 kB
1777826770.978301078 HugePages_Total:     512
1777826770.978301078 HugePages_Free:      488
1777826770.978301078 HugePages_Rsvd:        0
1777826770.978301078 HugePages_Surp:        0
1777826770.978301078 Hugepagesize:       2048 kB
1777826770.978301078 Hugetlb:         1048576 kB
1777826771.991090832 MemTotal:        8124504 kB
1777826771.991090832 MemFree:         6347280 kB
1777826771.991090832 MemAvailable:    6665916 kB
1777826771.991090832 Buffers:           30676 kB
1777826771.991090832 Cached:           417708 kB
1777826771.991090832 SwapCached:            0 kB
1777826771.991090832 Active:           428548 kB
1777826771.991090832 Inactive:         107664 kB
1777826771.991090832 Active(anon):      92992 kB
1777826771.991090832 Inactive(anon):        0 kB
1777826771.991090832 Active(file):     335556 kB
1777826771.991090832 Inactive(file):   107664 kB
1777826771.991090832 Unevictable:           0 kB
1777826771.991090832 Mlocked:               0 kB
1777826771.991090832 SwapTotal:             0 kB
1777826771.991090832 SwapFree:              0 kB
1777826771.991090832 Zswap:                 0 kB
1777826771.991090832 Zswapped:              0 kB
1777826771.991090832 Dirty:               100 kB
1777826771.991090832 Writeback:             0 kB
1777826771.991090832 AnonPages:         87956 kB
1777826771.991090832 Mapped:            88964 kB
1777826771.991090832 Shmem:              5248 kB
1777826771.991090832 KReclaimable:      30352 kB
1777826771.991090832 Slab:             117576 kB
1777826771.991090832 SReclaimable:      30352 kB
1777826771.991090832 SUnreclaim:        87224 kB
1777826771.991090832 KernelStack:        3072 kB
1777826771.991090832 PageTables:         3660 kB
1777826771.991090832 SecPageTables:         0 kB
1777826771.991090832 NFS_Unstable:          0 kB
1777826771.991090832 Bounce:                0 kB
1777826771.991090832 WritebackTmp:          0 kB
1777826771.991090832 CommitLimit:     3537964 kB
1777826771.991090832 Committed_AS:     405192 kB
1777826771.991090832 VmallocTotal:   135288315904 kB
1777826771.991090832 VmallocUsed:       19384 kB
1777826771.991090832 VmallocChunk:          0 kB
1777826771.991090832 Percpu:             1456 kB
1777826771.991090832 AnonHugePages:         0 kB
1777826771.991090832 ShmemHugePages:        0 kB
1777826771.991090832 ShmemPmdMapped:        0 kB
1777826771.991090832 FileHugePages:         0 kB
1777826771.991090832 FilePmdMapped:         0 kB
1777826771.991090832 CmaTotal:          65536 kB
1777826771.991090832 CmaFree:           49104 kB
1777826771.991090832 Balloon:               0 kB
1777826771.991090832 HugePages_Total:     512
1777826771.991090832 HugePages_Free:      488
1777826771.991090832 HugePages_Rsvd:        0
1777826771.991090832 HugePages_Surp:        0
1777826771.991090832 Hugepagesize:       2048 kB
1777826771.991090832 Hugetlb:         1048576 kB
1777826773.003698716 MemTotal:        8124504 kB
1777826773.003698716 MemFree:         6346004 kB
1777826773.003698716 MemAvailable:    6664640 kB
1777826773.003698716 Buffers:           30676 kB
1777826773.003698716 Cached:           417708 kB
1777826773.003698716 SwapCached:            0 kB
1777826773.003698716 Active:           428592 kB
1777826773.003698716 Inactive:         107664 kB
1777826773.003698716 Active(anon):      93036 kB
1777826773.003698716 Inactive(anon):        0 kB
1777826773.003698716 Active(file):     335556 kB
1777826773.003698716 Inactive(file):   107664 kB
1777826773.003698716 Unevictable:           0 kB
1777826773.003698716 Mlocked:               0 kB
1777826773.003698716 SwapTotal:             0 kB
1777826773.003698716 SwapFree:              0 kB
1777826773.003698716 Zswap:                 0 kB
1777826773.003698716 Zswapped:              0 kB
1777826773.003698716 Dirty:               100 kB
1777826773.003698716 Writeback:             0 kB
1777826773.003698716 AnonPages:         88040 kB
1777826773.003698716 Mapped:            89004 kB
1777826773.003698716 Shmem:              5248 kB
1777826773.003698716 KReclaimable:      30352 kB
1777826773.003698716 Slab:             117568 kB
1777826773.003698716 SReclaimable:      30352 kB
1777826773.003698716 SUnreclaim:        87216 kB
1777826773.003698716 KernelStack:        3088 kB
1777826773.003698716 PageTables:         3728 kB
1777826773.003698716 SecPageTables:         0 kB
1777826773.003698716 NFS_Unstable:          0 kB
1777826773.003698716 Bounce:                0 kB
1777826773.003698716 WritebackTmp:          0 kB
1777826773.003698716 CommitLimit:     3537964 kB
1777826773.003698716 Committed_AS:     405192 kB
1777826773.003698716 VmallocTotal:   135288315904 kB
1777826773.003698716 VmallocUsed:       19400 kB
1777826773.003698716 VmallocChunk:          0 kB
1777826773.003698716 Percpu:             1456 kB
1777826773.003698716 AnonHugePages:         0 kB
1777826773.003698716 ShmemHugePages:        0 kB
1777826773.003698716 ShmemPmdMapped:        0 kB
1777826773.003698716 FileHugePages:         0 kB
1777826773.003698716 FilePmdMapped:         0 kB
1777826773.003698716 CmaTotal:          65536 kB
1777826773.003698716 CmaFree:           49104 kB
1777826773.003698716 Balloon:               0 kB
1777826773.003698716 HugePages_Total:     512
1777826773.003698716 HugePages_Free:      488
1777826773.003698716 HugePages_Rsvd:        0
1777826773.003698716 HugePages_Surp:        0
1777826773.003698716 Hugepagesize:       2048 kB
1777826773.003698716 Hugetlb:         1048576 kB
1777826774.016224025 MemTotal:        8124504 kB
1777826774.016224025 MemFree:         6346320 kB
1777826774.016224025 MemAvailable:    6664960 kB
1777826774.016224025 Buffers:           30676 kB
1777826774.016224025 Cached:           417716 kB
1777826774.016224025 SwapCached:            0 kB
1777826774.016224025 Active:           428616 kB
1777826774.016224025 Inactive:         107668 kB
1777826774.016224025 Active(anon):      93060 kB
1777826774.016224025 Inactive(anon):        0 kB
1777826774.016224025 Active(file):     335556 kB
1777826774.016224025 Inactive(file):   107668 kB
1777826774.016224025 Unevictable:           0 kB
1777826774.016224025 Mlocked:               0 kB
1777826774.016224025 SwapTotal:             0 kB
1777826774.016224025 SwapFree:              0 kB
1777826774.016224025 Zswap:                 0 kB
1777826774.016224025 Zswapped:              0 kB
1777826774.016224025 Dirty:               108 kB
1777826774.016224025 Writeback:             0 kB
1777826774.016224025 AnonPages:         88040 kB
1777826774.016224025 Mapped:            89004 kB
1777826774.016224025 Shmem:              5248 kB
1777826774.016224025 KReclaimable:      30352 kB
1777826774.016224025 Slab:             117592 kB
1777826774.016224025 SReclaimable:      30352 kB
1777826774.016224025 SUnreclaim:        87240 kB
1777826774.016224025 KernelStack:        3088 kB
1777826774.016224025 PageTables:         3728 kB
1777826774.016224025 SecPageTables:         0 kB
1777826774.016224025 NFS_Unstable:          0 kB
1777826774.016224025 Bounce:                0 kB
1777826774.016224025 WritebackTmp:          0 kB
1777826774.016224025 CommitLimit:     3537964 kB
1777826774.016224025 Committed_AS:     405192 kB
1777826774.016224025 VmallocTotal:   135288315904 kB
1777826774.016224025 VmallocUsed:       19400 kB
1777826774.016224025 VmallocChunk:          0 kB
1777826774.016224025 Percpu:             1456 kB
1777826774.016224025 AnonHugePages:         0 kB
1777826774.016224025 ShmemHugePages:        0 kB
1777826774.016224025 ShmemPmdMapped:        0 kB
1777826774.016224025 FileHugePages:         0 kB
1777826774.016224025 FilePmdMapped:         0 kB
1777826774.016224025 CmaTotal:          65536 kB
1777826774.016224025 CmaFree:           49104 kB
1777826774.016224025 Balloon:               0 kB
1777826774.016224025 HugePages_Total:     512
1777826774.016224025 HugePages_Free:      488
1777826774.016224025 HugePages_Rsvd:        0
1777826774.016224025 HugePages_Surp:        0
1777826774.016224025 Hugepagesize:       2048 kB
1777826774.016224025 Hugetlb:         1048576 kB
1777826775.028582835 MemTotal:        8124504 kB
1777826775.028582835 MemFree:         6346788 kB
1777826775.028582835 MemAvailable:    6665440 kB
1777826775.028582835 Buffers:           30684 kB
1777826775.028582835 Cached:           417728 kB
1777826775.028582835 SwapCached:            0 kB
1777826775.028582835 Active:           428612 kB
1777826775.028582835 Inactive:         107680 kB
1777826775.028582835 Active(anon):      93056 kB
1777826775.028582835 Inactive(anon):        0 kB
1777826775.028582835 Active(file):     335556 kB
1777826775.028582835 Inactive(file):   107680 kB
1777826775.028582835 Unevictable:           0 kB
1777826775.028582835 Mlocked:               0 kB
1777826775.028582835 SwapTotal:             0 kB
1777826775.028582835 SwapFree:              0 kB
1777826775.028582835 Zswap:                 0 kB
1777826775.028582835 Zswapped:              0 kB
1777826775.028582835 Dirty:               120 kB
1777826775.028582835 Writeback:             0 kB
1777826775.028582835 AnonPages:         88020 kB
1777826775.028582835 Mapped:            89004 kB
1777826775.028582835 Shmem:              5248 kB
1777826775.028582835 KReclaimable:      30352 kB
1777826775.028582835 Slab:             117592 kB
1777826775.028582835 SReclaimable:      30352 kB
1777826775.028582835 SUnreclaim:        87240 kB
1777826775.028582835 KernelStack:        3096 kB
1777826775.028582835 PageTables:         3816 kB
1777826775.028582835 SecPageTables:         0 kB
1777826775.028582835 NFS_Unstable:          0 kB
1777826775.028582835 Bounce:                0 kB
1777826775.028582835 WritebackTmp:          0 kB
1777826775.028582835 CommitLimit:     3537964 kB
1777826775.028582835 Committed_AS:     405192 kB
1777826775.028582835 VmallocTotal:   135288315904 kB
1777826775.028582835 VmallocUsed:       19400 kB
1777826775.028582835 VmallocChunk:          0 kB
1777826775.028582835 Percpu:             1456 kB
1777826775.028582835 AnonHugePages:         0 kB
1777826775.028582835 ShmemHugePages:        0 kB
1777826775.028582835 ShmemPmdMapped:        0 kB
1777826775.028582835 FileHugePages:         0 kB
1777826775.028582835 FilePmdMapped:         0 kB
1777826775.028582835 CmaTotal:          65536 kB
1777826775.028582835 CmaFree:           49104 kB
1777826775.028582835 Balloon:               0 kB
1777826775.028582835 HugePages_Total:     512
1777826775.028582835 HugePages_Free:      488
1777826775.028582835 HugePages_Rsvd:        0
1777826775.028582835 HugePages_Surp:        0
1777826775.028582835 Hugepagesize:       2048 kB
1777826775.028582835 Hugetlb:         1048576 kB
1777826776.039369810 MemTotal:        8124504 kB
1777826776.039369810 MemFree:         6346020 kB
1777826776.039369810 MemAvailable:    6664684 kB
1777826776.039369810 Buffers:           30684 kB
1777826776.039369810 Cached:           417728 kB
1777826776.039369810 SwapCached:            0 kB
1777826776.039369810 Active:           428584 kB
1777826776.039369810 Inactive:         107692 kB
1777826776.039369810 Active(anon):      93028 kB
1777826776.039369810 Inactive(anon):        0 kB
1777826776.039369810 Active(file):     335556 kB
1777826776.039369810 Inactive(file):   107692 kB
1777826776.039369810 Unevictable:           0 kB
1777826776.039369810 Mlocked:               0 kB
1777826776.039369810 SwapTotal:             0 kB
1777826776.039369810 SwapFree:              0 kB
1777826776.039369810 Zswap:                 0 kB
1777826776.039369810 Zswapped:              0 kB
1777826776.039369810 Dirty:               120 kB
1777826776.039369810 Writeback:             0 kB
1777826776.039369810 AnonPages:         88040 kB
1777826776.039369810 Mapped:            89128 kB
1777826776.039369810 Shmem:              5248 kB
1777826776.039369810 KReclaimable:      30352 kB
1777826776.039369810 Slab:             117580 kB
1777826776.039369810 SReclaimable:      30352 kB
1777826776.039369810 SUnreclaim:        87228 kB
1777826776.039369810 KernelStack:        3088 kB
1777826776.039369810 PageTables:         3748 kB
1777826776.039369810 SecPageTables:         0 kB
1777826776.039369810 NFS_Unstable:          0 kB
1777826776.039369810 Bounce:                0 kB
1777826776.039369810 WritebackTmp:          0 kB
1777826776.039369810 CommitLimit:     3537964 kB
1777826776.039369810 Committed_AS:     405192 kB
1777826776.039369810 VmallocTotal:   135288315904 kB
1777826776.039369810 VmallocUsed:       19384 kB
1777826776.039369810 VmallocChunk:          0 kB
1777826776.039369810 Percpu:             1456 kB
1777826776.039369810 AnonHugePages:         0 kB
1777826776.039369810 ShmemHugePages:        0 kB
1777826776.039369810 ShmemPmdMapped:        0 kB
1777826776.039369810 FileHugePages:         0 kB
1777826776.039369810 FilePmdMapped:         0 kB
1777826776.039369810 CmaTotal:          65536 kB
1777826776.039369810 CmaFree:           49104 kB
1777826776.039369810 Balloon:               0 kB
1777826776.039369810 HugePages_Total:     512
1777826776.039369810 HugePages_Free:      488
1777826776.039369810 HugePages_Rsvd:        0
1777826776.039369810 HugePages_Surp:        0
1777826776.039369810 Hugepagesize:       2048 kB
1777826776.039369810 Hugetlb:         1048576 kB
1777826777.050388656 MemTotal:        8124504 kB
1777826777.050388656 MemFree:         6346548 kB
1777826777.050388656 MemAvailable:    6665216 kB
1777826777.050388656 Buffers:           30684 kB
1777826777.050388656 Cached:           417732 kB
1777826777.050388656 SwapCached:            0 kB
1777826777.050388656 Active:           428616 kB
1777826777.050388656 Inactive:         107696 kB
1777826777.050388656 Active(anon):      93060 kB
1777826777.050388656 Inactive(anon):        0 kB
1777826777.050388656 Active(file):     335556 kB
1777826777.050388656 Inactive(file):   107696 kB
1777826777.050388656 Unevictable:           0 kB
1777826777.050388656 Mlocked:               0 kB
1777826777.050388656 SwapTotal:             0 kB
1777826777.050388656 SwapFree:              0 kB
1777826777.050388656 Zswap:                 0 kB
1777826777.050388656 Zswapped:              0 kB
1777826777.050388656 Dirty:               124 kB
1777826777.050388656 Writeback:             0 kB
1777826777.050388656 AnonPages:         88060 kB
1777826777.050388656 Mapped:            88940 kB
1777826777.050388656 Shmem:              5248 kB
1777826777.050388656 KReclaimable:      30352 kB
1777826777.050388656 Slab:             117608 kB
1777826777.050388656 SReclaimable:      30352 kB
1777826777.050388656 SUnreclaim:        87256 kB
1777826777.050388656 KernelStack:        3096 kB
1777826777.050388656 PageTables:         3760 kB
1777826777.050388656 SecPageTables:         0 kB
1777826777.050388656 NFS_Unstable:          0 kB
1777826777.050388656 Bounce:                0 kB
1777826777.050388656 WritebackTmp:          0 kB
1777826777.050388656 CommitLimit:     3537964 kB
1777826777.050388656 Committed_AS:     405192 kB
1777826777.050388656 VmallocTotal:   135288315904 kB
1777826777.050388656 VmallocUsed:       19400 kB
1777826777.050388656 VmallocChunk:          0 kB
1777826777.050388656 Percpu:             1456 kB
1777826777.050388656 AnonHugePages:         0 kB
1777826777.050388656 ShmemHugePages:        0 kB
1777826777.050388656 ShmemPmdMapped:        0 kB
1777826777.050388656 FileHugePages:         0 kB
1777826777.050388656 FilePmdMapped:         0 kB
1777826777.050388656 CmaTotal:          65536 kB
1777826777.050388656 CmaFree:           49104 kB
1777826777.050388656 Balloon:               0 kB
1777826777.050388656 HugePages_Total:     512
1777826777.050388656 HugePages_Free:      488
1777826777.050388656 HugePages_Rsvd:        0
1777826777.050388656 HugePages_Surp:        0
1777826777.050388656 Hugepagesize:       2048 kB
1777826777.050388656 Hugetlb:         1048576 kB
1777826778.063086817 MemTotal:        8124504 kB
1777826778.063086817 MemFree:         6346648 kB
1777826778.063086817 MemAvailable:    6665316 kB
1777826778.063086817 Buffers:           30684 kB
1777826778.063086817 Cached:           417732 kB
1777826778.063086817 SwapCached:            0 kB
1777826778.063086817 Active:           428568 kB
1777826778.063086817 Inactive:         107696 kB
1777826778.063086817 Active(anon):      93012 kB
1777826778.063086817 Inactive(anon):        0 kB
1777826778.063086817 Active(file):     335556 kB
1777826778.063086817 Inactive(file):   107696 kB
1777826778.063086817 Unevictable:           0 kB
1777826778.063086817 Mlocked:               0 kB
1777826778.063086817 SwapTotal:             0 kB
1777826778.063086817 SwapFree:              0 kB
1777826778.063086817 Zswap:                 0 kB
1777826778.063086817 Zswapped:              0 kB
1777826778.063086817 Dirty:               124 kB
1777826778.063086817 Writeback:             0 kB
1777826778.063086817 AnonPages:         88036 kB
1777826778.063086817 Mapped:            89004 kB
1777826778.063086817 Shmem:              5248 kB
1777826778.063086817 KReclaimable:      30352 kB
1777826778.063086817 Slab:             117592 kB
1777826778.063086817 SReclaimable:      30352 kB
1777826778.063086817 SUnreclaim:        87240 kB
1777826778.063086817 KernelStack:        3088 kB
1777826778.063086817 PageTables:         3724 kB
1777826778.063086817 SecPageTables:         0 kB
1777826778.063086817 NFS_Unstable:          0 kB
1777826778.063086817 Bounce:                0 kB
1777826778.063086817 WritebackTmp:          0 kB
1777826778.063086817 CommitLimit:     3537964 kB
1777826778.063086817 Committed_AS:     405192 kB
1777826778.063086817 VmallocTotal:   135288315904 kB
1777826778.063086817 VmallocUsed:       19400 kB
1777826778.063086817 VmallocChunk:          0 kB
1777826778.063086817 Percpu:             1456 kB
1777826778.063086817 AnonHugePages:         0 kB
1777826778.063086817 ShmemHugePages:        0 kB
1777826778.063086817 ShmemPmdMapped:        0 kB
1777826778.063086817 FileHugePages:         0 kB
1777826778.063086817 FilePmdMapped:         0 kB
1777826778.063086817 CmaTotal:          65536 kB
1777826778.063086817 CmaFree:           49104 kB
1777826778.063086817 Balloon:               0 kB
1777826778.063086817 HugePages_Total:     512
1777826778.063086817 HugePages_Free:      488
1777826778.063086817 HugePages_Rsvd:        0
1777826778.063086817 HugePages_Surp:        0
1777826778.063086817 Hugepagesize:       2048 kB
1777826778.063086817 Hugetlb:         1048576 kB
1777826779.074042830 MemTotal:        8124504 kB
1777826779.074042830 MemFree:         6346272 kB
1777826779.074042830 MemAvailable:    6664944 kB
1777826779.074042830 Buffers:           30684 kB
1777826779.074042830 Cached:           417740 kB
1777826779.074042830 SwapCached:            0 kB
1777826779.074042830 Active:           428584 kB
1777826779.074042830 Inactive:         107700 kB
1777826779.074042830 Active(anon):      93028 kB
1777826779.074042830 Inactive(anon):        0 kB
1777826779.074042830 Active(file):     335556 kB
1777826779.074042830 Inactive(file):   107700 kB
1777826779.074042830 Unevictable:           0 kB
1777826779.074042830 Mlocked:               0 kB
1777826779.074042830 SwapTotal:             0 kB
1777826779.074042830 SwapFree:              0 kB
1777826779.074042830 Zswap:                 0 kB
1777826779.074042830 Zswapped:              0 kB
1777826779.074042830 Dirty:               132 kB
1777826779.074042830 Writeback:             0 kB
1777826779.074042830 AnonPages:         88040 kB
1777826779.074042830 Mapped:            89004 kB
1777826779.074042830 Shmem:              5248 kB
1777826779.074042830 KReclaimable:      30352 kB
1777826779.074042830 Slab:             117596 kB
1777826779.074042830 SReclaimable:      30352 kB
1777826779.074042830 SUnreclaim:        87244 kB
1777826779.074042830 KernelStack:        3088 kB
1777826779.074042830 PageTables:         3724 kB
1777826779.074042830 SecPageTables:         0 kB
1777826779.074042830 NFS_Unstable:          0 kB
1777826779.074042830 Bounce:                0 kB
1777826779.074042830 WritebackTmp:          0 kB
1777826779.074042830 CommitLimit:     3537964 kB
1777826779.074042830 Committed_AS:     405192 kB
1777826779.074042830 VmallocTotal:   135288315904 kB
1777826779.074042830 VmallocUsed:       19400 kB
1777826779.074042830 VmallocChunk:          0 kB
1777826779.074042830 Percpu:             1456 kB
1777826779.074042830 AnonHugePages:         0 kB
1777826779.074042830 ShmemHugePages:        0 kB
1777826779.074042830 ShmemPmdMapped:        0 kB
1777826779.074042830 FileHugePages:         0 kB
1777826779.074042830 FilePmdMapped:         0 kB
1777826779.074042830 CmaTotal:          65536 kB
1777826779.074042830 CmaFree:           49104 kB
1777826779.074042830 Balloon:               0 kB
1777826779.074042830 HugePages_Total:     512
1777826779.074042830 HugePages_Free:      488
1777826779.074042830 HugePages_Rsvd:        0
1777826779.074042830 HugePages_Surp:        0
1777826779.074042830 Hugepagesize:       2048 kB
1777826779.074042830 Hugetlb:         1048576 kB
1777826780.081160951 MemTotal:        8124504 kB
1777826780.081160951 MemFree:         6344256 kB
1777826780.081160951 MemAvailable:    6662932 kB
1777826780.081160951 Buffers:           30692 kB
1777826780.081160951 Cached:           417744 kB
1777826780.081160951 SwapCached:            0 kB
1777826780.081160951 Active:           428544 kB
1777826780.081160951 Inactive:         107708 kB
1777826780.081160951 Active(anon):      92992 kB
1777826780.081160951 Inactive(anon):        0 kB
1777826780.081160951 Active(file):     335552 kB
1777826780.081160951 Inactive(file):   107708 kB
1777826780.081160951 Unevictable:           0 kB
1777826780.081160951 Mlocked:               0 kB
1777826780.081160951 SwapTotal:             0 kB
1777826780.081160951 SwapFree:              0 kB
1777826780.081160951 Zswap:                 0 kB
1777826780.081160951 Zswapped:              0 kB
1777826780.081160951 Dirty:               136 kB
1777826780.081160951 Writeback:             0 kB
1777826780.081160951 AnonPages:         87916 kB
1777826780.081160951 Mapped:            88840 kB
1777826780.081160951 Shmem:              5248 kB
1777826780.081160951 KReclaimable:      30352 kB
1777826780.081160951 Slab:             117608 kB
1777826780.081160951 SReclaimable:      30352 kB
1777826780.081160951 SUnreclaim:        87256 kB
1777826780.081160951 KernelStack:        3072 kB
1777826780.081160951 PageTables:         3800 kB
1777826780.081160951 SecPageTables:         0 kB
1777826780.081160951 NFS_Unstable:          0 kB
1777826780.081160951 Bounce:                0 kB
1777826780.081160951 WritebackTmp:          0 kB
1777826780.081160951 CommitLimit:     3537964 kB
1777826780.081160951 Committed_AS:     405192 kB
1777826780.081160951 VmallocTotal:   135288315904 kB
1777826780.081160951 VmallocUsed:       19384 kB
1777826780.081160951 VmallocChunk:          0 kB
1777826780.081160951 Percpu:             1456 kB
1777826780.081160951 AnonHugePages:         0 kB
1777826780.081160951 ShmemHugePages:        0 kB
1777826780.081160951 ShmemPmdMapped:        0 kB
1777826780.081160951 FileHugePages:         0 kB
1777826780.081160951 FilePmdMapped:         0 kB
1777826780.081160951 CmaTotal:          65536 kB
1777826780.081160951 CmaFree:           49104 kB
1777826780.081160951 Balloon:               0 kB
1777826780.081160951 HugePages_Total:     512
1777826780.081160951 HugePages_Free:      488
1777826780.081160951 HugePages_Rsvd:        0
1777826780.081160951 HugePages_Surp:        0
1777826780.081160951 Hugepagesize:       2048 kB
1777826780.081160951 Hugetlb:         1048576 kB
1777826781.092108964 MemTotal:        8124504 kB
1777826781.092108964 MemFree:         6345460 kB
1777826781.092108964 MemAvailable:    6664136 kB
1777826781.092108964 Buffers:           30692 kB
1777826781.092108964 Cached:           417748 kB
1777826781.092108964 SwapCached:            0 kB
1777826781.092108964 Active:           428824 kB
1777826781.092108964 Inactive:         107708 kB
1777826781.092108964 Active(anon):      93272 kB
1777826781.092108964 Inactive(anon):        0 kB
1777826781.092108964 Active(file):     335552 kB
1777826781.092108964 Inactive(file):   107708 kB
1777826781.092108964 Unevictable:           0 kB
1777826781.092108964 Mlocked:               0 kB
1777826781.092108964 SwapTotal:             0 kB
1777826781.092108964 SwapFree:              0 kB
1777826781.092108964 Zswap:                 0 kB
1777826781.092108964 Zswapped:              0 kB
1777826781.092108964 Dirty:               140 kB
1777826781.092108964 Writeback:             0 kB
1777826781.092108964 AnonPages:         88116 kB
1777826781.092108964 Mapped:            88940 kB
1777826781.092108964 Shmem:              5248 kB
1777826781.092108964 KReclaimable:      30352 kB
1777826781.092108964 Slab:             117612 kB
1777826781.092108964 SReclaimable:      30352 kB
1777826781.092108964 SUnreclaim:        87260 kB
1777826781.092108964 KernelStack:        3120 kB
1777826781.092108964 PageTables:         3784 kB
1777826781.092108964 SecPageTables:         0 kB
1777826781.092108964 NFS_Unstable:          0 kB
1777826781.092108964 Bounce:                0 kB
1777826781.092108964 WritebackTmp:          0 kB
1777826781.092108964 CommitLimit:     3537964 kB
1777826781.092108964 Committed_AS:     405192 kB
1777826781.092108964 VmallocTotal:   135288315904 kB
1777826781.092108964 VmallocUsed:       19400 kB
1777826781.092108964 VmallocChunk:          0 kB
1777826781.092108964 Percpu:             1456 kB
1777826781.092108964 AnonHugePages:         0 kB
1777826781.092108964 ShmemHugePages:        0 kB
1777826781.092108964 ShmemPmdMapped:        0 kB
1777826781.092108964 FileHugePages:         0 kB
1777826781.092108964 FilePmdMapped:         0 kB
1777826781.092108964 CmaTotal:          65536 kB
1777826781.092108964 CmaFree:           49104 kB
1777826781.092108964 Balloon:               0 kB
1777826781.092108964 HugePages_Total:     512
1777826781.092108964 HugePages_Free:      488
1777826781.092108964 HugePages_Rsvd:        0
1777826781.092108964 HugePages_Surp:        0
1777826781.092108964 Hugepagesize:       2048 kB
1777826781.092108964 Hugetlb:         1048576 kB
1777826782.099214807 MemTotal:        8124504 kB
1777826782.099214807 MemFree:         6346564 kB
1777826782.099214807 MemAvailable:    6665268 kB
1777826782.099214807 Buffers:           30692 kB
1777826782.099214807 Cached:           417760 kB
1777826782.099214807 SwapCached:            0 kB
1777826782.099214807 Active:           428756 kB
1777826782.099214807 Inactive:         107728 kB
1777826782.099214807 Active(anon):      93196 kB
1777826782.099214807 Inactive(anon):        0 kB
1777826782.099214807 Active(file):     335560 kB
1777826782.099214807 Inactive(file):   107728 kB
1777826782.099214807 Unevictable:           0 kB
1777826782.099214807 Mlocked:               0 kB
1777826782.099214807 SwapTotal:             0 kB
1777826782.099214807 SwapFree:              0 kB
1777826782.099214807 Zswap:                 0 kB
1777826782.099214807 Zswapped:              0 kB
1777826782.099214807 Dirty:               152 kB
1777826782.099214807 Writeback:             0 kB
1777826782.099214807 AnonPages:         88120 kB
1777826782.099214807 Mapped:            89004 kB
1777826782.099214807 Shmem:              5248 kB
1777826782.099214807 KReclaimable:      30352 kB
1777826782.099214807 Slab:             117592 kB
1777826782.099214807 SReclaimable:      30352 kB
1777826782.099214807 SUnreclaim:        87240 kB
1777826782.099214807 KernelStack:        3088 kB
1777826782.099214807 PageTables:         3752 kB
1777826782.099214807 SecPageTables:         0 kB
1777826782.099214807 NFS_Unstable:          0 kB
1777826782.099214807 Bounce:                0 kB
1777826782.099214807 WritebackTmp:          0 kB
1777826782.099214807 CommitLimit:     3537964 kB
1777826782.099214807 Committed_AS:     405192 kB
1777826782.099214807 VmallocTotal:   135288315904 kB
1777826782.099214807 VmallocUsed:       19400 kB
1777826782.099214807 VmallocChunk:          0 kB
1777826782.099214807 Percpu:             1456 kB
1777826782.099214807 AnonHugePages:         0 kB
1777826782.099214807 ShmemHugePages:        0 kB
1777826782.099214807 ShmemPmdMapped:        0 kB
1777826782.099214807 FileHugePages:         0 kB
1777826782.099214807 FilePmdMapped:         0 kB
1777826782.099214807 CmaTotal:          65536 kB
1777826782.099214807 CmaFree:           49104 kB
1777826782.099214807 Balloon:               0 kB
1777826782.099214807 HugePages_Total:     512
1777826782.099214807 HugePages_Free:      488
1777826782.099214807 HugePages_Rsvd:        0
1777826782.099214807 HugePages_Surp:        0
1777826782.099214807 Hugepagesize:       2048 kB
1777826782.099214807 Hugetlb:         1048576 kB
1777826783.108602986 MemTotal:        8124504 kB
1777826783.108602986 MemFree:         6346640 kB
1777826783.108602986 MemAvailable:    6665348 kB
1777826783.108602986 Buffers:           30692 kB
1777826783.108602986 Cached:           417764 kB
1777826783.108602986 SwapCached:            0 kB
1777826783.108602986 Active:           428648 kB
1777826783.108602986 Inactive:         107736 kB
1777826783.108602986 Active(anon):      93092 kB
1777826783.108602986 Inactive(anon):        0 kB
1777826783.108602986 Active(file):     335556 kB
1777826783.108602986 Inactive(file):   107736 kB
1777826783.108602986 Unevictable:           0 kB
1777826783.108602986 Mlocked:               0 kB
1777826783.108602986 SwapTotal:             0 kB
1777826783.108602986 SwapFree:              0 kB
1777826783.108602986 Zswap:                 0 kB
1777826783.108602986 Zswapped:              0 kB
1777826783.108602986 Dirty:               156 kB
1777826783.108602986 Writeback:             0 kB
1777826783.108602986 AnonPages:         87952 kB
1777826783.108602986 Mapped:            88964 kB
1777826783.108602986 Shmem:              5248 kB
1777826783.108602986 KReclaimable:      30352 kB
1777826783.108602986 Slab:             117616 kB
1777826783.108602986 SReclaimable:      30352 kB
1777826783.108602986 SUnreclaim:        87264 kB
1777826783.108602986 KernelStack:        3072 kB
1777826783.108602986 PageTables:         3728 kB
1777826783.108602986 SecPageTables:         0 kB
1777826783.108602986 NFS_Unstable:          0 kB
1777826783.108602986 Bounce:                0 kB
1777826783.108602986 WritebackTmp:          0 kB
1777826783.108602986 CommitLimit:     3537964 kB
1777826783.108602986 Committed_AS:     405192 kB
1777826783.108602986 VmallocTotal:   135288315904 kB
1777826783.108602986 VmallocUsed:       19368 kB
1777826783.108602986 VmallocChunk:          0 kB
1777826783.108602986 Percpu:             1456 kB
1777826783.108602986 AnonHugePages:         0 kB
1777826783.108602986 ShmemHugePages:        0 kB
1777826783.108602986 ShmemPmdMapped:        0 kB
1777826783.108602986 FileHugePages:         0 kB
1777826783.108602986 FilePmdMapped:         0 kB
1777826783.108602986 CmaTotal:          65536 kB
1777826783.108602986 CmaFree:           49104 kB
1777826783.108602986 Balloon:               0 kB
1777826783.108602986 HugePages_Total:     512
1777826783.108602986 HugePages_Free:      488
1777826783.108602986 HugePages_Rsvd:        0
1777826783.108602986 HugePages_Surp:        0
1777826783.108602986 Hugepagesize:       2048 kB
1777826783.108602986 Hugetlb:         1048576 kB
1777826784.117914571 MemTotal:        8124504 kB
1777826784.117914571 MemFree:         6345368 kB
1777826784.117914571 MemAvailable:    6664080 kB
1777826784.117914571 Buffers:           30692 kB
1777826784.117914571 Cached:           417764 kB
1777826784.117914571 SwapCached:            0 kB
1777826784.117914571 Active:           428696 kB
1777826784.117914571 Inactive:         107736 kB
1777826784.117914571 Active(anon):      93136 kB
1777826784.117914571 Inactive(anon):        0 kB
1777826784.117914571 Active(file):     335560 kB
1777826784.117914571 Inactive(file):   107736 kB
1777826784.117914571 Unevictable:           0 kB
1777826784.117914571 Mlocked:               0 kB
1777826784.117914571 SwapTotal:             0 kB
1777826784.117914571 SwapFree:              0 kB
1777826784.117914571 Zswap:                 0 kB
1777826784.117914571 Zswapped:              0 kB
1777826784.117914571 Dirty:               156 kB
1777826784.117914571 Writeback:             0 kB
1777826784.117914571 AnonPages:         88156 kB
1777826784.117914571 Mapped:            89004 kB
1777826784.117914571 Shmem:              5248 kB
1777826784.117914571 KReclaimable:      30352 kB
1777826784.117914571 Slab:             117600 kB
1777826784.117914571 SReclaimable:      30352 kB
1777826784.117914571 SUnreclaim:        87248 kB
1777826784.117914571 KernelStack:        3088 kB
1777826784.117914571 PageTables:         3788 kB
1777826784.117914571 SecPageTables:         0 kB
1777826784.117914571 NFS_Unstable:          0 kB
1777826784.117914571 Bounce:                0 kB
1777826784.117914571 WritebackTmp:          0 kB
1777826784.117914571 CommitLimit:     3537964 kB
1777826784.117914571 Committed_AS:     405192 kB
1777826784.117914571 VmallocTotal:   135288315904 kB
1777826784.117914571 VmallocUsed:       19400 kB
1777826784.117914571 VmallocChunk:          0 kB
1777826784.117914571 Percpu:             1456 kB
1777826784.117914571 AnonHugePages:         0 kB
1777826784.117914571 ShmemHugePages:        0 kB
1777826784.117914571 ShmemPmdMapped:        0 kB
1777826784.117914571 FileHugePages:         0 kB
1777826784.117914571 FilePmdMapped:         0 kB
1777826784.117914571 CmaTotal:          65536 kB
1777826784.117914571 CmaFree:           49104 kB
1777826784.117914571 Balloon:               0 kB
1777826784.117914571 HugePages_Total:     512
1777826784.117914571 HugePages_Free:      488
1777826784.117914571 HugePages_Rsvd:        0
1777826784.117914571 HugePages_Surp:        0
1777826784.117914571 Hugepagesize:       2048 kB
1777826784.117914571 Hugetlb:         1048576 kB
1777826785.127132527 MemTotal:        8124504 kB
1777826785.127132527 MemFree:         6346316 kB
1777826785.127132527 MemAvailable:    6665032 kB
1777826785.127132527 Buffers:           30700 kB
1777826785.127132527 Cached:           417768 kB
1777826785.127132527 SwapCached:            0 kB
1777826785.127132527 Active:           428668 kB
1777826785.127132527 Inactive:         107748 kB
1777826785.127132527 Active(anon):      93116 kB
1777826785.127132527 Inactive(anon):        0 kB
1777826785.127132527 Active(file):     335552 kB
1777826785.127132527 Inactive(file):   107748 kB
1777826785.127132527 Unevictable:           0 kB
1777826785.127132527 Mlocked:               0 kB
1777826785.127132527 SwapTotal:             0 kB
1777826785.127132527 SwapFree:              0 kB
1777826785.127132527 Zswap:                 0 kB
1777826785.127132527 Zswapped:              0 kB
1777826785.127132527 Dirty:               160 kB
1777826785.127132527 Writeback:             0 kB
1777826785.127132527 AnonPages:         88044 kB
1777826785.127132527 Mapped:            88964 kB
1777826785.127132527 Shmem:              5248 kB
1777826785.127132527 KReclaimable:      30352 kB
1777826785.127132527 Slab:             117596 kB
1777826785.127132527 SReclaimable:      30352 kB
1777826785.127132527 SUnreclaim:        87244 kB
1777826785.127132527 KernelStack:        3088 kB
1777826785.127132527 PageTables:         3752 kB
1777826785.127132527 SecPageTables:         0 kB
1777826785.127132527 NFS_Unstable:          0 kB
1777826785.127132527 Bounce:                0 kB
1777826785.127132527 WritebackTmp:          0 kB
1777826785.127132527 CommitLimit:     3537964 kB
1777826785.127132527 Committed_AS:     405192 kB
1777826785.127132527 VmallocTotal:   135288315904 kB
1777826785.127132527 VmallocUsed:       19400 kB
1777826785.127132527 VmallocChunk:          0 kB
1777826785.127132527 Percpu:             1456 kB
1777826785.127132527 AnonHugePages:         0 kB
1777826785.127132527 ShmemHugePages:        0 kB
1777826785.127132527 ShmemPmdMapped:        0 kB
1777826785.127132527 FileHugePages:         0 kB
1777826785.127132527 FilePmdMapped:         0 kB
1777826785.127132527 CmaTotal:          65536 kB
1777826785.127132527 CmaFree:           49104 kB
1777826785.127132527 Balloon:               0 kB
1777826785.127132527 HugePages_Total:     512
1777826785.127132527 HugePages_Free:      488
1777826785.127132527 HugePages_Rsvd:        0
1777826785.127132527 HugePages_Surp:        0
1777826785.127132527 Hugepagesize:       2048 kB
1777826785.127132527 Hugetlb:         1048576 kB
1777826786.136455798 MemTotal:        8124504 kB
1777826786.136455798 MemFree:         6345912 kB
1777826786.136455798 MemAvailable:    6664628 kB
1777826786.136455798 Buffers:           30700 kB
1777826786.136455798 Cached:           417772 kB
1777826786.136455798 SwapCached:            0 kB
1777826786.136455798 Active:           428568 kB
1777826786.136455798 Inactive:         107748 kB
1777826786.136455798 Active(anon):      93016 kB
1777826786.136455798 Inactive(anon):        0 kB
1777826786.136455798 Active(file):     335552 kB
1777826786.136455798 Inactive(file):   107748 kB
1777826786.136455798 Unevictable:           0 kB
1777826786.136455798 Mlocked:               0 kB
1777826786.136455798 SwapTotal:             0 kB
1777826786.136455798 SwapFree:              0 kB
1777826786.136455798 Zswap:                 0 kB
1777826786.136455798 Zswapped:              0 kB
1777826786.136455798 Dirty:               164 kB
1777826786.136455798 Writeback:             0 kB
1777826786.136455798 AnonPages:         87956 kB
1777826786.136455798 Mapped:            88964 kB
1777826786.136455798 Shmem:              5248 kB
1777826786.136455798 KReclaimable:      30352 kB
1777826786.136455798 Slab:             117604 kB
1777826786.136455798 SReclaimable:      30352 kB
1777826786.136455798 SUnreclaim:        87252 kB
1777826786.136455798 KernelStack:        3072 kB
1777826786.136455798 PageTables:         3724 kB
1777826786.136455798 SecPageTables:         0 kB
1777826786.136455798 NFS_Unstable:          0 kB
1777826786.136455798 Bounce:                0 kB
1777826786.136455798 WritebackTmp:          0 kB
1777826786.136455798 CommitLimit:     3537964 kB
1777826786.136455798 Committed_AS:     405192 kB
1777826786.136455798 VmallocTotal:   135288315904 kB
1777826786.136455798 VmallocUsed:       19400 kB
1777826786.136455798 VmallocChunk:          0 kB
1777826786.136455798 Percpu:             1456 kB
1777826786.136455798 AnonHugePages:         0 kB
1777826786.136455798 ShmemHugePages:        0 kB
1777826786.136455798 ShmemPmdMapped:        0 kB
1777826786.136455798 FileHugePages:         0 kB
1777826786.136455798 FilePmdMapped:         0 kB
1777826786.136455798 CmaTotal:          65536 kB
1777826786.136455798 CmaFree:           49104 kB
1777826786.136455798 Balloon:               0 kB
1777826786.136455798 HugePages_Total:     512
1777826786.136455798 HugePages_Free:      488
1777826786.136455798 HugePages_Rsvd:        0
1777826786.136455798 HugePages_Surp:        0
1777826786.136455798 Hugepagesize:       2048 kB
1777826786.136455798 Hugetlb:         1048576 kB
1777826787.145960699 MemTotal:        8124504 kB
1777826787.145960699 MemFree:         6346788 kB
1777826787.145960699 MemAvailable:    6665524 kB
1777826787.145960699 Buffers:           30700 kB
1777826787.145960699 Cached:           417780 kB
1777826787.145960699 SwapCached:            0 kB
1777826787.145960699 Active:           428752 kB
1777826787.145960699 Inactive:         107760 kB
1777826787.145960699 Active(anon):      93192 kB
1777826787.145960699 Inactive(anon):        0 kB
1777826787.145960699 Active(file):     335560 kB
1777826787.145960699 Inactive(file):   107760 kB
1777826787.145960699 Unevictable:           0 kB
1777826787.145960699 Mlocked:               0 kB
1777826787.145960699 SwapTotal:             0 kB
1777826787.145960699 SwapFree:              0 kB
1777826787.145960699 Zswap:                 0 kB
1777826787.145960699 Zswapped:              0 kB
1777826787.145960699 Dirty:               172 kB
1777826787.145960699 Writeback:             0 kB
1777826787.145960699 AnonPages:         87936 kB
1777826787.145960699 Mapped:            88964 kB
1777826787.145960699 Shmem:              5248 kB
1777826787.145960699 KReclaimable:      30352 kB
1777826787.145960699 Slab:             117608 kB
1777826787.145960699 SReclaimable:      30352 kB
1777826787.145960699 SUnreclaim:        87256 kB
1777826787.145960699 KernelStack:        3088 kB
1777826787.145960699 PageTables:         3808 kB
1777826787.145960699 SecPageTables:         0 kB
1777826787.145960699 NFS_Unstable:          0 kB
1777826787.145960699 Bounce:                0 kB
1777826787.145960699 WritebackTmp:          0 kB
1777826787.145960699 CommitLimit:     3537964 kB
1777826787.145960699 Committed_AS:     405192 kB
1777826787.145960699 VmallocTotal:   135288315904 kB
1777826787.145960699 VmallocUsed:       19384 kB
1777826787.145960699 VmallocChunk:          0 kB
1777826787.145960699 Percpu:             1456 kB
1777826787.145960699 AnonHugePages:         0 kB
1777826787.145960699 ShmemHugePages:        0 kB
1777826787.145960699 ShmemPmdMapped:        0 kB
1777826787.145960699 FileHugePages:         0 kB
1777826787.145960699 FilePmdMapped:         0 kB
1777826787.145960699 CmaTotal:          65536 kB
1777826787.145960699 CmaFree:           49104 kB
1777826787.145960699 Balloon:               0 kB
1777826787.145960699 HugePages_Total:     512
1777826787.145960699 HugePages_Free:      488
1777826787.145960699 HugePages_Rsvd:        0
1777826787.145960699 HugePages_Surp:        0
1777826787.145960699 Hugepagesize:       2048 kB
1777826787.145960699 Hugetlb:         1048576 kB
1777826788.155184099 MemTotal:        8124504 kB
1777826788.155184099 MemFree:         6346496 kB
1777826788.155184099 MemAvailable:    6665236 kB
1777826788.155184099 Buffers:           30700 kB
1777826788.155184099 Cached:           417788 kB
1777826788.155184099 SwapCached:            0 kB
1777826788.155184099 Active:           428696 kB
1777826788.155184099 Inactive:         107764 kB
1777826788.155184099 Active(anon):      93136 kB
1777826788.155184099 Inactive(anon):        0 kB
1777826788.155184099 Active(file):     335560 kB
1777826788.155184099 Inactive(file):   107764 kB
1777826788.155184099 Unevictable:           0 kB
1777826788.155184099 Mlocked:               0 kB
1777826788.155184099 SwapTotal:             0 kB
1777826788.155184099 SwapFree:              0 kB
1777826788.155184099 Zswap:                 0 kB
1777826788.155184099 Zswapped:              0 kB
1777826788.155184099 Dirty:               180 kB
1777826788.155184099 Writeback:             0 kB
1777826788.155184099 AnonPages:         88040 kB
1777826788.155184099 Mapped:            89004 kB
1777826788.155184099 Shmem:              5248 kB
1777826788.155184099 KReclaimable:      30352 kB
1777826788.155184099 Slab:             117608 kB
1777826788.155184099 SReclaimable:      30352 kB
1777826788.155184099 SUnreclaim:        87256 kB
1777826788.155184099 KernelStack:        3088 kB
1777826788.155184099 PageTables:         3736 kB
1777826788.155184099 SecPageTables:         0 kB
1777826788.155184099 NFS_Unstable:          0 kB
1777826788.155184099 Bounce:                0 kB
1777826788.155184099 WritebackTmp:          0 kB
1777826788.155184099 CommitLimit:     3537964 kB
1777826788.155184099 Committed_AS:     405192 kB
1777826788.155184099 VmallocTotal:   135288315904 kB
1777826788.155184099 VmallocUsed:       19384 kB
1777826788.155184099 VmallocChunk:          0 kB
1777826788.155184099 Percpu:             1456 kB
1777826788.155184099 AnonHugePages:         0 kB
1777826788.155184099 ShmemHugePages:        0 kB
1777826788.155184099 ShmemPmdMapped:        0 kB
1777826788.155184099 FileHugePages:         0 kB
1777826788.155184099 FilePmdMapped:         0 kB
1777826788.155184099 CmaTotal:          65536 kB
1777826788.155184099 CmaFree:           49104 kB
1777826788.155184099 Balloon:               0 kB
1777826788.155184099 HugePages_Total:     512
1777826788.155184099 HugePages_Free:      488
1777826788.155184099 HugePages_Rsvd:        0
1777826788.155184099 HugePages_Surp:        0
1777826788.155184099 Hugepagesize:       2048 kB
1777826788.155184099 Hugetlb:         1048576 kB
1777826789.164312907 MemTotal:        8124504 kB
1777826789.164312907 MemFree:         6346536 kB
1777826789.164312907 MemAvailable:    6665276 kB
1777826789.164312907 Buffers:           30700 kB
1777826789.164312907 Cached:           417788 kB
1777826789.164312907 SwapCached:            0 kB
1777826789.164312907 Active:           428648 kB
1777826789.164312907 Inactive:         107768 kB
1777826789.164312907 Active(anon):      93092 kB
1777826789.164312907 Inactive(anon):        0 kB
1777826789.164312907 Active(file):     335556 kB
1777826789.164312907 Inactive(file):   107768 kB
1777826789.164312907 Unevictable:           0 kB
1777826789.164312907 Mlocked:               0 kB
1777826789.164312907 SwapTotal:             0 kB
1777826789.164312907 SwapFree:              0 kB
1777826789.164312907 Zswap:                 0 kB
1777826789.164312907 Zswapped:              0 kB
1777826789.164312907 Dirty:               180 kB
1777826789.164312907 Writeback:             0 kB
1777826789.164312907 AnonPages:         88044 kB
1777826789.164312907 Mapped:            89004 kB
1777826789.164312907 Shmem:              5248 kB
1777826789.164312907 KReclaimable:      30352 kB
1777826789.164312907 Slab:             117620 kB
1777826789.164312907 SReclaimable:      30352 kB
1777826789.164312907 SUnreclaim:        87268 kB
1777826789.164312907 KernelStack:        3088 kB
1777826789.164312907 PageTables:         3740 kB
1777826789.164312907 SecPageTables:         0 kB
1777826789.164312907 NFS_Unstable:          0 kB
1777826789.164312907 Bounce:                0 kB
1777826789.164312907 WritebackTmp:          0 kB
1777826789.164312907 CommitLimit:     3537964 kB
1777826789.164312907 Committed_AS:     405192 kB
1777826789.164312907 VmallocTotal:   135288315904 kB
1777826789.164312907 VmallocUsed:       19400 kB
1777826789.164312907 VmallocChunk:          0 kB
1777826789.164312907 Percpu:             1456 kB
1777826789.164312907 AnonHugePages:         0 kB
1777826789.164312907 ShmemHugePages:        0 kB
1777826789.164312907 ShmemPmdMapped:        0 kB
1777826789.164312907 FileHugePages:         0 kB
1777826789.164312907 FilePmdMapped:         0 kB
1777826789.164312907 CmaTotal:          65536 kB
1777826789.164312907 CmaFree:           49104 kB
1777826789.164312907 Balloon:               0 kB
1777826789.164312907 HugePages_Total:     512
1777826789.164312907 HugePages_Free:      488
1777826789.164312907 HugePages_Rsvd:        0
1777826789.164312907 HugePages_Surp:        0
1777826789.164312907 Hugepagesize:       2048 kB
1777826789.164312907 Hugetlb:         1048576 kB
1777826790.173394733 MemTotal:        8124504 kB
1777826790.173394733 MemFree:         6347652 kB
1777826790.173394733 MemAvailable:    6666396 kB
1777826790.173394733 Buffers:           30708 kB
1777826790.173394733 Cached:           417796 kB
1777826790.173394733 SwapCached:            0 kB
1777826790.173394733 Active:           428612 kB
1777826790.173394733 Inactive:         107772 kB
1777826790.173394733 Active(anon):      93056 kB
1777826790.173394733 Inactive(anon):        0 kB
1777826790.173394733 Active(file):     335556 kB
1777826790.173394733 Inactive(file):   107772 kB
1777826790.173394733 Unevictable:           0 kB
1777826790.173394733 Mlocked:               0 kB
1777826790.173394733 SwapTotal:             0 kB
1777826790.173394733 SwapFree:              0 kB
1777826790.173394733 Zswap:                 0 kB
1777826790.173394733 Zswapped:              0 kB
1777826790.173394733 Dirty:               188 kB
1777826790.173394733 Writeback:             0 kB
1777826790.173394733 AnonPages:         88048 kB
1777826790.173394733 Mapped:            89004 kB
1777826790.173394733 Shmem:              5248 kB
1777826790.173394733 KReclaimable:      30352 kB
1777826790.173394733 Slab:             117608 kB
1777826790.173394733 SReclaimable:      30352 kB
1777826790.173394733 SUnreclaim:        87256 kB
1777826790.173394733 KernelStack:        3088 kB
1777826790.173394733 PageTables:         3720 kB
1777826790.173394733 SecPageTables:         0 kB
1777826790.173394733 NFS_Unstable:          0 kB
1777826790.173394733 Bounce:                0 kB
1777826790.173394733 WritebackTmp:          0 kB
1777826790.173394733 CommitLimit:     3537964 kB
1777826790.173394733 Committed_AS:     405192 kB
1777826790.173394733 VmallocTotal:   135288315904 kB
1777826790.173394733 VmallocUsed:       19368 kB
1777826790.173394733 VmallocChunk:          0 kB
1777826790.173394733 Percpu:             1456 kB
1777826790.173394733 AnonHugePages:         0 kB
1777826790.173394733 ShmemHugePages:        0 kB
1777826790.173394733 ShmemPmdMapped:        0 kB
1777826790.173394733 FileHugePages:         0 kB
1777826790.173394733 FilePmdMapped:         0 kB
1777826790.173394733 CmaTotal:          65536 kB
1777826790.173394733 CmaFree:           49104 kB
1777826790.173394733 Balloon:               0 kB
1777826790.173394733 HugePages_Total:     512
1777826790.173394733 HugePages_Free:      488
1777826790.173394733 HugePages_Rsvd:        0
1777826790.173394733 HugePages_Surp:        0
1777826790.173394733 Hugepagesize:       2048 kB
1777826790.173394733 Hugetlb:         1048576 kB
1777826791.182497189 MemTotal:        8124504 kB
1777826791.182497189 MemFree:         6347424 kB
1777826791.182497189 MemAvailable:    6666188 kB
1777826791.182497189 Buffers:           30708 kB
1777826791.182497189 Cached:           417800 kB
1777826791.182497189 SwapCached:            0 kB
1777826791.182497189 Active:           428672 kB
1777826791.182497189 Inactive:         107788 kB
1777826791.182497189 Active(anon):      93112 kB
1777826791.182497189 Inactive(anon):        0 kB
1777826791.182497189 Active(file):     335560 kB
1777826791.182497189 Inactive(file):   107788 kB
1777826791.182497189 Unevictable:           0 kB
1777826791.182497189 Mlocked:               0 kB
1777826791.182497189 SwapTotal:             0 kB
1777826791.182497189 SwapFree:              0 kB
1777826791.182497189 Zswap:                 0 kB
1777826791.182497189 Zswapped:              0 kB
1777826791.182497189 Dirty:               192 kB
1777826791.182497189 Writeback:             0 kB
1777826791.182497189 AnonPages:         88036 kB
1777826791.182497189 Mapped:            89004 kB
1777826791.182497189 Shmem:              5248 kB
1777826791.182497189 KReclaimable:      30352 kB
1777826791.182497189 Slab:             117640 kB
1777826791.182497189 SReclaimable:      30352 kB
1777826791.182497189 SUnreclaim:        87288 kB
1777826791.182497189 KernelStack:        3088 kB
1777826791.182497189 PageTables:         3736 kB
1777826791.182497189 SecPageTables:         0 kB
1777826791.182497189 NFS_Unstable:          0 kB
1777826791.182497189 Bounce:                0 kB
1777826791.182497189 WritebackTmp:          0 kB
1777826791.182497189 CommitLimit:     3537964 kB
1777826791.182497189 Committed_AS:     405192 kB
1777826791.182497189 VmallocTotal:   135288315904 kB
1777826791.182497189 VmallocUsed:       19384 kB
1777826791.182497189 VmallocChunk:          0 kB
1777826791.182497189 Percpu:             1456 kB
1777826791.182497189 AnonHugePages:         0 kB
1777826791.182497189 ShmemHugePages:        0 kB
1777826791.182497189 ShmemPmdMapped:        0 kB
1777826791.182497189 FileHugePages:         0 kB
1777826791.182497189 FilePmdMapped:         0 kB
1777826791.182497189 CmaTotal:          65536 kB
1777826791.182497189 CmaFree:           49104 kB
1777826791.182497189 Balloon:               0 kB
1777826791.182497189 HugePages_Total:     512
1777826791.182497189 HugePages_Free:      488
1777826791.182497189 HugePages_Rsvd:        0
1777826791.182497189 HugePages_Surp:        0
1777826791.182497189 Hugepagesize:       2048 kB
1777826791.182497189 Hugetlb:         1048576 kB
1777826792.191630052 MemTotal:        8124504 kB
1777826792.191630052 MemFree:         6349988 kB
1777826792.191630052 MemAvailable:    6668756 kB
1777826792.191630052 Buffers:           30708 kB
1777826792.191630052 Cached:           417804 kB
1777826792.191630052 SwapCached:            0 kB
1777826792.191630052 Active:           428716 kB
1777826792.191630052 Inactive:         107792 kB
1777826792.191630052 Active(anon):      93156 kB
1777826792.191630052 Inactive(anon):        0 kB
1777826792.191630052 Active(file):     335560 kB
1777826792.191630052 Inactive(file):   107792 kB
1777826792.191630052 Unevictable:           0 kB
1777826792.191630052 Mlocked:               0 kB
1777826792.191630052 SwapTotal:             0 kB
1777826792.191630052 SwapFree:              0 kB
1777826792.191630052 Zswap:                 0 kB
1777826792.191630052 Zswapped:              0 kB
1777826792.191630052 Dirty:               196 kB
1777826792.191630052 Writeback:             0 kB
1777826792.191630052 AnonPages:         88040 kB
1777826792.191630052 Mapped:            89004 kB
1777826792.191630052 Shmem:              5248 kB
1777826792.191630052 KReclaimable:      30352 kB
1777826792.191630052 Slab:             117616 kB
1777826792.191630052 SReclaimable:      30352 kB
1777826792.191630052 SUnreclaim:        87264 kB
1777826792.191630052 KernelStack:        3088 kB
1777826792.191630052 PageTables:         3720 kB
1777826792.191630052 SecPageTables:         0 kB
1777826792.191630052 NFS_Unstable:          0 kB
1777826792.191630052 Bounce:                0 kB
1777826792.191630052 WritebackTmp:          0 kB
1777826792.191630052 CommitLimit:     3537964 kB
1777826792.191630052 Committed_AS:     405192 kB
1777826792.191630052 VmallocTotal:   135288315904 kB
1777826792.191630052 VmallocUsed:       19384 kB
1777826792.191630052 VmallocChunk:          0 kB
1777826792.191630052 Percpu:             1456 kB
1777826792.191630052 AnonHugePages:         0 kB
1777826792.191630052 ShmemHugePages:        0 kB
1777826792.191630052 ShmemPmdMapped:        0 kB
1777826792.191630052 FileHugePages:         0 kB
1777826792.191630052 FilePmdMapped:         0 kB
1777826792.191630052 CmaTotal:          65536 kB
1777826792.191630052 CmaFree:           49104 kB
1777826792.191630052 Balloon:               0 kB
1777826792.191630052 HugePages_Total:     512
1777826792.191630052 HugePages_Free:      488
1777826792.191630052 HugePages_Rsvd:        0
1777826792.191630052 HugePages_Surp:        0
1777826792.191630052 Hugepagesize:       2048 kB
1777826792.191630052 Hugetlb:         1048576 kB
1777826793.200577008 MemTotal:        8124504 kB
1777826793.200577008 MemFree:         6348036 kB
1777826793.200577008 MemAvailable:    6666808 kB
1777826793.200577008 Buffers:           30708 kB
1777826793.200577008 Cached:           417812 kB
1777826793.200577008 SwapCached:            0 kB
1777826793.200577008 Active:           428656 kB
1777826793.200577008 Inactive:         107800 kB
1777826793.200577008 Active(anon):      93100 kB
1777826793.200577008 Inactive(anon):        0 kB
1777826793.200577008 Active(file):     335556 kB
1777826793.200577008 Inactive(file):   107800 kB
1777826793.200577008 Unevictable:           0 kB
1777826793.200577008 Mlocked:               0 kB
1777826793.200577008 SwapTotal:             0 kB
1777826793.200577008 SwapFree:              0 kB
1777826793.200577008 Zswap:                 0 kB
1777826793.200577008 Zswapped:              0 kB
1777826793.200577008 Dirty:                44 kB
1777826793.200577008 Writeback:             0 kB
1777826793.200577008 AnonPages:         88044 kB
1777826793.200577008 Mapped:            88964 kB
1777826793.200577008 Shmem:              5248 kB
1777826793.200577008 KReclaimable:      30352 kB
1777826793.200577008 Slab:             117624 kB
1777826793.200577008 SReclaimable:      30352 kB
1777826793.200577008 SUnreclaim:        87272 kB
1777826793.200577008 KernelStack:        3088 kB
1777826793.200577008 PageTables:         3664 kB
1777826793.200577008 SecPageTables:         0 kB
1777826793.200577008 NFS_Unstable:          0 kB
1777826793.200577008 Bounce:                0 kB
1777826793.200577008 WritebackTmp:          0 kB
1777826793.200577008 CommitLimit:     3537964 kB
1777826793.200577008 Committed_AS:     405192 kB
1777826793.200577008 VmallocTotal:   135288315904 kB
1777826793.200577008 VmallocUsed:       19384 kB
1777826793.200577008 VmallocChunk:          0 kB
1777826793.200577008 Percpu:             1456 kB
1777826793.200577008 AnonHugePages:         0 kB
1777826793.200577008 ShmemHugePages:        0 kB
1777826793.200577008 ShmemPmdMapped:        0 kB
1777826793.200577008 FileHugePages:         0 kB
1777826793.200577008 FilePmdMapped:         0 kB
1777826793.200577008 CmaTotal:          65536 kB
1777826793.200577008 CmaFree:           49104 kB
1777826793.200577008 Balloon:               0 kB
1777826793.200577008 HugePages_Total:     512
1777826793.200577008 HugePages_Free:      488
1777826793.200577008 HugePages_Rsvd:        0
1777826793.200577008 HugePages_Surp:        0
1777826793.200577008 Hugepagesize:       2048 kB
1777826793.200577008 Hugetlb:         1048576 kB
1777826794.210250742 MemTotal:        8124504 kB
1777826794.210250742 MemFree:         6348596 kB
1777826794.210250742 MemAvailable:    6667376 kB
1777826794.210250742 Buffers:           30708 kB
1777826794.210250742 Cached:           417816 kB
1777826794.210250742 SwapCached:            0 kB
1777826794.210250742 Active:           428620 kB
1777826794.210250742 Inactive:         107804 kB
1777826794.210250742 Active(anon):      93064 kB
1777826794.210250742 Inactive(anon):        0 kB
1777826794.210250742 Active(file):     335556 kB
1777826794.210250742 Inactive(file):   107804 kB
1777826794.210250742 Unevictable:           0 kB
1777826794.210250742 Mlocked:               0 kB
1777826794.210250742 SwapTotal:             0 kB
1777826794.210250742 SwapFree:              0 kB
1777826794.210250742 Zswap:                 0 kB
1777826794.210250742 Zswapped:              0 kB
1777826794.210250742 Dirty:                52 kB
1777826794.210250742 Writeback:             0 kB
1777826794.210250742 AnonPages:         88044 kB
1777826794.210250742 Mapped:            89004 kB
1777826794.210250742 Shmem:              5248 kB
1777826794.210250742 KReclaimable:      30356 kB
1777826794.210250742 Slab:             117648 kB
1777826794.210250742 SReclaimable:      30356 kB
1777826794.210250742 SUnreclaim:        87292 kB
1777826794.210250742 KernelStack:        3104 kB
1777826794.210250742 PageTables:         3724 kB
1777826794.210250742 SecPageTables:         0 kB
1777826794.210250742 NFS_Unstable:          0 kB
1777826794.210250742 Bounce:                0 kB
1777826794.210250742 WritebackTmp:          0 kB
1777826794.210250742 CommitLimit:     3537964 kB
1777826794.210250742 Committed_AS:     405192 kB
1777826794.210250742 VmallocTotal:   135288315904 kB
1777826794.210250742 VmallocUsed:       19384 kB
1777826794.210250742 VmallocChunk:          0 kB
1777826794.210250742 Percpu:             1456 kB
1777826794.210250742 AnonHugePages:         0 kB
1777826794.210250742 ShmemHugePages:        0 kB
1777826794.210250742 ShmemPmdMapped:        0 kB
1777826794.210250742 FileHugePages:         0 kB
1777826794.210250742 FilePmdMapped:         0 kB
1777826794.210250742 CmaTotal:          65536 kB
1777826794.210250742 CmaFree:           49104 kB
1777826794.210250742 Balloon:               0 kB
1777826794.210250742 HugePages_Total:     512
1777826794.210250742 HugePages_Free:      488
1777826794.210250742 HugePages_Rsvd:        0
1777826794.210250742 HugePages_Surp:        0
1777826794.210250742 Hugepagesize:       2048 kB
1777826794.210250742 Hugetlb:         1048576 kB
1777826795.219536883 MemTotal:        8124504 kB
1777826795.219536883 MemFree:         6348668 kB
1777826795.219536883 MemAvailable:    6667460 kB
1777826795.219536883 Buffers:           30716 kB
1777826795.219536883 Cached:           417820 kB
1777826795.219536883 SwapCached:            0 kB
1777826795.219536883 Active:           428676 kB
1777826795.219536883 Inactive:         107816 kB
1777826795.219536883 Active(anon):      93120 kB
1777826795.219536883 Inactive(anon):        0 kB
1777826795.219536883 Active(file):     335556 kB
1777826795.219536883 Inactive(file):   107816 kB
1777826795.219536883 Unevictable:           0 kB
1777826795.219536883 Mlocked:               0 kB
1777826795.219536883 SwapTotal:             0 kB
1777826795.219536883 SwapFree:              0 kB
1777826795.219536883 Zswap:                 0 kB
1777826795.219536883 Zswapped:              0 kB
1777826795.219536883 Dirty:                64 kB
1777826795.219536883 Writeback:             0 kB
1777826795.219536883 AnonPages:         88048 kB
1777826795.219536883 Mapped:            89004 kB
1777826795.219536883 Shmem:              5248 kB
1777826795.219536883 KReclaimable:      30356 kB
1777826795.219536883 Slab:             117644 kB
1777826795.219536883 SReclaimable:      30356 kB
1777826795.219536883 SUnreclaim:        87288 kB
1777826795.219536883 KernelStack:        3104 kB
1777826795.219536883 PageTables:         3660 kB
1777826795.219536883 SecPageTables:         0 kB
1777826795.219536883 NFS_Unstable:          0 kB
1777826795.219536883 Bounce:                0 kB
1777826795.219536883 WritebackTmp:          0 kB
1777826795.219536883 CommitLimit:     3537964 kB
1777826795.219536883 Committed_AS:     405192 kB
1777826795.219536883 VmallocTotal:   135288315904 kB
1777826795.219536883 VmallocUsed:       19416 kB
1777826795.219536883 VmallocChunk:          0 kB
1777826795.219536883 Percpu:             1456 kB
1777826795.219536883 AnonHugePages:         0 kB
1777826795.219536883 ShmemHugePages:        0 kB
1777826795.219536883 ShmemPmdMapped:        0 kB
1777826795.219536883 FileHugePages:         0 kB
1777826795.219536883 FilePmdMapped:         0 kB
1777826795.219536883 CmaTotal:          65536 kB
1777826795.219536883 CmaFree:           49104 kB
1777826795.219536883 Balloon:               0 kB
1777826795.219536883 HugePages_Total:     512
1777826795.219536883 HugePages_Free:      488
1777826795.219536883 HugePages_Rsvd:        0
1777826795.219536883 HugePages_Surp:        0
1777826795.219536883 Hugepagesize:       2048 kB
1777826795.219536883 Hugetlb:         1048576 kB
1777826796.228564117 MemTotal:        8124504 kB
1777826796.228564117 MemFree:         6348848 kB
1777826796.228564117 MemAvailable:    6667644 kB
1777826796.228564117 Buffers:           30716 kB
1777826796.228564117 Cached:           417824 kB
1777826796.228564117 SwapCached:            0 kB
1777826796.228564117 Active:           428644 kB
1777826796.228564117 Inactive:         107820 kB
1777826796.228564117 Active(anon):      93088 kB
1777826796.228564117 Inactive(anon):        0 kB
1777826796.228564117 Active(file):     335556 kB
1777826796.228564117 Inactive(file):   107820 kB
1777826796.228564117 Unevictable:           0 kB
1777826796.228564117 Mlocked:               0 kB
1777826796.228564117 SwapTotal:             0 kB
1777826796.228564117 SwapFree:              0 kB
1777826796.228564117 Zswap:                 0 kB
1777826796.228564117 Zswapped:              0 kB
1777826796.228564117 Dirty:                36 kB
1777826796.228564117 Writeback:             0 kB
1777826796.228564117 AnonPages:         88048 kB
1777826796.228564117 Mapped:            89004 kB
1777826796.228564117 Shmem:              5248 kB
1777826796.228564117 KReclaimable:      30356 kB
1777826796.228564117 Slab:             117616 kB
1777826796.228564117 SReclaimable:      30356 kB
1777826796.228564117 SUnreclaim:        87260 kB
1777826796.228564117 KernelStack:        3104 kB
1777826796.228564117 PageTables:         3728 kB
1777826796.228564117 SecPageTables:         0 kB
1777826796.228564117 NFS_Unstable:          0 kB
1777826796.228564117 Bounce:                0 kB
1777826796.228564117 WritebackTmp:          0 kB
1777826796.228564117 CommitLimit:     3537964 kB
1777826796.228564117 Committed_AS:     405192 kB
1777826796.228564117 VmallocTotal:   135288315904 kB
1777826796.228564117 VmallocUsed:       19400 kB
1777826796.228564117 VmallocChunk:          0 kB
1777826796.228564117 Percpu:             1456 kB
1777826796.228564117 AnonHugePages:         0 kB
1777826796.228564117 ShmemHugePages:        0 kB
1777826796.228564117 ShmemPmdMapped:        0 kB
1777826796.228564117 FileHugePages:         0 kB
1777826796.228564117 FilePmdMapped:         0 kB
1777826796.228564117 CmaTotal:          65536 kB
1777826796.228564117 CmaFree:           49104 kB
1777826796.228564117 Balloon:               0 kB
1777826796.228564117 HugePages_Total:     512
1777826796.228564117 HugePages_Free:      488
1777826796.228564117 HugePages_Rsvd:        0
1777826796.228564117 HugePages_Surp:        0
1777826796.228564117 Hugepagesize:       2048 kB
1777826796.228564117 Hugetlb:         1048576 kB
1777826797.237775387 MemTotal:        8124504 kB
1777826797.237775387 MemFree:         6348512 kB
1777826797.237775387 MemAvailable:    6667312 kB
1777826797.237775387 Buffers:           30716 kB
1777826797.237775387 Cached:           417828 kB
1777826797.237775387 SwapCached:            0 kB
1777826797.237775387 Active:           428672 kB
1777826797.237775387 Inactive:         107824 kB
1777826797.237775387 Active(anon):      93116 kB
1777826797.237775387 Inactive(anon):        0 kB
1777826797.237775387 Active(file):     335556 kB
1777826797.237775387 Inactive(file):   107824 kB
1777826797.237775387 Unevictable:           0 kB
1777826797.237775387 Mlocked:               0 kB
1777826797.237775387 SwapTotal:             0 kB
1777826797.237775387 SwapFree:              0 kB
1777826797.237775387 Zswap:                 0 kB
1777826797.237775387 Zswapped:              0 kB
1777826797.237775387 Dirty:                40 kB
1777826797.237775387 Writeback:             0 kB
1777826797.237775387 AnonPages:         88044 kB
1777826797.237775387 Mapped:            89004 kB
1777826797.237775387 Shmem:              5248 kB
1777826797.237775387 KReclaimable:      30356 kB
1777826797.237775387 Slab:             117640 kB
1777826797.237775387 SReclaimable:      30356 kB
1777826797.237775387 SUnreclaim:        87284 kB
1777826797.237775387 KernelStack:        3104 kB
1777826797.237775387 PageTables:         3720 kB
1777826797.237775387 SecPageTables:         0 kB
1777826797.237775387 NFS_Unstable:          0 kB
1777826797.237775387 Bounce:                0 kB
1777826797.237775387 WritebackTmp:          0 kB
1777826797.237775387 CommitLimit:     3537964 kB
1777826797.237775387 Committed_AS:     405192 kB
1777826797.237775387 VmallocTotal:   135288315904 kB
1777826797.237775387 VmallocUsed:       19416 kB
1777826797.237775387 VmallocChunk:          0 kB
1777826797.237775387 Percpu:             1456 kB
1777826797.237775387 AnonHugePages:         0 kB
1777826797.237775387 ShmemHugePages:        0 kB
1777826797.237775387 ShmemPmdMapped:        0 kB
1777826797.237775387 FileHugePages:         0 kB
1777826797.237775387 FilePmdMapped:         0 kB
1777826797.237775387 CmaTotal:          65536 kB
1777826797.237775387 CmaFree:           49104 kB
1777826797.237775387 Balloon:               0 kB
1777826797.237775387 HugePages_Total:     512
1777826797.237775387 HugePages_Free:      488
1777826797.237775387 HugePages_Rsvd:        0
1777826797.237775387 HugePages_Surp:        0
1777826797.237775387 Hugepagesize:       2048 kB
1777826797.237775387 Hugetlb:         1048576 kB
1777826798.247033788 MemTotal:        8124504 kB
1777826798.247033788 MemFree:         6349056 kB
1777826798.247033788 MemAvailable:    6667864 kB
1777826798.247033788 Buffers:           30716 kB
1777826798.247033788 Cached:           417836 kB
1777826798.247033788 SwapCached:            0 kB
1777826798.247033788 Active:           428600 kB
1777826798.247033788 Inactive:         107828 kB
1777826798.247033788 Active(anon):      93040 kB
1777826798.247033788 Inactive(anon):        0 kB
1777826798.247033788 Active(file):     335560 kB
1777826798.247033788 Inactive(file):   107828 kB
1777826798.247033788 Unevictable:           0 kB
1777826798.247033788 Mlocked:               0 kB
1777826798.247033788 SwapTotal:             0 kB
1777826798.247033788 SwapFree:              0 kB
1777826798.247033788 Zswap:                 0 kB
1777826798.247033788 Zswapped:              0 kB
1777826798.247033788 Dirty:                48 kB
1777826798.247033788 Writeback:             0 kB
1777826798.247033788 AnonPages:         87964 kB
1777826798.247033788 Mapped:            89188 kB
1777826798.247033788 Shmem:              5248 kB
1777826798.247033788 KReclaimable:      30356 kB
1777826798.247033788 Slab:             117628 kB
1777826798.247033788 SReclaimable:      30356 kB
1777826798.247033788 SUnreclaim:        87272 kB
1777826798.247033788 KernelStack:        3144 kB
1777826798.247033788 PageTables:         3868 kB
1777826798.247033788 SecPageTables:         0 kB
1777826798.247033788 NFS_Unstable:          0 kB
1777826798.247033788 Bounce:                0 kB
1777826798.247033788 WritebackTmp:          0 kB
1777826798.247033788 CommitLimit:     3537964 kB
1777826798.247033788 Committed_AS:     405192 kB
1777826798.247033788 VmallocTotal:   135288315904 kB
1777826798.247033788 VmallocUsed:       19416 kB
1777826798.247033788 VmallocChunk:          0 kB
1777826798.247033788 Percpu:             1456 kB
1777826798.247033788 AnonHugePages:         0 kB
1777826798.247033788 ShmemHugePages:        0 kB
1777826798.247033788 ShmemPmdMapped:        0 kB
1777826798.247033788 FileHugePages:         0 kB
1777826798.247033788 FilePmdMapped:         0 kB
1777826798.247033788 CmaTotal:          65536 kB
1777826798.247033788 CmaFree:           49104 kB
1777826798.247033788 Balloon:               0 kB
1777826798.247033788 HugePages_Total:     512
1777826798.247033788 HugePages_Free:      488
1777826798.247033788 HugePages_Rsvd:        0
1777826798.247033788 HugePages_Surp:        0
1777826798.247033788 Hugepagesize:       2048 kB
1777826798.247033788 Hugetlb:         1048576 kB
1777826799.256183096 MemTotal:        8124504 kB
1777826799.256183096 MemFree:         6348836 kB
1777826799.256183096 MemAvailable:    6667652 kB
1777826799.256183096 Buffers:           30716 kB
1777826799.256183096 Cached:           417840 kB
1777826799.256183096 SwapCached:            0 kB
1777826799.256183096 Active:           428764 kB
1777826799.256183096 Inactive:         107836 kB
1777826799.256183096 Active(anon):      93204 kB
1777826799.256183096 Inactive(anon):        0 kB
1777826799.256183096 Active(file):     335560 kB
1777826799.256183096 Inactive(file):   107836 kB
1777826799.256183096 Unevictable:           0 kB
1777826799.256183096 Mlocked:               0 kB
1777826799.256183096 SwapTotal:             0 kB
1777826799.256183096 SwapFree:              0 kB
1777826799.256183096 Zswap:                 0 kB
1777826799.256183096 Zswapped:              0 kB
1777826799.256183096 Dirty:                52 kB
1777826799.256183096 Writeback:             0 kB
1777826799.256183096 AnonPages:         88056 kB
1777826799.256183096 Mapped:            89036 kB
1777826799.256183096 Shmem:              5248 kB
1777826799.256183096 KReclaimable:      30356 kB
1777826799.256183096 Slab:             117612 kB
1777826799.256183096 SReclaimable:      30356 kB
1777826799.256183096 SUnreclaim:        87256 kB
1777826799.256183096 KernelStack:        3112 kB
1777826799.256183096 PageTables:         3812 kB
1777826799.256183096 SecPageTables:         0 kB
1777826799.256183096 NFS_Unstable:          0 kB
1777826799.256183096 Bounce:                0 kB
1777826799.256183096 WritebackTmp:          0 kB
1777826799.256183096 CommitLimit:     3537964 kB
1777826799.256183096 Committed_AS:     405192 kB
1777826799.256183096 VmallocTotal:   135288315904 kB
1777826799.256183096 VmallocUsed:       19416 kB
1777826799.256183096 VmallocChunk:          0 kB
1777826799.256183096 Percpu:             1456 kB
1777826799.256183096 AnonHugePages:         0 kB
1777826799.256183096 ShmemHugePages:        0 kB
1777826799.256183096 ShmemPmdMapped:        0 kB
1777826799.256183096 FileHugePages:         0 kB
1777826799.256183096 FilePmdMapped:         0 kB
1777826799.256183096 CmaTotal:          65536 kB
1777826799.256183096 CmaFree:           49104 kB
1777826799.256183096 Balloon:               0 kB
1777826799.256183096 HugePages_Total:     512
1777826799.256183096 HugePages_Free:      488
1777826799.256183096 HugePages_Rsvd:        0
1777826799.256183096 HugePages_Surp:        0
1777826799.256183096 Hugepagesize:       2048 kB
1777826799.256183096 Hugetlb:         1048576 kB
1777826800.265633792 MemTotal:        8124504 kB
1777826800.265633792 MemFree:         6348848 kB
1777826800.265633792 MemAvailable:    6667664 kB
1777826800.265633792 Buffers:           30724 kB
1777826800.265633792 Cached:           417840 kB
1777826800.265633792 SwapCached:            0 kB
1777826800.265633792 Active:           428656 kB
1777826800.265633792 Inactive:         107836 kB
1777826800.265633792 Active(anon):      93096 kB
1777826800.265633792 Inactive(anon):        0 kB
1777826800.265633792 Active(file):     335560 kB
1777826800.265633792 Inactive(file):   107836 kB
1777826800.265633792 Unevictable:           0 kB
1777826800.265633792 Mlocked:               0 kB
1777826800.265633792 SwapTotal:             0 kB
1777826800.265633792 SwapFree:              0 kB
1777826800.265633792 Zswap:                 0 kB
1777826800.265633792 Zswapped:              0 kB
1777826800.265633792 Dirty:                56 kB
1777826800.265633792 Writeback:             0 kB
1777826800.265633792 AnonPages:         88048 kB
1777826800.265633792 Mapped:            89268 kB
1777826800.265633792 Shmem:              5248 kB
1777826800.265633792 KReclaimable:      30356 kB
1777826800.265633792 Slab:             117620 kB
1777826800.265633792 SReclaimable:      30356 kB
1777826800.265633792 SUnreclaim:        87264 kB
1777826800.265633792 KernelStack:        3144 kB
1777826800.265633792 PageTables:         3880 kB
1777826800.265633792 SecPageTables:         0 kB
1777826800.265633792 NFS_Unstable:          0 kB
1777826800.265633792 Bounce:                0 kB
1777826800.265633792 WritebackTmp:          0 kB
1777826800.265633792 CommitLimit:     3537964 kB
1777826800.265633792 Committed_AS:     405192 kB
1777826800.265633792 VmallocTotal:   135288315904 kB
1777826800.265633792 VmallocUsed:       19416 kB
1777826800.265633792 VmallocChunk:          0 kB
1777826800.265633792 Percpu:             1456 kB
1777826800.265633792 AnonHugePages:         0 kB
1777826800.265633792 ShmemHugePages:        0 kB
1777826800.265633792 ShmemPmdMapped:        0 kB
1777826800.265633792 FileHugePages:         0 kB
1777826800.265633792 FilePmdMapped:         0 kB
1777826800.265633792 CmaTotal:          65536 kB
1777826800.265633792 CmaFree:           49104 kB
1777826800.265633792 Balloon:               0 kB
1777826800.265633792 HugePages_Total:     512
1777826800.265633792 HugePages_Free:      488
1777826800.265633792 HugePages_Rsvd:        0
1777826800.265633792 HugePages_Surp:        0
1777826800.265633792 Hugepagesize:       2048 kB
1777826800.265633792 Hugetlb:         1048576 kB
1777826801.275056674 MemTotal:        8124504 kB
1777826801.275056674 MemFree:         6350340 kB
1777826801.275056674 MemAvailable:    6669168 kB
1777826801.275056674 Buffers:           30724 kB
1777826801.275056674 Cached:           417848 kB
1777826801.275056674 SwapCached:            0 kB
1777826801.275056674 Active:           428920 kB
1777826801.275056674 Inactive:         107848 kB
1777826801.275056674 Active(anon):      93508 kB
1777826801.275056674 Inactive(anon):        0 kB
1777826801.275056674 Active(file):     335560 kB
1777826801.275056674 Inactive(file):   107848 kB
1777826801.275056674 Unevictable:           0 kB
1777826801.275056674 Mlocked:               0 kB
1777826801.275056674 SwapTotal:             0 kB
1777826801.275056674 SwapFree:              0 kB
1777826801.275056674 Zswap:                 0 kB
1777826801.275056674 Zswapped:              0 kB
1777826801.275056674 Dirty:                64 kB
1777826801.275056674 Writeback:             0 kB
1777826801.275056674 AnonPages:         87452 kB
1777826801.275056674 Mapped:            89024 kB
1777826801.275056674 Shmem:              5248 kB
1777826801.275056674 KReclaimable:      30356 kB
1777826801.275056674 Slab:             117612 kB
1777826801.275056674 SReclaimable:      30356 kB
1777826801.275056674 SUnreclaim:        87256 kB
1777826801.275056674 KernelStack:        3184 kB
1777826801.275056674 PageTables:         4172 kB
1777826801.275056674 SecPageTables:         0 kB
1777826801.275056674 NFS_Unstable:          0 kB
1777826801.275056674 Bounce:                0 kB
1777826801.275056674 WritebackTmp:          0 kB
1777826801.275056674 CommitLimit:     3537964 kB
1777826801.275056674 Committed_AS:     405656 kB
1777826801.275056674 VmallocTotal:   135288315904 kB
1777826801.275056674 VmallocUsed:       19448 kB
1777826801.275056674 VmallocChunk:          0 kB
1777826801.275056674 Percpu:             1456 kB
1777826801.275056674 AnonHugePages:         0 kB
1777826801.275056674 ShmemHugePages:        0 kB
1777826801.275056674 ShmemPmdMapped:        0 kB
1777826801.275056674 FileHugePages:         0 kB
1777826801.275056674 FilePmdMapped:         0 kB
1777826801.275056674 CmaTotal:          65536 kB
1777826801.275056674 CmaFree:           49104 kB
1777826801.275056674 Balloon:               0 kB
1777826801.275056674 HugePages_Total:     512
1777826801.275056674 HugePages_Free:      488
1777826801.275056674 HugePages_Rsvd:        0
1777826801.275056674 HugePages_Surp:        0
1777826801.275056674 Hugepagesize:       2048 kB
1777826801.275056674 Hugetlb:         1048576 kB
1777826802.292507949 MemTotal:        8124504 kB
1777826802.292507949 MemFree:         6349048 kB
1777826802.292507949 MemAvailable:    6667880 kB
1777826802.292507949 Buffers:           30724 kB
1777826802.292507949 Cached:           417856 kB
1777826802.292507949 SwapCached:            0 kB
1777826802.292507949 Active:           427884 kB
1777826802.292507949 Inactive:         107856 kB
1777826802.292507949 Active(anon):      92328 kB
1777826802.292507949 Inactive(anon):        0 kB
1777826802.292507949 Active(file):     335556 kB
1777826802.292507949 Inactive(file):   107856 kB
1777826802.292507949 Unevictable:           0 kB
1777826802.292507949 Mlocked:               0 kB
1777826802.292507949 SwapTotal:             0 kB
1777826802.292507949 SwapFree:              0 kB
1777826802.292507949 Zswap:                 0 kB
1777826802.292507949 Zswapped:              0 kB
1777826802.292507949 Dirty:                72 kB
1777826802.292507949 Writeback:             0 kB
1777826802.292507949 AnonPages:         87304 kB
1777826802.292507949 Mapped:            89004 kB
1777826802.292507949 Shmem:              5248 kB
1777826802.292507949 KReclaimable:      30356 kB
1777826802.292507949 Slab:             117620 kB
1777826802.292507949 SReclaimable:      30356 kB
1777826802.292507949 SUnreclaim:        87264 kB
1777826802.292507949 KernelStack:        3104 kB
1777826802.292507949 PageTables:         3736 kB
1777826802.292507949 SecPageTables:         0 kB
1777826802.292507949 NFS_Unstable:          0 kB
1777826802.292507949 Bounce:                0 kB
1777826802.292507949 WritebackTmp:          0 kB
1777826802.292507949 CommitLimit:     3537964 kB
1777826802.292507949 Committed_AS:     405040 kB
1777826802.292507949 VmallocTotal:   135288315904 kB
1777826802.292507949 VmallocUsed:       19400 kB
1777826802.292507949 VmallocChunk:          0 kB
1777826802.292507949 Percpu:             1456 kB
1777826802.292507949 AnonHugePages:         0 kB
1777826802.292507949 ShmemHugePages:        0 kB
1777826802.292507949 ShmemPmdMapped:        0 kB
1777826802.292507949 FileHugePages:         0 kB
1777826802.292507949 FilePmdMapped:         0 kB
1777826802.292507949 CmaTotal:          65536 kB
1777826802.292507949 CmaFree:           49104 kB
1777826802.292507949 Balloon:               0 kB
1777826802.292507949 HugePages_Total:     512
1777826802.292507949 HugePages_Free:      488
1777826802.292507949 HugePages_Rsvd:        0
1777826802.292507949 HugePages_Surp:        0
1777826802.292507949 Hugepagesize:       2048 kB
1777826802.292507949 Hugetlb:         1048576 kB
1777826803.302649721 MemTotal:        8124504 kB
1777826803.302649721 MemFree:         6349584 kB
1777826803.302649721 MemAvailable:    6668424 kB
1777826803.302649721 Buffers:           30724 kB
1777826803.302649721 Cached:           417860 kB
1777826803.302649721 SwapCached:            0 kB
1777826803.302649721 Active:           428724 kB
1777826803.302649721 Inactive:         107864 kB
1777826803.302649721 Active(anon):      93168 kB
1777826803.302649721 Inactive(anon):        0 kB
1777826803.302649721 Active(file):     335556 kB
1777826803.302649721 Inactive(file):   107864 kB
1777826803.302649721 Unevictable:           0 kB
1777826803.302649721 Mlocked:               0 kB
1777826803.302649721 SwapTotal:             0 kB
1777826803.302649721 SwapFree:              0 kB
1777826803.302649721 Zswap:                 0 kB
1777826803.302649721 Zswapped:              0 kB
1777826803.302649721 Dirty:                76 kB
1777826803.302649721 Writeback:             0 kB
1777826803.302649721 AnonPages:         88044 kB
1777826803.302649721 Mapped:            89004 kB
1777826803.302649721 Shmem:              5248 kB
1777826803.302649721 KReclaimable:      30356 kB
1777826803.302649721 Slab:             117620 kB
1777826803.302649721 SReclaimable:      30356 kB
1777826803.302649721 SUnreclaim:        87264 kB
1777826803.302649721 KernelStack:        3104 kB
1777826803.302649721 PageTables:         3728 kB
1777826803.302649721 SecPageTables:         0 kB
1777826803.302649721 NFS_Unstable:          0 kB
1777826803.302649721 Bounce:                0 kB
1777826803.302649721 WritebackTmp:          0 kB
1777826803.302649721 CommitLimit:     3537964 kB
1777826803.302649721 Committed_AS:     405192 kB
1777826803.302649721 VmallocTotal:   135288315904 kB
1777826803.302649721 VmallocUsed:       19400 kB
1777826803.302649721 VmallocChunk:          0 kB
1777826803.302649721 Percpu:             1456 kB
1777826803.302649721 AnonHugePages:         0 kB
1777826803.302649721 ShmemHugePages:        0 kB
1777826803.302649721 ShmemPmdMapped:        0 kB
1777826803.302649721 FileHugePages:         0 kB
1777826803.302649721 FilePmdMapped:         0 kB
1777826803.302649721 CmaTotal:          65536 kB
1777826803.302649721 CmaFree:           49104 kB
1777826803.302649721 Balloon:               0 kB
1777826803.302649721 HugePages_Total:     512
1777826803.302649721 HugePages_Free:      488
1777826803.302649721 HugePages_Rsvd:        0
1777826803.302649721 HugePages_Surp:        0
1777826803.302649721 Hugepagesize:       2048 kB
1777826803.302649721 Hugetlb:         1048576 kB
1777826804.311555417 MemTotal:        8124504 kB
1777826804.311555417 MemFree:         6348772 kB
1777826804.311555417 MemAvailable:    6667612 kB
1777826804.311555417 Buffers:           30724 kB
1777826804.311555417 Cached:           417864 kB
1777826804.311555417 SwapCached:            0 kB
1777826804.311555417 Active:           428648 kB
1777826804.311555417 Inactive:         107868 kB
1777826804.311555417 Active(anon):      93096 kB
1777826804.311555417 Inactive(anon):        0 kB
1777826804.311555417 Active(file):     335552 kB
1777826804.311555417 Inactive(file):   107868 kB
1777826804.311555417 Unevictable:           0 kB
1777826804.311555417 Mlocked:               0 kB
1777826804.311555417 SwapTotal:             0 kB
1777826804.311555417 SwapFree:              0 kB
1777826804.311555417 Zswap:                 0 kB
1777826804.311555417 Zswapped:              0 kB
1777826804.311555417 Dirty:                80 kB
1777826804.311555417 Writeback:             0 kB
1777826804.311555417 AnonPages:         87956 kB
1777826804.311555417 Mapped:            88964 kB
1777826804.311555417 Shmem:              5248 kB
1777826804.311555417 KReclaimable:      30356 kB
1777826804.311555417 Slab:             117620 kB
1777826804.311555417 SReclaimable:      30356 kB
1777826804.311555417 SUnreclaim:        87264 kB
1777826804.311555417 KernelStack:        3088 kB
1777826804.311555417 PageTables:         3716 kB
1777826804.311555417 SecPageTables:         0 kB
1777826804.311555417 NFS_Unstable:          0 kB
1777826804.311555417 Bounce:                0 kB
1777826804.311555417 WritebackTmp:          0 kB
1777826804.311555417 CommitLimit:     3537964 kB
1777826804.311555417 Committed_AS:     405192 kB
1777826804.311555417 VmallocTotal:   135288315904 kB
1777826804.311555417 VmallocUsed:       19400 kB
1777826804.311555417 VmallocChunk:          0 kB
1777826804.311555417 Percpu:             1456 kB
1777826804.311555417 AnonHugePages:         0 kB
1777826804.311555417 ShmemHugePages:        0 kB
1777826804.311555417 ShmemPmdMapped:        0 kB
1777826804.311555417 FileHugePages:         0 kB
1777826804.311555417 FilePmdMapped:         0 kB
1777826804.311555417 CmaTotal:          65536 kB
1777826804.311555417 CmaFree:           49104 kB
1777826804.311555417 Balloon:               0 kB
1777826804.311555417 HugePages_Total:     512
1777826804.311555417 HugePages_Free:      488
1777826804.311555417 HugePages_Rsvd:        0
1777826804.311555417 HugePages_Surp:        0
1777826804.311555417 Hugepagesize:       2048 kB
1777826804.311555417 Hugetlb:         1048576 kB
1777826805.321008781 MemTotal:        8124504 kB
1777826805.321008781 MemFree:         6348040 kB
1777826805.321008781 MemAvailable:    6666884 kB
1777826805.321008781 Buffers:           30728 kB
1777826805.321008781 Cached:           417864 kB
1777826805.321008781 SwapCached:            0 kB
1777826805.321008781 Active:           428728 kB
1777826805.321008781 Inactive:         107868 kB
1777826805.321008781 Active(anon):      93172 kB
1777826805.321008781 Inactive(anon):        0 kB
1777826805.321008781 Active(file):     335556 kB
1777826805.321008781 Inactive(file):   107868 kB
1777826805.321008781 Unevictable:           0 kB
1777826805.321008781 Mlocked:               0 kB
1777826805.321008781 SwapTotal:             0 kB
1777826805.321008781 SwapFree:              0 kB
1777826805.321008781 Zswap:                 0 kB
1777826805.321008781 Zswapped:              0 kB
1777826805.321008781 Dirty:                84 kB
1777826805.321008781 Writeback:             0 kB
1777826805.321008781 AnonPages:         87956 kB
1777826805.321008781 Mapped:            88964 kB
1777826805.321008781 Shmem:              5248 kB
1777826805.321008781 KReclaimable:      30356 kB
1777826805.321008781 Slab:             117628 kB
1777826805.321008781 SReclaimable:      30356 kB
1777826805.321008781 SUnreclaim:        87272 kB
1777826805.321008781 KernelStack:        3104 kB
1777826805.321008781 PageTables:         3720 kB
1777826805.321008781 SecPageTables:         0 kB
1777826805.321008781 NFS_Unstable:          0 kB
1777826805.321008781 Bounce:                0 kB
1777826805.321008781 WritebackTmp:          0 kB
1777826805.321008781 CommitLimit:     3537964 kB
1777826805.321008781 Committed_AS:     405192 kB
1777826805.321008781 VmallocTotal:   135288315904 kB
1777826805.321008781 VmallocUsed:       19400 kB
1777826805.321008781 VmallocChunk:          0 kB
1777826805.321008781 Percpu:             1456 kB
1777826805.321008781 AnonHugePages:         0 kB
1777826805.321008781 ShmemHugePages:        0 kB
1777826805.321008781 ShmemPmdMapped:        0 kB
1777826805.321008781 FileHugePages:         0 kB
1777826805.321008781 FilePmdMapped:         0 kB
1777826805.321008781 CmaTotal:          65536 kB
1777826805.321008781 CmaFree:           49104 kB
1777826805.321008781 Balloon:               0 kB
1777826805.321008781 HugePages_Total:     512
1777826805.321008781 HugePages_Free:      488
1777826805.321008781 HugePages_Rsvd:        0
1777826805.321008781 HugePages_Surp:        0
1777826805.321008781 Hugepagesize:       2048 kB
1777826805.321008781 Hugetlb:         1048576 kB
1777826806.330723681 MemTotal:        8124504 kB
1777826806.330723681 MemFree:         6349612 kB
1777826806.330723681 MemAvailable:    6668472 kB
1777826806.330723681 Buffers:           30732 kB
1777826806.330723681 Cached:           417872 kB
1777826806.330723681 SwapCached:            0 kB
1777826806.330723681 Active:           428632 kB
1777826806.330723681 Inactive:         107884 kB
1777826806.330723681 Active(anon):      93076 kB
1777826806.330723681 Inactive(anon):        0 kB
1777826806.330723681 Active(file):     335556 kB
1777826806.330723681 Inactive(file):   107884 kB
1777826806.330723681 Unevictable:           0 kB
1777826806.330723681 Mlocked:               0 kB
1777826806.330723681 SwapTotal:             0 kB
1777826806.330723681 SwapFree:              0 kB
1777826806.330723681 Zswap:                 0 kB
1777826806.330723681 Zswapped:              0 kB
1777826806.330723681 Dirty:                88 kB
1777826806.330723681 Writeback:             0 kB
1777826806.330723681 AnonPages:         88088 kB
1777826806.330723681 Mapped:            89004 kB
1777826806.330723681 Shmem:              5248 kB
1777826806.330723681 KReclaimable:      30356 kB
1777826806.330723681 Slab:             117624 kB
1777826806.330723681 SReclaimable:      30356 kB
1777826806.330723681 SUnreclaim:        87268 kB
1777826806.330723681 KernelStack:        3120 kB
1777826806.330723681 PageTables:         3764 kB
1777826806.330723681 SecPageTables:         0 kB
1777826806.330723681 NFS_Unstable:          0 kB
1777826806.330723681 Bounce:                0 kB
1777826806.330723681 WritebackTmp:          0 kB
1777826806.330723681 CommitLimit:     3537964 kB
1777826806.330723681 Committed_AS:     405192 kB
1777826806.330723681 VmallocTotal:   135288315904 kB
1777826806.330723681 VmallocUsed:       19416 kB
1777826806.330723681 VmallocChunk:          0 kB
1777826806.330723681 Percpu:             1456 kB
1777826806.330723681 AnonHugePages:         0 kB
1777826806.330723681 ShmemHugePages:        0 kB
1777826806.330723681 ShmemPmdMapped:        0 kB
1777826806.330723681 FileHugePages:         0 kB
1777826806.330723681 FilePmdMapped:         0 kB
1777826806.330723681 CmaTotal:          65536 kB
1777826806.330723681 CmaFree:           49104 kB
1777826806.330723681 Balloon:               0 kB
1777826806.330723681 HugePages_Total:     512
1777826806.330723681 HugePages_Free:      488
1777826806.330723681 HugePages_Rsvd:        0
1777826806.330723681 HugePages_Surp:        0
1777826806.330723681 Hugepagesize:       2048 kB
1777826806.330723681 Hugetlb:         1048576 kB
1777826807.341155693 MemTotal:        8124504 kB
1777826807.341155693 MemFree:         6349016 kB
1777826807.341155693 MemAvailable:    6667880 kB
1777826807.341155693 Buffers:           30732 kB
1777826807.341155693 Cached:           417876 kB
1777826807.341155693 SwapCached:            0 kB
1777826807.341155693 Active:           428620 kB
1777826807.341155693 Inactive:         107888 kB
1777826807.341155693 Active(anon):      93064 kB
1777826807.341155693 Inactive(anon):        0 kB
1777826807.341155693 Active(file):     335556 kB
1777826807.341155693 Inactive(file):   107888 kB
1777826807.341155693 Unevictable:           0 kB
1777826807.341155693 Mlocked:               0 kB
1777826807.341155693 SwapTotal:             0 kB
1777826807.341155693 SwapFree:              0 kB
1777826807.341155693 Zswap:                 0 kB
1777826807.341155693 Zswapped:              0 kB
1777826807.341155693 Dirty:                92 kB
1777826807.341155693 Writeback:             0 kB
1777826807.341155693 AnonPages:         88116 kB
1777826807.341155693 Mapped:            89004 kB
1777826807.341155693 Shmem:              5248 kB
1777826807.341155693 KReclaimable:      30356 kB
1777826807.341155693 Slab:             117620 kB
1777826807.341155693 SReclaimable:      30356 kB
1777826807.341155693 SUnreclaim:        87264 kB
1777826807.341155693 KernelStack:        3104 kB
1777826807.341155693 PageTables:         3740 kB
1777826807.341155693 SecPageTables:         0 kB
1777826807.341155693 NFS_Unstable:          0 kB
1777826807.341155693 Bounce:                0 kB
1777826807.341155693 WritebackTmp:          0 kB
1777826807.341155693 CommitLimit:     3537964 kB
1777826807.341155693 Committed_AS:     405192 kB
1777826807.341155693 VmallocTotal:   135288315904 kB
1777826807.341155693 VmallocUsed:       19400 kB
1777826807.341155693 VmallocChunk:          0 kB
1777826807.341155693 Percpu:             1456 kB
1777826807.341155693 AnonHugePages:         0 kB
1777826807.341155693 ShmemHugePages:        0 kB
1777826807.341155693 ShmemPmdMapped:        0 kB
1777826807.341155693 FileHugePages:         0 kB
1777826807.341155693 FilePmdMapped:         0 kB
1777826807.341155693 CmaTotal:          65536 kB
1777826807.341155693 CmaFree:           49104 kB
1777826807.341155693 Balloon:               0 kB
1777826807.341155693 HugePages_Total:     512
1777826807.341155693 HugePages_Free:      488
1777826807.341155693 HugePages_Rsvd:        0
1777826807.341155693 HugePages_Surp:        0
1777826807.341155693 Hugepagesize:       2048 kB
1777826807.341155693 Hugetlb:         1048576 kB
1777826808.348220352 MemTotal:        8124504 kB
1777826808.348220352 MemFree:         6348856 kB
1777826808.348220352 MemAvailable:    6667724 kB
1777826808.348220352 Buffers:           30732 kB
1777826808.348220352 Cached:           417880 kB
1777826808.348220352 SwapCached:            0 kB
1777826808.348220352 Active:           428656 kB
1777826808.348220352 Inactive:         107888 kB
1777826808.348220352 Active(anon):      93096 kB
1777826808.348220352 Inactive(anon):        0 kB
1777826808.348220352 Active(file):     335560 kB
1777826808.348220352 Inactive(file):   107888 kB
1777826808.348220352 Unevictable:           0 kB
1777826808.348220352 Mlocked:               0 kB
1777826808.348220352 SwapTotal:             0 kB
1777826808.348220352 SwapFree:              0 kB
1777826808.348220352 Zswap:                 0 kB
1777826808.348220352 Zswapped:              0 kB
1777826808.348220352 Dirty:                96 kB
1777826808.348220352 Writeback:             0 kB
1777826808.348220352 AnonPages:         88040 kB
1777826808.348220352 Mapped:            88964 kB
1777826808.348220352 Shmem:              5248 kB
1777826808.348220352 KReclaimable:      30356 kB
1777826808.348220352 Slab:             117628 kB
1777826808.348220352 SReclaimable:      30356 kB
1777826808.348220352 SUnreclaim:        87272 kB
1777826808.348220352 KernelStack:        3104 kB
1777826808.348220352 PageTables:         3732 kB
1777826808.348220352 SecPageTables:         0 kB
1777826808.348220352 NFS_Unstable:          0 kB
1777826808.348220352 Bounce:                0 kB
1777826808.348220352 WritebackTmp:          0 kB
1777826808.348220352 CommitLimit:     3537964 kB
1777826808.348220352 Committed_AS:     405192 kB
1777826808.348220352 VmallocTotal:   135288315904 kB
1777826808.348220352 VmallocUsed:       19400 kB
1777826808.348220352 VmallocChunk:          0 kB
1777826808.348220352 Percpu:             1456 kB
1777826808.348220352 AnonHugePages:         0 kB
1777826808.348220352 ShmemHugePages:        0 kB
1777826808.348220352 ShmemPmdMapped:        0 kB
1777826808.348220352 FileHugePages:         0 kB
1777826808.348220352 FilePmdMapped:         0 kB
1777826808.348220352 CmaTotal:          65536 kB
1777826808.348220352 CmaFree:           49104 kB
1777826808.348220352 Balloon:               0 kB
1777826808.348220352 HugePages_Total:     512
1777826808.348220352 HugePages_Free:      488
1777826808.348220352 HugePages_Rsvd:        0
1777826808.348220352 HugePages_Surp:        0
1777826808.348220352 Hugepagesize:       2048 kB
1777826808.348220352 Hugetlb:         1048576 kB
1777826809.355372399 MemTotal:        8124504 kB
1777826809.355372399 MemFree:         6349432 kB
1777826809.355372399 MemAvailable:    6668312 kB
1777826809.355372399 Buffers:           30732 kB
1777826809.355372399 Cached:           417892 kB
1777826809.355372399 SwapCached:            0 kB
1777826809.355372399 Active:           428700 kB
1777826809.355372399 Inactive:         107900 kB
1777826809.355372399 Active(anon):      93140 kB
1777826809.355372399 Inactive(anon):        0 kB
1777826809.355372399 Active(file):     335560 kB
1777826809.355372399 Inactive(file):   107900 kB
1777826809.355372399 Unevictable:           0 kB
1777826809.355372399 Mlocked:               0 kB
1777826809.355372399 SwapTotal:             0 kB
1777826809.355372399 SwapFree:              0 kB
1777826809.355372399 Zswap:                 0 kB
1777826809.355372399 Zswapped:              0 kB
1777826809.355372399 Dirty:               108 kB
1777826809.355372399 Writeback:             0 kB
1777826809.355372399 AnonPages:         88080 kB
1777826809.355372399 Mapped:            89004 kB
1777826809.355372399 Shmem:              5248 kB
1777826809.355372399 KReclaimable:      30356 kB
1777826809.355372399 Slab:             117644 kB
1777826809.355372399 SReclaimable:      30356 kB
1777826809.355372399 SUnreclaim:        87288 kB
1777826809.355372399 KernelStack:        3120 kB
1777826809.355372399 PageTables:         3844 kB
1777826809.355372399 SecPageTables:         0 kB
1777826809.355372399 NFS_Unstable:          0 kB
1777826809.355372399 Bounce:                0 kB
1777826809.355372399 WritebackTmp:          0 kB
1777826809.355372399 CommitLimit:     3537964 kB
1777826809.355372399 Committed_AS:     405192 kB
1777826809.355372399 VmallocTotal:   135288315904 kB
1777826809.355372399 VmallocUsed:       19416 kB
1777826809.355372399 VmallocChunk:          0 kB
1777826809.355372399 Percpu:             1456 kB
1777826809.355372399 AnonHugePages:         0 kB
1777826809.355372399 ShmemHugePages:        0 kB
1777826809.355372399 ShmemPmdMapped:        0 kB
1777826809.355372399 FileHugePages:         0 kB
1777826809.355372399 FilePmdMapped:         0 kB
1777826809.355372399 CmaTotal:          65536 kB
1777826809.355372399 CmaFree:           49104 kB
1777826809.355372399 Balloon:               0 kB
1777826809.355372399 HugePages_Total:     512
1777826809.355372399 HugePages_Free:      488
1777826809.355372399 HugePages_Rsvd:        0
1777826809.355372399 HugePages_Surp:        0
1777826809.355372399 Hugepagesize:       2048 kB
1777826809.355372399 Hugetlb:         1048576 kB
1777826810.365677523 MemTotal:        8124504 kB
1777826810.365677523 MemFree:         6349392 kB
1777826810.365677523 MemAvailable:    6668276 kB
1777826810.365677523 Buffers:           30736 kB
1777826810.365677523 Cached:           417888 kB
1777826810.365677523 SwapCached:            0 kB
1777826810.365677523 Active:           428600 kB
1777826810.365677523 Inactive:         107908 kB
1777826810.365677523 Active(anon):      93044 kB
1777826810.365677523 Inactive(anon):        0 kB
1777826810.365677523 Active(file):     335556 kB
1777826810.365677523 Inactive(file):   107908 kB
1777826810.365677523 Unevictable:           0 kB
1777826810.365677523 Mlocked:               0 kB
1777826810.365677523 SwapTotal:             0 kB
1777826810.365677523 SwapFree:              0 kB
1777826810.365677523 Zswap:                 0 kB
1777826810.365677523 Zswapped:              0 kB
1777826810.365677523 Dirty:               112 kB
1777826810.365677523 Writeback:             0 kB
1777826810.365677523 AnonPages:         88044 kB
1777826810.365677523 Mapped:            89004 kB
1777826810.365677523 Shmem:              5248 kB
1777826810.365677523 KReclaimable:      30356 kB
1777826810.365677523 Slab:             117624 kB
1777826810.365677523 SReclaimable:      30356 kB
1777826810.365677523 SUnreclaim:        87268 kB
1777826810.365677523 KernelStack:        3104 kB
1777826810.365677523 PageTables:         3732 kB
1777826810.365677523 SecPageTables:         0 kB
1777826810.365677523 NFS_Unstable:          0 kB
1777826810.365677523 Bounce:                0 kB
1777826810.365677523 WritebackTmp:          0 kB
1777826810.365677523 CommitLimit:     3537964 kB
1777826810.365677523 Committed_AS:     405192 kB
1777826810.365677523 VmallocTotal:   135288315904 kB
1777826810.365677523 VmallocUsed:       19416 kB
1777826810.365677523 VmallocChunk:          0 kB
1777826810.365677523 Percpu:             1456 kB
1777826810.365677523 AnonHugePages:         0 kB
1777826810.365677523 ShmemHugePages:        0 kB
1777826810.365677523 ShmemPmdMapped:        0 kB
1777826810.365677523 FileHugePages:         0 kB
1777826810.365677523 FilePmdMapped:         0 kB
1777826810.365677523 CmaTotal:          65536 kB
1777826810.365677523 CmaFree:           49104 kB
1777826810.365677523 Balloon:               0 kB
1777826810.365677523 HugePages_Total:     512
1777826810.365677523 HugePages_Free:      488
1777826810.365677523 HugePages_Rsvd:        0
1777826810.365677523 HugePages_Surp:        0
1777826810.365677523 Hugepagesize:       2048 kB
1777826810.365677523 Hugetlb:         1048576 kB
1777826811.374630608 MemTotal:        8124504 kB
1777826811.374630608 MemFree:         6348720 kB
1777826811.374630608 MemAvailable:    6667612 kB
1777826811.374630608 Buffers:           30740 kB
1777826811.374630608 Cached:           417896 kB
1777826811.374630608 SwapCached:            0 kB
1777826811.374630608 Active:           428584 kB
1777826811.374630608 Inactive:         107916 kB
1777826811.374630608 Active(anon):      93028 kB
1777826811.374630608 Inactive(anon):        0 kB
1777826811.374630608 Active(file):     335556 kB
1777826811.374630608 Inactive(file):   107916 kB
1777826811.374630608 Unevictable:           0 kB
1777826811.374630608 Mlocked:               0 kB
1777826811.374630608 SwapTotal:             0 kB
1777826811.374630608 SwapFree:              0 kB
1777826811.374630608 Zswap:                 0 kB
1777826811.374630608 Zswapped:              0 kB
1777826811.374630608 Dirty:               112 kB
1777826811.374630608 Writeback:             0 kB
1777826811.374630608 AnonPages:         88040 kB
1777826811.374630608 Mapped:            88964 kB
1777826811.374630608 Shmem:              5248 kB
1777826811.374630608 KReclaimable:      30356 kB
1777826811.374630608 Slab:             117652 kB
1777826811.374630608 SReclaimable:      30356 kB
1777826811.374630608 SUnreclaim:        87296 kB
1777826811.374630608 KernelStack:        3104 kB
1777826811.374630608 PageTables:         3728 kB
1777826811.374630608 SecPageTables:         0 kB
1777826811.374630608 NFS_Unstable:          0 kB
1777826811.374630608 Bounce:                0 kB
1777826811.374630608 WritebackTmp:          0 kB
1777826811.374630608 CommitLimit:     3537964 kB
1777826811.374630608 Committed_AS:     405192 kB
1777826811.374630608 VmallocTotal:   135288315904 kB
1777826811.374630608 VmallocUsed:       19416 kB
1777826811.374630608 VmallocChunk:          0 kB
1777826811.374630608 Percpu:             1456 kB
1777826811.374630608 AnonHugePages:         0 kB
1777826811.374630608 ShmemHugePages:        0 kB
1777826811.374630608 ShmemPmdMapped:        0 kB
1777826811.374630608 FileHugePages:         0 kB
1777826811.374630608 FilePmdMapped:         0 kB
1777826811.374630608 CmaTotal:          65536 kB
1777826811.374630608 CmaFree:           49104 kB
1777826811.374630608 Balloon:               0 kB
1777826811.374630608 HugePages_Total:     512
1777826811.374630608 HugePages_Free:      488
1777826811.374630608 HugePages_Rsvd:        0
1777826811.374630608 HugePages_Surp:        0
1777826811.374630608 Hugepagesize:       2048 kB
1777826811.374630608 Hugetlb:         1048576 kB
1777826812.381725674 MemTotal:        8124504 kB
1777826812.381725674 MemFree:         6349680 kB
1777826812.381725674 MemAvailable:    6668584 kB
1777826812.381725674 Buffers:           30740 kB
1777826812.381725674 Cached:           417904 kB
1777826812.381725674 SwapCached:            0 kB
1777826812.381725674 Active:           428648 kB
1777826812.381725674 Inactive:         107924 kB
1777826812.381725674 Active(anon):      93088 kB
1777826812.381725674 Inactive(anon):        0 kB
1777826812.381725674 Active(file):     335560 kB
1777826812.381725674 Inactive(file):   107924 kB
1777826812.381725674 Unevictable:           0 kB
1777826812.381725674 Mlocked:               0 kB
1777826812.381725674 SwapTotal:             0 kB
1777826812.381725674 SwapFree:              0 kB
1777826812.381725674 Zswap:                 0 kB
1777826812.381725674 Zswapped:              0 kB
1777826812.381725674 Dirty:               120 kB
1777826812.381725674 Writeback:             0 kB
1777826812.381725674 AnonPages:         88008 kB
1777826812.381725674 Mapped:            89004 kB
1777826812.381725674 Shmem:              5248 kB
1777826812.381725674 KReclaimable:      30356 kB
1777826812.381725674 Slab:             117636 kB
1777826812.381725674 SReclaimable:      30356 kB
1777826812.381725674 SUnreclaim:        87280 kB
1777826812.381725674 KernelStack:        3104 kB
1777826812.381725674 PageTables:         3796 kB
1777826812.381725674 SecPageTables:         0 kB
1777826812.381725674 NFS_Unstable:          0 kB
1777826812.381725674 Bounce:                0 kB
1777826812.381725674 WritebackTmp:          0 kB
1777826812.381725674 CommitLimit:     3537964 kB
1777826812.381725674 Committed_AS:     405192 kB
1777826812.381725674 VmallocTotal:   135288315904 kB
1777826812.381725674 VmallocUsed:       19416 kB
1777826812.381725674 VmallocChunk:          0 kB
1777826812.381725674 Percpu:             1456 kB
1777826812.381725674 AnonHugePages:         0 kB
1777826812.381725674 ShmemHugePages:        0 kB
1777826812.381725674 ShmemPmdMapped:        0 kB
1777826812.381725674 FileHugePages:         0 kB
1777826812.381725674 FilePmdMapped:         0 kB
1777826812.381725674 CmaTotal:          65536 kB
1777826812.381725674 CmaFree:           49104 kB
1777826812.381725674 Balloon:               0 kB
1777826812.381725674 HugePages_Total:     512
1777826812.381725674 HugePages_Free:      488
1777826812.381725674 HugePages_Rsvd:        0
1777826812.381725674 HugePages_Surp:        0
1777826812.381725674 Hugepagesize:       2048 kB
1777826812.381725674 Hugetlb:         1048576 kB
1777826813.393382113 MemTotal:        8124504 kB
1777826813.393382113 MemFree:         6348936 kB
1777826813.393382113 MemAvailable:    6667848 kB
1777826813.393382113 Buffers:           30740 kB
1777826813.393382113 Cached:           417908 kB
1777826813.393382113 SwapCached:            0 kB
1777826813.393382113 Active:           428708 kB
1777826813.393382113 Inactive:         107928 kB
1777826813.393382113 Active(anon):      93144 kB
1777826813.393382113 Inactive(anon):        0 kB
1777826813.393382113 Active(file):     335564 kB
1777826813.393382113 Inactive(file):   107928 kB
1777826813.393382113 Unevictable:           0 kB
1777826813.393382113 Mlocked:               0 kB
1777826813.393382113 SwapTotal:             0 kB
1777826813.393382113 SwapFree:              0 kB
1777826813.393382113 Zswap:                 0 kB
1777826813.393382113 Zswapped:              0 kB
1777826813.393382113 Dirty:               124 kB
1777826813.393382113 Writeback:             0 kB
1777826813.393382113 AnonPages:         88084 kB
1777826813.393382113 Mapped:            89004 kB
1777826813.393382113 Shmem:              5248 kB
1777826813.393382113 KReclaimable:      30356 kB
1777826813.393382113 Slab:             117644 kB
1777826813.393382113 SReclaimable:      30356 kB
1777826813.393382113 SUnreclaim:        87288 kB
1777826813.393382113 KernelStack:        3120 kB
1777826813.393382113 PageTables:         3844 kB
1777826813.393382113 SecPageTables:         0 kB
1777826813.393382113 NFS_Unstable:          0 kB
1777826813.393382113 Bounce:                0 kB
1777826813.393382113 WritebackTmp:          0 kB
1777826813.393382113 CommitLimit:     3537964 kB
1777826813.393382113 Committed_AS:     405192 kB
1777826813.393382113 VmallocTotal:   135288315904 kB
1777826813.393382113 VmallocUsed:       19416 kB
1777826813.393382113 VmallocChunk:          0 kB
1777826813.393382113 Percpu:             1456 kB
1777826813.393382113 AnonHugePages:         0 kB
1777826813.393382113 ShmemHugePages:        0 kB
1777826813.393382113 ShmemPmdMapped:        0 kB
1777826813.393382113 FileHugePages:         0 kB
1777826813.393382113 FilePmdMapped:         0 kB
1777826813.393382113 CmaTotal:          65536 kB
1777826813.393382113 CmaFree:           49104 kB
1777826813.393382113 Balloon:               0 kB
1777826813.393382113 HugePages_Total:     512
1777826813.393382113 HugePages_Free:      488
1777826813.393382113 HugePages_Rsvd:        0
1777826813.393382113 HugePages_Surp:        0
1777826813.393382113 Hugepagesize:       2048 kB
1777826813.393382113 Hugetlb:         1048576 kB
1777826814.400524179 MemTotal:        8124504 kB
1777826814.400524179 MemFree:         6349360 kB
1777826814.400524179 MemAvailable:    6668264 kB
1777826814.400524179 Buffers:           30740 kB
1777826814.400524179 Cached:           417908 kB
1777826814.400524179 SwapCached:            0 kB
1777826814.400524179 Active:           428756 kB
1777826814.400524179 Inactive:         107928 kB
1777826814.400524179 Active(anon):      93200 kB
1777826814.400524179 Inactive(anon):        0 kB
1777826814.400524179 Active(file):     335556 kB
1777826814.400524179 Inactive(file):   107928 kB
1777826814.400524179 Unevictable:           0 kB
1777826814.400524179 Mlocked:               0 kB
1777826814.400524179 SwapTotal:             0 kB
1777826814.400524179 SwapFree:              0 kB
1777826814.400524179 Zswap:                 0 kB
1777826814.400524179 Zswapped:              0 kB
1777826814.400524179 Dirty:               124 kB
1777826814.400524179 Writeback:             0 kB
1777826814.400524179 AnonPages:         88044 kB
1777826814.400524179 Mapped:            89004 kB
1777826814.400524179 Shmem:              5248 kB
1777826814.400524179 KReclaimable:      30356 kB
1777826814.400524179 Slab:             117640 kB
1777826814.400524179 SReclaimable:      30356 kB
1777826814.400524179 SUnreclaim:        87284 kB
1777826814.400524179 KernelStack:        3104 kB
1777826814.400524179 PageTables:         3716 kB
1777826814.400524179 SecPageTables:         0 kB
1777826814.400524179 NFS_Unstable:          0 kB
1777826814.400524179 Bounce:                0 kB
1777826814.400524179 WritebackTmp:          0 kB
1777826814.400524179 CommitLimit:     3537964 kB
1777826814.400524179 Committed_AS:     405192 kB
1777826814.400524179 VmallocTotal:   135288315904 kB
1777826814.400524179 VmallocUsed:       19416 kB
1777826814.400524179 VmallocChunk:          0 kB
1777826814.400524179 Percpu:             1456 kB
1777826814.400524179 AnonHugePages:         0 kB
1777826814.400524179 ShmemHugePages:        0 kB
1777826814.400524179 ShmemPmdMapped:        0 kB
1777826814.400524179 FileHugePages:         0 kB
1777826814.400524179 FilePmdMapped:         0 kB
1777826814.400524179 CmaTotal:          65536 kB
1777826814.400524179 CmaFree:           49104 kB
1777826814.400524179 Balloon:               0 kB
1777826814.400524179 HugePages_Total:     512
1777826814.400524179 HugePages_Free:      488
1777826814.400524179 HugePages_Rsvd:        0
1777826814.400524179 HugePages_Surp:        0
1777826814.400524179 Hugepagesize:       2048 kB
1777826814.400524179 Hugetlb:         1048576 kB
1777826815.407624152 MemTotal:        8124504 kB
1777826815.407624152 MemFree:         6348980 kB
1777826815.407624152 MemAvailable:    6667896 kB
1777826815.407624152 Buffers:           30744 kB
1777826815.407624152 Cached:           417912 kB
1777826815.407624152 SwapCached:            0 kB
1777826815.407624152 Active:           428892 kB
1777826815.407624152 Inactive:         107936 kB
1777826815.407624152 Active(anon):      93332 kB
1777826815.407624152 Inactive(anon):        0 kB
1777826815.407624152 Active(file):     335560 kB
1777826815.407624152 Inactive(file):   107936 kB
1777826815.407624152 Unevictable:           0 kB
1777826815.407624152 Mlocked:               0 kB
1777826815.407624152 SwapTotal:             0 kB
1777826815.407624152 SwapFree:              0 kB
1777826815.407624152 Zswap:                 0 kB
1777826815.407624152 Zswapped:              0 kB
1777826815.407624152 Dirty:               132 kB
1777826815.407624152 Writeback:             0 kB
1777826815.407624152 AnonPages:         88080 kB
1777826815.407624152 Mapped:            89004 kB
1777826815.407624152 Shmem:              5248 kB
1777826815.407624152 KReclaimable:      30356 kB
1777826815.407624152 Slab:             117640 kB
1777826815.407624152 SReclaimable:      30356 kB
1777826815.407624152 SUnreclaim:        87284 kB
1777826815.407624152 KernelStack:        3120 kB
1777826815.407624152 PageTables:         3772 kB
1777826815.407624152 SecPageTables:         0 kB
1777826815.407624152 NFS_Unstable:          0 kB
1777826815.407624152 Bounce:                0 kB
1777826815.407624152 WritebackTmp:          0 kB
1777826815.407624152 CommitLimit:     3537964 kB
1777826815.407624152 Committed_AS:     405192 kB
1777826815.407624152 VmallocTotal:   135288315904 kB
1777826815.407624152 VmallocUsed:       19416 kB
1777826815.407624152 VmallocChunk:          0 kB
1777826815.407624152 Percpu:             1456 kB
1777826815.407624152 AnonHugePages:         0 kB
1777826815.407624152 ShmemHugePages:        0 kB
1777826815.407624152 ShmemPmdMapped:        0 kB
1777826815.407624152 FileHugePages:         0 kB
1777826815.407624152 FilePmdMapped:         0 kB
1777826815.407624152 CmaTotal:          65536 kB
1777826815.407624152 CmaFree:           49104 kB
1777826815.407624152 Balloon:               0 kB
1777826815.407624152 HugePages_Total:     512
1777826815.407624152 HugePages_Free:      488
1777826815.407624152 HugePages_Rsvd:        0
1777826815.407624152 HugePages_Surp:        0
1777826815.407624152 Hugepagesize:       2048 kB
1777826815.407624152 Hugetlb:         1048576 kB
1777826816.416410275 MemTotal:        8124504 kB
1777826816.416410275 MemFree:         6347444 kB
1777826816.416410275 MemAvailable:    6666368 kB
1777826816.416410275 Buffers:           30748 kB
1777826816.416410275 Cached:           417924 kB
1777826816.416410275 SwapCached:            0 kB
1777826816.416410275 Active:           428864 kB
1777826816.416410275 Inactive:         107944 kB
1777826816.416410275 Active(anon):      93304 kB
1777826816.416410275 Inactive(anon):        0 kB
1777826816.416410275 Active(file):     335560 kB
1777826816.416410275 Inactive(file):   107944 kB
1777826816.416410275 Unevictable:           0 kB
1777826816.416410275 Mlocked:               0 kB
1777826816.416410275 SwapTotal:             0 kB
1777826816.416410275 SwapFree:              0 kB
1777826816.416410275 Zswap:                 0 kB
1777826816.416410275 Zswapped:              0 kB
1777826816.416410275 Dirty:               140 kB
1777826816.416410275 Writeback:             0 kB
1777826816.416410275 AnonPages:         88044 kB
1777826816.416410275 Mapped:            89004 kB
1777826816.416410275 Shmem:              5248 kB
1777826816.416410275 KReclaimable:      30356 kB
1777826816.416410275 Slab:             117644 kB
1777826816.416410275 SReclaimable:      30356 kB
1777826816.416410275 SUnreclaim:        87288 kB
1777826816.416410275 KernelStack:        3104 kB
1777826816.416410275 PageTables:         3728 kB
1777826816.416410275 SecPageTables:         0 kB
1777826816.416410275 NFS_Unstable:          0 kB
1777826816.416410275 Bounce:                0 kB
1777826816.416410275 WritebackTmp:          0 kB
1777826816.416410275 CommitLimit:     3537964 kB
1777826816.416410275 Committed_AS:     405192 kB
1777826816.416410275 VmallocTotal:   135288315904 kB
1777826816.416410275 VmallocUsed:       19416 kB
1777826816.416410275 VmallocChunk:          0 kB
1777826816.416410275 Percpu:             1456 kB
1777826816.416410275 AnonHugePages:         0 kB
1777826816.416410275 ShmemHugePages:        0 kB
1777826816.416410275 ShmemPmdMapped:        0 kB
1777826816.416410275 FileHugePages:         0 kB
1777826816.416410275 FilePmdMapped:         0 kB
1777826816.416410275 CmaTotal:          65536 kB
1777826816.416410275 CmaFree:           49104 kB
1777826816.416410275 Balloon:               0 kB
1777826816.416410275 HugePages_Total:     512
1777826816.416410275 HugePages_Free:      488
1777826816.416410275 HugePages_Rsvd:        0
1777826816.416410275 HugePages_Surp:        0
1777826816.416410275 Hugepagesize:       2048 kB
1777826816.416410275 Hugetlb:         1048576 kB
