# timestamp field value_kB
1777826348.762906736 MemTotal:        8124504 kB
1777826348.762906736 MemFree:         6334848 kB
1777826348.762906736 MemAvailable:    6651132 kB
1777826348.762906736 Buffers:           30204 kB
1777826348.762906736 Cached:           415860 kB
1777826348.762906736 SwapCached:            0 kB
1777826348.762906736 Active:           437756 kB
1777826348.762906736 Inactive:         105704 kB
1777826348.762906736 Active(anon):     102556 kB
1777826348.762906736 Inactive(anon):        0 kB
1777826348.762906736 Active(file):     335200 kB
1777826348.762906736 Inactive(file):   105704 kB
1777826348.762906736 Unevictable:           0 kB
1777826348.762906736 Mlocked:               0 kB
1777826348.762906736 SwapTotal:             0 kB
1777826348.762906736 SwapFree:              0 kB
1777826348.762906736 Zswap:                 0 kB
1777826348.762906736 Zswapped:              0 kB
1777826348.762906736 Dirty:               984 kB
1777826348.762906736 Writeback:             0 kB
1777826348.762906736 AnonPages:         96904 kB
1777826348.762906736 Mapped:           103548 kB
1777826348.762906736 Shmem:              5240 kB
1777826348.762906736 KReclaimable:      30276 kB
1777826348.762906736 Slab:             121848 kB
1777826348.762906736 SReclaimable:      30276 kB
1777826348.762906736 SUnreclaim:        91572 kB
1777826348.762906736 KernelStack:        3168 kB
1777826348.762906736 PageTables:         4568 kB
1777826348.762906736 SecPageTables:         0 kB
1777826348.762906736 NFS_Unstable:          0 kB
1777826348.762906736 Bounce:                0 kB
1777826348.762906736 WritebackTmp:          0 kB
1777826348.762906736 CommitLimit:     3537964 kB
1777826348.762906736 Committed_AS:     502604 kB
1777826348.762906736 VmallocTotal:   135288315904 kB
1777826348.762906736 VmallocUsed:       19276 kB
1777826348.762906736 VmallocChunk:          0 kB
1777826348.762906736 Percpu:             1456 kB
1777826348.762906736 AnonHugePages:         0 kB
1777826348.762906736 ShmemHugePages:        0 kB
1777826348.762906736 ShmemPmdMapped:        0 kB
1777826348.762906736 FileHugePages:         0 kB
1777826348.762906736 FilePmdMapped:         0 kB
1777826348.762906736 CmaTotal:          65536 kB
1777826348.762906736 CmaFree:           49104 kB
1777826348.762906736 Balloon:               0 kB
1777826348.762906736 HugePages_Total:     512
1777826348.762906736 HugePages_Free:      488
1777826348.762906736 HugePages_Rsvd:        0
1777826348.762906736 HugePages_Surp:        0
1777826348.762906736 Hugepagesize:       2048 kB
1777826348.762906736 Hugetlb:         1048576 kB
1777826349.772373080 MemTotal:        8124504 kB
1777826349.772373080 MemFree:         6333292 kB
1777826349.772373080 MemAvailable:    6649680 kB
1777826349.772373080 Buffers:           30204 kB
1777826349.772373080 Cached:           415952 kB
1777826349.772373080 SwapCached:            0 kB
1777826349.772373080 Active:           438084 kB
1777826349.772373080 Inactive:         105744 kB
1777826349.772373080 Active(anon):     102828 kB
1777826349.772373080 Inactive(anon):        0 kB
1777826349.772373080 Active(file):     335256 kB
1777826349.772373080 Inactive(file):   105744 kB
1777826349.772373080 Unevictable:           0 kB
1777826349.772373080 Mlocked:               0 kB
1777826349.772373080 SwapTotal:             0 kB
1777826349.772373080 SwapFree:              0 kB
1777826349.772373080 Zswap:                 0 kB
1777826349.772373080 Zswapped:              0 kB
1777826349.772373080 Dirty:               996 kB
1777826349.772373080 Writeback:             0 kB
1777826349.772373080 AnonPages:         97656 kB
1777826349.772373080 Mapped:           104380 kB
1777826349.772373080 Shmem:              5240 kB
1777826349.772373080 KReclaimable:      30292 kB
1777826349.772373080 Slab:             121940 kB
1777826349.772373080 SReclaimable:      30292 kB
1777826349.772373080 SUnreclaim:        91648 kB
1777826349.772373080 KernelStack:        3144 kB
1777826349.772373080 PageTables:         4332 kB
1777826349.772373080 SecPageTables:         0 kB
1777826349.772373080 NFS_Unstable:          0 kB
1777826349.772373080 Bounce:                0 kB
1777826349.772373080 WritebackTmp:          0 kB
1777826349.772373080 CommitLimit:     3537964 kB
1777826349.772373080 Committed_AS:     502772 kB
1777826349.772373080 VmallocTotal:   135288315904 kB
1777826349.772373080 VmallocUsed:       19260 kB
1777826349.772373080 VmallocChunk:          0 kB
1777826349.772373080 Percpu:             1456 kB
1777826349.772373080 AnonHugePages:         0 kB
1777826349.772373080 ShmemHugePages:        0 kB
1777826349.772373080 ShmemPmdMapped:        0 kB
1777826349.772373080 FileHugePages:         0 kB
1777826349.772373080 FilePmdMapped:         0 kB
1777826349.772373080 CmaTotal:          65536 kB
1777826349.772373080 CmaFree:           49104 kB
1777826349.772373080 Balloon:               0 kB
1777826349.772373080 HugePages_Total:     512
1777826349.772373080 HugePages_Free:      488
1777826349.772373080 HugePages_Rsvd:        0
1777826349.772373080 HugePages_Surp:        0
1777826349.772373080 Hugepagesize:       2048 kB
1777826349.772373080 Hugetlb:         1048576 kB
1777826350.779108069 MemTotal:        8124504 kB
1777826350.779108069 MemFree:         6332384 kB
1777826350.779108069 MemAvailable:    6648864 kB
1777826350.779108069 Buffers:           30204 kB
1777826350.779108069 Cached:           416036 kB
1777826350.779108069 SwapCached:            0 kB
1777826350.779108069 Active:           437964 kB
1777826350.779108069 Inactive:         105776 kB
1777826350.779108069 Active(anon):     102652 kB
1777826350.779108069 Inactive(anon):        0 kB
1777826350.779108069 Active(file):     335312 kB
1777826350.779108069 Inactive(file):   105776 kB
1777826350.779108069 Unevictable:           0 kB
1777826350.779108069 Mlocked:               0 kB
1777826350.779108069 SwapTotal:             0 kB
1777826350.779108069 SwapFree:              0 kB
1777826350.779108069 Zswap:                 0 kB
1777826350.779108069 Zswapped:              0 kB
1777826350.779108069 Dirty:              1008 kB
1777826350.779108069 Writeback:             0 kB
1777826350.779108069 AnonPages:         97704 kB
1777826350.779108069 Mapped:           104256 kB
1777826350.779108069 Shmem:              5240 kB
1777826350.779108069 KReclaimable:      30300 kB
1777826350.779108069 Slab:             122064 kB
1777826350.779108069 SReclaimable:      30300 kB
1777826350.779108069 SUnreclaim:        91764 kB
1777826350.779108069 KernelStack:        3152 kB
1777826350.779108069 PageTables:         4192 kB
1777826350.779108069 SecPageTables:         0 kB
1777826350.779108069 NFS_Unstable:          0 kB
1777826350.779108069 Bounce:                0 kB
1777826350.779108069 WritebackTmp:          0 kB
1777826350.779108069 CommitLimit:     3537964 kB
1777826350.779108069 Committed_AS:     502772 kB
1777826350.779108069 VmallocTotal:   135288315904 kB
1777826350.779108069 VmallocUsed:       19292 kB
1777826350.779108069 VmallocChunk:          0 kB
1777826350.779108069 Percpu:             1456 kB
1777826350.779108069 AnonHugePages:         0 kB
1777826350.779108069 ShmemHugePages:        0 kB
1777826350.779108069 ShmemPmdMapped:        0 kB
1777826350.779108069 FileHugePages:         0 kB
1777826350.779108069 FilePmdMapped:         0 kB
1777826350.779108069 CmaTotal:          65536 kB
1777826350.779108069 CmaFree:           49104 kB
1777826350.779108069 Balloon:               0 kB
1777826350.779108069 HugePages_Total:     512
1777826350.779108069 HugePages_Free:      488
1777826350.779108069 HugePages_Rsvd:        0
1777826350.779108069 HugePages_Surp:        0
1777826350.779108069 Hugepagesize:       2048 kB
1777826350.779108069 Hugetlb:         1048576 kB
1777826351.785918003 MemTotal:        8124504 kB
1777826351.785918003 MemFree:         6335764 kB
1777826351.785918003 MemAvailable:    6652244 kB
1777826351.785918003 Buffers:           30204 kB
1777826351.785918003 Cached:           416040 kB
1777826351.785918003 SwapCached:            0 kB
1777826351.785918003 Active:           437968 kB
1777826351.785918003 Inactive:         105776 kB
1777826351.785918003 Active(anon):     102656 kB
1777826351.785918003 Inactive(anon):        0 kB
1777826351.785918003 Active(file):     335312 kB
1777826351.785918003 Inactive(file):   105776 kB
1777826351.785918003 Unevictable:           0 kB
1777826351.785918003 Mlocked:               0 kB
1777826351.785918003 SwapTotal:             0 kB
1777826351.785918003 SwapFree:              0 kB
1777826351.785918003 Zswap:                 0 kB
1777826351.785918003 Zswapped:              0 kB
1777826351.785918003 Dirty:                28 kB
1777826351.785918003 Writeback:             0 kB
1777826351.785918003 AnonPages:         97708 kB
1777826351.785918003 Mapped:           104256 kB
1777826351.785918003 Shmem:              5240 kB
1777826351.785918003 KReclaimable:      30300 kB
1777826351.785918003 Slab:             122000 kB
1777826351.785918003 SReclaimable:      30300 kB
1777826351.785918003 SUnreclaim:        91700 kB
1777826351.785918003 KernelStack:        3168 kB
1777826351.785918003 PageTables:         4188 kB
1777826351.785918003 SecPageTables:         0 kB
1777826351.785918003 NFS_Unstable:          0 kB
1777826351.785918003 Bounce:                0 kB
1777826351.785918003 WritebackTmp:          0 kB
1777826351.785918003 CommitLimit:     3537964 kB
1777826351.785918003 Committed_AS:     502772 kB
1777826351.785918003 VmallocTotal:   135288315904 kB
1777826351.785918003 VmallocUsed:       19276 kB
1777826351.785918003 VmallocChunk:          0 kB
1777826351.785918003 Percpu:             1456 kB
1777826351.785918003 AnonHugePages:         0 kB
1777826351.785918003 ShmemHugePages:        0 kB
1777826351.785918003 ShmemPmdMapped:        0 kB
1777826351.785918003 FileHugePages:         0 kB
1777826351.785918003 FilePmdMapped:         0 kB
1777826351.785918003 CmaTotal:          65536 kB
1777826351.785918003 CmaFree:           49104 kB
1777826351.785918003 Balloon:               0 kB
1777826351.785918003 HugePages_Total:     512
1777826351.785918003 HugePages_Free:      488
1777826351.785918003 HugePages_Rsvd:        0
1777826351.785918003 HugePages_Surp:        0
1777826351.785918003 Hugepagesize:       2048 kB
1777826351.785918003 Hugetlb:         1048576 kB
1777826352.792606362 MemTotal:        8124504 kB
1777826352.792606362 MemFree:         6334872 kB
1777826352.792606362 MemAvailable:    6651356 kB
1777826352.792606362 Buffers:           30204 kB
1777826352.792606362 Cached:           416044 kB
1777826352.792606362 SwapCached:            0 kB
1777826352.792606362 Active:           437960 kB
1777826352.792606362 Inactive:         105784 kB
1777826352.792606362 Active(anon):     102652 kB
1777826352.792606362 Inactive(anon):        0 kB
1777826352.792606362 Active(file):     335308 kB
1777826352.792606362 Inactive(file):   105784 kB
1777826352.792606362 Unevictable:           0 kB
1777826352.792606362 Mlocked:               0 kB
1777826352.792606362 SwapTotal:             0 kB
1777826352.792606362 SwapFree:              0 kB
1777826352.792606362 Zswap:                 0 kB
1777826352.792606362 Zswapped:              0 kB
1777826352.792606362 Dirty:                32 kB
1777826352.792606362 Writeback:             0 kB
1777826352.792606362 AnonPages:         97624 kB
1777826352.792606362 Mapped:           104256 kB
1777826352.792606362 Shmem:              5240 kB
1777826352.792606362 KReclaimable:      30300 kB
1777826352.792606362 Slab:             122012 kB
1777826352.792606362 SReclaimable:      30300 kB
1777826352.792606362 SUnreclaim:        91712 kB
1777826352.792606362 KernelStack:        3168 kB
1777826352.792606362 PageTables:         4196 kB
1777826352.792606362 SecPageTables:         0 kB
1777826352.792606362 NFS_Unstable:          0 kB
1777826352.792606362 Bounce:                0 kB
1777826352.792606362 WritebackTmp:          0 kB
1777826352.792606362 CommitLimit:     3537964 kB
1777826352.792606362 Committed_AS:     502772 kB
1777826352.792606362 VmallocTotal:   135288315904 kB
1777826352.792606362 VmallocUsed:       19308 kB
1777826352.792606362 VmallocChunk:          0 kB
1777826352.792606362 Percpu:             1456 kB
1777826352.792606362 AnonHugePages:         0 kB
1777826352.792606362 ShmemHugePages:        0 kB
1777826352.792606362 ShmemPmdMapped:        0 kB
1777826352.792606362 FileHugePages:         0 kB
1777826352.792606362 FilePmdMapped:         0 kB
1777826352.792606362 CmaTotal:          65536 kB
1777826352.792606362 CmaFree:           49104 kB
1777826352.792606362 Balloon:               0 kB
1777826352.792606362 HugePages_Total:     512
1777826352.792606362 HugePages_Free:      488
1777826352.792606362 HugePages_Rsvd:        0
1777826352.792606362 HugePages_Surp:        0
1777826352.792606362 Hugepagesize:       2048 kB
1777826352.792606362 Hugetlb:         1048576 kB
1777826353.799296518 MemTotal:        8124504 kB
1777826353.799296518 MemFree:         6335348 kB
1777826353.799296518 MemAvailable:    6651836 kB
1777826353.799296518 Buffers:           30212 kB
1777826353.799296518 Cached:           416044 kB
1777826353.799296518 SwapCached:            0 kB
1777826353.799296518 Active:           437996 kB
1777826353.799296518 Inactive:         105784 kB
1777826353.799296518 Active(anon):     102684 kB
1777826353.799296518 Inactive(anon):        0 kB
1777826353.799296518 Active(file):     335312 kB
1777826353.799296518 Inactive(file):   105784 kB
1777826353.799296518 Unevictable:           0 kB
1777826353.799296518 Mlocked:               0 kB
1777826353.799296518 SwapTotal:             0 kB
1777826353.799296518 SwapFree:              0 kB
1777826353.799296518 Zswap:                 0 kB
1777826353.799296518 Zswapped:              0 kB
1777826353.799296518 Dirty:                68 kB
1777826353.799296518 Writeback:             0 kB
1777826353.799296518 AnonPages:         97648 kB
1777826353.799296518 Mapped:           104380 kB
1777826353.799296518 Shmem:              5240 kB
1777826353.799296518 KReclaimable:      30304 kB
1777826353.799296518 Slab:             121972 kB
1777826353.799296518 SReclaimable:      30304 kB
1777826353.799296518 SUnreclaim:        91668 kB
1777826353.799296518 KernelStack:        3184 kB
1777826353.799296518 PageTables:         4324 kB
1777826353.799296518 SecPageTables:         0 kB
1777826353.799296518 NFS_Unstable:          0 kB
1777826353.799296518 Bounce:                0 kB
1777826353.799296518 WritebackTmp:          0 kB
1777826353.799296518 CommitLimit:     3537964 kB
1777826353.799296518 Committed_AS:     502772 kB
1777826353.799296518 VmallocTotal:   135288315904 kB
1777826353.799296518 VmallocUsed:       19308 kB
1777826353.799296518 VmallocChunk:          0 kB
1777826353.799296518 Percpu:             1456 kB
1777826353.799296518 AnonHugePages:         0 kB
1777826353.799296518 ShmemHugePages:        0 kB
1777826353.799296518 ShmemPmdMapped:        0 kB
1777826353.799296518 FileHugePages:         0 kB
1777826353.799296518 FilePmdMapped:         0 kB
1777826353.799296518 CmaTotal:          65536 kB
1777826353.799296518 CmaFree:           49104 kB
1777826353.799296518 Balloon:               0 kB
1777826353.799296518 HugePages_Total:     512
1777826353.799296518 HugePages_Free:      488
1777826353.799296518 HugePages_Rsvd:        0
1777826353.799296518 HugePages_Surp:        0
1777826353.799296518 Hugepagesize:       2048 kB
1777826353.799296518 Hugetlb:         1048576 kB
1777826354.806058562 MemTotal:        8124504 kB
1777826354.806058562 MemFree:         6334916 kB
1777826354.806058562 MemAvailable:    6651412 kB
1777826354.806058562 Buffers:           30212 kB
1777826354.806058562 Cached:           416048 kB
1777826354.806058562 SwapCached:            0 kB
1777826354.806058562 Active:           437840 kB
1777826354.806058562 Inactive:         105796 kB
1777826354.806058562 Active(anon):     102532 kB
1777826354.806058562 Inactive(anon):        0 kB
1777826354.806058562 Active(file):     335308 kB
1777826354.806058562 Inactive(file):   105796 kB
1777826354.806058562 Unevictable:           0 kB
1777826354.806058562 Mlocked:               0 kB
1777826354.806058562 SwapTotal:             0 kB
1777826354.806058562 SwapFree:              0 kB
1777826354.806058562 Zswap:                 0 kB
1777826354.806058562 Zswapped:              0 kB
1777826354.806058562 Dirty:                72 kB
1777826354.806058562 Writeback:             0 kB
1777826354.806058562 AnonPages:         97620 kB
1777826354.806058562 Mapped:           104256 kB
1777826354.806058562 Shmem:              5240 kB
1777826354.806058562 KReclaimable:      30304 kB
1777826354.806058562 Slab:             122044 kB
1777826354.806058562 SReclaimable:      30304 kB
1777826354.806058562 SUnreclaim:        91740 kB
1777826354.806058562 KernelStack:        3152 kB
1777826354.806058562 PageTables:         4192 kB
1777826354.806058562 SecPageTables:         0 kB
1777826354.806058562 NFS_Unstable:          0 kB
1777826354.806058562 Bounce:                0 kB
1777826354.806058562 WritebackTmp:          0 kB
1777826354.806058562 CommitLimit:     3537964 kB
1777826354.806058562 Committed_AS:     502772 kB
1777826354.806058562 VmallocTotal:   135288315904 kB
1777826354.806058562 VmallocUsed:       19276 kB
1777826354.806058562 VmallocChunk:          0 kB
1777826354.806058562 Percpu:             1456 kB
1777826354.806058562 AnonHugePages:         0 kB
1777826354.806058562 ShmemHugePages:        0 kB
1777826354.806058562 ShmemPmdMapped:        0 kB
1777826354.806058562 FileHugePages:         0 kB
1777826354.806058562 FilePmdMapped:         0 kB
1777826354.806058562 CmaTotal:          65536 kB
1777826354.806058562 CmaFree:           49104 kB
1777826354.806058562 Balloon:               0 kB
1777826354.806058562 HugePages_Total:     512
1777826354.806058562 HugePages_Free:      488
1777826354.806058562 HugePages_Rsvd:        0
1777826354.806058562 HugePages_Surp:        0
1777826354.806058562 Hugepagesize:       2048 kB
1777826354.806058562 Hugetlb:         1048576 kB
1777826355.812733218 MemTotal:        8124504 kB
1777826355.812733218 MemFree:         6334316 kB
1777826355.812733218 MemAvailable:    6650824 kB
1777826355.812733218 Buffers:           30212 kB
1777826355.812733218 Cached:           416064 kB
1777826355.812733218 SwapCached:            0 kB
1777826355.812733218 Active:           437952 kB
1777826355.812733218 Inactive:         105804 kB
1777826355.812733218 Active(anon):     102640 kB
1777826355.812733218 Inactive(anon):        0 kB
1777826355.812733218 Active(file):     335312 kB
1777826355.812733218 Inactive(file):   105804 kB
1777826355.812733218 Unevictable:           0 kB
1777826355.812733218 Mlocked:               0 kB
1777826355.812733218 SwapTotal:             0 kB
1777826355.812733218 SwapFree:              0 kB
1777826355.812733218 Zswap:                 0 kB
1777826355.812733218 Zswapped:              0 kB
1777826355.812733218 Dirty:                88 kB
1777826355.812733218 Writeback:             0 kB
1777826355.812733218 AnonPages:         97712 kB
1777826355.812733218 Mapped:           104256 kB
1777826355.812733218 Shmem:              5240 kB
1777826355.812733218 KReclaimable:      30304 kB
1777826355.812733218 Slab:             122068 kB
1777826355.812733218 SReclaimable:      30304 kB
1777826355.812733218 SUnreclaim:        91764 kB
1777826355.812733218 KernelStack:        3168 kB
1777826355.812733218 PageTables:         4196 kB
1777826355.812733218 SecPageTables:         0 kB
1777826355.812733218 NFS_Unstable:          0 kB
1777826355.812733218 Bounce:                0 kB
1777826355.812733218 WritebackTmp:          0 kB
1777826355.812733218 CommitLimit:     3537964 kB
1777826355.812733218 Committed_AS:     502772 kB
1777826355.812733218 VmallocTotal:   135288315904 kB
1777826355.812733218 VmallocUsed:       19308 kB
1777826355.812733218 VmallocChunk:          0 kB
1777826355.812733218 Percpu:             1456 kB
1777826355.812733218 AnonHugePages:         0 kB
1777826355.812733218 ShmemHugePages:        0 kB
1777826355.812733218 ShmemPmdMapped:        0 kB
1777826355.812733218 FileHugePages:         0 kB
1777826355.812733218 FilePmdMapped:         0 kB
1777826355.812733218 CmaTotal:          65536 kB
1777826355.812733218 CmaFree:           49104 kB
1777826355.812733218 Balloon:               0 kB
1777826355.812733218 HugePages_Total:     512
1777826355.812733218 HugePages_Free:      488
1777826355.812733218 HugePages_Rsvd:        0
1777826355.812733218 HugePages_Surp:        0
1777826355.812733218 Hugepagesize:       2048 kB
1777826355.812733218 Hugetlb:         1048576 kB
1777826356.819391077 MemTotal:        8124504 kB
1777826356.819391077 MemFree:         6334316 kB
1777826356.819391077 MemAvailable:    6650840 kB
1777826356.819391077 Buffers:           30212 kB
1777826356.819391077 Cached:           416068 kB
1777826356.819391077 SwapCached:            0 kB
1777826356.819391077 Active:           437948 kB
1777826356.819391077 Inactive:         105816 kB
1777826356.819391077 Active(anon):     102632 kB
1777826356.819391077 Inactive(anon):        0 kB
1777826356.819391077 Active(file):     335316 kB
1777826356.819391077 Inactive(file):   105816 kB
1777826356.819391077 Unevictable:           0 kB
1777826356.819391077 Mlocked:               0 kB
1777826356.819391077 SwapTotal:             0 kB
1777826356.819391077 SwapFree:              0 kB
1777826356.819391077 Zswap:                 0 kB
1777826356.819391077 Zswapped:              0 kB
1777826356.819391077 Dirty:                92 kB
1777826356.819391077 Writeback:             0 kB
1777826356.819391077 AnonPages:         97708 kB
1777826356.819391077 Mapped:           104256 kB
1777826356.819391077 Shmem:              5240 kB
1777826356.819391077 KReclaimable:      30304 kB
1777826356.819391077 Slab:             122012 kB
1777826356.819391077 SReclaimable:      30304 kB
1777826356.819391077 SUnreclaim:        91708 kB
1777826356.819391077 KernelStack:        3168 kB
1777826356.819391077 PageTables:         4176 kB
1777826356.819391077 SecPageTables:         0 kB
1777826356.819391077 NFS_Unstable:          0 kB
1777826356.819391077 Bounce:                0 kB
1777826356.819391077 WritebackTmp:          0 kB
1777826356.819391077 CommitLimit:     3537964 kB
1777826356.819391077 Committed_AS:     502772 kB
1777826356.819391077 VmallocTotal:   135288315904 kB
1777826356.819391077 VmallocUsed:       19292 kB
1777826356.819391077 VmallocChunk:          0 kB
1777826356.819391077 Percpu:             1456 kB
1777826356.819391077 AnonHugePages:         0 kB
1777826356.819391077 ShmemHugePages:        0 kB
1777826356.819391077 ShmemPmdMapped:        0 kB
1777826356.819391077 FileHugePages:         0 kB
1777826356.819391077 FilePmdMapped:         0 kB
1777826356.819391077 CmaTotal:          65536 kB
1777826356.819391077 CmaFree:           49104 kB
1777826356.819391077 Balloon:               0 kB
1777826356.819391077 HugePages_Total:     512
1777826356.819391077 HugePages_Free:      488
1777826356.819391077 HugePages_Rsvd:        0
1777826356.819391077 HugePages_Surp:        0
1777826356.819391077 Hugepagesize:       2048 kB
1777826356.819391077 Hugetlb:         1048576 kB
1777826357.826085714 MemTotal:        8124504 kB
1777826357.826085714 MemFree:         6333900 kB
1777826357.826085714 MemAvailable:    6650424 kB
1777826357.826085714 Buffers:           30212 kB
1777826357.826085714 Cached:           416068 kB
1777826357.826085714 SwapCached:            0 kB
1777826357.826085714 Active:           438128 kB
1777826357.826085714 Inactive:         105816 kB
1777826357.826085714 Active(anon):     102812 kB
1777826357.826085714 Inactive(anon):        0 kB
1777826357.826085714 Active(file):     335316 kB
1777826357.826085714 Inactive(file):   105816 kB
1777826357.826085714 Unevictable:           0 kB
1777826357.826085714 Mlocked:               0 kB
1777826357.826085714 SwapTotal:             0 kB
1777826357.826085714 SwapFree:              0 kB
1777826357.826085714 Zswap:                 0 kB
1777826357.826085714 Zswapped:              0 kB
1777826357.826085714 Dirty:                92 kB
1777826357.826085714 Writeback:             0 kB
1777826357.826085714 AnonPages:         97736 kB
1777826357.826085714 Mapped:           104296 kB
1777826357.826085714 Shmem:              5240 kB
1777826357.826085714 KReclaimable:      30304 kB
1777826357.826085714 Slab:             122020 kB
1777826357.826085714 SReclaimable:      30304 kB
1777826357.826085714 SUnreclaim:        91716 kB
1777826357.826085714 KernelStack:        3176 kB
1777826357.826085714 PageTables:         4392 kB
1777826357.826085714 SecPageTables:         0 kB
1777826357.826085714 NFS_Unstable:          0 kB
1777826357.826085714 Bounce:                0 kB
1777826357.826085714 WritebackTmp:          0 kB
1777826357.826085714 CommitLimit:     3537964 kB
1777826357.826085714 Committed_AS:     502772 kB
1777826357.826085714 VmallocTotal:   135288315904 kB
1777826357.826085714 VmallocUsed:       19308 kB
1777826357.826085714 VmallocChunk:          0 kB
1777826357.826085714 Percpu:             1456 kB
1777826357.826085714 AnonHugePages:         0 kB
1777826357.826085714 ShmemHugePages:        0 kB
1777826357.826085714 ShmemPmdMapped:        0 kB
1777826357.826085714 FileHugePages:         0 kB
1777826357.826085714 FilePmdMapped:         0 kB
1777826357.826085714 CmaTotal:          65536 kB
1777826357.826085714 CmaFree:           49104 kB
1777826357.826085714 Balloon:               0 kB
1777826357.826085714 HugePages_Total:     512
1777826357.826085714 HugePages_Free:      488
1777826357.826085714 HugePages_Rsvd:        0
1777826357.826085714 HugePages_Surp:        0
1777826357.826085714 Hugepagesize:       2048 kB
1777826357.826085714 Hugetlb:         1048576 kB
1777826358.832965204 MemTotal:        8124504 kB
1777826358.832965204 MemFree:         6336180 kB
1777826358.832965204 MemAvailable:    6652704 kB
1777826358.832965204 Buffers:           30220 kB
1777826358.832965204 Cached:           416072 kB
1777826358.832965204 SwapCached:            0 kB
1777826358.832965204 Active:           438016 kB
1777826358.832965204 Inactive:         105820 kB
1777826358.832965204 Active(anon):     102704 kB
1777826358.832965204 Inactive(anon):        0 kB
1777826358.832965204 Active(file):     335312 kB
1777826358.832965204 Inactive(file):   105820 kB
1777826358.832965204 Unevictable:           0 kB
1777826358.832965204 Mlocked:               0 kB
1777826358.832965204 SwapTotal:             0 kB
1777826358.832965204 SwapFree:              0 kB
1777826358.832965204 Zswap:                 0 kB
1777826358.832965204 Zswapped:              0 kB
1777826358.832965204 Dirty:               100 kB
1777826358.832965204 Writeback:             0 kB
1777826358.832965204 AnonPages:         97740 kB
1777826358.832965204 Mapped:           104256 kB
1777826358.832965204 Shmem:              5240 kB
1777826358.832965204 KReclaimable:      30304 kB
1777826358.832965204 Slab:             121972 kB
1777826358.832965204 SReclaimable:      30304 kB
1777826358.832965204 SUnreclaim:        91668 kB
1777826358.832965204 KernelStack:        3168 kB
1777826358.832965204 PageTables:         4264 kB
1777826358.832965204 SecPageTables:         0 kB
1777826358.832965204 NFS_Unstable:          0 kB
1777826358.832965204 Bounce:                0 kB
1777826358.832965204 WritebackTmp:          0 kB
1777826358.832965204 CommitLimit:     3537964 kB
1777826358.832965204 Committed_AS:     502772 kB
1777826358.832965204 VmallocTotal:   135288315904 kB
1777826358.832965204 VmallocUsed:       19308 kB
1777826358.832965204 VmallocChunk:          0 kB
1777826358.832965204 Percpu:             1456 kB
1777826358.832965204 AnonHugePages:         0 kB
1777826358.832965204 ShmemHugePages:        0 kB
1777826358.832965204 ShmemPmdMapped:        0 kB
1777826358.832965204 FileHugePages:         0 kB
1777826358.832965204 FilePmdMapped:         0 kB
1777826358.832965204 CmaTotal:          65536 kB
1777826358.832965204 CmaFree:           49104 kB
1777826358.832965204 Balloon:               0 kB
1777826358.832965204 HugePages_Total:     512
1777826358.832965204 HugePages_Free:      488
1777826358.832965204 HugePages_Rsvd:        0
1777826358.832965204 HugePages_Surp:        0
1777826358.832965204 Hugepagesize:       2048 kB
1777826358.832965204 Hugetlb:         1048576 kB
1777826359.839711008 MemTotal:        8124504 kB
1777826359.839711008 MemFree:         6335552 kB
1777826359.839711008 MemAvailable:    6652084 kB
1777826359.839711008 Buffers:           30220 kB
1777826359.839711008 Cached:           416076 kB
1777826359.839711008 SwapCached:            0 kB
1777826359.839711008 Active:           437892 kB
1777826359.839711008 Inactive:         105828 kB
1777826359.839711008 Active(anon):     102580 kB
1777826359.839711008 Inactive(anon):        0 kB
1777826359.839711008 Active(file):     335312 kB
1777826359.839711008 Inactive(file):   105828 kB
1777826359.839711008 Unevictable:           0 kB
1777826359.839711008 Mlocked:               0 kB
1777826359.839711008 SwapTotal:             0 kB
1777826359.839711008 SwapFree:              0 kB
1777826359.839711008 Zswap:                 0 kB
1777826359.839711008 Zswapped:              0 kB
1777826359.839711008 Dirty:               104 kB
1777826359.839711008 Writeback:             0 kB
1777826359.839711008 AnonPages:         97712 kB
1777826359.839711008 Mapped:           104256 kB
1777826359.839711008 Shmem:              5240 kB
1777826359.839711008 KReclaimable:      30304 kB
1777826359.839711008 Slab:             122012 kB
1777826359.839711008 SReclaimable:      30304 kB
1777826359.839711008 SUnreclaim:        91708 kB
1777826359.839711008 KernelStack:        3168 kB
1777826359.839711008 PageTables:         4200 kB
1777826359.839711008 SecPageTables:         0 kB
1777826359.839711008 NFS_Unstable:          0 kB
1777826359.839711008 Bounce:                0 kB
1777826359.839711008 WritebackTmp:          0 kB
1777826359.839711008 CommitLimit:     3537964 kB
1777826359.839711008 Committed_AS:     502772 kB
1777826359.839711008 VmallocTotal:   135288315904 kB
1777826359.839711008 VmallocUsed:       19308 kB
1777826359.839711008 VmallocChunk:          0 kB
1777826359.839711008 Percpu:             1456 kB
1777826359.839711008 AnonHugePages:         0 kB
1777826359.839711008 ShmemHugePages:        0 kB
1777826359.839711008 ShmemPmdMapped:        0 kB
1777826359.839711008 FileHugePages:         0 kB
1777826359.839711008 FilePmdMapped:         0 kB
1777826359.839711008 CmaTotal:          65536 kB
1777826359.839711008 CmaFree:           49104 kB
1777826359.839711008 Balloon:               0 kB
1777826359.839711008 HugePages_Total:     512
1777826359.839711008 HugePages_Free:      488
1777826359.839711008 HugePages_Rsvd:        0
1777826359.839711008 HugePages_Surp:        0
1777826359.839711008 Hugepagesize:       2048 kB
1777826359.839711008 Hugetlb:         1048576 kB
1777826360.846479571 MemTotal:        8124504 kB
1777826360.846479571 MemFree:         6336924 kB
1777826360.846479571 MemAvailable:    6653464 kB
1777826360.846479571 Buffers:           30220 kB
1777826360.846479571 Cached:           416080 kB
1777826360.846479571 SwapCached:            0 kB
1777826360.846479571 Active:           438096 kB
1777826360.846479571 Inactive:         105836 kB
1777826360.846479571 Active(anon):     102784 kB
1777826360.846479571 Inactive(anon):        0 kB
1777826360.846479571 Active(file):     335312 kB
1777826360.846479571 Inactive(file):   105836 kB
1777826360.846479571 Unevictable:           0 kB
1777826360.846479571 Mlocked:               0 kB
1777826360.846479571 SwapTotal:             0 kB
1777826360.846479571 SwapFree:              0 kB
1777826360.846479571 Zswap:                 0 kB
1777826360.846479571 Zswapped:              0 kB
1777826360.846479571 Dirty:               108 kB
1777826360.846479571 Writeback:             0 kB
1777826360.846479571 AnonPages:         97712 kB
1777826360.846479571 Mapped:           104296 kB
1777826360.846479571 Shmem:              5240 kB
1777826360.846479571 KReclaimable:      30304 kB
1777826360.846479571 Slab:             122032 kB
1777826360.846479571 SReclaimable:      30304 kB
1777826360.846479571 SUnreclaim:        91728 kB
1777826360.846479571 KernelStack:        3168 kB
1777826360.846479571 PageTables:         4184 kB
1777826360.846479571 SecPageTables:         0 kB
1777826360.846479571 NFS_Unstable:          0 kB
1777826360.846479571 Bounce:                0 kB
1777826360.846479571 WritebackTmp:          0 kB
1777826360.846479571 CommitLimit:     3537964 kB
1777826360.846479571 Committed_AS:     502772 kB
1777826360.846479571 VmallocTotal:   135288315904 kB
1777826360.846479571 VmallocUsed:       19308 kB
1777826360.846479571 VmallocChunk:          0 kB
1777826360.846479571 Percpu:             1456 kB
1777826360.846479571 AnonHugePages:         0 kB
1777826360.846479571 ShmemHugePages:        0 kB
1777826360.846479571 ShmemPmdMapped:        0 kB
1777826360.846479571 FileHugePages:         0 kB
1777826360.846479571 FilePmdMapped:         0 kB
1777826360.846479571 CmaTotal:          65536 kB
1777826360.846479571 CmaFree:           49104 kB
1777826360.846479571 Balloon:               0 kB
1777826360.846479571 HugePages_Total:     512
1777826360.846479571 HugePages_Free:      488
1777826360.846479571 HugePages_Rsvd:        0
1777826360.846479571 HugePages_Surp:        0
1777826360.846479571 Hugepagesize:       2048 kB
1777826360.846479571 Hugetlb:         1048576 kB
1777826361.853218560 MemTotal:        8124504 kB
1777826361.853218560 MemFree:         6336156 kB
1777826361.853218560 MemAvailable:    6652700 kB
1777826361.853218560 Buffers:           30220 kB
1777826361.853218560 Cached:           416084 kB
1777826361.853218560 SwapCached:            0 kB
1777826361.853218560 Active:           437980 kB
1777826361.853218560 Inactive:         105840 kB
1777826361.853218560 Active(anon):     102668 kB
1777826361.853218560 Inactive(anon):        0 kB
1777826361.853218560 Active(file):     335312 kB
1777826361.853218560 Inactive(file):   105840 kB
1777826361.853218560 Unevictable:           0 kB
1777826361.853218560 Mlocked:               0 kB
1777826361.853218560 SwapTotal:             0 kB
1777826361.853218560 SwapFree:              0 kB
1777826361.853218560 Zswap:                 0 kB
1777826361.853218560 Zswapped:              0 kB
1777826361.853218560 Dirty:               112 kB
1777826361.853218560 Writeback:             0 kB
1777826361.853218560 AnonPages:         97712 kB
1777826361.853218560 Mapped:           104296 kB
1777826361.853218560 Shmem:              5240 kB
1777826361.853218560 KReclaimable:      30304 kB
1777826361.853218560 Slab:             122084 kB
1777826361.853218560 SReclaimable:      30304 kB
1777826361.853218560 SUnreclaim:        91780 kB
1777826361.853218560 KernelStack:        3168 kB
1777826361.853218560 PageTables:         4188 kB
1777826361.853218560 SecPageTables:         0 kB
1777826361.853218560 NFS_Unstable:          0 kB
1777826361.853218560 Bounce:                0 kB
1777826361.853218560 WritebackTmp:          0 kB
1777826361.853218560 CommitLimit:     3537964 kB
1777826361.853218560 Committed_AS:     502772 kB
1777826361.853218560 VmallocTotal:   135288315904 kB
1777826361.853218560 VmallocUsed:       19276 kB
1777826361.853218560 VmallocChunk:          0 kB
1777826361.853218560 Percpu:             1456 kB
1777826361.853218560 AnonHugePages:         0 kB
1777826361.853218560 ShmemHugePages:        0 kB
1777826361.853218560 ShmemPmdMapped:        0 kB
1777826361.853218560 FileHugePages:         0 kB
1777826361.853218560 FilePmdMapped:         0 kB
1777826361.853218560 CmaTotal:          65536 kB
1777826361.853218560 CmaFree:           49104 kB
1777826361.853218560 Balloon:               0 kB
1777826361.853218560 HugePages_Total:     512
1777826361.853218560 HugePages_Free:      488
1777826361.853218560 HugePages_Rsvd:        0
1777826361.853218560 HugePages_Surp:        0
1777826361.853218560 Hugepagesize:       2048 kB
1777826361.853218560 Hugetlb:         1048576 kB
1777826362.860894853 MemTotal:        8124504 kB
1777826362.860894853 MemFree:         6331924 kB
1777826362.860894853 MemAvailable:    6648472 kB
1777826362.860894853 Buffers:           30220 kB
1777826362.860894853 Cached:           416096 kB
1777826362.860894853 SwapCached:            0 kB
1777826362.860894853 Active:           437924 kB
1777826362.860894853 Inactive:         105844 kB
1777826362.860894853 Active(anon):     102612 kB
1777826362.860894853 Inactive(anon):        0 kB
1777826362.860894853 Active(file):     335312 kB
1777826362.860894853 Inactive(file):   105844 kB
1777826362.860894853 Unevictable:           0 kB
1777826362.860894853 Mlocked:               0 kB
1777826362.860894853 SwapTotal:             0 kB
1777826362.860894853 SwapFree:              0 kB
1777826362.860894853 Zswap:                 0 kB
1777826362.860894853 Zswapped:              0 kB
1777826362.860894853 Dirty:               124 kB
1777826362.860894853 Writeback:             0 kB
1777826362.860894853 AnonPages:         97704 kB
1777826362.860894853 Mapped:           104296 kB
1777826362.860894853 Shmem:              5240 kB
1777826362.860894853 KReclaimable:      30304 kB
1777826362.860894853 Slab:             122052 kB
1777826362.860894853 SReclaimable:      30304 kB
1777826362.860894853 SUnreclaim:        91748 kB
1777826362.860894853 KernelStack:        3168 kB
1777826362.860894853 PageTables:         4188 kB
1777826362.860894853 SecPageTables:         0 kB
1777826362.860894853 NFS_Unstable:          0 kB
1777826362.860894853 Bounce:                0 kB
1777826362.860894853 WritebackTmp:          0 kB
1777826362.860894853 CommitLimit:     3537964 kB
1777826362.860894853 Committed_AS:     502772 kB
1777826362.860894853 VmallocTotal:   135288315904 kB
1777826362.860894853 VmallocUsed:       19308 kB
1777826362.860894853 VmallocChunk:          0 kB
1777826362.860894853 Percpu:             1456 kB
1777826362.860894853 AnonHugePages:         0 kB
1777826362.860894853 ShmemHugePages:        0 kB
1777826362.860894853 ShmemPmdMapped:        0 kB
1777826362.860894853 FileHugePages:         0 kB
1777826362.860894853 FilePmdMapped:         0 kB
1777826362.860894853 CmaTotal:          65536 kB
1777826362.860894853 CmaFree:           49104 kB
1777826362.860894853 Balloon:               0 kB
1777826362.860894853 HugePages_Total:     512
1777826362.860894853 HugePages_Free:      488
1777826362.860894853 HugePages_Rsvd:        0
1777826362.860894853 HugePages_Surp:        0
1777826362.860894853 Hugepagesize:       2048 kB
1777826362.860894853 Hugetlb:         1048576 kB
1777826363.869427764 MemTotal:        8124504 kB
1777826363.869427764 MemFree:         6324724 kB
1777826363.869427764 MemAvailable:    6641284 kB
1777826363.869427764 Buffers:           30224 kB
1777826363.869427764 Cached:           416096 kB
1777826363.869427764 SwapCached:            0 kB
1777826363.869427764 Active:           438080 kB
1777826363.869427764 Inactive:         105856 kB
1777826363.869427764 Active(anon):     102768 kB
1777826363.869427764 Inactive(anon):        0 kB
1777826363.869427764 Active(file):     335312 kB
1777826363.869427764 Inactive(file):   105856 kB
1777826363.869427764 Unevictable:           0 kB
1777826363.869427764 Mlocked:               0 kB
1777826363.869427764 SwapTotal:             0 kB
1777826363.869427764 SwapFree:              0 kB
1777826363.869427764 Zswap:                 0 kB
1777826363.869427764 Zswapped:              0 kB
1777826363.869427764 Dirty:               128 kB
1777826363.869427764 Writeback:             0 kB
1777826363.869427764 AnonPages:         97708 kB
1777826363.869427764 Mapped:           104296 kB
1777826363.869427764 Shmem:              5240 kB
1777826363.869427764 KReclaimable:      30304 kB
1777826363.869427764 Slab:             121960 kB
1777826363.869427764 SReclaimable:      30304 kB
1777826363.869427764 SUnreclaim:        91656 kB
1777826363.869427764 KernelStack:        3168 kB
1777826363.869427764 PageTables:         4192 kB
1777826363.869427764 SecPageTables:         0 kB
1777826363.869427764 NFS_Unstable:          0 kB
1777826363.869427764 Bounce:                0 kB
1777826363.869427764 WritebackTmp:          0 kB
1777826363.869427764 CommitLimit:     3537964 kB
1777826363.869427764 Committed_AS:     502772 kB
1777826363.869427764 VmallocTotal:   135288315904 kB
1777826363.869427764 VmallocUsed:       19292 kB
1777826363.869427764 VmallocChunk:          0 kB
1777826363.869427764 Percpu:             1456 kB
1777826363.869427764 AnonHugePages:         0 kB
1777826363.869427764 ShmemHugePages:        0 kB
1777826363.869427764 ShmemPmdMapped:        0 kB
1777826363.869427764 FileHugePages:         0 kB
1777826363.869427764 FilePmdMapped:         0 kB
1777826363.869427764 CmaTotal:          65536 kB
1777826363.869427764 CmaFree:           49104 kB
1777826363.869427764 Balloon:               0 kB
1777826363.869427764 HugePages_Total:     512
1777826363.869427764 HugePages_Free:      488
1777826363.869427764 HugePages_Rsvd:        0
1777826363.869427764 HugePages_Surp:        0
1777826363.869427764 Hugepagesize:       2048 kB
1777826363.869427764 Hugetlb:         1048576 kB
1777826364.880076377 MemTotal:        8124504 kB
1777826364.880076377 MemFree:         6332988 kB
1777826364.880076377 MemAvailable:    6649564 kB
1777826364.880076377 Buffers:           30228 kB
1777826364.880076377 Cached:           416104 kB
1777826364.880076377 SwapCached:            0 kB
1777826364.880076377 Active:           437956 kB
1777826364.880076377 Inactive:         105868 kB
1777826364.880076377 Active(anon):     102640 kB
1777826364.880076377 Inactive(anon):        0 kB
1777826364.880076377 Active(file):     335316 kB
1777826364.880076377 Inactive(file):   105868 kB
1777826364.880076377 Unevictable:           0 kB
1777826364.880076377 Mlocked:               0 kB
1777826364.880076377 SwapTotal:             0 kB
1777826364.880076377 SwapFree:              0 kB
1777826364.880076377 Zswap:                 0 kB
1777826364.880076377 Zswapped:              0 kB
1777826364.880076377 Dirty:               132 kB
1777826364.880076377 Writeback:             0 kB
1777826364.880076377 AnonPages:         97708 kB
1777826364.880076377 Mapped:           104256 kB
1777826364.880076377 Shmem:              5240 kB
1777826364.880076377 KReclaimable:      30304 kB
1777826364.880076377 Slab:             121984 kB
1777826364.880076377 SReclaimable:      30304 kB
1777826364.880076377 SUnreclaim:        91680 kB
1777826364.880076377 KernelStack:        3168 kB
1777826364.880076377 PageTables:         4196 kB
1777826364.880076377 SecPageTables:         0 kB
1777826364.880076377 NFS_Unstable:          0 kB
1777826364.880076377 Bounce:                0 kB
1777826364.880076377 WritebackTmp:          0 kB
1777826364.880076377 CommitLimit:     3537964 kB
1777826364.880076377 Committed_AS:     502772 kB
1777826364.880076377 VmallocTotal:   135288315904 kB
1777826364.880076377 VmallocUsed:       19308 kB
1777826364.880076377 VmallocChunk:          0 kB
1777826364.880076377 Percpu:             1456 kB
1777826364.880076377 AnonHugePages:         0 kB
1777826364.880076377 ShmemHugePages:        0 kB
1777826364.880076377 ShmemPmdMapped:        0 kB
1777826364.880076377 FileHugePages:         0 kB
1777826364.880076377 FilePmdMapped:         0 kB
1777826364.880076377 CmaTotal:          65536 kB
1777826364.880076377 CmaFree:           49104 kB
1777826364.880076377 Balloon:               0 kB
1777826364.880076377 HugePages_Total:     512
1777826364.880076377 HugePages_Free:      488
1777826364.880076377 HugePages_Rsvd:        0
1777826364.880076377 HugePages_Surp:        0
1777826364.880076377 Hugepagesize:       2048 kB
1777826364.880076377 Hugetlb:         1048576 kB
1777826365.888697695 MemTotal:        8124504 kB
1777826365.888697695 MemFree:         6333736 kB
1777826365.888697695 MemAvailable:    6650312 kB
1777826365.888697695 Buffers:           30228 kB
1777826365.888697695 Cached:           416104 kB
1777826365.888697695 SwapCached:            0 kB
1777826365.888697695 Active:           438112 kB
1777826365.888697695 Inactive:         105868 kB
1777826365.888697695 Active(anon):     102796 kB
1777826365.888697695 Inactive(anon):        0 kB
1777826365.888697695 Active(file):     335316 kB
1777826365.888697695 Inactive(file):   105868 kB
1777826365.888697695 Unevictable:           0 kB
1777826365.888697695 Mlocked:               0 kB
1777826365.888697695 SwapTotal:             0 kB
1777826365.888697695 SwapFree:              0 kB
1777826365.888697695 Zswap:                 0 kB
1777826365.888697695 Zswapped:              0 kB
1777826365.888697695 Dirty:               132 kB
1777826365.888697695 Writeback:             0 kB
1777826365.888697695 AnonPages:         97704 kB
1777826365.888697695 Mapped:           104296 kB
1777826365.888697695 Shmem:              5240 kB
1777826365.888697695 KReclaimable:      30304 kB
1777826365.888697695 Slab:             122068 kB
1777826365.888697695 SReclaimable:      30304 kB
1777826365.888697695 SUnreclaim:        91764 kB
1777826365.888697695 KernelStack:        3168 kB
1777826365.888697695 PageTables:         4180 kB
1777826365.888697695 SecPageTables:         0 kB
1777826365.888697695 NFS_Unstable:          0 kB
1777826365.888697695 Bounce:                0 kB
1777826365.888697695 WritebackTmp:          0 kB
1777826365.888697695 CommitLimit:     3537964 kB
1777826365.888697695 Committed_AS:     502772 kB
1777826365.888697695 VmallocTotal:   135288315904 kB
1777826365.888697695 VmallocUsed:       19292 kB
1777826365.888697695 VmallocChunk:          0 kB
1777826365.888697695 Percpu:             1456 kB
1777826365.888697695 AnonHugePages:         0 kB
1777826365.888697695 ShmemHugePages:        0 kB
1777826365.888697695 ShmemPmdMapped:        0 kB
1777826365.888697695 FileHugePages:         0 kB
1777826365.888697695 FilePmdMapped:         0 kB
1777826365.888697695 CmaTotal:          65536 kB
1777826365.888697695 CmaFree:           49104 kB
1777826365.888697695 Balloon:               0 kB
1777826365.888697695 HugePages_Total:     512
1777826365.888697695 HugePages_Free:      488
1777826365.888697695 HugePages_Rsvd:        0
1777826365.888697695 HugePages_Surp:        0
1777826365.888697695 Hugepagesize:       2048 kB
1777826365.888697695 Hugetlb:         1048576 kB
1777826366.897304514 MemTotal:        8124504 kB
1777826366.897304514 MemFree:         6331560 kB
1777826366.897304514 MemAvailable:    6648136 kB
1777826366.897304514 Buffers:           30228 kB
1777826366.897304514 Cached:           416112 kB
1777826366.897304514 SwapCached:            0 kB
1777826366.897304514 Active:           438048 kB
1777826366.897304514 Inactive:         105872 kB
1777826366.897304514 Active(anon):     102736 kB
1777826366.897304514 Inactive(anon):        0 kB
1777826366.897304514 Active(file):     335312 kB
1777826366.897304514 Inactive(file):   105872 kB
1777826366.897304514 Unevictable:           0 kB
1777826366.897304514 Mlocked:               0 kB
1777826366.897304514 SwapTotal:             0 kB
1777826366.897304514 SwapFree:              0 kB
1777826366.897304514 Zswap:                 0 kB
1777826366.897304514 Zswapped:              0 kB
1777826366.897304514 Dirty:               140 kB
1777826366.897304514 Writeback:             0 kB
1777826366.897304514 AnonPages:         97712 kB
1777826366.897304514 Mapped:           104296 kB
1777826366.897304514 Shmem:              5240 kB
1777826366.897304514 KReclaimable:      30304 kB
1777826366.897304514 Slab:             121972 kB
1777826366.897304514 SReclaimable:      30304 kB
1777826366.897304514 SUnreclaim:        91668 kB
1777826366.897304514 KernelStack:        3168 kB
1777826366.897304514 PageTables:         4192 kB
1777826366.897304514 SecPageTables:         0 kB
1777826366.897304514 NFS_Unstable:          0 kB
1777826366.897304514 Bounce:                0 kB
1777826366.897304514 WritebackTmp:          0 kB
1777826366.897304514 CommitLimit:     3537964 kB
1777826366.897304514 Committed_AS:     502772 kB
1777826366.897304514 VmallocTotal:   135288315904 kB
1777826366.897304514 VmallocUsed:       19292 kB
1777826366.897304514 VmallocChunk:          0 kB
1777826366.897304514 Percpu:             1456 kB
1777826366.897304514 AnonHugePages:         0 kB
1777826366.897304514 ShmemHugePages:        0 kB
1777826366.897304514 ShmemPmdMapped:        0 kB
1777826366.897304514 FileHugePages:         0 kB
1777826366.897304514 FilePmdMapped:         0 kB
1777826366.897304514 CmaTotal:          65536 kB
1777826366.897304514 CmaFree:           49104 kB
1777826366.897304514 Balloon:               0 kB
1777826366.897304514 HugePages_Total:     512
1777826366.897304514 HugePages_Free:      488
1777826366.897304514 HugePages_Rsvd:        0
1777826366.897304514 HugePages_Surp:        0
1777826366.897304514 Hugepagesize:       2048 kB
1777826366.897304514 Hugetlb:         1048576 kB
1777826367.905801054 MemTotal:        8124504 kB
1777826367.905801054 MemFree:         6329008 kB
1777826367.905801054 MemAvailable:    6645596 kB
1777826367.905801054 Buffers:           30228 kB
1777826367.905801054 Cached:           416116 kB
1777826367.905801054 SwapCached:            0 kB
1777826367.905801054 Active:           438060 kB
1777826367.905801054 Inactive:         105880 kB
1777826367.905801054 Active(anon):     102744 kB
1777826367.905801054 Inactive(anon):        0 kB
1777826367.905801054 Active(file):     335316 kB
1777826367.905801054 Inactive(file):   105880 kB
1777826367.905801054 Unevictable:           0 kB
1777826367.905801054 Mlocked:               0 kB
1777826367.905801054 SwapTotal:             0 kB
1777826367.905801054 SwapFree:              0 kB
1777826367.905801054 Zswap:                 0 kB
1777826367.905801054 Zswapped:              0 kB
1777826367.905801054 Dirty:               144 kB
1777826367.905801054 Writeback:             0 kB
1777826367.905801054 AnonPages:         97716 kB
1777826367.905801054 Mapped:           104296 kB
1777826367.905801054 Shmem:              5240 kB
1777826367.905801054 KReclaimable:      30304 kB
1777826367.905801054 Slab:             122028 kB
1777826367.905801054 SReclaimable:      30304 kB
1777826367.905801054 SUnreclaim:        91724 kB
1777826367.905801054 KernelStack:        3168 kB
1777826367.905801054 PageTables:         4200 kB
1777826367.905801054 SecPageTables:         0 kB
1777826367.905801054 NFS_Unstable:          0 kB
1777826367.905801054 Bounce:                0 kB
1777826367.905801054 WritebackTmp:          0 kB
1777826367.905801054 CommitLimit:     3537964 kB
1777826367.905801054 Committed_AS:     502772 kB
1777826367.905801054 VmallocTotal:   135288315904 kB
1777826367.905801054 VmallocUsed:       19292 kB
1777826367.905801054 VmallocChunk:          0 kB
1777826367.905801054 Percpu:             1456 kB
1777826367.905801054 AnonHugePages:         0 kB
1777826367.905801054 ShmemHugePages:        0 kB
1777826367.905801054 ShmemPmdMapped:        0 kB
1777826367.905801054 FileHugePages:         0 kB
1777826367.905801054 FilePmdMapped:         0 kB
1777826367.905801054 CmaTotal:          65536 kB
1777826367.905801054 CmaFree:           49104 kB
1777826367.905801054 Balloon:               0 kB
1777826367.905801054 HugePages_Total:     512
1777826367.905801054 HugePages_Free:      488
1777826367.905801054 HugePages_Rsvd:        0
1777826367.905801054 HugePages_Surp:        0
1777826367.905801054 Hugepagesize:       2048 kB
1777826367.905801054 Hugetlb:         1048576 kB
1777826368.914320039 MemTotal:        8124504 kB
1777826368.914320039 MemFree:         6335888 kB
1777826368.914320039 MemAvailable:    6652476 kB
1777826368.914320039 Buffers:           30232 kB
1777826368.914320039 Cached:           416112 kB
1777826368.914320039 SwapCached:            0 kB
1777826368.914320039 Active:           438004 kB
1777826368.914320039 Inactive:         105880 kB
1777826368.914320039 Active(anon):     102688 kB
1777826368.914320039 Inactive(anon):        0 kB
1777826368.914320039 Active(file):     335316 kB
1777826368.914320039 Inactive(file):   105880 kB
1777826368.914320039 Unevictable:           0 kB
1777826368.914320039 Mlocked:               0 kB
1777826368.914320039 SwapTotal:             0 kB
1777826368.914320039 SwapFree:              0 kB
1777826368.914320039 Zswap:                 0 kB
1777826368.914320039 Zswapped:              0 kB
1777826368.914320039 Dirty:               144 kB
1777826368.914320039 Writeback:             0 kB
1777826368.914320039 AnonPages:         97716 kB
1777826368.914320039 Mapped:           104296 kB
1777826368.914320039 Shmem:              5240 kB
1777826368.914320039 KReclaimable:      30304 kB
1777826368.914320039 Slab:             121952 kB
1777826368.914320039 SReclaimable:      30304 kB
1777826368.914320039 SUnreclaim:        91648 kB
1777826368.914320039 KernelStack:        3168 kB
1777826368.914320039 PageTables:         4188 kB
1777826368.914320039 SecPageTables:         0 kB
1777826368.914320039 NFS_Unstable:          0 kB
1777826368.914320039 Bounce:                0 kB
1777826368.914320039 WritebackTmp:          0 kB
1777826368.914320039 CommitLimit:     3537964 kB
1777826368.914320039 Committed_AS:     502772 kB
1777826368.914320039 VmallocTotal:   135288315904 kB
1777826368.914320039 VmallocUsed:       19308 kB
1777826368.914320039 VmallocChunk:          0 kB
1777826368.914320039 Percpu:             1456 kB
1777826368.914320039 AnonHugePages:         0 kB
1777826368.914320039 ShmemHugePages:        0 kB
1777826368.914320039 ShmemPmdMapped:        0 kB
1777826368.914320039 FileHugePages:         0 kB
1777826368.914320039 FilePmdMapped:         0 kB
1777826368.914320039 CmaTotal:          65536 kB
1777826368.914320039 CmaFree:           49104 kB
1777826368.914320039 Balloon:               0 kB
1777826368.914320039 HugePages_Total:     512
1777826368.914320039 HugePages_Free:      488
1777826368.914320039 HugePages_Rsvd:        0
1777826368.914320039 HugePages_Surp:        0
1777826368.914320039 Hugepagesize:       2048 kB
1777826368.914320039 Hugetlb:         1048576 kB
1777826369.924835206 MemTotal:        8124504 kB
1777826369.924835206 MemFree:         6333376 kB
1777826369.924835206 MemAvailable:    6649980 kB
1777826369.924835206 Buffers:           30236 kB
1777826369.924835206 Cached:           416128 kB
1777826369.924835206 SwapCached:            0 kB
1777826369.924835206 Active:           438000 kB
1777826369.924835206 Inactive:         105896 kB
1777826369.924835206 Active(anon):     102684 kB
1777826369.924835206 Inactive(anon):        0 kB
1777826369.924835206 Active(file):     335316 kB
1777826369.924835206 Inactive(file):   105896 kB
1777826369.924835206 Unevictable:           0 kB
1777826369.924835206 Mlocked:               0 kB
1777826369.924835206 SwapTotal:             0 kB
1777826369.924835206 SwapFree:              0 kB
1777826369.924835206 Zswap:                 0 kB
1777826369.924835206 Zswapped:              0 kB
1777826369.924835206 Dirty:               156 kB
1777826369.924835206 Writeback:             0 kB
1777826369.924835206 AnonPages:         97708 kB
1777826369.924835206 Mapped:           104256 kB
1777826369.924835206 Shmem:              5240 kB
1777826369.924835206 KReclaimable:      30304 kB
1777826369.924835206 Slab:             121988 kB
1777826369.924835206 SReclaimable:      30304 kB
1777826369.924835206 SUnreclaim:        91684 kB
1777826369.924835206 KernelStack:        3168 kB
1777826369.924835206 PageTables:         4196 kB
1777826369.924835206 SecPageTables:         0 kB
1777826369.924835206 NFS_Unstable:          0 kB
1777826369.924835206 Bounce:                0 kB
1777826369.924835206 WritebackTmp:          0 kB
1777826369.924835206 CommitLimit:     3537964 kB
1777826369.924835206 Committed_AS:     502772 kB
1777826369.924835206 VmallocTotal:   135288315904 kB
1777826369.924835206 VmallocUsed:       19308 kB
1777826369.924835206 VmallocChunk:          0 kB
1777826369.924835206 Percpu:             1456 kB
1777826369.924835206 AnonHugePages:         0 kB
1777826369.924835206 ShmemHugePages:        0 kB
1777826369.924835206 ShmemPmdMapped:        0 kB
1777826369.924835206 FileHugePages:         0 kB
1777826369.924835206 FilePmdMapped:         0 kB
1777826369.924835206 CmaTotal:          65536 kB
1777826369.924835206 CmaFree:           49104 kB
1777826369.924835206 Balloon:               0 kB
1777826369.924835206 HugePages_Total:     512
1777826369.924835206 HugePages_Free:      488
1777826369.924835206 HugePages_Rsvd:        0
1777826369.924835206 HugePages_Surp:        0
1777826369.924835206 Hugepagesize:       2048 kB
1777826369.924835206 Hugetlb:         1048576 kB
1777826370.933253671 MemTotal:        8124504 kB
1777826370.933253671 MemFree:         6324500 kB
1777826370.933253671 MemAvailable:    6641104 kB
1777826370.933253671 Buffers:           30236 kB
1777826370.933253671 Cached:           416132 kB
1777826370.933253671 SwapCached:            0 kB
1777826370.933253671 Active:           437924 kB
1777826370.933253671 Inactive:         105900 kB
1777826370.933253671 Active(anon):     102612 kB
1777826370.933253671 Inactive(anon):        0 kB
1777826370.933253671 Active(file):     335312 kB
1777826370.933253671 Inactive(file):   105900 kB
1777826370.933253671 Unevictable:           0 kB
1777826370.933253671 Mlocked:               0 kB
1777826370.933253671 SwapTotal:             0 kB
1777826370.933253671 SwapFree:              0 kB
1777826370.933253671 Zswap:                 0 kB
1777826370.933253671 Zswapped:              0 kB
1777826370.933253671 Dirty:               160 kB
1777826370.933253671 Writeback:             0 kB
1777826370.933253671 AnonPages:         97708 kB
1777826370.933253671 Mapped:           104296 kB
1777826370.933253671 Shmem:              5240 kB
1777826370.933253671 KReclaimable:      30304 kB
1777826370.933253671 Slab:             122068 kB
1777826370.933253671 SReclaimable:      30304 kB
1777826370.933253671 SUnreclaim:        91764 kB
1777826370.933253671 KernelStack:        3168 kB
1777826370.933253671 PageTables:         4184 kB
1777826370.933253671 SecPageTables:         0 kB
1777826370.933253671 NFS_Unstable:          0 kB
1777826370.933253671 Bounce:                0 kB
1777826370.933253671 WritebackTmp:          0 kB
1777826370.933253671 CommitLimit:     3537964 kB
1777826370.933253671 Committed_AS:     502772 kB
1777826370.933253671 VmallocTotal:   135288315904 kB
1777826370.933253671 VmallocUsed:       19292 kB
1777826370.933253671 VmallocChunk:          0 kB
1777826370.933253671 Percpu:             1456 kB
1777826370.933253671 AnonHugePages:         0 kB
1777826370.933253671 ShmemHugePages:        0 kB
1777826370.933253671 ShmemPmdMapped:        0 kB
1777826370.933253671 FileHugePages:         0 kB
1777826370.933253671 FilePmdMapped:         0 kB
1777826370.933253671 CmaTotal:          65536 kB
1777826370.933253671 CmaFree:           49104 kB
1777826370.933253671 Balloon:               0 kB
1777826370.933253671 HugePages_Total:     512
1777826370.933253671 HugePages_Free:      488
1777826370.933253671 HugePages_Rsvd:        0
1777826370.933253671 HugePages_Surp:        0
1777826370.933253671 Hugepagesize:       2048 kB
1777826370.933253671 Hugetlb:         1048576 kB
1777826371.941776397 MemTotal:        8124504 kB
1777826371.941776397 MemFree:         6330400 kB
1777826371.941776397 MemAvailable:    6647012 kB
1777826371.941776397 Buffers:           30236 kB
1777826371.941776397 Cached:           416136 kB
1777826371.941776397 SwapCached:            0 kB
1777826371.941776397 Active:           437932 kB
1777826371.941776397 Inactive:         105908 kB
1777826371.941776397 Active(anon):     102620 kB
1777826371.941776397 Inactive(anon):        0 kB
1777826371.941776397 Active(file):     335312 kB
1777826371.941776397 Inactive(file):   105908 kB
1777826371.941776397 Unevictable:           0 kB
1777826371.941776397 Mlocked:               0 kB
1777826371.941776397 SwapTotal:             0 kB
1777826371.941776397 SwapFree:              0 kB
1777826371.941776397 Zswap:                 0 kB
1777826371.941776397 Zswapped:              0 kB
1777826371.941776397 Dirty:               164 kB
1777826371.941776397 Writeback:             0 kB
1777826371.941776397 AnonPages:         97712 kB
1777826371.941776397 Mapped:           104296 kB
1777826371.941776397 Shmem:              5240 kB
1777826371.941776397 KReclaimable:      30304 kB
1777826371.941776397 Slab:             122072 kB
1777826371.941776397 SReclaimable:      30304 kB
1777826371.941776397 SUnreclaim:        91768 kB
1777826371.941776397 KernelStack:        3168 kB
1777826371.941776397 PageTables:         4188 kB
1777826371.941776397 SecPageTables:         0 kB
1777826371.941776397 NFS_Unstable:          0 kB
1777826371.941776397 Bounce:                0 kB
1777826371.941776397 WritebackTmp:          0 kB
1777826371.941776397 CommitLimit:     3537964 kB
1777826371.941776397 Committed_AS:     502772 kB
1777826371.941776397 VmallocTotal:   135288315904 kB
1777826371.941776397 VmallocUsed:       19308 kB
1777826371.941776397 VmallocChunk:          0 kB
1777826371.941776397 Percpu:             1456 kB
1777826371.941776397 AnonHugePages:         0 kB
1777826371.941776397 ShmemHugePages:        0 kB
1777826371.941776397 ShmemPmdMapped:        0 kB
1777826371.941776397 FileHugePages:         0 kB
1777826371.941776397 FilePmdMapped:         0 kB
1777826371.941776397 CmaTotal:          65536 kB
1777826371.941776397 CmaFree:           49104 kB
1777826371.941776397 Balloon:               0 kB
1777826371.941776397 HugePages_Total:     512
1777826371.941776397 HugePages_Free:      488
1777826371.941776397 HugePages_Rsvd:        0
1777826371.941776397 HugePages_Surp:        0
1777826371.941776397 Hugepagesize:       2048 kB
1777826371.941776397 Hugetlb:         1048576 kB
1777826372.950345771 MemTotal:        8124504 kB
1777826372.950345771 MemFree:         6324840 kB
1777826372.950345771 MemAvailable:    6641460 kB
1777826372.950345771 Buffers:           30236 kB
1777826372.950345771 Cached:           416140 kB
1777826372.950345771 SwapCached:            0 kB
1777826372.950345771 Active:           437956 kB
1777826372.950345771 Inactive:         105912 kB
1777826372.950345771 Active(anon):     102640 kB
1777826372.950345771 Inactive(anon):        0 kB
1777826372.950345771 Active(file):     335316 kB
1777826372.950345771 Inactive(file):   105912 kB
1777826372.950345771 Unevictable:           0 kB
1777826372.950345771 Mlocked:               0 kB
1777826372.950345771 SwapTotal:             0 kB
1777826372.950345771 SwapFree:              0 kB
1777826372.950345771 Zswap:                 0 kB
1777826372.950345771 Zswapped:              0 kB
1777826372.950345771 Dirty:               168 kB
1777826372.950345771 Writeback:             0 kB
1777826372.950345771 AnonPages:         97712 kB
1777826372.950345771 Mapped:           104296 kB
1777826372.950345771 Shmem:              5240 kB
1777826372.950345771 KReclaimable:      30304 kB
1777826372.950345771 Slab:             122044 kB
1777826372.950345771 SReclaimable:      30304 kB
1777826372.950345771 SUnreclaim:        91740 kB
1777826372.950345771 KernelStack:        3168 kB
1777826372.950345771 PageTables:         4188 kB
1777826372.950345771 SecPageTables:         0 kB
1777826372.950345771 NFS_Unstable:          0 kB
1777826372.950345771 Bounce:                0 kB
1777826372.950345771 WritebackTmp:          0 kB
1777826372.950345771 CommitLimit:     3537964 kB
1777826372.950345771 Committed_AS:     502772 kB
1777826372.950345771 VmallocTotal:   135288315904 kB
1777826372.950345771 VmallocUsed:       19292 kB
1777826372.950345771 VmallocChunk:          0 kB
1777826372.950345771 Percpu:             1456 kB
1777826372.950345771 AnonHugePages:         0 kB
1777826372.950345771 ShmemHugePages:        0 kB
1777826372.950345771 ShmemPmdMapped:        0 kB
1777826372.950345771 FileHugePages:         0 kB
1777826372.950345771 FilePmdMapped:         0 kB
1777826372.950345771 CmaTotal:          65536 kB
1777826372.950345771 CmaFree:           49104 kB
1777826372.950345771 Balloon:               0 kB
1777826372.950345771 HugePages_Total:     512
1777826372.950345771 HugePages_Free:      488
1777826372.950345771 HugePages_Rsvd:        0
1777826372.950345771 HugePages_Surp:        0
1777826372.950345771 Hugepagesize:       2048 kB
1777826372.950345771 Hugetlb:         1048576 kB
1777826373.958935256 MemTotal:        8124504 kB
1777826373.958935256 MemFree:         6331968 kB
1777826373.958935256 MemAvailable:    6648588 kB
1777826373.958935256 Buffers:           30240 kB
1777826373.958935256 Cached:           416140 kB
1777826373.958935256 SwapCached:            0 kB
1777826373.958935256 Active:           437956 kB
1777826373.958935256 Inactive:         105912 kB
1777826373.958935256 Active(anon):     102640 kB
1777826373.958935256 Inactive(anon):        0 kB
1777826373.958935256 Active(file):     335316 kB
1777826373.958935256 Inactive(file):   105912 kB
1777826373.958935256 Unevictable:           0 kB
1777826373.958935256 Mlocked:               0 kB
1777826373.958935256 SwapTotal:             0 kB
1777826373.958935256 SwapFree:              0 kB
1777826373.958935256 Zswap:                 0 kB
1777826373.958935256 Zswapped:              0 kB
1777826373.958935256 Dirty:               172 kB
1777826373.958935256 Writeback:             0 kB
1777826373.958935256 AnonPages:         97708 kB
1777826373.958935256 Mapped:           104296 kB
1777826373.958935256 Shmem:              5240 kB
1777826373.958935256 KReclaimable:      30304 kB
1777826373.958935256 Slab:             122128 kB
1777826373.958935256 SReclaimable:      30304 kB
1777826373.958935256 SUnreclaim:        91824 kB
1777826373.958935256 KernelStack:        3168 kB
1777826373.958935256 PageTables:         4192 kB
1777826373.958935256 SecPageTables:         0 kB
1777826373.958935256 NFS_Unstable:          0 kB
1777826373.958935256 Bounce:                0 kB
1777826373.958935256 WritebackTmp:          0 kB
1777826373.958935256 CommitLimit:     3537964 kB
1777826373.958935256 Committed_AS:     502772 kB
1777826373.958935256 VmallocTotal:   135288315904 kB
1777826373.958935256 VmallocUsed:       19292 kB
1777826373.958935256 VmallocChunk:          0 kB
1777826373.958935256 Percpu:             1456 kB
1777826373.958935256 AnonHugePages:         0 kB
1777826373.958935256 ShmemHugePages:        0 kB
1777826373.958935256 ShmemPmdMapped:        0 kB
1777826373.958935256 FileHugePages:         0 kB
1777826373.958935256 FilePmdMapped:         0 kB
1777826373.958935256 CmaTotal:          65536 kB
1777826373.958935256 CmaFree:           49104 kB
1777826373.958935256 Balloon:               0 kB
1777826373.958935256 HugePages_Total:     512
1777826373.958935256 HugePages_Free:      488
1777826373.958935256 HugePages_Rsvd:        0
1777826373.958935256 HugePages_Surp:        0
1777826373.958935256 Hugepagesize:       2048 kB
1777826373.958935256 Hugetlb:         1048576 kB
1777826374.969256588 MemTotal:        8124504 kB
1777826374.969256588 MemFree:         6327112 kB
1777826374.969256588 MemAvailable:    6643744 kB
1777826374.969256588 Buffers:           30244 kB
1777826374.969256588 Cached:           416148 kB
1777826374.969256588 SwapCached:            0 kB
1777826374.969256588 Active:           438120 kB
1777826374.969256588 Inactive:         105928 kB
1777826374.969256588 Active(anon):     102808 kB
1777826374.969256588 Inactive(anon):        0 kB
1777826374.969256588 Active(file):     335312 kB
1777826374.969256588 Inactive(file):   105928 kB
1777826374.969256588 Unevictable:           0 kB
1777826374.969256588 Mlocked:               0 kB
1777826374.969256588 SwapTotal:             0 kB
1777826374.969256588 SwapFree:              0 kB
1777826374.969256588 Zswap:                 0 kB
1777826374.969256588 Zswapped:              0 kB
1777826374.969256588 Dirty:               176 kB
1777826374.969256588 Writeback:             0 kB
1777826374.969256588 AnonPages:         97716 kB
1777826374.969256588 Mapped:           104296 kB
1777826374.969256588 Shmem:              5240 kB
1777826374.969256588 KReclaimable:      30304 kB
1777826374.969256588 Slab:             121928 kB
1777826374.969256588 SReclaimable:      30304 kB
1777826374.969256588 SUnreclaim:        91624 kB
1777826374.969256588 KernelStack:        3168 kB
1777826374.969256588 PageTables:         4184 kB
1777826374.969256588 SecPageTables:         0 kB
1777826374.969256588 NFS_Unstable:          0 kB
1777826374.969256588 Bounce:                0 kB
1777826374.969256588 WritebackTmp:          0 kB
1777826374.969256588 CommitLimit:     3537964 kB
1777826374.969256588 Committed_AS:     502772 kB
1777826374.969256588 VmallocTotal:   135288315904 kB
1777826374.969256588 VmallocUsed:       19292 kB
1777826374.969256588 VmallocChunk:          0 kB
1777826374.969256588 Percpu:             1456 kB
1777826374.969256588 AnonHugePages:         0 kB
1777826374.969256588 ShmemHugePages:        0 kB
1777826374.969256588 ShmemPmdMapped:        0 kB
1777826374.969256588 FileHugePages:         0 kB
1777826374.969256588 FilePmdMapped:         0 kB
1777826374.969256588 CmaTotal:          65536 kB
1777826374.969256588 CmaFree:           49104 kB
1777826374.969256588 Balloon:               0 kB
1777826374.969256588 HugePages_Total:     512
1777826374.969256588 HugePages_Free:      488
1777826374.969256588 HugePages_Rsvd:        0
1777826374.969256588 HugePages_Surp:        0
1777826374.969256588 Hugepagesize:       2048 kB
1777826374.969256588 Hugetlb:         1048576 kB
1777826375.977821610 MemTotal:        8124504 kB
1777826375.977821610 MemFree:         6326944 kB
1777826375.977821610 MemAvailable:    6643580 kB
1777826375.977821610 Buffers:           30244 kB
1777826375.977821610 Cached:           416152 kB
1777826375.977821610 SwapCached:            0 kB
1777826375.977821610 Active:           438076 kB
1777826375.977821610 Inactive:         105932 kB
1777826375.977821610 Active(anon):     102764 kB
1777826375.977821610 Inactive(anon):        0 kB
1777826375.977821610 Active(file):     335312 kB
1777826375.977821610 Inactive(file):   105932 kB
1777826375.977821610 Unevictable:           0 kB
1777826375.977821610 Mlocked:               0 kB
1777826375.977821610 SwapTotal:             0 kB
1777826375.977821610 SwapFree:              0 kB
1777826375.977821610 Zswap:                 0 kB
1777826375.977821610 Zswapped:              0 kB
1777826375.977821610 Dirty:               180 kB
1777826375.977821610 Writeback:             0 kB
1777826375.977821610 AnonPages:         97712 kB
1777826375.977821610 Mapped:           104296 kB
1777826375.977821610 Shmem:              5240 kB
1777826375.977821610 KReclaimable:      30304 kB
1777826375.977821610 Slab:             122060 kB
1777826375.977821610 SReclaimable:      30304 kB
1777826375.977821610 SUnreclaim:        91756 kB
1777826375.977821610 KernelStack:        3168 kB
1777826375.977821610 PageTables:         4196 kB
1777826375.977821610 SecPageTables:         0 kB
1777826375.977821610 NFS_Unstable:          0 kB
1777826375.977821610 Bounce:                0 kB
1777826375.977821610 WritebackTmp:          0 kB
1777826375.977821610 CommitLimit:     3537964 kB
1777826375.977821610 Committed_AS:     502772 kB
1777826375.977821610 VmallocTotal:   135288315904 kB
1777826375.977821610 VmallocUsed:       19308 kB
1777826375.977821610 VmallocChunk:          0 kB
1777826375.977821610 Percpu:             1456 kB
1777826375.977821610 AnonHugePages:         0 kB
1777826375.977821610 ShmemHugePages:        0 kB
1777826375.977821610 ShmemPmdMapped:        0 kB
1777826375.977821610 FileHugePages:         0 kB
1777826375.977821610 FilePmdMapped:         0 kB
1777826375.977821610 CmaTotal:          65536 kB
1777826375.977821610 CmaFree:           49104 kB
1777826375.977821610 Balloon:               0 kB
1777826375.977821610 HugePages_Total:     512
1777826375.977821610 HugePages_Free:      488
1777826375.977821610 HugePages_Rsvd:        0
1777826375.977821610 HugePages_Surp:        0
1777826375.977821610 Hugepagesize:       2048 kB
1777826375.977821610 Hugetlb:         1048576 kB
1777826376.986275428 MemTotal:        8124504 kB
1777826376.986275428 MemFree:         6331224 kB
1777826376.986275428 MemAvailable:    6647868 kB
1777826376.986275428 Buffers:           30244 kB
1777826376.986275428 Cached:           416160 kB
1777826376.986275428 SwapCached:            0 kB
1777826376.986275428 Active:           438156 kB
1777826376.986275428 Inactive:         105936 kB
1777826376.986275428 Active(anon):     102840 kB
1777826376.986275428 Inactive(anon):        0 kB
1777826376.986275428 Active(file):     335316 kB
1777826376.986275428 Inactive(file):   105936 kB
1777826376.986275428 Unevictable:           0 kB
1777826376.986275428 Mlocked:               0 kB
1777826376.986275428 SwapTotal:             0 kB
1777826376.986275428 SwapFree:              0 kB
1777826376.986275428 Zswap:                 0 kB
1777826376.986275428 Zswapped:              0 kB
1777826376.986275428 Dirty:               188 kB
1777826376.986275428 Writeback:             0 kB
1777826376.986275428 AnonPages:         97716 kB
1777826376.986275428 Mapped:           104296 kB
1777826376.986275428 Shmem:              5240 kB
1777826376.986275428 KReclaimable:      30304 kB
1777826376.986275428 Slab:             122052 kB
1777826376.986275428 SReclaimable:      30304 kB
1777826376.986275428 SUnreclaim:        91748 kB
1777826376.986275428 KernelStack:        3168 kB
1777826376.986275428 PageTables:         4188 kB
1777826376.986275428 SecPageTables:         0 kB
1777826376.986275428 NFS_Unstable:          0 kB
1777826376.986275428 Bounce:                0 kB
1777826376.986275428 WritebackTmp:          0 kB
1777826376.986275428 CommitLimit:     3537964 kB
1777826376.986275428 Committed_AS:     502772 kB
1777826376.986275428 VmallocTotal:   135288315904 kB
1777826376.986275428 VmallocUsed:       19308 kB
1777826376.986275428 VmallocChunk:          0 kB
1777826376.986275428 Percpu:             1456 kB
1777826376.986275428 AnonHugePages:         0 kB
1777826376.986275428 ShmemHugePages:        0 kB
1777826376.986275428 ShmemPmdMapped:        0 kB
1777826376.986275428 FileHugePages:         0 kB
1777826376.986275428 FilePmdMapped:         0 kB
1777826376.986275428 CmaTotal:          65536 kB
1777826376.986275428 CmaFree:           49104 kB
1777826376.986275428 Balloon:               0 kB
1777826376.986275428 HugePages_Total:     512
1777826376.986275428 HugePages_Free:      488
1777826376.986275428 HugePages_Rsvd:        0
1777826376.986275428 HugePages_Surp:        0
1777826376.986275428 Hugepagesize:       2048 kB
1777826376.986275428 Hugetlb:         1048576 kB
1777826377.994586504 MemTotal:        8124504 kB
1777826377.994586504 MemFree:         6330820 kB
1777826377.994586504 MemAvailable:    6647472 kB
1777826377.994586504 Buffers:           30244 kB
1777826377.994586504 Cached:           416168 kB
1777826377.994586504 SwapCached:            0 kB
1777826377.994586504 Active:           438068 kB
1777826377.994586504 Inactive:         105944 kB
1777826377.994586504 Active(anon):     102752 kB
1777826377.994586504 Inactive(anon):        0 kB
1777826377.994586504 Active(file):     335316 kB
1777826377.994586504 Inactive(file):   105944 kB
1777826377.994586504 Unevictable:           0 kB
1777826377.994586504 Mlocked:               0 kB
1777826377.994586504 SwapTotal:             0 kB
1777826377.994586504 SwapFree:              0 kB
1777826377.994586504 Zswap:                 0 kB
1777826377.994586504 Zswapped:              0 kB
1777826377.994586504 Dirty:               196 kB
1777826377.994586504 Writeback:             0 kB
1777826377.994586504 AnonPages:         97712 kB
1777826377.994586504 Mapped:           104296 kB
1777826377.994586504 Shmem:              5240 kB
1777826377.994586504 KReclaimable:      30304 kB
1777826377.994586504 Slab:             122064 kB
1777826377.994586504 SReclaimable:      30304 kB
1777826377.994586504 SUnreclaim:        91760 kB
1777826377.994586504 KernelStack:        3168 kB
1777826377.994586504 PageTables:         4188 kB
1777826377.994586504 SecPageTables:         0 kB
1777826377.994586504 NFS_Unstable:          0 kB
1777826377.994586504 Bounce:                0 kB
1777826377.994586504 WritebackTmp:          0 kB
1777826377.994586504 CommitLimit:     3537964 kB
1777826377.994586504 Committed_AS:     502772 kB
1777826377.994586504 VmallocTotal:   135288315904 kB
1777826377.994586504 VmallocUsed:       19292 kB
1777826377.994586504 VmallocChunk:          0 kB
1777826377.994586504 Percpu:             1456 kB
1777826377.994586504 AnonHugePages:         0 kB
1777826377.994586504 ShmemHugePages:        0 kB
1777826377.994586504 ShmemPmdMapped:        0 kB
1777826377.994586504 FileHugePages:         0 kB
1777826377.994586504 FilePmdMapped:         0 kB
1777826377.994586504 CmaTotal:          65536 kB
1777826377.994586504 CmaFree:           49104 kB
1777826377.994586504 Balloon:               0 kB
1777826377.994586504 HugePages_Total:     512
1777826377.994586504 HugePages_Free:      488
1777826377.994586504 HugePages_Rsvd:        0
1777826377.994586504 HugePages_Surp:        0
1777826377.994586504 Hugepagesize:       2048 kB
1777826377.994586504 Hugetlb:         1048576 kB
1777826379.003061840 MemTotal:        8124504 kB
1777826379.003061840 MemFree:         6334284 kB
1777826379.003061840 MemAvailable:    6650940 kB
1777826379.003061840 Buffers:           30248 kB
1777826379.003061840 Cached:           416164 kB
1777826379.003061840 SwapCached:            0 kB
1777826379.003061840 Active:           438012 kB
1777826379.003061840 Inactive:         105948 kB
1777826379.003061840 Active(anon):     102696 kB
1777826379.003061840 Inactive(anon):        0 kB
1777826379.003061840 Active(file):     335316 kB
1777826379.003061840 Inactive(file):   105948 kB
1777826379.003061840 Unevictable:           0 kB
1777826379.003061840 Mlocked:               0 kB
1777826379.003061840 SwapTotal:             0 kB
1777826379.003061840 SwapFree:              0 kB
1777826379.003061840 Zswap:                 0 kB
1777826379.003061840 Zswapped:              0 kB
1777826379.003061840 Dirty:               196 kB
1777826379.003061840 Writeback:             0 kB
1777826379.003061840 AnonPages:         97708 kB
1777826379.003061840 Mapped:           104296 kB
1777826379.003061840 Shmem:              5240 kB
1777826379.003061840 KReclaimable:      30304 kB
1777826379.003061840 Slab:             122124 kB
1777826379.003061840 SReclaimable:      30304 kB
1777826379.003061840 SUnreclaim:        91820 kB
1777826379.003061840 KernelStack:        3168 kB
1777826379.003061840 PageTables:         4192 kB
1777826379.003061840 SecPageTables:         0 kB
1777826379.003061840 NFS_Unstable:          0 kB
1777826379.003061840 Bounce:                0 kB
1777826379.003061840 WritebackTmp:          0 kB
1777826379.003061840 CommitLimit:     3537964 kB
1777826379.003061840 Committed_AS:     502772 kB
1777826379.003061840 VmallocTotal:   135288315904 kB
1777826379.003061840 VmallocUsed:       19292 kB
1777826379.003061840 VmallocChunk:          0 kB
1777826379.003061840 Percpu:             1456 kB
1777826379.003061840 AnonHugePages:         0 kB
1777826379.003061840 ShmemHugePages:        0 kB
1777826379.003061840 ShmemPmdMapped:        0 kB
1777826379.003061840 FileHugePages:         0 kB
1777826379.003061840 FilePmdMapped:         0 kB
1777826379.003061840 CmaTotal:          65536 kB
1777826379.003061840 CmaFree:           49104 kB
1777826379.003061840 Balloon:               0 kB
1777826379.003061840 HugePages_Total:     512
1777826379.003061840 HugePages_Free:      488
1777826379.003061840 HugePages_Rsvd:        0
1777826379.003061840 HugePages_Surp:        0
1777826379.003061840 Hugepagesize:       2048 kB
1777826379.003061840 Hugetlb:         1048576 kB
1777826380.013264986 MemTotal:        8124504 kB
1777826380.013264986 MemFree:         6327808 kB
1777826380.013264986 MemAvailable:    6644476 kB
1777826380.013264986 Buffers:           30252 kB
1777826380.013264986 Cached:           416172 kB
1777826380.013264986 SwapCached:            0 kB
1777826380.013264986 Active:           437928 kB
1777826380.013264986 Inactive:         105960 kB
1777826380.013264986 Active(anon):     102616 kB
1777826380.013264986 Inactive(anon):        0 kB
1777826380.013264986 Active(file):     335312 kB
1777826380.013264986 Inactive(file):   105960 kB
1777826380.013264986 Unevictable:           0 kB
1777826380.013264986 Mlocked:               0 kB
1777826380.013264986 SwapTotal:             0 kB
1777826380.013264986 SwapFree:              0 kB
1777826380.013264986 Zswap:                 0 kB
1777826380.013264986 Zswapped:              0 kB
1777826380.013264986 Dirty:               200 kB
1777826380.013264986 Writeback:             0 kB
1777826380.013264986 AnonPages:         97708 kB
1777826380.013264986 Mapped:           104296 kB
1777826380.013264986 Shmem:              5240 kB
1777826380.013264986 KReclaimable:      30308 kB
1777826380.013264986 Slab:             122064 kB
1777826380.013264986 SReclaimable:      30308 kB
1777826380.013264986 SUnreclaim:        91756 kB
1777826380.013264986 KernelStack:        3168 kB
1777826380.013264986 PageTables:         4196 kB
1777826380.013264986 SecPageTables:         0 kB
1777826380.013264986 NFS_Unstable:          0 kB
1777826380.013264986 Bounce:                0 kB
1777826380.013264986 WritebackTmp:          0 kB
1777826380.013264986 CommitLimit:     3537964 kB
1777826380.013264986 Committed_AS:     502772 kB
1777826380.013264986 VmallocTotal:   135288315904 kB
1777826380.013264986 VmallocUsed:       19292 kB
1777826380.013264986 VmallocChunk:          0 kB
1777826380.013264986 Percpu:             1456 kB
1777826380.013264986 AnonHugePages:         0 kB
1777826380.013264986 ShmemHugePages:        0 kB
1777826380.013264986 ShmemPmdMapped:        0 kB
1777826380.013264986 FileHugePages:         0 kB
1777826380.013264986 FilePmdMapped:         0 kB
1777826380.013264986 CmaTotal:          65536 kB
1777826380.013264986 CmaFree:           49104 kB
1777826380.013264986 Balloon:               0 kB
1777826380.013264986 HugePages_Total:     512
1777826380.013264986 HugePages_Free:      488
1777826380.013264986 HugePages_Rsvd:        0
1777826380.013264986 HugePages_Surp:        0
1777826380.013264986 Hugepagesize:       2048 kB
1777826380.013264986 Hugetlb:         1048576 kB
1777826381.021719229 MemTotal:        8124504 kB
1777826381.021719229 MemFree:         6324392 kB
1777826381.021719229 MemAvailable:    6641064 kB
1777826381.021719229 Buffers:           30252 kB
1777826381.021719229 Cached:           416176 kB
1777826381.021719229 SwapCached:            0 kB
1777826381.021719229 Active:           438080 kB
1777826381.021719229 Inactive:         105964 kB
1777826381.021719229 Active(anon):     102768 kB
1777826381.021719229 Inactive(anon):        0 kB
1777826381.021719229 Active(file):     335312 kB
1777826381.021719229 Inactive(file):   105964 kB
1777826381.021719229 Unevictable:           0 kB
1777826381.021719229 Mlocked:               0 kB
1777826381.021719229 SwapTotal:             0 kB
1777826381.021719229 SwapFree:              0 kB
1777826381.021719229 Zswap:                 0 kB
1777826381.021719229 Zswapped:              0 kB
1777826381.021719229 Dirty:                52 kB
1777826381.021719229 Writeback:             0 kB
1777826381.021719229 AnonPages:         97708 kB
1777826381.021719229 Mapped:           104296 kB
1777826381.021719229 Shmem:              5240 kB
1777826381.021719229 KReclaimable:      30312 kB
1777826381.021719229 Slab:             122024 kB
1777826381.021719229 SReclaimable:      30312 kB
1777826381.021719229 SUnreclaim:        91712 kB
1777826381.021719229 KernelStack:        3168 kB
1777826381.021719229 PageTables:         4192 kB
1777826381.021719229 SecPageTables:         0 kB
1777826381.021719229 NFS_Unstable:          0 kB
1777826381.021719229 Bounce:                0 kB
1777826381.021719229 WritebackTmp:          0 kB
1777826381.021719229 CommitLimit:     3537964 kB
1777826381.021719229 Committed_AS:     502772 kB
1777826381.021719229 VmallocTotal:   135288315904 kB
1777826381.021719229 VmallocUsed:       19308 kB
1777826381.021719229 VmallocChunk:          0 kB
1777826381.021719229 Percpu:             1456 kB
1777826381.021719229 AnonHugePages:         0 kB
1777826381.021719229 ShmemHugePages:        0 kB
1777826381.021719229 ShmemPmdMapped:        0 kB
1777826381.021719229 FileHugePages:         0 kB
1777826381.021719229 FilePmdMapped:         0 kB
1777826381.021719229 CmaTotal:          65536 kB
1777826381.021719229 CmaFree:           49104 kB
1777826381.021719229 Balloon:               0 kB
1777826381.021719229 HugePages_Total:     512
1777826381.021719229 HugePages_Free:      488
1777826381.021719229 HugePages_Rsvd:        0
1777826381.021719229 HugePages_Surp:        0
1777826381.021719229 Hugepagesize:       2048 kB
1777826381.021719229 Hugetlb:         1048576 kB
1777826382.029961490 MemTotal:        8124504 kB
1777826382.029961490 MemFree:         6327996 kB
1777826382.029961490 MemAvailable:    6644672 kB
1777826382.029961490 Buffers:           30252 kB
1777826382.029961490 Cached:           416180 kB
1777826382.029961490 SwapCached:            0 kB
1777826382.029961490 Active:           437920 kB
1777826382.029961490 Inactive:         105968 kB
1777826382.029961490 Active(anon):     102608 kB
1777826382.029961490 Inactive(anon):        0 kB
1777826382.029961490 Active(file):     335312 kB
1777826382.029961490 Inactive(file):   105968 kB
1777826382.029961490 Unevictable:           0 kB
1777826382.029961490 Mlocked:               0 kB
1777826382.029961490 SwapTotal:             0 kB
1777826382.029961490 SwapFree:              0 kB
1777826382.029961490 Zswap:                 0 kB
1777826382.029961490 Zswapped:              0 kB
1777826382.029961490 Dirty:                64 kB
1777826382.029961490 Writeback:             0 kB
1777826382.029961490 AnonPages:         97708 kB
1777826382.029961490 Mapped:           104256 kB
1777826382.029961490 Shmem:              5240 kB
1777826382.029961490 KReclaimable:      30312 kB
1777826382.029961490 Slab:             122060 kB
1777826382.029961490 SReclaimable:      30312 kB
1777826382.029961490 SUnreclaim:        91748 kB
1777826382.029961490 KernelStack:        3168 kB
1777826382.029961490 PageTables:         4196 kB
1777826382.029961490 SecPageTables:         0 kB
1777826382.029961490 NFS_Unstable:          0 kB
1777826382.029961490 Bounce:                0 kB
1777826382.029961490 WritebackTmp:          0 kB
1777826382.029961490 CommitLimit:     3537964 kB
1777826382.029961490 Committed_AS:     502772 kB
1777826382.029961490 VmallocTotal:   135288315904 kB
1777826382.029961490 VmallocUsed:       19308 kB
1777826382.029961490 VmallocChunk:          0 kB
1777826382.029961490 Percpu:             1456 kB
1777826382.029961490 AnonHugePages:         0 kB
1777826382.029961490 ShmemHugePages:        0 kB
1777826382.029961490 ShmemPmdMapped:        0 kB
1777826382.029961490 FileHugePages:         0 kB
1777826382.029961490 FilePmdMapped:         0 kB
1777826382.029961490 CmaTotal:          65536 kB
1777826382.029961490 CmaFree:           49104 kB
1777826382.029961490 Balloon:               0 kB
1777826382.029961490 HugePages_Total:     512
1777826382.029961490 HugePages_Free:      488
1777826382.029961490 HugePages_Rsvd:        0
1777826382.029961490 HugePages_Surp:        0
1777826382.029961490 Hugepagesize:       2048 kB
1777826382.029961490 Hugetlb:         1048576 kB
1777826383.037985304 MemTotal:        8124504 kB
1777826383.037985304 MemFree:         6333772 kB
1777826383.037985304 MemAvailable:    6650456 kB
1777826383.037985304 Buffers:           30252 kB
1777826383.037985304 Cached:           416184 kB
1777826383.037985304 SwapCached:            0 kB
1777826383.037985304 Active:           438024 kB
1777826383.037985304 Inactive:         105972 kB
1777826383.037985304 Active(anon):     102708 kB
1777826383.037985304 Inactive(anon):        0 kB
1777826383.037985304 Active(file):     335316 kB
1777826383.037985304 Inactive(file):   105972 kB
1777826383.037985304 Unevictable:           0 kB
1777826383.037985304 Mlocked:               0 kB
1777826383.037985304 SwapTotal:             0 kB
1777826383.037985304 SwapFree:              0 kB
1777826383.037985304 Zswap:                 0 kB
1777826383.037985304 Zswapped:              0 kB
1777826383.037985304 Dirty:                68 kB
1777826383.037985304 Writeback:             0 kB
1777826383.037985304 AnonPages:         97712 kB
1777826383.037985304 Mapped:           104296 kB
1777826383.037985304 Shmem:              5240 kB
1777826383.037985304 KReclaimable:      30312 kB
1777826383.037985304 Slab:             122076 kB
1777826383.037985304 SReclaimable:      30312 kB
1777826383.037985304 SUnreclaim:        91764 kB
1777826383.037985304 KernelStack:        3168 kB
1777826383.037985304 PageTables:         4188 kB
1777826383.037985304 SecPageTables:         0 kB
1777826383.037985304 NFS_Unstable:          0 kB
1777826383.037985304 Bounce:                0 kB
1777826383.037985304 WritebackTmp:          0 kB
1777826383.037985304 CommitLimit:     3537964 kB
1777826383.037985304 Committed_AS:     502772 kB
1777826383.037985304 VmallocTotal:   135288315904 kB
1777826383.037985304 VmallocUsed:       19308 kB
1777826383.037985304 VmallocChunk:          0 kB
1777826383.037985304 Percpu:             1456 kB
1777826383.037985304 AnonHugePages:         0 kB
1777826383.037985304 ShmemHugePages:        0 kB
1777826383.037985304 ShmemPmdMapped:        0 kB
1777826383.037985304 FileHugePages:         0 kB
1777826383.037985304 FilePmdMapped:         0 kB
1777826383.037985304 CmaTotal:          65536 kB
1777826383.037985304 CmaFree:           49104 kB
1777826383.037985304 Balloon:               0 kB
1777826383.037985304 HugePages_Total:     512
1777826383.037985304 HugePages_Free:      488
1777826383.037985304 HugePages_Rsvd:        0
1777826383.037985304 HugePages_Surp:        0
1777826383.037985304 Hugepagesize:       2048 kB
1777826383.037985304 Hugetlb:         1048576 kB
1777826384.046158138 MemTotal:        8124504 kB
1777826384.046158138 MemFree:         6330388 kB
1777826384.046158138 MemAvailable:    6647080 kB
1777826384.046158138 Buffers:           30256 kB
1777826384.046158138 Cached:           416188 kB
1777826384.046158138 SwapCached:            0 kB
1777826384.046158138 Active:           438024 kB
1777826384.046158138 Inactive:         105980 kB
1777826384.046158138 Active(anon):     102708 kB
1777826384.046158138 Inactive(anon):        0 kB
1777826384.046158138 Active(file):     335316 kB
1777826384.046158138 Inactive(file):   105980 kB
1777826384.046158138 Unevictable:           0 kB
1777826384.046158138 Mlocked:               0 kB
1777826384.046158138 SwapTotal:             0 kB
1777826384.046158138 SwapFree:              0 kB
1777826384.046158138 Zswap:                 0 kB
1777826384.046158138 Zswapped:              0 kB
1777826384.046158138 Dirty:                76 kB
1777826384.046158138 Writeback:             0 kB
1777826384.046158138 AnonPages:         97708 kB
1777826384.046158138 Mapped:           104256 kB
1777826384.046158138 Shmem:              5240 kB
1777826384.046158138 KReclaimable:      30312 kB
1777826384.046158138 Slab:             121956 kB
1777826384.046158138 SReclaimable:      30312 kB
1777826384.046158138 SUnreclaim:        91644 kB
1777826384.046158138 KernelStack:        3168 kB
1777826384.046158138 PageTables:         4196 kB
1777826384.046158138 SecPageTables:         0 kB
1777826384.046158138 NFS_Unstable:          0 kB
1777826384.046158138 Bounce:                0 kB
1777826384.046158138 WritebackTmp:          0 kB
1777826384.046158138 CommitLimit:     3537964 kB
1777826384.046158138 Committed_AS:     502772 kB
1777826384.046158138 VmallocTotal:   135288315904 kB
1777826384.046158138 VmallocUsed:       19276 kB
1777826384.046158138 VmallocChunk:          0 kB
1777826384.046158138 Percpu:             1456 kB
1777826384.046158138 AnonHugePages:         0 kB
1777826384.046158138 ShmemHugePages:        0 kB
1777826384.046158138 ShmemPmdMapped:        0 kB
1777826384.046158138 FileHugePages:         0 kB
1777826384.046158138 FilePmdMapped:         0 kB
1777826384.046158138 CmaTotal:          65536 kB
1777826384.046158138 CmaFree:           49104 kB
1777826384.046158138 Balloon:               0 kB
1777826384.046158138 HugePages_Total:     512
1777826384.046158138 HugePages_Free:      488
1777826384.046158138 HugePages_Rsvd:        0
1777826384.046158138 HugePages_Surp:        0
1777826384.046158138 Hugepagesize:       2048 kB
1777826384.046158138 Hugetlb:         1048576 kB
1777826385.056313413 MemTotal:        8124504 kB
1777826385.056313413 MemFree:         6330924 kB
1777826385.056313413 MemAvailable:    6647628 kB
1777826385.056313413 Buffers:           30260 kB
1777826385.056313413 Cached:           416196 kB
1777826385.056313413 SwapCached:            0 kB
1777826385.056313413 Active:           438008 kB
1777826385.056313413 Inactive:         105992 kB
1777826385.056313413 Active(anon):     102692 kB
1777826385.056313413 Inactive(anon):        0 kB
1777826385.056313413 Active(file):     335316 kB
1777826385.056313413 Inactive(file):   105992 kB
1777826385.056313413 Unevictable:           0 kB
1777826385.056313413 Mlocked:               0 kB
1777826385.056313413 SwapTotal:             0 kB
1777826385.056313413 SwapFree:              0 kB
1777826385.056313413 Zswap:                 0 kB
1777826385.056313413 Zswapped:              0 kB
1777826385.056313413 Dirty:                40 kB
1777826385.056313413 Writeback:             0 kB
1777826385.056313413 AnonPages:         97712 kB
1777826385.056313413 Mapped:           104256 kB
1777826385.056313413 Shmem:              5240 kB
1777826385.056313413 KReclaimable:      30312 kB
1777826385.056313413 Slab:             122104 kB
1777826385.056313413 SReclaimable:      30312 kB
1777826385.056313413 SUnreclaim:        91792 kB
1777826385.056313413 KernelStack:        3168 kB
1777826385.056313413 PageTables:         4196 kB
1777826385.056313413 SecPageTables:         0 kB
1777826385.056313413 NFS_Unstable:          0 kB
1777826385.056313413 Bounce:                0 kB
1777826385.056313413 WritebackTmp:          0 kB
1777826385.056313413 CommitLimit:     3537964 kB
1777826385.056313413 Committed_AS:     502772 kB
1777826385.056313413 VmallocTotal:   135288315904 kB
1777826385.056313413 VmallocUsed:       19308 kB
1777826385.056313413 VmallocChunk:          0 kB
1777826385.056313413 Percpu:             1456 kB
1777826385.056313413 AnonHugePages:         0 kB
1777826385.056313413 ShmemHugePages:        0 kB
1777826385.056313413 ShmemPmdMapped:        0 kB
1777826385.056313413 FileHugePages:         0 kB
1777826385.056313413 FilePmdMapped:         0 kB
1777826385.056313413 CmaTotal:          65536 kB
1777826385.056313413 CmaFree:           49104 kB
1777826385.056313413 Balloon:               0 kB
1777826385.056313413 HugePages_Total:     512
1777826385.056313413 HugePages_Free:      488
1777826385.056313413 HugePages_Rsvd:        0
1777826385.056313413 HugePages_Surp:        0
1777826385.056313413 Hugepagesize:       2048 kB
1777826385.056313413 Hugetlb:         1048576 kB
1777826386.064891972 MemTotal:        8124504 kB
1777826386.064891972 MemFree:         6331932 kB
1777826386.064891972 MemAvailable:    6648640 kB
1777826386.064891972 Buffers:           30260 kB
1777826386.064891972 Cached:           416204 kB
1777826386.064891972 SwapCached:            0 kB
1777826386.064891972 Active:           437960 kB
1777826386.064891972 Inactive:         106000 kB
1777826386.064891972 Active(anon):     102648 kB
1777826386.064891972 Inactive(anon):        0 kB
1777826386.064891972 Active(file):     335312 kB
1777826386.064891972 Inactive(file):   106000 kB
1777826386.064891972 Unevictable:           0 kB
1777826386.064891972 Mlocked:               0 kB
1777826386.064891972 SwapTotal:             0 kB
1777826386.064891972 SwapFree:              0 kB
1777826386.064891972 Zswap:                 0 kB
1777826386.064891972 Zswapped:              0 kB
1777826386.064891972 Dirty:                48 kB
1777826386.064891972 Writeback:             0 kB
1777826386.064891972 AnonPages:         97712 kB
1777826386.064891972 Mapped:           104296 kB
1777826386.064891972 Shmem:              5240 kB
1777826386.064891972 KReclaimable:      30312 kB
1777826386.064891972 Slab:             121928 kB
1777826386.064891972 SReclaimable:      30312 kB
1777826386.064891972 SUnreclaim:        91616 kB
1777826386.064891972 KernelStack:        3168 kB
1777826386.064891972 PageTables:         4196 kB
1777826386.064891972 SecPageTables:         0 kB
1777826386.064891972 NFS_Unstable:          0 kB
1777826386.064891972 Bounce:                0 kB
1777826386.064891972 WritebackTmp:          0 kB
1777826386.064891972 CommitLimit:     3537964 kB
1777826386.064891972 Committed_AS:     502772 kB
1777826386.064891972 VmallocTotal:   135288315904 kB
1777826386.064891972 VmallocUsed:       19292 kB
1777826386.064891972 VmallocChunk:          0 kB
1777826386.064891972 Percpu:             1456 kB
1777826386.064891972 AnonHugePages:         0 kB
1777826386.064891972 ShmemHugePages:        0 kB
1777826386.064891972 ShmemPmdMapped:        0 kB
1777826386.064891972 FileHugePages:         0 kB
1777826386.064891972 FilePmdMapped:         0 kB
1777826386.064891972 CmaTotal:          65536 kB
1777826386.064891972 CmaFree:           49104 kB
1777826386.064891972 Balloon:               0 kB
1777826386.064891972 HugePages_Total:     512
1777826386.064891972 HugePages_Free:      488
1777826386.064891972 HugePages_Rsvd:        0
1777826386.064891972 HugePages_Surp:        0
1777826386.064891972 Hugepagesize:       2048 kB
1777826386.064891972 Hugetlb:         1048576 kB
1777826387.073521254 MemTotal:        8124504 kB
1777826387.073521254 MemFree:         6334336 kB
1777826387.073521254 MemAvailable:    6651044 kB
1777826387.073521254 Buffers:           30260 kB
1777826387.073521254 Cached:           416208 kB
1777826387.073521254 SwapCached:            0 kB
1777826387.073521254 Active:           437900 kB
1777826387.073521254 Inactive:         106004 kB
1777826387.073521254 Active(anon):     102592 kB
1777826387.073521254 Inactive(anon):        0 kB
1777826387.073521254 Active(file):     335308 kB
1777826387.073521254 Inactive(file):   106004 kB
1777826387.073521254 Unevictable:           0 kB
1777826387.073521254 Mlocked:               0 kB
1777826387.073521254 SwapTotal:             0 kB
1777826387.073521254 SwapFree:              0 kB
1777826387.073521254 Zswap:                 0 kB
1777826387.073521254 Zswapped:              0 kB
1777826387.073521254 Dirty:                52 kB
1777826387.073521254 Writeback:             0 kB
1777826387.073521254 AnonPages:         97624 kB
1777826387.073521254 Mapped:           104256 kB
1777826387.073521254 Shmem:              5240 kB
1777826387.073521254 KReclaimable:      30312 kB
1777826387.073521254 Slab:             121988 kB
1777826387.073521254 SReclaimable:      30312 kB
1777826387.073521254 SUnreclaim:        91676 kB
1777826387.073521254 KernelStack:        3168 kB
1777826387.073521254 PageTables:         4188 kB
1777826387.073521254 SecPageTables:         0 kB
1777826387.073521254 NFS_Unstable:          0 kB
1777826387.073521254 Bounce:                0 kB
1777826387.073521254 WritebackTmp:          0 kB
1777826387.073521254 CommitLimit:     3537964 kB
1777826387.073521254 Committed_AS:     502772 kB
1777826387.073521254 VmallocTotal:   135288315904 kB
1777826387.073521254 VmallocUsed:       19308 kB
1777826387.073521254 VmallocChunk:          0 kB
1777826387.073521254 Percpu:             1456 kB
1777826387.073521254 AnonHugePages:         0 kB
1777826387.073521254 ShmemHugePages:        0 kB
1777826387.073521254 ShmemPmdMapped:        0 kB
1777826387.073521254 FileHugePages:         0 kB
1777826387.073521254 FilePmdMapped:         0 kB
1777826387.073521254 CmaTotal:          65536 kB
1777826387.073521254 CmaFree:           49104 kB
1777826387.073521254 Balloon:               0 kB
1777826387.073521254 HugePages_Total:     512
1777826387.073521254 HugePages_Free:      488
1777826387.073521254 HugePages_Rsvd:        0
1777826387.073521254 HugePages_Surp:        0
1777826387.073521254 Hugepagesize:       2048 kB
1777826387.073521254 Hugetlb:         1048576 kB
1777826388.081669014 MemTotal:        8124504 kB
1777826388.081669014 MemFree:         6334132 kB
1777826388.081669014 MemAvailable:    6650844 kB
1777826388.081669014 Buffers:           30260 kB
1777826388.081669014 Cached:           416208 kB
1777826388.081669014 SwapCached:            0 kB
1777826388.081669014 Active:           437944 kB
1777826388.081669014 Inactive:         106004 kB
1777826388.081669014 Active(anon):     102632 kB
1777826388.081669014 Inactive(anon):        0 kB
1777826388.081669014 Active(file):     335312 kB
1777826388.081669014 Inactive(file):   106004 kB
1777826388.081669014 Unevictable:           0 kB
1777826388.081669014 Mlocked:               0 kB
1777826388.081669014 SwapTotal:             0 kB
1777826388.081669014 SwapFree:              0 kB
1777826388.081669014 Zswap:                 0 kB
1777826388.081669014 Zswapped:              0 kB
1777826388.081669014 Dirty:                52 kB
1777826388.081669014 Writeback:             0 kB
1777826388.081669014 AnonPages:         97628 kB
1777826388.081669014 Mapped:           104256 kB
1777826388.081669014 Shmem:              5240 kB
1777826388.081669014 KReclaimable:      30312 kB
1777826388.081669014 Slab:             122060 kB
1777826388.081669014 SReclaimable:      30312 kB
1777826388.081669014 SUnreclaim:        91748 kB
1777826388.081669014 KernelStack:        3168 kB
1777826388.081669014 PageTables:         4308 kB
1777826388.081669014 SecPageTables:         0 kB
1777826388.081669014 NFS_Unstable:          0 kB
1777826388.081669014 Bounce:                0 kB
1777826388.081669014 WritebackTmp:          0 kB
1777826388.081669014 CommitLimit:     3537964 kB
1777826388.081669014 Committed_AS:     502772 kB
1777826388.081669014 VmallocTotal:   135288315904 kB
1777826388.081669014 VmallocUsed:       19308 kB
1777826388.081669014 VmallocChunk:          0 kB
1777826388.081669014 Percpu:             1456 kB
1777826388.081669014 AnonHugePages:         0 kB
1777826388.081669014 ShmemHugePages:        0 kB
1777826388.081669014 ShmemPmdMapped:        0 kB
1777826388.081669014 FileHugePages:         0 kB
1777826388.081669014 FilePmdMapped:         0 kB
1777826388.081669014 CmaTotal:          65536 kB
1777826388.081669014 CmaFree:           49104 kB
1777826388.081669014 Balloon:               0 kB
1777826388.081669014 HugePages_Total:     512
1777826388.081669014 HugePages_Free:      488
1777826388.081669014 HugePages_Rsvd:        0
1777826388.081669014 HugePages_Surp:        0
1777826388.081669014 Hugepagesize:       2048 kB
1777826388.081669014 Hugetlb:         1048576 kB
1777826389.089585438 MemTotal:        8124504 kB
1777826389.089585438 MemFree:         6335508 kB
1777826389.089585438 MemAvailable:    6652232 kB
1777826389.089585438 Buffers:           30264 kB
1777826389.089585438 Cached:           416212 kB
1777826389.089585438 SwapCached:            0 kB
1777826389.089585438 Active:           437992 kB
1777826389.089585438 Inactive:         106012 kB
1777826389.089585438 Active(anon):     102676 kB
1777826389.089585438 Inactive(anon):        0 kB
1777826389.089585438 Active(file):     335316 kB
1777826389.089585438 Inactive(file):   106012 kB
1777826389.089585438 Unevictable:           0 kB
1777826389.089585438 Mlocked:               0 kB
1777826389.089585438 SwapTotal:             0 kB
1777826389.089585438 SwapFree:              0 kB
1777826389.089585438 Zswap:                 0 kB
1777826389.089585438 Zswapped:              0 kB
1777826389.089585438 Dirty:                60 kB
1777826389.089585438 Writeback:             0 kB
1777826389.089585438 AnonPages:         97708 kB
1777826389.089585438 Mapped:           104256 kB
1777826389.089585438 Shmem:              5240 kB
1777826389.089585438 KReclaimable:      30312 kB
1777826389.089585438 Slab:             122000 kB
1777826389.089585438 SReclaimable:      30312 kB
1777826389.089585438 SUnreclaim:        91688 kB
1777826389.089585438 KernelStack:        3168 kB
1777826389.089585438 PageTables:         4188 kB
1777826389.089585438 SecPageTables:         0 kB
1777826389.089585438 NFS_Unstable:          0 kB
1777826389.089585438 Bounce:                0 kB
1777826389.089585438 WritebackTmp:          0 kB
1777826389.089585438 CommitLimit:     3537964 kB
1777826389.089585438 Committed_AS:     502772 kB
1777826389.089585438 VmallocTotal:   135288315904 kB
1777826389.089585438 VmallocUsed:       19292 kB
1777826389.089585438 VmallocChunk:          0 kB
1777826389.089585438 Percpu:             1456 kB
1777826389.089585438 AnonHugePages:         0 kB
1777826389.089585438 ShmemHugePages:        0 kB
1777826389.089585438 ShmemPmdMapped:        0 kB
1777826389.089585438 FileHugePages:         0 kB
1777826389.089585438 FilePmdMapped:         0 kB
1777826389.089585438 CmaTotal:          65536 kB
1777826389.089585438 CmaFree:           49104 kB
1777826389.089585438 Balloon:               0 kB
1777826389.089585438 HugePages_Total:     512
1777826389.089585438 HugePages_Free:      488
1777826389.089585438 HugePages_Rsvd:        0
1777826389.089585438 HugePages_Surp:        0
1777826389.089585438 Hugepagesize:       2048 kB
1777826389.089585438 Hugetlb:         1048576 kB
1777826390.099239969 MemTotal:        8124504 kB
1777826390.099239969 MemFree:         6333828 kB
1777826390.099239969 MemAvailable:    6650556 kB
1777826390.099239969 Buffers:           30268 kB
1777826390.099239969 Cached:           416216 kB
1777826390.099239969 SwapCached:            0 kB
1777826390.099239969 Active:           437976 kB
1777826390.099239969 Inactive:         106020 kB
1777826390.099239969 Active(anon):     102664 kB
1777826390.099239969 Inactive(anon):        0 kB
1777826390.099239969 Active(file):     335312 kB
1777826390.099239969 Inactive(file):   106020 kB
1777826390.099239969 Unevictable:           0 kB
1777826390.099239969 Mlocked:               0 kB
1777826390.099239969 SwapTotal:             0 kB
1777826390.099239969 SwapFree:              0 kB
1777826390.099239969 Zswap:                 0 kB
1777826390.099239969 Zswapped:              0 kB
1777826390.099239969 Dirty:                64 kB
1777826390.099239969 Writeback:             0 kB
1777826390.099239969 AnonPages:         97828 kB
1777826390.099239969 Mapped:           104436 kB
1777826390.099239969 Shmem:              5240 kB
1777826390.099239969 KReclaimable:      30312 kB
1777826390.099239969 Slab:             122096 kB
1777826390.099239969 SReclaimable:      30312 kB
1777826390.099239969 SUnreclaim:        91784 kB
1777826390.099239969 KernelStack:        3176 kB
1777826390.099239969 PageTables:         4576 kB
1777826390.099239969 SecPageTables:         0 kB
1777826390.099239969 NFS_Unstable:          0 kB
1777826390.099239969 Bounce:                0 kB
1777826390.099239969 WritebackTmp:          0 kB
1777826390.099239969 CommitLimit:     3537964 kB
1777826390.099239969 Committed_AS:     502772 kB
1777826390.099239969 VmallocTotal:   135288315904 kB
1777826390.099239969 VmallocUsed:       19308 kB
1777826390.099239969 VmallocChunk:          0 kB
1777826390.099239969 Percpu:             1456 kB
1777826390.099239969 AnonHugePages:         0 kB
1777826390.099239969 ShmemHugePages:        0 kB
1777826390.099239969 ShmemPmdMapped:        0 kB
1777826390.099239969 FileHugePages:         0 kB
1777826390.099239969 FilePmdMapped:         0 kB
1777826390.099239969 CmaTotal:          65536 kB
1777826390.099239969 CmaFree:           49104 kB
1777826390.099239969 Balloon:               0 kB
1777826390.099239969 HugePages_Total:     512
1777826390.099239969 HugePages_Free:      488
1777826390.099239969 HugePages_Rsvd:        0
1777826390.099239969 HugePages_Surp:        0
1777826390.099239969 Hugepagesize:       2048 kB
1777826390.099239969 Hugetlb:         1048576 kB
1777826391.106872002 MemTotal:        8124504 kB
1777826391.106872002 MemFree:         6338996 kB
1777826391.106872002 MemAvailable:    6655732 kB
1777826391.106872002 Buffers:           30268 kB
1777826391.106872002 Cached:           416224 kB
1777826391.106872002 SwapCached:            0 kB
1777826391.106872002 Active:           438072 kB
1777826391.106872002 Inactive:         106028 kB
1777826391.106872002 Active(anon):     102760 kB
1777826391.106872002 Inactive(anon):        0 kB
1777826391.106872002 Active(file):     335312 kB
1777826391.106872002 Inactive(file):   106028 kB
1777826391.106872002 Unevictable:           0 kB
1777826391.106872002 Mlocked:               0 kB
1777826391.106872002 SwapTotal:             0 kB
1777826391.106872002 SwapFree:              0 kB
1777826391.106872002 Zswap:                 0 kB
1777826391.106872002 Zswapped:              0 kB
1777826391.106872002 Dirty:                72 kB
1777826391.106872002 Writeback:             0 kB
1777826391.106872002 AnonPages:         97720 kB
1777826391.106872002 Mapped:           104504 kB
1777826391.106872002 Shmem:              5240 kB
1777826391.106872002 KReclaimable:      30312 kB
1777826391.106872002 Slab:             122064 kB
1777826391.106872002 SReclaimable:      30312 kB
1777826391.106872002 SUnreclaim:        91752 kB
1777826391.106872002 KernelStack:        3176 kB
1777826391.106872002 PageTables:         4692 kB
1777826391.106872002 SecPageTables:         0 kB
1777826391.106872002 NFS_Unstable:          0 kB
1777826391.106872002 Bounce:                0 kB
1777826391.106872002 WritebackTmp:          0 kB
1777826391.106872002 CommitLimit:     3537964 kB
1777826391.106872002 Committed_AS:     502772 kB
1777826391.106872002 VmallocTotal:   135288315904 kB
1777826391.106872002 VmallocUsed:       19292 kB
1777826391.106872002 VmallocChunk:          0 kB
1777826391.106872002 Percpu:             1456 kB
1777826391.106872002 AnonHugePages:         0 kB
1777826391.106872002 ShmemHugePages:        0 kB
1777826391.106872002 ShmemPmdMapped:        0 kB
1777826391.106872002 FileHugePages:         0 kB
1777826391.106872002 FilePmdMapped:         0 kB
1777826391.106872002 CmaTotal:          65536 kB
1777826391.106872002 CmaFree:           49104 kB
1777826391.106872002 Balloon:               0 kB
1777826391.106872002 HugePages_Total:     512
1777826391.106872002 HugePages_Free:      488
1777826391.106872002 HugePages_Rsvd:        0
1777826391.106872002 HugePages_Surp:        0
1777826391.106872002 Hugepagesize:       2048 kB
1777826391.106872002 Hugetlb:         1048576 kB
1777826392.115160355 MemTotal:        8124504 kB
1777826392.115160355 MemFree:         6337428 kB
1777826392.115160355 MemAvailable:    6654172 kB
1777826392.115160355 Buffers:           30268 kB
1777826392.115160355 Cached:           416232 kB
1777826392.115160355 SwapCached:            0 kB
1777826392.115160355 Active:           438232 kB
1777826392.115160355 Inactive:         106036 kB
1777826392.115160355 Active(anon):     102920 kB
1777826392.115160355 Inactive(anon):        0 kB
1777826392.115160355 Active(file):     335312 kB
1777826392.115160355 Inactive(file):   106036 kB
1777826392.115160355 Unevictable:           0 kB
1777826392.115160355 Mlocked:               0 kB
1777826392.115160355 SwapTotal:             0 kB
1777826392.115160355 SwapFree:              0 kB
1777826392.115160355 Zswap:                 0 kB
1777826392.115160355 Zswapped:              0 kB
1777826392.115160355 Dirty:                80 kB
1777826392.115160355 Writeback:             0 kB
1777826392.115160355 AnonPages:         97052 kB
1777826392.115160355 Mapped:           104252 kB
1777826392.115160355 Shmem:              5240 kB
1777826392.115160355 KReclaimable:      30312 kB
1777826392.115160355 Slab:             121992 kB
1777826392.115160355 SReclaimable:      30312 kB
1777826392.115160355 SUnreclaim:        91680 kB
1777826392.115160355 KernelStack:        3208 kB
1777826392.115160355 PageTables:         4744 kB
1777826392.115160355 SecPageTables:         0 kB
1777826392.115160355 NFS_Unstable:          0 kB
1777826392.115160355 Bounce:                0 kB
1777826392.115160355 WritebackTmp:          0 kB
1777826392.115160355 CommitLimit:     3537964 kB
1777826392.115160355 Committed_AS:     501696 kB
1777826392.115160355 VmallocTotal:   135288315904 kB
1777826392.115160355 VmallocUsed:       19292 kB
1777826392.115160355 VmallocChunk:          0 kB
1777826392.115160355 Percpu:             1456 kB
1777826392.115160355 AnonHugePages:         0 kB
1777826392.115160355 ShmemHugePages:        0 kB
1777826392.115160355 ShmemPmdMapped:        0 kB
1777826392.115160355 FileHugePages:         0 kB
1777826392.115160355 FilePmdMapped:         0 kB
1777826392.115160355 CmaTotal:          65536 kB
1777826392.115160355 CmaFree:           49104 kB
1777826392.115160355 Balloon:               0 kB
1777826392.115160355 HugePages_Total:     512
1777826392.115160355 HugePages_Free:      488
1777826392.115160355 HugePages_Rsvd:        0
1777826392.115160355 HugePages_Surp:        0
1777826392.115160355 Hugepagesize:       2048 kB
1777826392.115160355 Hugetlb:         1048576 kB
1777826393.125259463 MemTotal:        8124504 kB
1777826393.125259463 MemFree:         6339328 kB
1777826393.125259463 MemAvailable:    6656076 kB
1777826393.125259463 Buffers:           30268 kB
1777826393.125259463 Cached:           416236 kB
1777826393.125259463 SwapCached:            0 kB
1777826393.125259463 Active:           438040 kB
1777826393.125259463 Inactive:         106036 kB
1777826393.125259463 Active(anon):     102724 kB
1777826393.125259463 Inactive(anon):        0 kB
1777826393.125259463 Active(file):     335316 kB
1777826393.125259463 Inactive(file):   106036 kB
1777826393.125259463 Unevictable:           0 kB
1777826393.125259463 Mlocked:               0 kB
1777826393.125259463 SwapTotal:             0 kB
1777826393.125259463 SwapFree:              0 kB
1777826393.125259463 Zswap:                 0 kB
1777826393.125259463 Zswapped:              0 kB
1777826393.125259463 Dirty:                84 kB
1777826393.125259463 Writeback:             0 kB
1777826393.125259463 AnonPages:         97756 kB
1777826393.125259463 Mapped:           104256 kB
1777826393.125259463 Shmem:              5240 kB
1777826393.125259463 KReclaimable:      30312 kB
1777826393.125259463 Slab:             122044 kB
1777826393.125259463 SReclaimable:      30312 kB
1777826393.125259463 SUnreclaim:        91732 kB
1777826393.125259463 KernelStack:        3184 kB
1777826393.125259463 PageTables:         4236 kB
1777826393.125259463 SecPageTables:         0 kB
1777826393.125259463 NFS_Unstable:          0 kB
1777826393.125259463 Bounce:                0 kB
1777826393.125259463 WritebackTmp:          0 kB
1777826393.125259463 CommitLimit:     3537964 kB
1777826393.125259463 Committed_AS:     502772 kB
1777826393.125259463 VmallocTotal:   135288315904 kB
1777826393.125259463 VmallocUsed:       19276 kB
1777826393.125259463 VmallocChunk:          0 kB
1777826393.125259463 Percpu:             1456 kB
1777826393.125259463 AnonHugePages:         0 kB
1777826393.125259463 ShmemHugePages:        0 kB
1777826393.125259463 ShmemPmdMapped:        0 kB
1777826393.125259463 FileHugePages:         0 kB
1777826393.125259463 FilePmdMapped:         0 kB
1777826393.125259463 CmaTotal:          65536 kB
1777826393.125259463 CmaFree:           49104 kB
1777826393.125259463 Balloon:               0 kB
1777826393.125259463 HugePages_Total:     512
1777826393.125259463 HugePages_Free:      488
1777826393.125259463 HugePages_Rsvd:        0
1777826393.125259463 HugePages_Surp:        0
1777826393.125259463 Hugepagesize:       2048 kB
1777826393.125259463 Hugetlb:         1048576 kB
1777826394.133747226 MemTotal:        8124504 kB
1777826394.133747226 MemFree:         6332372 kB
1777826394.133747226 MemAvailable:    6649128 kB
1777826394.133747226 Buffers:           30272 kB
1777826394.133747226 Cached:           416236 kB
1777826394.133747226 SwapCached:            0 kB
1777826394.133747226 Active:           438060 kB
1777826394.133747226 Inactive:         106044 kB
1777826394.133747226 Active(anon):     102744 kB
1777826394.133747226 Inactive(anon):        0 kB
1777826394.133747226 Active(file):     335316 kB
1777826394.133747226 Inactive(file):   106044 kB
1777826394.133747226 Unevictable:           0 kB
1777826394.133747226 Mlocked:               0 kB
1777826394.133747226 SwapTotal:             0 kB
1777826394.133747226 SwapFree:              0 kB
1777826394.133747226 Zswap:                 0 kB
1777826394.133747226 Zswapped:              0 kB
1777826394.133747226 Dirty:                88 kB
1777826394.133747226 Writeback:             0 kB
1777826394.133747226 AnonPages:         97760 kB
1777826394.133747226 Mapped:           104380 kB
1777826394.133747226 Shmem:              5240 kB
1777826394.133747226 KReclaimable:      30312 kB
1777826394.133747226 Slab:             122212 kB
1777826394.133747226 SReclaimable:      30312 kB
1777826394.133747226 SUnreclaim:        91900 kB
1777826394.133747226 KernelStack:        3184 kB
1777826394.133747226 PageTables:         4236 kB
1777826394.133747226 SecPageTables:         0 kB
1777826394.133747226 NFS_Unstable:          0 kB
1777826394.133747226 Bounce:                0 kB
1777826394.133747226 WritebackTmp:          0 kB
1777826394.133747226 CommitLimit:     3537964 kB
1777826394.133747226 Committed_AS:     502772 kB
1777826394.133747226 VmallocTotal:   135288315904 kB
1777826394.133747226 VmallocUsed:       19276 kB
1777826394.133747226 VmallocChunk:          0 kB
1777826394.133747226 Percpu:             1456 kB
1777826394.133747226 AnonHugePages:         0 kB
1777826394.133747226 ShmemHugePages:        0 kB
1777826394.133747226 ShmemPmdMapped:        0 kB
1777826394.133747226 FileHugePages:         0 kB
1777826394.133747226 FilePmdMapped:         0 kB
1777826394.133747226 CmaTotal:          65536 kB
1777826394.133747226 CmaFree:           49104 kB
1777826394.133747226 Balloon:               0 kB
1777826394.133747226 HugePages_Total:     512
1777826394.133747226 HugePages_Free:      488
1777826394.133747226 HugePages_Rsvd:        0
1777826394.133747226 HugePages_Surp:        0
1777826394.133747226 Hugepagesize:       2048 kB
1777826394.133747226 Hugetlb:         1048576 kB
1777826395.142695103 MemTotal:        8124504 kB
1777826395.142695103 MemFree:         6330540 kB
1777826395.142695103 MemAvailable:    6647304 kB
1777826395.142695103 Buffers:           30276 kB
1777826395.142695103 Cached:           416244 kB
1777826395.142695103 SwapCached:            0 kB
1777826395.142695103 Active:           437984 kB
1777826395.142695103 Inactive:         106056 kB
1777826395.142695103 Active(anon):     102672 kB
1777826395.142695103 Inactive(anon):        0 kB
1777826395.142695103 Active(file):     335312 kB
1777826395.142695103 Inactive(file):   106056 kB
1777826395.142695103 Unevictable:           0 kB
1777826395.142695103 Mlocked:               0 kB
1777826395.142695103 SwapTotal:             0 kB
1777826395.142695103 SwapFree:              0 kB
1777826395.142695103 Zswap:                 0 kB
1777826395.142695103 Zswapped:              0 kB
1777826395.142695103 Dirty:                96 kB
1777826395.142695103 Writeback:             0 kB
1777826395.142695103 AnonPages:         97664 kB
1777826395.142695103 Mapped:           104256 kB
1777826395.142695103 Shmem:              5240 kB
1777826395.142695103 KReclaimable:      30312 kB
1777826395.142695103 Slab:             122080 kB
1777826395.142695103 SReclaimable:      30312 kB
1777826395.142695103 SUnreclaim:        91768 kB
1777826395.142695103 KernelStack:        3168 kB
1777826395.142695103 PageTables:         4248 kB
1777826395.142695103 SecPageTables:         0 kB
1777826395.142695103 NFS_Unstable:          0 kB
1777826395.142695103 Bounce:                0 kB
1777826395.142695103 WritebackTmp:          0 kB
1777826395.142695103 CommitLimit:     3537964 kB
1777826395.142695103 Committed_AS:     502772 kB
1777826395.142695103 VmallocTotal:   135288315904 kB
1777826395.142695103 VmallocUsed:       19276 kB
1777826395.142695103 VmallocChunk:          0 kB
1777826395.142695103 Percpu:             1456 kB
1777826395.142695103 AnonHugePages:         0 kB
1777826395.142695103 ShmemHugePages:        0 kB
1777826395.142695103 ShmemPmdMapped:        0 kB
1777826395.142695103 FileHugePages:         0 kB
1777826395.142695103 FilePmdMapped:         0 kB
1777826395.142695103 CmaTotal:          65536 kB
1777826395.142695103 CmaFree:           49104 kB
1777826395.142695103 Balloon:               0 kB
1777826395.142695103 HugePages_Total:     512
1777826395.142695103 HugePages_Free:      488
1777826395.142695103 HugePages_Rsvd:        0
1777826395.142695103 HugePages_Surp:        0
1777826395.142695103 Hugepagesize:       2048 kB
1777826395.142695103 Hugetlb:         1048576 kB
1777826396.151042438 MemTotal:        8124504 kB
1777826396.151042438 MemFree:         6341820 kB
1777826396.151042438 MemAvailable:    6658584 kB
1777826396.151042438 Buffers:           30276 kB
1777826396.151042438 Cached:           416244 kB
1777826396.151042438 SwapCached:            0 kB
1777826396.151042438 Active:           438016 kB
1777826396.151042438 Inactive:         106056 kB
1777826396.151042438 Active(anon):     102704 kB
1777826396.151042438 Inactive(anon):        0 kB
1777826396.151042438 Active(file):     335312 kB
1777826396.151042438 Inactive(file):   106056 kB
1777826396.151042438 Unevictable:           0 kB
1777826396.151042438 Mlocked:               0 kB
1777826396.151042438 SwapTotal:             0 kB
1777826396.151042438 SwapFree:              0 kB
1777826396.151042438 Zswap:                 0 kB
1777826396.151042438 Zswapped:              0 kB
1777826396.151042438 Dirty:                96 kB
1777826396.151042438 Writeback:             0 kB
1777826396.151042438 AnonPages:         97664 kB
1777826396.151042438 Mapped:           104256 kB
1777826396.151042438 Shmem:              5240 kB
1777826396.151042438 KReclaimable:      30312 kB
1777826396.151042438 Slab:             122136 kB
1777826396.151042438 SReclaimable:      30312 kB
1777826396.151042438 SUnreclaim:        91824 kB
1777826396.151042438 KernelStack:        3168 kB
1777826396.151042438 PageTables:         4232 kB
1777826396.151042438 SecPageTables:         0 kB
1777826396.151042438 NFS_Unstable:          0 kB
1777826396.151042438 Bounce:                0 kB
1777826396.151042438 WritebackTmp:          0 kB
1777826396.151042438 CommitLimit:     3537964 kB
1777826396.151042438 Committed_AS:     502772 kB
1777826396.151042438 VmallocTotal:   135288315904 kB
1777826396.151042438 VmallocUsed:       19276 kB
1777826396.151042438 VmallocChunk:          0 kB
1777826396.151042438 Percpu:             1456 kB
1777826396.151042438 AnonHugePages:         0 kB
1777826396.151042438 ShmemHugePages:        0 kB
1777826396.151042438 ShmemPmdMapped:        0 kB
1777826396.151042438 FileHugePages:         0 kB
1777826396.151042438 FilePmdMapped:         0 kB
1777826396.151042438 CmaTotal:          65536 kB
1777826396.151042438 CmaFree:           49104 kB
1777826396.151042438 Balloon:               0 kB
1777826396.151042438 HugePages_Total:     512
1777826396.151042438 HugePages_Free:      488
1777826396.151042438 HugePages_Rsvd:        0
1777826396.151042438 HugePages_Surp:        0
1777826396.151042438 Hugepagesize:       2048 kB
1777826396.151042438 Hugetlb:         1048576 kB
1777826397.160776543 MemTotal:        8124504 kB
1777826397.160776543 MemFree:         6334716 kB
1777826397.160776543 MemAvailable:    6651488 kB
1777826397.160776543 Buffers:           30276 kB
1777826397.160776543 Cached:           416252 kB
1777826397.160776543 SwapCached:            0 kB
1777826397.160776543 Active:           437968 kB
1777826397.160776543 Inactive:         106060 kB
1777826397.160776543 Active(anon):     102652 kB
1777826397.160776543 Inactive(anon):        0 kB
1777826397.160776543 Active(file):     335316 kB
1777826397.160776543 Inactive(file):   106060 kB
1777826397.160776543 Unevictable:           0 kB
1777826397.160776543 Mlocked:               0 kB
1777826397.160776543 SwapTotal:             0 kB
1777826397.160776543 SwapFree:              0 kB
1777826397.160776543 Zswap:                 0 kB
1777826397.160776543 Zswapped:              0 kB
1777826397.160776543 Dirty:               104 kB
1777826397.160776543 Writeback:             0 kB
1777826397.160776543 AnonPages:         97748 kB
1777826397.160776543 Mapped:           104256 kB
1777826397.160776543 Shmem:              5240 kB
1777826397.160776543 KReclaimable:      30312 kB
1777826397.160776543 Slab:             122148 kB
1777826397.160776543 SReclaimable:      30312 kB
1777826397.160776543 SUnreclaim:        91836 kB
1777826397.160776543 KernelStack:        3184 kB
1777826397.160776543 PageTables:         4232 kB
1777826397.160776543 SecPageTables:         0 kB
1777826397.160776543 NFS_Unstable:          0 kB
1777826397.160776543 Bounce:                0 kB
1777826397.160776543 WritebackTmp:          0 kB
1777826397.160776543 CommitLimit:     3537964 kB
1777826397.160776543 Committed_AS:     502772 kB
1777826397.160776543 VmallocTotal:   135288315904 kB
1777826397.160776543 VmallocUsed:       19292 kB
1777826397.160776543 VmallocChunk:          0 kB
1777826397.160776543 Percpu:             1456 kB
1777826397.160776543 AnonHugePages:         0 kB
1777826397.160776543 ShmemHugePages:        0 kB
1777826397.160776543 ShmemPmdMapped:        0 kB
1777826397.160776543 FileHugePages:         0 kB
1777826397.160776543 FilePmdMapped:         0 kB
1777826397.160776543 CmaTotal:          65536 kB
1777826397.160776543 CmaFree:           49104 kB
1777826397.160776543 Balloon:               0 kB
1777826397.160776543 HugePages_Total:     512
1777826397.160776543 HugePages_Free:      488
1777826397.160776543 HugePages_Rsvd:        0
1777826397.160776543 HugePages_Surp:        0
1777826397.160776543 Hugepagesize:       2048 kB
1777826397.160776543 Hugetlb:         1048576 kB
1777826398.169955570 MemTotal:        8124504 kB
1777826398.169955570 MemFree:         6332472 kB
1777826398.169955570 MemAvailable:    6649248 kB
1777826398.169955570 Buffers:           30276 kB
1777826398.169955570 Cached:           416256 kB
1777826398.169955570 SwapCached:            0 kB
1777826398.169955570 Active:           437956 kB
1777826398.169955570 Inactive:         106068 kB
1777826398.169955570 Active(anon):     102644 kB
1777826398.169955570 Inactive(anon):        0 kB
1777826398.169955570 Active(file):     335312 kB
1777826398.169955570 Inactive(file):   106068 kB
1777826398.169955570 Unevictable:           0 kB
1777826398.169955570 Mlocked:               0 kB
1777826398.169955570 SwapTotal:             0 kB
1777826398.169955570 SwapFree:              0 kB
1777826398.169955570 Zswap:                 0 kB
1777826398.169955570 Zswapped:              0 kB
1777826398.169955570 Dirty:               108 kB
1777826398.169955570 Writeback:             0 kB
1777826398.169955570 AnonPages:         97668 kB
1777826398.169955570 Mapped:           104256 kB
1777826398.169955570 Shmem:              5240 kB
1777826398.169955570 KReclaimable:      30312 kB
1777826398.169955570 Slab:             122100 kB
1777826398.169955570 SReclaimable:      30312 kB
1777826398.169955570 SUnreclaim:        91788 kB
1777826398.169955570 KernelStack:        3168 kB
1777826398.169955570 PageTables:         4244 kB
1777826398.169955570 SecPageTables:         0 kB
1777826398.169955570 NFS_Unstable:          0 kB
1777826398.169955570 Bounce:                0 kB
1777826398.169955570 WritebackTmp:          0 kB
1777826398.169955570 CommitLimit:     3537964 kB
1777826398.169955570 Committed_AS:     502772 kB
1777826398.169955570 VmallocTotal:   135288315904 kB
1777826398.169955570 VmallocUsed:       19276 kB
1777826398.169955570 VmallocChunk:          0 kB
1777826398.169955570 Percpu:             1456 kB
1777826398.169955570 AnonHugePages:         0 kB
1777826398.169955570 ShmemHugePages:        0 kB
1777826398.169955570 ShmemPmdMapped:        0 kB
1777826398.169955570 FileHugePages:         0 kB
1777826398.169955570 FilePmdMapped:         0 kB
1777826398.169955570 CmaTotal:          65536 kB
1777826398.169955570 CmaFree:           49104 kB
1777826398.169955570 Balloon:               0 kB
1777826398.169955570 HugePages_Total:     512
1777826398.169955570 HugePages_Free:      488
1777826398.169955570 HugePages_Rsvd:        0
1777826398.169955570 HugePages_Surp:        0
1777826398.169955570 Hugepagesize:       2048 kB
1777826398.169955570 Hugetlb:         1048576 kB
1777826399.179111856 MemTotal:        8124504 kB
1777826399.179111856 MemFree:         6331524 kB
1777826399.179111856 MemAvailable:    6648304 kB
1777826399.179111856 Buffers:           30276 kB
1777826399.179111856 Cached:           416264 kB
1777826399.179111856 SwapCached:            0 kB
1777826399.179111856 Active:           438000 kB
1777826399.179111856 Inactive:         106072 kB
1777826399.179111856 Active(anon):     102688 kB
1777826399.179111856 Inactive(anon):        0 kB
1777826399.179111856 Active(file):     335312 kB
1777826399.179111856 Inactive(file):   106072 kB
1777826399.179111856 Unevictable:           0 kB
1777826399.179111856 Mlocked:               0 kB
1777826399.179111856 SwapTotal:             0 kB
1777826399.179111856 SwapFree:              0 kB
1777826399.179111856 Zswap:                 0 kB
1777826399.179111856 Zswapped:              0 kB
1777826399.179111856 Dirty:               116 kB
1777826399.179111856 Writeback:             0 kB
1777826399.179111856 AnonPages:         97668 kB
1777826399.179111856 Mapped:           104256 kB
1777826399.179111856 Shmem:              5240 kB
1777826399.179111856 KReclaimable:      30312 kB
1777826399.179111856 Slab:             122084 kB
1777826399.179111856 SReclaimable:      30312 kB
1777826399.179111856 SUnreclaim:        91772 kB
1777826399.179111856 KernelStack:        3184 kB
1777826399.179111856 PageTables:         4240 kB
1777826399.179111856 SecPageTables:         0 kB
1777826399.179111856 NFS_Unstable:          0 kB
1777826399.179111856 Bounce:                0 kB
1777826399.179111856 WritebackTmp:          0 kB
1777826399.179111856 CommitLimit:     3537964 kB
1777826399.179111856 Committed_AS:     502772 kB
1777826399.179111856 VmallocTotal:   135288315904 kB
1777826399.179111856 VmallocUsed:       19276 kB
1777826399.179111856 VmallocChunk:          0 kB
1777826399.179111856 Percpu:             1456 kB
1777826399.179111856 AnonHugePages:         0 kB
1777826399.179111856 ShmemHugePages:        0 kB
1777826399.179111856 ShmemPmdMapped:        0 kB
1777826399.179111856 FileHugePages:         0 kB
1777826399.179111856 FilePmdMapped:         0 kB
1777826399.179111856 CmaTotal:          65536 kB
1777826399.179111856 CmaFree:           49104 kB
1777826399.179111856 Balloon:               0 kB
1777826399.179111856 HugePages_Total:     512
1777826399.179111856 HugePages_Free:      488
1777826399.179111856 HugePages_Rsvd:        0
1777826399.179111856 HugePages_Surp:        0
1777826399.179111856 Hugepagesize:       2048 kB
1777826399.179111856 Hugetlb:         1048576 kB
1777826400.188060603 MemTotal:        8124504 kB
1777826400.188060603 MemFree:         6330624 kB
1777826400.188060603 MemAvailable:    6647420 kB
1777826400.188060603 Buffers:           30284 kB
1777826400.188060603 Cached:           416272 kB
1777826400.188060603 SwapCached:            0 kB
1777826400.188060603 Active:           438104 kB
1777826400.188060603 Inactive:         106088 kB
1777826400.188060603 Active(anon):     102792 kB
1777826400.188060603 Inactive(anon):        0 kB
1777826400.188060603 Active(file):     335312 kB
1777826400.188060603 Inactive(file):   106088 kB
1777826400.188060603 Unevictable:           0 kB
1777826400.188060603 Mlocked:               0 kB
1777826400.188060603 SwapTotal:             0 kB
1777826400.188060603 SwapFree:              0 kB
1777826400.188060603 Zswap:                 0 kB
1777826400.188060603 Zswapped:              0 kB
1777826400.188060603 Dirty:               124 kB
1777826400.188060603 Writeback:             0 kB
1777826400.188060603 AnonPages:         97664 kB
1777826400.188060603 Mapped:           104256 kB
1777826400.188060603 Shmem:              5240 kB
1777826400.188060603 KReclaimable:      30312 kB
1777826400.188060603 Slab:             122092 kB
1777826400.188060603 SReclaimable:      30312 kB
1777826400.188060603 SUnreclaim:        91780 kB
1777826400.188060603 KernelStack:        3184 kB
1777826400.188060603 PageTables:         4244 kB
1777826400.188060603 SecPageTables:         0 kB
1777826400.188060603 NFS_Unstable:          0 kB
1777826400.188060603 Bounce:                0 kB
1777826400.188060603 WritebackTmp:          0 kB
1777826400.188060603 CommitLimit:     3537964 kB
1777826400.188060603 Committed_AS:     502772 kB
1777826400.188060603 VmallocTotal:   135288315904 kB
1777826400.188060603 VmallocUsed:       19308 kB
1777826400.188060603 VmallocChunk:          0 kB
1777826400.188060603 Percpu:             1456 kB
1777826400.188060603 AnonHugePages:         0 kB
1777826400.188060603 ShmemHugePages:        0 kB
1777826400.188060603 ShmemPmdMapped:        0 kB
1777826400.188060603 FileHugePages:         0 kB
1777826400.188060603 FilePmdMapped:         0 kB
1777826400.188060603 CmaTotal:          65536 kB
1777826400.188060603 CmaFree:           49104 kB
1777826400.188060603 Balloon:               0 kB
1777826400.188060603 HugePages_Total:     512
1777826400.188060603 HugePages_Free:      488
1777826400.188060603 HugePages_Rsvd:        0
1777826400.188060603 HugePages_Surp:        0
1777826400.188060603 Hugepagesize:       2048 kB
1777826400.188060603 Hugetlb:         1048576 kB
1777826401.196816386 MemTotal:        8124504 kB
1777826401.196816386 MemFree:         6330468 kB
1777826401.196816386 MemAvailable:    6647268 kB
1777826401.196816386 Buffers:           30284 kB
1777826401.196816386 Cached:           416272 kB
1777826401.196816386 SwapCached:            0 kB
1777826401.196816386 Active:           437956 kB
1777826401.196816386 Inactive:         106092 kB
1777826401.196816386 Active(anon):     102644 kB
1777826401.196816386 Inactive(anon):        0 kB
1777826401.196816386 Active(file):     335312 kB
1777826401.196816386 Inactive(file):   106092 kB
1777826401.196816386 Unevictable:           0 kB
1777826401.196816386 Mlocked:               0 kB
1777826401.196816386 SwapTotal:             0 kB
1777826401.196816386 SwapFree:              0 kB
1777826401.196816386 Zswap:                 0 kB
1777826401.196816386 Zswapped:              0 kB
1777826401.196816386 Dirty:               124 kB
1777826401.196816386 Writeback:             0 kB
1777826401.196816386 AnonPages:         97664 kB
1777826401.196816386 Mapped:           104256 kB
1777826401.196816386 Shmem:              5240 kB
1777826401.196816386 KReclaimable:      30312 kB
1777826401.196816386 Slab:             122044 kB
1777826401.196816386 SReclaimable:      30312 kB
1777826401.196816386 SUnreclaim:        91732 kB
1777826401.196816386 KernelStack:        3184 kB
1777826401.196816386 PageTables:         4232 kB
1777826401.196816386 SecPageTables:         0 kB
1777826401.196816386 NFS_Unstable:          0 kB
1777826401.196816386 Bounce:                0 kB
1777826401.196816386 WritebackTmp:          0 kB
1777826401.196816386 CommitLimit:     3537964 kB
1777826401.196816386 Committed_AS:     502772 kB
1777826401.196816386 VmallocTotal:   135288315904 kB
1777826401.196816386 VmallocUsed:       19292 kB
1777826401.196816386 VmallocChunk:          0 kB
1777826401.196816386 Percpu:             1456 kB
1777826401.196816386 AnonHugePages:         0 kB
1777826401.196816386 ShmemHugePages:        0 kB
1777826401.196816386 ShmemPmdMapped:        0 kB
1777826401.196816386 FileHugePages:         0 kB
1777826401.196816386 FilePmdMapped:         0 kB
1777826401.196816386 CmaTotal:          65536 kB
1777826401.196816386 CmaFree:           49104 kB
1777826401.196816386 Balloon:               0 kB
1777826401.196816386 HugePages_Total:     512
1777826401.196816386 HugePages_Free:      488
1777826401.196816386 HugePages_Rsvd:        0
1777826401.196816386 HugePages_Surp:        0
1777826401.196816386 Hugepagesize:       2048 kB
1777826401.196816386 Hugetlb:         1048576 kB
1777826402.205260222 MemTotal:        8124504 kB
1777826402.205260222 MemFree:         6337668 kB
1777826402.205260222 MemAvailable:    6654476 kB
1777826402.205260222 Buffers:           30292 kB
1777826402.205260222 Cached:           416276 kB
1777826402.205260222 SwapCached:            0 kB
1777826402.205260222 Active:           438076 kB
1777826402.205260222 Inactive:         106096 kB
1777826402.205260222 Active(anon):     102760 kB
1777826402.205260222 Inactive(anon):        0 kB
1777826402.205260222 Active(file):     335316 kB
1777826402.205260222 Inactive(file):   106096 kB
1777826402.205260222 Unevictable:           0 kB
1777826402.205260222 Mlocked:               0 kB
1777826402.205260222 SwapTotal:             0 kB
1777826402.205260222 SwapFree:              0 kB
1777826402.205260222 Zswap:                 0 kB
1777826402.205260222 Zswapped:              0 kB
1777826402.205260222 Dirty:               132 kB
1777826402.205260222 Writeback:             0 kB
1777826402.205260222 AnonPages:         97828 kB
1777826402.205260222 Mapped:           104296 kB
1777826402.205260222 Shmem:              5240 kB
1777826402.205260222 KReclaimable:      30312 kB
1777826402.205260222 Slab:             122184 kB
1777826402.205260222 SReclaimable:      30312 kB
1777826402.205260222 SUnreclaim:        91872 kB
1777826402.205260222 KernelStack:        3184 kB
1777826402.205260222 PageTables:         4272 kB
1777826402.205260222 SecPageTables:         0 kB
1777826402.205260222 NFS_Unstable:          0 kB
1777826402.205260222 Bounce:                0 kB
1777826402.205260222 WritebackTmp:          0 kB
1777826402.205260222 CommitLimit:     3537964 kB
1777826402.205260222 Committed_AS:     502772 kB
1777826402.205260222 VmallocTotal:   135288315904 kB
1777826402.205260222 VmallocUsed:       19292 kB
1777826402.205260222 VmallocChunk:          0 kB
1777826402.205260222 Percpu:             1456 kB
1777826402.205260222 AnonHugePages:         0 kB
1777826402.205260222 ShmemHugePages:        0 kB
1777826402.205260222 ShmemPmdMapped:        0 kB
1777826402.205260222 FileHugePages:         0 kB
1777826402.205260222 FilePmdMapped:         0 kB
1777826402.205260222 CmaTotal:          65536 kB
1777826402.205260222 CmaFree:           49104 kB
1777826402.205260222 Balloon:               0 kB
1777826402.205260222 HugePages_Total:     512
1777826402.205260222 HugePages_Free:      488
1777826402.205260222 HugePages_Rsvd:        0
1777826402.205260222 HugePages_Surp:        0
1777826402.205260222 Hugepagesize:       2048 kB
1777826402.205260222 Hugetlb:         1048576 kB
1777826403.214458472 MemTotal:        8124504 kB
1777826403.214458472 MemFree:         6338004 kB
1777826403.214458472 MemAvailable:    6654824 kB
1777826403.214458472 Buffers:           30292 kB
1777826403.214458472 Cached:           416280 kB
1777826403.214458472 SwapCached:            0 kB
1777826403.214458472 Active:           437984 kB
1777826403.214458472 Inactive:         106108 kB
1777826403.214458472 Active(anon):     102668 kB
1777826403.214458472 Inactive(anon):        0 kB
1777826403.214458472 Active(file):     335316 kB
1777826403.214458472 Inactive(file):   106108 kB
1777826403.214458472 Unevictable:           0 kB
1777826403.214458472 Mlocked:               0 kB
1777826403.214458472 SwapTotal:             0 kB
1777826403.214458472 SwapFree:              0 kB
1777826403.214458472 Zswap:                 0 kB
1777826403.214458472 Zswapped:              0 kB
1777826403.214458472 Dirty:               136 kB
1777826403.214458472 Writeback:             0 kB
1777826403.214458472 AnonPages:         97736 kB
1777826403.214458472 Mapped:           104256 kB
1777826403.214458472 Shmem:              5240 kB
1777826403.214458472 KReclaimable:      30312 kB
1777826403.214458472 Slab:             122132 kB
1777826403.214458472 SReclaimable:      30312 kB
1777826403.214458472 SUnreclaim:        91820 kB
1777826403.214458472 KernelStack:        3184 kB
1777826403.214458472 PageTables:         4244 kB
1777826403.214458472 SecPageTables:         0 kB
1777826403.214458472 NFS_Unstable:          0 kB
1777826403.214458472 Bounce:                0 kB
1777826403.214458472 WritebackTmp:          0 kB
1777826403.214458472 CommitLimit:     3537964 kB
1777826403.214458472 Committed_AS:     502772 kB
1777826403.214458472 VmallocTotal:   135288315904 kB
1777826403.214458472 VmallocUsed:       19292 kB
1777826403.214458472 VmallocChunk:          0 kB
1777826403.214458472 Percpu:             1456 kB
1777826403.214458472 AnonHugePages:         0 kB
1777826403.214458472 ShmemHugePages:        0 kB
1777826403.214458472 ShmemPmdMapped:        0 kB
1777826403.214458472 FileHugePages:         0 kB
1777826403.214458472 FilePmdMapped:         0 kB
1777826403.214458472 CmaTotal:          65536 kB
1777826403.214458472 CmaFree:           49104 kB
1777826403.214458472 Balloon:               0 kB
1777826403.214458472 HugePages_Total:     512
1777826403.214458472 HugePages_Free:      488
1777826403.214458472 HugePages_Rsvd:        0
1777826403.214458472 HugePages_Surp:        0
1777826403.214458472 Hugepagesize:       2048 kB
1777826403.214458472 Hugetlb:         1048576 kB
1777826404.224039779 MemTotal:        8124504 kB
1777826404.224039779 MemFree:         6334616 kB
1777826404.224039779 MemAvailable:    6651436 kB
1777826404.224039779 Buffers:           30292 kB
1777826404.224039779 Cached:           416284 kB
1777826404.224039779 SwapCached:            0 kB
1777826404.224039779 Active:           438048 kB
1777826404.224039779 Inactive:         106108 kB
1777826404.224039779 Active(anon):     102732 kB
1777826404.224039779 Inactive(anon):        0 kB
1777826404.224039779 Active(file):     335316 kB
1777826404.224039779 Inactive(file):   106108 kB
1777826404.224039779 Unevictable:           0 kB
1777826404.224039779 Mlocked:               0 kB
1777826404.224039779 SwapTotal:             0 kB
1777826404.224039779 SwapFree:              0 kB
1777826404.224039779 Zswap:                 0 kB
1777826404.224039779 Zswapped:              0 kB
1777826404.224039779 Dirty:               140 kB
1777826404.224039779 Writeback:             0 kB
1777826404.224039779 AnonPages:         97752 kB
1777826404.224039779 Mapped:           104256 kB
1777826404.224039779 Shmem:              5240 kB
1777826404.224039779 KReclaimable:      30312 kB
1777826404.224039779 Slab:             122256 kB
1777826404.224039779 SReclaimable:      30312 kB
1777826404.224039779 SUnreclaim:        91944 kB
1777826404.224039779 KernelStack:        3184 kB
1777826404.224039779 PageTables:         4236 kB
1777826404.224039779 SecPageTables:         0 kB
1777826404.224039779 NFS_Unstable:          0 kB
1777826404.224039779 Bounce:                0 kB
1777826404.224039779 WritebackTmp:          0 kB
1777826404.224039779 CommitLimit:     3537964 kB
1777826404.224039779 Committed_AS:     502772 kB
1777826404.224039779 VmallocTotal:   135288315904 kB
1777826404.224039779 VmallocUsed:       19308 kB
1777826404.224039779 VmallocChunk:          0 kB
1777826404.224039779 Percpu:             1456 kB
1777826404.224039779 AnonHugePages:         0 kB
1777826404.224039779 ShmemHugePages:        0 kB
1777826404.224039779 ShmemPmdMapped:        0 kB
1777826404.224039779 FileHugePages:         0 kB
1777826404.224039779 FilePmdMapped:         0 kB
1777826404.224039779 CmaTotal:          65536 kB
1777826404.224039779 CmaFree:           49104 kB
1777826404.224039779 Balloon:               0 kB
1777826404.224039779 HugePages_Total:     512
1777826404.224039779 HugePages_Free:      488
1777826404.224039779 HugePages_Rsvd:        0
1777826404.224039779 HugePages_Surp:        0
1777826404.224039779 Hugepagesize:       2048 kB
1777826404.224039779 Hugetlb:         1048576 kB
1777826405.233197454 MemTotal:        8124504 kB
1777826405.233197454 MemFree:         6331692 kB
1777826405.233197454 MemAvailable:    6648520 kB
1777826405.233197454 Buffers:           30292 kB
1777826405.233197454 Cached:           416292 kB
1777826405.233197454 SwapCached:            0 kB
1777826405.233197454 Active:           438092 kB
1777826405.233197454 Inactive:         106120 kB
1777826405.233197454 Active(anon):     102780 kB
1777826405.233197454 Inactive(anon):        0 kB
1777826405.233197454 Active(file):     335312 kB
1777826405.233197454 Inactive(file):   106120 kB
1777826405.233197454 Unevictable:           0 kB
1777826405.233197454 Mlocked:               0 kB
1777826405.233197454 SwapTotal:             0 kB
1777826405.233197454 SwapFree:              0 kB
1777826405.233197454 Zswap:                 0 kB
1777826405.233197454 Zswapped:              0 kB
1777826405.233197454 Dirty:               148 kB
1777826405.233197454 Writeback:             0 kB
1777826405.233197454 AnonPages:         97664 kB
1777826405.233197454 Mapped:           104256 kB
1777826405.233197454 Shmem:              5240 kB
1777826405.233197454 KReclaimable:      30312 kB
1777826405.233197454 Slab:             122076 kB
1777826405.233197454 SReclaimable:      30312 kB
1777826405.233197454 SUnreclaim:        91764 kB
1777826405.233197454 KernelStack:        3184 kB
1777826405.233197454 PageTables:         4232 kB
1777826405.233197454 SecPageTables:         0 kB
1777826405.233197454 NFS_Unstable:          0 kB
1777826405.233197454 Bounce:                0 kB
1777826405.233197454 WritebackTmp:          0 kB
1777826405.233197454 CommitLimit:     3537964 kB
1777826405.233197454 Committed_AS:     502772 kB
1777826405.233197454 VmallocTotal:   135288315904 kB
1777826405.233197454 VmallocUsed:       19276 kB
1777826405.233197454 VmallocChunk:          0 kB
1777826405.233197454 Percpu:             1456 kB
1777826405.233197454 AnonHugePages:         0 kB
1777826405.233197454 ShmemHugePages:        0 kB
1777826405.233197454 ShmemPmdMapped:        0 kB
1777826405.233197454 FileHugePages:         0 kB
1777826405.233197454 FilePmdMapped:         0 kB
1777826405.233197454 CmaTotal:          65536 kB
1777826405.233197454 CmaFree:           49104 kB
1777826405.233197454 Balloon:               0 kB
1777826405.233197454 HugePages_Total:     512
1777826405.233197454 HugePages_Free:      488
1777826405.233197454 HugePages_Rsvd:        0
1777826405.233197454 HugePages_Surp:        0
1777826405.233197454 Hugepagesize:       2048 kB
1777826405.233197454 Hugetlb:         1048576 kB
1777826406.242214887 MemTotal:        8124504 kB
1777826406.242214887 MemFree:         6337908 kB
1777826406.242214887 MemAvailable:    6654744 kB
1777826406.242214887 Buffers:           30292 kB
1777826406.242214887 Cached:           416300 kB
1777826406.242214887 SwapCached:            0 kB
1777826406.242214887 Active:           438016 kB
1777826406.242214887 Inactive:         106124 kB
1777826406.242214887 Active(anon):     102700 kB
1777826406.242214887 Inactive(anon):        0 kB
1777826406.242214887 Active(file):     335316 kB
1777826406.242214887 Inactive(file):   106124 kB
1777826406.242214887 Unevictable:           0 kB
1777826406.242214887 Mlocked:               0 kB
1777826406.242214887 SwapTotal:             0 kB
1777826406.242214887 SwapFree:              0 kB
1777826406.242214887 Zswap:                 0 kB
1777826406.242214887 Zswapped:              0 kB
1777826406.242214887 Dirty:               156 kB
1777826406.242214887 Writeback:             0 kB
1777826406.242214887 AnonPages:         97828 kB
1777826406.242214887 Mapped:           104296 kB
1777826406.242214887 Shmem:              5240 kB
1777826406.242214887 KReclaimable:      30312 kB
1777826406.242214887 Slab:             122128 kB
1777826406.242214887 SReclaimable:      30312 kB
1777826406.242214887 SUnreclaim:        91816 kB
1777826406.242214887 KernelStack:        3184 kB
1777826406.242214887 PageTables:         4256 kB
1777826406.242214887 SecPageTables:         0 kB
1777826406.242214887 NFS_Unstable:          0 kB
1777826406.242214887 Bounce:                0 kB
1777826406.242214887 WritebackTmp:          0 kB
1777826406.242214887 CommitLimit:     3537964 kB
1777826406.242214887 Committed_AS:     502772 kB
1777826406.242214887 VmallocTotal:   135288315904 kB
1777826406.242214887 VmallocUsed:       19276 kB
1777826406.242214887 VmallocChunk:          0 kB
1777826406.242214887 Percpu:             1456 kB
1777826406.242214887 AnonHugePages:         0 kB
1777826406.242214887 ShmemHugePages:        0 kB
1777826406.242214887 ShmemPmdMapped:        0 kB
1777826406.242214887 FileHugePages:         0 kB
1777826406.242214887 FilePmdMapped:         0 kB
1777826406.242214887 CmaTotal:          65536 kB
1777826406.242214887 CmaFree:           49104 kB
1777826406.242214887 Balloon:               0 kB
1777826406.242214887 HugePages_Total:     512
1777826406.242214887 HugePages_Free:      488
1777826406.242214887 HugePages_Rsvd:        0
1777826406.242214887 HugePages_Surp:        0
1777826406.242214887 Hugepagesize:       2048 kB
1777826406.242214887 Hugetlb:         1048576 kB
1777826407.251055764 MemTotal:        8124504 kB
1777826407.251055764 MemFree:         6329852 kB
1777826407.251055764 MemAvailable:    6646696 kB
1777826407.251055764 Buffers:           30300 kB
1777826407.251055764 Cached:           416300 kB
1777826407.251055764 SwapCached:            0 kB
1777826407.251055764 Active:           438056 kB
1777826407.251055764 Inactive:         106132 kB
1777826407.251055764 Active(anon):     102740 kB
1777826407.251055764 Inactive(anon):        0 kB
1777826407.251055764 Active(file):     335316 kB
1777826407.251055764 Inactive(file):   106132 kB
1777826407.251055764 Unevictable:           0 kB
1777826407.251055764 Mlocked:               0 kB
1777826407.251055764 SwapTotal:             0 kB
1777826407.251055764 SwapFree:              0 kB
1777826407.251055764 Zswap:                 0 kB
1777826407.251055764 Zswapped:              0 kB
1777826407.251055764 Dirty:               156 kB
1777826407.251055764 Writeback:             0 kB
1777826407.251055764 AnonPages:         97712 kB
1777826407.251055764 Mapped:           104296 kB
1777826407.251055764 Shmem:              5240 kB
1777826407.251055764 KReclaimable:      30312 kB
1777826407.251055764 Slab:             122076 kB
1777826407.251055764 SReclaimable:      30312 kB
1777826407.251055764 SUnreclaim:        91764 kB
1777826407.251055764 KernelStack:        3184 kB
1777826407.251055764 PageTables:         4320 kB
1777826407.251055764 SecPageTables:         0 kB
1777826407.251055764 NFS_Unstable:          0 kB
1777826407.251055764 Bounce:                0 kB
1777826407.251055764 WritebackTmp:          0 kB
1777826407.251055764 CommitLimit:     3537964 kB
1777826407.251055764 Committed_AS:     502772 kB
1777826407.251055764 VmallocTotal:   135288315904 kB
1777826407.251055764 VmallocUsed:       19308 kB
1777826407.251055764 VmallocChunk:          0 kB
1777826407.251055764 Percpu:             1456 kB
1777826407.251055764 AnonHugePages:         0 kB
1777826407.251055764 ShmemHugePages:        0 kB
1777826407.251055764 ShmemPmdMapped:        0 kB
1777826407.251055764 FileHugePages:         0 kB
1777826407.251055764 FilePmdMapped:         0 kB
1777826407.251055764 CmaTotal:          65536 kB
1777826407.251055764 CmaFree:           49104 kB
1777826407.251055764 Balloon:               0 kB
1777826407.251055764 HugePages_Total:     512
1777826407.251055764 HugePages_Free:      488
1777826407.251055764 HugePages_Rsvd:        0
1777826407.251055764 HugePages_Surp:        0
1777826407.251055764 Hugepagesize:       2048 kB
1777826407.251055764 Hugetlb:         1048576 kB
1777826408.259747213 MemTotal:        8124504 kB
1777826408.259747213 MemFree:         6331164 kB
1777826408.259747213 MemAvailable:    6648016 kB
1777826408.259747213 Buffers:           30300 kB
1777826408.259747213 Cached:           416308 kB
1777826408.259747213 SwapCached:            0 kB
1777826408.259747213 Active:           438104 kB
1777826408.259747213 Inactive:         106140 kB
1777826408.259747213 Active(anon):     102792 kB
1777826408.259747213 Inactive(anon):        0 kB
1777826408.259747213 Active(file):     335312 kB
1777826408.259747213 Inactive(file):   106140 kB
1777826408.259747213 Unevictable:           0 kB
1777826408.259747213 Mlocked:               0 kB
1777826408.259747213 SwapTotal:             0 kB
1777826408.259747213 SwapFree:              0 kB
1777826408.259747213 Zswap:                 0 kB
1777826408.259747213 Zswapped:              0 kB
1777826408.259747213 Dirty:               164 kB
1777826408.259747213 Writeback:             0 kB
1777826408.259747213 AnonPages:         97664 kB
1777826408.259747213 Mapped:           104256 kB
1777826408.259747213 Shmem:              5240 kB
1777826408.259747213 KReclaimable:      30316 kB
1777826408.259747213 Slab:             122192 kB
1777826408.259747213 SReclaimable:      30316 kB
1777826408.259747213 SUnreclaim:        91876 kB
1777826408.259747213 KernelStack:        3168 kB
1777826408.259747213 PageTables:         4240 kB
1777826408.259747213 SecPageTables:         0 kB
1777826408.259747213 NFS_Unstable:          0 kB
1777826408.259747213 Bounce:                0 kB
1777826408.259747213 WritebackTmp:          0 kB
1777826408.259747213 CommitLimit:     3537964 kB
1777826408.259747213 Committed_AS:     502772 kB
1777826408.259747213 VmallocTotal:   135288315904 kB
1777826408.259747213 VmallocUsed:       19276 kB
1777826408.259747213 VmallocChunk:          0 kB
1777826408.259747213 Percpu:             1456 kB
1777826408.259747213 AnonHugePages:         0 kB
1777826408.259747213 ShmemHugePages:        0 kB
1777826408.259747213 ShmemPmdMapped:        0 kB
1777826408.259747213 FileHugePages:         0 kB
1777826408.259747213 FilePmdMapped:         0 kB
1777826408.259747213 CmaTotal:          65536 kB
1777826408.259747213 CmaFree:           49104 kB
1777826408.259747213 Balloon:               0 kB
1777826408.259747213 HugePages_Total:     512
1777826408.259747213 HugePages_Free:      488
1777826408.259747213 HugePages_Rsvd:        0
1777826408.259747213 HugePages_Surp:        0
1777826408.259747213 Hugepagesize:       2048 kB
1777826408.259747213 Hugetlb:         1048576 kB
1777826409.268843091 MemTotal:        8124504 kB
1777826409.268843091 MemFree:         6327804 kB
1777826409.268843091 MemAvailable:    6644660 kB
1777826409.268843091 Buffers:           30300 kB
1777826409.268843091 Cached:           416308 kB
1777826409.268843091 SwapCached:            0 kB
1777826409.268843091 Active:           438008 kB
1777826409.268843091 Inactive:         106144 kB
1777826409.268843091 Active(anon):     102696 kB
1777826409.268843091 Inactive(anon):        0 kB
1777826409.268843091 Active(file):     335312 kB
1777826409.268843091 Inactive(file):   106144 kB
1777826409.268843091 Unevictable:           0 kB
1777826409.268843091 Mlocked:               0 kB
1777826409.268843091 SwapTotal:             0 kB
1777826409.268843091 SwapFree:              0 kB
1777826409.268843091 Zswap:                 0 kB
1777826409.268843091 Zswapped:              0 kB
1777826409.268843091 Dirty:               164 kB
1777826409.268843091 Writeback:             0 kB
1777826409.268843091 AnonPages:         97668 kB
1777826409.268843091 Mapped:           104256 kB
1777826409.268843091 Shmem:              5240 kB
1777826409.268843091 KReclaimable:      30316 kB
1777826409.268843091 Slab:             122144 kB
1777826409.268843091 SReclaimable:      30316 kB
1777826409.268843091 SUnreclaim:        91828 kB
1777826409.268843091 KernelStack:        3168 kB
1777826409.268843091 PageTables:         4244 kB
1777826409.268843091 SecPageTables:         0 kB
1777826409.268843091 NFS_Unstable:          0 kB
1777826409.268843091 Bounce:                0 kB
1777826409.268843091 WritebackTmp:          0 kB
1777826409.268843091 CommitLimit:     3537964 kB
1777826409.268843091 Committed_AS:     502772 kB
1777826409.268843091 VmallocTotal:   135288315904 kB
1777826409.268843091 VmallocUsed:       19276 kB
1777826409.268843091 VmallocChunk:          0 kB
1777826409.268843091 Percpu:             1456 kB
1777826409.268843091 AnonHugePages:         0 kB
1777826409.268843091 ShmemHugePages:        0 kB
1777826409.268843091 ShmemPmdMapped:        0 kB
1777826409.268843091 FileHugePages:         0 kB
1777826409.268843091 FilePmdMapped:         0 kB
1777826409.268843091 CmaTotal:          65536 kB
1777826409.268843091 CmaFree:           49104 kB
1777826409.268843091 Balloon:               0 kB
1777826409.268843091 HugePages_Total:     512
1777826409.268843091 HugePages_Free:      488
1777826409.268843091 HugePages_Rsvd:        0
1777826409.268843091 HugePages_Surp:        0
1777826409.268843091 Hugepagesize:       2048 kB
1777826409.268843091 Hugetlb:         1048576 kB
1777826410.278053359 MemTotal:        8124504 kB
1777826410.278053359 MemFree:         6334348 kB
1777826410.278053359 MemAvailable:    6651208 kB
1777826410.278053359 Buffers:           30300 kB
1777826410.278053359 Cached:           416312 kB
1777826410.278053359 SwapCached:            0 kB
1777826410.278053359 Active:           438016 kB
1777826410.278053359 Inactive:         106148 kB
1777826410.278053359 Active(anon):     102704 kB
1777826410.278053359 Inactive(anon):        0 kB
1777826410.278053359 Active(file):     335312 kB
1777826410.278053359 Inactive(file):   106148 kB
1777826410.278053359 Unevictable:           0 kB
1777826410.278053359 Mlocked:               0 kB
1777826410.278053359 SwapTotal:             0 kB
1777826410.278053359 SwapFree:              0 kB
1777826410.278053359 Zswap:                 0 kB
1777826410.278053359 Zswapped:              0 kB
1777826410.278053359 Dirty:               168 kB
1777826410.278053359 Writeback:             0 kB
1777826410.278053359 AnonPages:         97668 kB
1777826410.278053359 Mapped:           104256 kB
1777826410.278053359 Shmem:              5240 kB
1777826410.278053359 KReclaimable:      30316 kB
1777826410.278053359 Slab:             122140 kB
1777826410.278053359 SReclaimable:      30316 kB
1777826410.278053359 SUnreclaim:        91824 kB
1777826410.278053359 KernelStack:        3184 kB
1777826410.278053359 PageTables:         4236 kB
1777826410.278053359 SecPageTables:         0 kB
1777826410.278053359 NFS_Unstable:          0 kB
1777826410.278053359 Bounce:                0 kB
1777826410.278053359 WritebackTmp:          0 kB
1777826410.278053359 CommitLimit:     3537964 kB
1777826410.278053359 Committed_AS:     502772 kB
1777826410.278053359 VmallocTotal:   135288315904 kB
1777826410.278053359 VmallocUsed:       19276 kB
1777826410.278053359 VmallocChunk:          0 kB
1777826410.278053359 Percpu:             1456 kB
1777826410.278053359 AnonHugePages:         0 kB
1777826410.278053359 ShmemHugePages:        0 kB
1777826410.278053359 ShmemPmdMapped:        0 kB
1777826410.278053359 FileHugePages:         0 kB
1777826410.278053359 FilePmdMapped:         0 kB
1777826410.278053359 CmaTotal:          65536 kB
1777826410.278053359 CmaFree:           49104 kB
1777826410.278053359 Balloon:               0 kB
1777826410.278053359 HugePages_Total:     512
1777826410.278053359 HugePages_Free:      488
1777826410.278053359 HugePages_Rsvd:        0
1777826410.278053359 HugePages_Surp:        0
1777826410.278053359 Hugepagesize:       2048 kB
1777826410.278053359 Hugetlb:         1048576 kB
1777826411.287143144 MemTotal:        8124504 kB
1777826411.287143144 MemFree:         6330688 kB
1777826411.287143144 MemAvailable:    6647552 kB
1777826411.287143144 Buffers:           30300 kB
1777826411.287143144 Cached:           416320 kB
1777826411.287143144 SwapCached:            0 kB
1777826411.287143144 Active:           437968 kB
1777826411.287143144 Inactive:         106152 kB
1777826411.287143144 Active(anon):     102656 kB
1777826411.287143144 Inactive(anon):        0 kB
1777826411.287143144 Active(file):     335312 kB
1777826411.287143144 Inactive(file):   106152 kB
1777826411.287143144 Unevictable:           0 kB
1777826411.287143144 Mlocked:               0 kB
1777826411.287143144 SwapTotal:             0 kB
1777826411.287143144 SwapFree:              0 kB
1777826411.287143144 Zswap:                 0 kB
1777826411.287143144 Zswapped:              0 kB
1777826411.287143144 Dirty:               176 kB
1777826411.287143144 Writeback:             0 kB
1777826411.287143144 AnonPages:         97664 kB
1777826411.287143144 Mapped:           104256 kB
1777826411.287143144 Shmem:              5240 kB
1777826411.287143144 KReclaimable:      30316 kB
1777826411.287143144 Slab:             122200 kB
1777826411.287143144 SReclaimable:      30316 kB
1777826411.287143144 SUnreclaim:        91884 kB
1777826411.287143144 KernelStack:        3184 kB
1777826411.287143144 PageTables:         4236 kB
1777826411.287143144 SecPageTables:         0 kB
1777826411.287143144 NFS_Unstable:          0 kB
1777826411.287143144 Bounce:                0 kB
1777826411.287143144 WritebackTmp:          0 kB
1777826411.287143144 CommitLimit:     3537964 kB
1777826411.287143144 Committed_AS:     502772 kB
1777826411.287143144 VmallocTotal:   135288315904 kB
1777826411.287143144 VmallocUsed:       19276 kB
1777826411.287143144 VmallocChunk:          0 kB
1777826411.287143144 Percpu:             1456 kB
1777826411.287143144 AnonHugePages:         0 kB
1777826411.287143144 ShmemHugePages:        0 kB
1777826411.287143144 ShmemPmdMapped:        0 kB
1777826411.287143144 FileHugePages:         0 kB
1777826411.287143144 FilePmdMapped:         0 kB
1777826411.287143144 CmaTotal:          65536 kB
1777826411.287143144 CmaFree:           49104 kB
1777826411.287143144 Balloon:               0 kB
1777826411.287143144 HugePages_Total:     512
1777826411.287143144 HugePages_Free:      488
1777826411.287143144 HugePages_Rsvd:        0
1777826411.287143144 HugePages_Surp:        0
1777826411.287143144 Hugepagesize:       2048 kB
1777826411.287143144 Hugetlb:         1048576 kB
1777826412.295892964 MemTotal:        8124504 kB
1777826412.295892964 MemFree:         6332356 kB
1777826412.295892964 MemAvailable:    6649236 kB
1777826412.295892964 Buffers:           30308 kB
1777826412.295892964 Cached:           416324 kB
1777826412.295892964 SwapCached:            0 kB
1777826412.295892964 Active:           438088 kB
1777826412.295892964 Inactive:         106168 kB
1777826412.295892964 Active(anon):     102776 kB
1777826412.295892964 Inactive(anon):        0 kB
1777826412.295892964 Active(file):     335312 kB
1777826412.295892964 Inactive(file):   106168 kB
1777826412.295892964 Unevictable:           0 kB
1777826412.295892964 Mlocked:               0 kB
1777826412.295892964 SwapTotal:             0 kB
1777826412.295892964 SwapFree:              0 kB
1777826412.295892964 Zswap:                 0 kB
1777826412.295892964 Zswapped:              0 kB
1777826412.295892964 Dirty:                40 kB
1777826412.295892964 Writeback:             0 kB
1777826412.295892964 AnonPages:         97668 kB
1777826412.295892964 Mapped:           104256 kB
1777826412.295892964 Shmem:              5240 kB
1777826412.295892964 KReclaimable:      30316 kB
1777826412.295892964 Slab:             122100 kB
1777826412.295892964 SReclaimable:      30316 kB
1777826412.295892964 SUnreclaim:        91784 kB
1777826412.295892964 KernelStack:        3168 kB
1777826412.295892964 PageTables:         4244 kB
1777826412.295892964 SecPageTables:         0 kB
1777826412.295892964 NFS_Unstable:          0 kB
1777826412.295892964 Bounce:                0 kB
1777826412.295892964 WritebackTmp:          0 kB
1777826412.295892964 CommitLimit:     3537964 kB
1777826412.295892964 Committed_AS:     502772 kB
1777826412.295892964 VmallocTotal:   135288315904 kB
1777826412.295892964 VmallocUsed:       19276 kB
1777826412.295892964 VmallocChunk:          0 kB
1777826412.295892964 Percpu:             1456 kB
1777826412.295892964 AnonHugePages:         0 kB
1777826412.295892964 ShmemHugePages:        0 kB
1777826412.295892964 ShmemPmdMapped:        0 kB
1777826412.295892964 FileHugePages:         0 kB
1777826412.295892964 FilePmdMapped:         0 kB
1777826412.295892964 CmaTotal:          65536 kB
1777826412.295892964 CmaFree:           49104 kB
1777826412.295892964 Balloon:               0 kB
1777826412.295892964 HugePages_Total:     512
1777826412.295892964 HugePages_Free:      488
1777826412.295892964 HugePages_Rsvd:        0
1777826412.295892964 HugePages_Surp:        0
1777826412.295892964 Hugepagesize:       2048 kB
1777826412.295892964 Hugetlb:         1048576 kB
1777826413.304412523 MemTotal:        8124504 kB
1777826413.304412523 MemFree:         6332288 kB
1777826413.304412523 MemAvailable:    6649176 kB
1777826413.304412523 Buffers:           30308 kB
1777826413.304412523 Cached:           416332 kB
1777826413.304412523 SwapCached:            0 kB
1777826413.304412523 Active:           437944 kB
1777826413.304412523 Inactive:         106176 kB
1777826413.304412523 Active(anon):     102632 kB
1777826413.304412523 Inactive(anon):        0 kB
1777826413.304412523 Active(file):     335312 kB
1777826413.304412523 Inactive(file):   106176 kB
1777826413.304412523 Unevictable:           0 kB
1777826413.304412523 Mlocked:               0 kB
1777826413.304412523 SwapTotal:             0 kB
1777826413.304412523 SwapFree:              0 kB
1777826413.304412523 Zswap:                 0 kB
1777826413.304412523 Zswapped:              0 kB
1777826413.304412523 Dirty:                56 kB
1777826413.304412523 Writeback:             0 kB
1777826413.304412523 AnonPages:         97628 kB
1777826413.304412523 Mapped:           104256 kB
1777826413.304412523 Shmem:              5240 kB
1777826413.304412523 KReclaimable:      30316 kB
1777826413.304412523 Slab:             122076 kB
1777826413.304412523 SReclaimable:      30316 kB
1777826413.304412523 SUnreclaim:        91760 kB
1777826413.304412523 KernelStack:        3152 kB
1777826413.304412523 PageTables:         4188 kB
1777826413.304412523 SecPageTables:         0 kB
1777826413.304412523 NFS_Unstable:          0 kB
1777826413.304412523 Bounce:                0 kB
1777826413.304412523 WritebackTmp:          0 kB
1777826413.304412523 CommitLimit:     3537964 kB
1777826413.304412523 Committed_AS:     502772 kB
1777826413.304412523 VmallocTotal:   135288315904 kB
1777826413.304412523 VmallocUsed:       19276 kB
1777826413.304412523 VmallocChunk:          0 kB
1777826413.304412523 Percpu:             1456 kB
1777826413.304412523 AnonHugePages:         0 kB
1777826413.304412523 ShmemHugePages:        0 kB
1777826413.304412523 ShmemPmdMapped:        0 kB
1777826413.304412523 FileHugePages:         0 kB
1777826413.304412523 FilePmdMapped:         0 kB
1777826413.304412523 CmaTotal:          65536 kB
1777826413.304412523 CmaFree:           49104 kB
1777826413.304412523 Balloon:               0 kB
1777826413.304412523 HugePages_Total:     512
1777826413.304412523 HugePages_Free:      488
1777826413.304412523 HugePages_Rsvd:        0
1777826413.304412523 HugePages_Surp:        0
1777826413.304412523 Hugepagesize:       2048 kB
1777826413.304412523 Hugetlb:         1048576 kB
1777826414.313538309 MemTotal:        8124504 kB
1777826414.313538309 MemFree:         6333024 kB
1777826414.313538309 MemAvailable:    6649920 kB
1777826414.313538309 Buffers:           30308 kB
1777826414.313538309 Cached:           416336 kB
1777826414.313538309 SwapCached:            0 kB
1777826414.313538309 Active:           438044 kB
1777826414.313538309 Inactive:         106180 kB
1777826414.313538309 Active(anon):     102728 kB
1777826414.313538309 Inactive(anon):        0 kB
1777826414.313538309 Active(file):     335316 kB
1777826414.313538309 Inactive(file):   106180 kB
1777826414.313538309 Unevictable:           0 kB
1777826414.313538309 Mlocked:               0 kB
1777826414.313538309 SwapTotal:             0 kB
1777826414.313538309 SwapFree:              0 kB
1777826414.313538309 Zswap:                 0 kB
1777826414.313538309 Zswapped:              0 kB
1777826414.313538309 Dirty:                60 kB
1777826414.313538309 Writeback:             0 kB
1777826414.313538309 AnonPages:         97756 kB
1777826414.313538309 Mapped:           104256 kB
1777826414.313538309 Shmem:              5240 kB
1777826414.313538309 KReclaimable:      30316 kB
1777826414.313538309 Slab:             122164 kB
1777826414.313538309 SReclaimable:      30316 kB
1777826414.313538309 SUnreclaim:        91848 kB
1777826414.313538309 KernelStack:        3184 kB
1777826414.313538309 PageTables:         4240 kB
1777826414.313538309 SecPageTables:         0 kB
1777826414.313538309 NFS_Unstable:          0 kB
1777826414.313538309 Bounce:                0 kB
1777826414.313538309 WritebackTmp:          0 kB
1777826414.313538309 CommitLimit:     3537964 kB
1777826414.313538309 Committed_AS:     502772 kB
1777826414.313538309 VmallocTotal:   135288315904 kB
1777826414.313538309 VmallocUsed:       19292 kB
1777826414.313538309 VmallocChunk:          0 kB
1777826414.313538309 Percpu:             1456 kB
1777826414.313538309 AnonHugePages:         0 kB
1777826414.313538309 ShmemHugePages:        0 kB
1777826414.313538309 ShmemPmdMapped:        0 kB
1777826414.313538309 FileHugePages:         0 kB
1777826414.313538309 FilePmdMapped:         0 kB
1777826414.313538309 CmaTotal:          65536 kB
1777826414.313538309 CmaFree:           49104 kB
1777826414.313538309 Balloon:               0 kB
1777826414.313538309 HugePages_Total:     512
1777826414.313538309 HugePages_Free:      488
1777826414.313538309 HugePages_Rsvd:        0
1777826414.313538309 HugePages_Surp:        0
1777826414.313538309 Hugepagesize:       2048 kB
1777826414.313538309 Hugetlb:         1048576 kB
1777826415.322823003 MemTotal:        8124504 kB
1777826415.322823003 MemFree:         6325888 kB
1777826415.322823003 MemAvailable:    6642780 kB
1777826415.322823003 Buffers:           30308 kB
1777826415.322823003 Cached:           416340 kB
1777826415.322823003 SwapCached:            0 kB
1777826415.322823003 Active:           438028 kB
1777826415.322823003 Inactive:         106184 kB
1777826415.322823003 Active(anon):     102720 kB
1777826415.322823003 Inactive(anon):        0 kB
1777826415.322823003 Active(file):     335308 kB
1777826415.322823003 Inactive(file):   106184 kB
1777826415.322823003 Unevictable:           0 kB
1777826415.322823003 Mlocked:               0 kB
1777826415.322823003 SwapTotal:             0 kB
1777826415.322823003 SwapFree:              0 kB
1777826415.322823003 Zswap:                 0 kB
1777826415.322823003 Zswapped:              0 kB
1777826415.322823003 Dirty:                64 kB
1777826415.322823003 Writeback:             0 kB
1777826415.322823003 AnonPages:         97620 kB
1777826415.322823003 Mapped:           104256 kB
1777826415.322823003 Shmem:              5240 kB
1777826415.322823003 KReclaimable:      30316 kB
1777826415.322823003 Slab:             122092 kB
1777826415.322823003 SReclaimable:      30316 kB
1777826415.322823003 SUnreclaim:        91776 kB
1777826415.322823003 KernelStack:        3152 kB
1777826415.322823003 PageTables:         4196 kB
1777826415.322823003 SecPageTables:         0 kB
1777826415.322823003 NFS_Unstable:          0 kB
1777826415.322823003 Bounce:                0 kB
1777826415.322823003 WritebackTmp:          0 kB
1777826415.322823003 CommitLimit:     3537964 kB
1777826415.322823003 Committed_AS:     502772 kB
1777826415.322823003 VmallocTotal:   135288315904 kB
1777826415.322823003 VmallocUsed:       19292 kB
1777826415.322823003 VmallocChunk:          0 kB
1777826415.322823003 Percpu:             1456 kB
1777826415.322823003 AnonHugePages:         0 kB
1777826415.322823003 ShmemHugePages:        0 kB
1777826415.322823003 ShmemPmdMapped:        0 kB
1777826415.322823003 FileHugePages:         0 kB
1777826415.322823003 FilePmdMapped:         0 kB
1777826415.322823003 CmaTotal:          65536 kB
1777826415.322823003 CmaFree:           49104 kB
1777826415.322823003 Balloon:               0 kB
1777826415.322823003 HugePages_Total:     512
1777826415.322823003 HugePages_Free:      488
1777826415.322823003 HugePages_Rsvd:        0
1777826415.322823003 HugePages_Surp:        0
1777826415.322823003 Hugepagesize:       2048 kB
1777826415.322823003 Hugetlb:         1048576 kB
1777826416.331509545 MemTotal:        8124504 kB
1777826416.331509545 MemFree:         6327784 kB
1777826416.331509545 MemAvailable:    6644684 kB
1777826416.331509545 Buffers:           30308 kB
1777826416.331509545 Cached:           416344 kB
1777826416.331509545 SwapCached:            0 kB
1777826416.331509545 Active:           437944 kB
1777826416.331509545 Inactive:         106188 kB
1777826416.331509545 Active(anon):     102632 kB
1777826416.331509545 Inactive(anon):        0 kB
1777826416.331509545 Active(file):     335312 kB
1777826416.331509545 Inactive(file):   106188 kB
1777826416.331509545 Unevictable:           0 kB
1777826416.331509545 Mlocked:               0 kB
1777826416.331509545 SwapTotal:             0 kB
1777826416.331509545 SwapFree:              0 kB
1777826416.331509545 Zswap:                 0 kB
1777826416.331509545 Zswapped:              0 kB
1777826416.331509545 Dirty:                68 kB
1777826416.331509545 Writeback:             0 kB
1777826416.331509545 AnonPages:         97752 kB
1777826416.331509545 Mapped:           104256 kB
1777826416.331509545 Shmem:              5240 kB
1777826416.331509545 KReclaimable:      30316 kB
1777826416.331509545 Slab:             122116 kB
1777826416.331509545 SReclaimable:      30316 kB
1777826416.331509545 SUnreclaim:        91800 kB
1777826416.331509545 KernelStack:        3184 kB
1777826416.331509545 PageTables:         4236 kB
1777826416.331509545 SecPageTables:         0 kB
1777826416.331509545 NFS_Unstable:          0 kB
1777826416.331509545 Bounce:                0 kB
1777826416.331509545 WritebackTmp:          0 kB
1777826416.331509545 CommitLimit:     3537964 kB
1777826416.331509545 Committed_AS:     502772 kB
1777826416.331509545 VmallocTotal:   135288315904 kB
1777826416.331509545 VmallocUsed:       19276 kB
1777826416.331509545 VmallocChunk:          0 kB
1777826416.331509545 Percpu:             1456 kB
1777826416.331509545 AnonHugePages:         0 kB
1777826416.331509545 ShmemHugePages:        0 kB
1777826416.331509545 ShmemPmdMapped:        0 kB
1777826416.331509545 FileHugePages:         0 kB
1777826416.331509545 FilePmdMapped:         0 kB
1777826416.331509545 CmaTotal:          65536 kB
1777826416.331509545 CmaFree:           49104 kB
1777826416.331509545 Balloon:               0 kB
1777826416.331509545 HugePages_Total:     512
1777826416.331509545 HugePages_Free:      488
1777826416.331509545 HugePages_Rsvd:        0
1777826416.331509545 HugePages_Surp:        0
1777826416.331509545 Hugepagesize:       2048 kB
1777826416.331509545 Hugetlb:         1048576 kB
1777826417.340553348 MemTotal:        8124504 kB
1777826417.340553348 MemFree:         6329448 kB
1777826417.340553348 MemAvailable:    6646360 kB
1777826417.340553348 Buffers:           30316 kB
1777826417.340553348 Cached:           416344 kB
1777826417.340553348 SwapCached:            0 kB
1777826417.340553348 Active:           438000 kB
1777826417.340553348 Inactive:         106196 kB
1777826417.340553348 Active(anon):     102684 kB
1777826417.340553348 Inactive(anon):        0 kB
1777826417.340553348 Active(file):     335316 kB
1777826417.340553348 Inactive(file):   106196 kB
1777826417.340553348 Unevictable:           0 kB
1777826417.340553348 Mlocked:               0 kB
1777826417.340553348 SwapTotal:             0 kB
1777826417.340553348 SwapFree:              0 kB
1777826417.340553348 Zswap:                 0 kB
1777826417.340553348 Zswapped:              0 kB
1777826417.340553348 Dirty:                68 kB
1777826417.340553348 Writeback:             0 kB
1777826417.340553348 AnonPages:         97792 kB
1777826417.340553348 Mapped:           104296 kB
1777826417.340553348 Shmem:              5240 kB
1777826417.340553348 KReclaimable:      30316 kB
1777826417.340553348 Slab:             122032 kB
1777826417.340553348 SReclaimable:      30316 kB
1777826417.340553348 SUnreclaim:        91716 kB
1777826417.340553348 KernelStack:        3168 kB
1777826417.340553348 PageTables:         4212 kB
1777826417.340553348 SecPageTables:         0 kB
1777826417.340553348 NFS_Unstable:          0 kB
1777826417.340553348 Bounce:                0 kB
1777826417.340553348 WritebackTmp:          0 kB
1777826417.340553348 CommitLimit:     3537964 kB
1777826417.340553348 Committed_AS:     502772 kB
1777826417.340553348 VmallocTotal:   135288315904 kB
1777826417.340553348 VmallocUsed:       19292 kB
1777826417.340553348 VmallocChunk:          0 kB
1777826417.340553348 Percpu:             1456 kB
1777826417.340553348 AnonHugePages:         0 kB
1777826417.340553348 ShmemHugePages:        0 kB
1777826417.340553348 ShmemPmdMapped:        0 kB
1777826417.340553348 FileHugePages:         0 kB
1777826417.340553348 FilePmdMapped:         0 kB
1777826417.340553348 CmaTotal:          65536 kB
1777826417.340553348 CmaFree:           49104 kB
1777826417.340553348 Balloon:               0 kB
1777826417.340553348 HugePages_Total:     512
1777826417.340553348 HugePages_Free:      488
1777826417.340553348 HugePages_Rsvd:        0
1777826417.340553348 HugePages_Surp:        0
1777826417.340553348 Hugepagesize:       2048 kB
1777826417.340553348 Hugetlb:         1048576 kB
1777826418.349050110 MemTotal:        8124504 kB
1777826418.349050110 MemFree:         6328680 kB
1777826418.349050110 MemAvailable:    6645588 kB
1777826418.349050110 Buffers:           30316 kB
1777826418.349050110 Cached:           416348 kB
1777826418.349050110 SwapCached:            0 kB
1777826418.349050110 Active:           437816 kB
1777826418.349050110 Inactive:         106200 kB
1777826418.349050110 Active(anon):     102508 kB
1777826418.349050110 Inactive(anon):        0 kB
1777826418.349050110 Active(file):     335308 kB
1777826418.349050110 Inactive(file):   106200 kB
1777826418.349050110 Unevictable:           0 kB
1777826418.349050110 Mlocked:               0 kB
1777826418.349050110 SwapTotal:             0 kB
1777826418.349050110 SwapFree:              0 kB
1777826418.349050110 Zswap:                 0 kB
1777826418.349050110 Zswapped:              0 kB
1777826418.349050110 Dirty:                72 kB
1777826418.349050110 Writeback:             0 kB
1777826418.349050110 AnonPages:         97620 kB
1777826418.349050110 Mapped:           104256 kB
1777826418.349050110 Shmem:              5240 kB
1777826418.349050110 KReclaimable:      30316 kB
1777826418.349050110 Slab:             122072 kB
1777826418.349050110 SReclaimable:      30316 kB
1777826418.349050110 SUnreclaim:        91756 kB
1777826418.349050110 KernelStack:        3152 kB
1777826418.349050110 PageTables:         4200 kB
1777826418.349050110 SecPageTables:         0 kB
1777826418.349050110 NFS_Unstable:          0 kB
1777826418.349050110 Bounce:                0 kB
1777826418.349050110 WritebackTmp:          0 kB
1777826418.349050110 CommitLimit:     3537964 kB
1777826418.349050110 Committed_AS:     502772 kB
1777826418.349050110 VmallocTotal:   135288315904 kB
1777826418.349050110 VmallocUsed:       19308 kB
1777826418.349050110 VmallocChunk:          0 kB
1777826418.349050110 Percpu:             1456 kB
1777826418.349050110 AnonHugePages:         0 kB
1777826418.349050110 ShmemHugePages:        0 kB
1777826418.349050110 ShmemPmdMapped:        0 kB
1777826418.349050110 FileHugePages:         0 kB
1777826418.349050110 FilePmdMapped:         0 kB
1777826418.349050110 CmaTotal:          65536 kB
1777826418.349050110 CmaFree:           49104 kB
1777826418.349050110 Balloon:               0 kB
1777826418.349050110 HugePages_Total:     512
1777826418.349050110 HugePages_Free:      488
1777826418.349050110 HugePages_Rsvd:        0
1777826418.349050110 HugePages_Surp:        0
1777826418.349050110 Hugepagesize:       2048 kB
1777826418.349050110 Hugetlb:         1048576 kB
1777826419.357807819 MemTotal:        8124504 kB
1777826419.357807819 MemFree:         6330952 kB
1777826419.357807819 MemAvailable:    6647876 kB
1777826419.357807819 Buffers:           30316 kB
1777826419.357807819 Cached:           416360 kB
1777826419.357807819 SwapCached:            0 kB
1777826419.357807819 Active:           437908 kB
1777826419.357807819 Inactive:         106212 kB
1777826419.357807819 Active(anon):     102596 kB
1777826419.357807819 Inactive(anon):        0 kB
1777826419.357807819 Active(file):     335312 kB
1777826419.357807819 Inactive(file):   106212 kB
1777826419.357807819 Unevictable:           0 kB
1777826419.357807819 Mlocked:               0 kB
1777826419.357807819 SwapTotal:             0 kB
1777826419.357807819 SwapFree:              0 kB
1777826419.357807819 Zswap:                 0 kB
1777826419.357807819 Zswapped:              0 kB
1777826419.357807819 Dirty:                84 kB
1777826419.357807819 Writeback:             0 kB
1777826419.357807819 AnonPages:         97648 kB
1777826419.357807819 Mapped:           104256 kB
1777826419.357807819 Shmem:              5240 kB
1777826419.357807819 KReclaimable:      30316 kB
1777826419.357807819 Slab:             122124 kB
1777826419.357807819 SReclaimable:      30316 kB
1777826419.357807819 SUnreclaim:        91808 kB
1777826419.357807819 KernelStack:        3168 kB
1777826419.357807819 PageTables:         4204 kB
1777826419.357807819 SecPageTables:         0 kB
1777826419.357807819 NFS_Unstable:          0 kB
1777826419.357807819 Bounce:                0 kB
1777826419.357807819 WritebackTmp:          0 kB
1777826419.357807819 CommitLimit:     3537964 kB
1777826419.357807819 Committed_AS:     502772 kB
1777826419.357807819 VmallocTotal:   135288315904 kB
1777826419.357807819 VmallocUsed:       19292 kB
1777826419.357807819 VmallocChunk:          0 kB
1777826419.357807819 Percpu:             1456 kB
1777826419.357807819 AnonHugePages:         0 kB
1777826419.357807819 ShmemHugePages:        0 kB
1777826419.357807819 ShmemPmdMapped:        0 kB
1777826419.357807819 FileHugePages:         0 kB
1777826419.357807819 FilePmdMapped:         0 kB
1777826419.357807819 CmaTotal:          65536 kB
1777826419.357807819 CmaFree:           49104 kB
1777826419.357807819 Balloon:               0 kB
1777826419.357807819 HugePages_Total:     512
1777826419.357807819 HugePages_Free:      488
1777826419.357807819 HugePages_Rsvd:        0
1777826419.357807819 HugePages_Surp:        0
1777826419.357807819 Hugepagesize:       2048 kB
1777826419.357807819 Hugetlb:         1048576 kB
1777826420.366207266 MemTotal:        8124504 kB
1777826420.366207266 MemFree:         6334556 kB
1777826420.366207266 MemAvailable:    6651484 kB
1777826420.366207266 Buffers:           30316 kB
1777826420.366207266 Cached:           416364 kB
1777826420.366207266 SwapCached:            0 kB
1777826420.366207266 Active:           437904 kB
1777826420.366207266 Inactive:         106216 kB
1777826420.366207266 Active(anon):     102592 kB
1777826420.366207266 Inactive(anon):        0 kB
1777826420.366207266 Active(file):     335312 kB
1777826420.366207266 Inactive(file):   106216 kB
1777826420.366207266 Unevictable:           0 kB
1777826420.366207266 Mlocked:               0 kB
1777826420.366207266 SwapTotal:             0 kB
1777826420.366207266 SwapFree:              0 kB
1777826420.366207266 Zswap:                 0 kB
1777826420.366207266 Zswapped:              0 kB
1777826420.366207266 Dirty:                60 kB
1777826420.366207266 Writeback:             0 kB
1777826420.366207266 AnonPages:         97712 kB
1777826420.366207266 Mapped:           104256 kB
1777826420.366207266 Shmem:              5240 kB
1777826420.366207266 KReclaimable:      30316 kB
1777826420.366207266 Slab:             122092 kB
1777826420.366207266 SReclaimable:      30316 kB
1777826420.366207266 SUnreclaim:        91776 kB
1777826420.366207266 KernelStack:        3168 kB
1777826420.366207266 PageTables:         4188 kB
1777826420.366207266 SecPageTables:         0 kB
1777826420.366207266 NFS_Unstable:          0 kB
1777826420.366207266 Bounce:                0 kB
1777826420.366207266 WritebackTmp:          0 kB
1777826420.366207266 CommitLimit:     3537964 kB
1777826420.366207266 Committed_AS:     502772 kB
1777826420.366207266 VmallocTotal:   135288315904 kB
1777826420.366207266 VmallocUsed:       19276 kB
1777826420.366207266 VmallocChunk:          0 kB
1777826420.366207266 Percpu:             1456 kB
1777826420.366207266 AnonHugePages:         0 kB
1777826420.366207266 ShmemHugePages:        0 kB
1777826420.366207266 ShmemPmdMapped:        0 kB
1777826420.366207266 FileHugePages:         0 kB
1777826420.366207266 FilePmdMapped:         0 kB
1777826420.366207266 CmaTotal:          65536 kB
1777826420.366207266 CmaFree:           49104 kB
1777826420.366207266 Balloon:               0 kB
1777826420.366207266 HugePages_Total:     512
1777826420.366207266 HugePages_Free:      488
1777826420.366207266 HugePages_Rsvd:        0
1777826420.366207266 HugePages_Surp:        0
1777826420.366207266 Hugepagesize:       2048 kB
1777826420.366207266 Hugetlb:         1048576 kB
1777826421.374933197 MemTotal:        8124504 kB
1777826421.374933197 MemFree:         6330432 kB
1777826421.374933197 MemAvailable:    6647368 kB
1777826421.374933197 Buffers:           30316 kB
1777826421.374933197 Cached:           416368 kB
1777826421.374933197 SwapCached:            0 kB
1777826421.374933197 Active:           437992 kB
1777826421.374933197 Inactive:         106220 kB
1777826421.374933197 Active(anon):     102676 kB
1777826421.374933197 Inactive(anon):        0 kB
1777826421.374933197 Active(file):     335316 kB
1777826421.374933197 Inactive(file):   106220 kB
1777826421.374933197 Unevictable:           0 kB
1777826421.374933197 Mlocked:               0 kB
1777826421.374933197 SwapTotal:             0 kB
1777826421.374933197 SwapFree:              0 kB
1777826421.374933197 Zswap:                 0 kB
1777826421.374933197 Zswapped:              0 kB
1777826421.374933197 Dirty:                64 kB
1777826421.374933197 Writeback:             0 kB
1777826421.374933197 AnonPages:         97716 kB
1777826421.374933197 Mapped:           104296 kB
1777826421.374933197 Shmem:              5240 kB
1777826421.374933197 KReclaimable:      30316 kB
1777826421.374933197 Slab:             122148 kB
1777826421.374933197 SReclaimable:      30316 kB
1777826421.374933197 SUnreclaim:        91832 kB
1777826421.374933197 KernelStack:        3168 kB
1777826421.374933197 PageTables:         4188 kB
1777826421.374933197 SecPageTables:         0 kB
1777826421.374933197 NFS_Unstable:          0 kB
1777826421.374933197 Bounce:                0 kB
1777826421.374933197 WritebackTmp:          0 kB
1777826421.374933197 CommitLimit:     3537964 kB
1777826421.374933197 Committed_AS:     502772 kB
1777826421.374933197 VmallocTotal:   135288315904 kB
1777826421.374933197 VmallocUsed:       19308 kB
1777826421.374933197 VmallocChunk:          0 kB
1777826421.374933197 Percpu:             1456 kB
1777826421.374933197 AnonHugePages:         0 kB
1777826421.374933197 ShmemHugePages:        0 kB
1777826421.374933197 ShmemPmdMapped:        0 kB
1777826421.374933197 FileHugePages:         0 kB
1777826421.374933197 FilePmdMapped:         0 kB
1777826421.374933197 CmaTotal:          65536 kB
1777826421.374933197 CmaFree:           49104 kB
1777826421.374933197 Balloon:               0 kB
1777826421.374933197 HugePages_Total:     512
1777826421.374933197 HugePages_Free:      488
1777826421.374933197 HugePages_Rsvd:        0
1777826421.374933197 HugePages_Surp:        0
1777826421.374933197 Hugepagesize:       2048 kB
1777826421.374933197 Hugetlb:         1048576 kB
1777826422.383596590 MemTotal:        8124504 kB
1777826422.383596590 MemFree:         6335244 kB
1777826422.383596590 MemAvailable:    6652180 kB
1777826422.383596590 Buffers:           30320 kB
1777826422.383596590 Cached:           416368 kB
1777826422.383596590 SwapCached:            0 kB
1777826422.383596590 Active:           437956 kB
1777826422.383596590 Inactive:         106224 kB
1777826422.383596590 Active(anon):     102644 kB
1777826422.383596590 Inactive(anon):        0 kB
1777826422.383596590 Active(file):     335312 kB
1777826422.383596590 Inactive(file):   106224 kB
1777826422.383596590 Unevictable:           0 kB
1777826422.383596590 Mlocked:               0 kB
1777826422.383596590 SwapTotal:             0 kB
1777826422.383596590 SwapFree:              0 kB
1777826422.383596590 Zswap:                 0 kB
1777826422.383596590 Zswapped:              0 kB
1777826422.383596590 Dirty:                68 kB
1777826422.383596590 Writeback:             0 kB
1777826422.383596590 AnonPages:         97716 kB
1777826422.383596590 Mapped:           104296 kB
1777826422.383596590 Shmem:              5240 kB
1777826422.383596590 KReclaimable:      30316 kB
1777826422.383596590 Slab:             122072 kB
1777826422.383596590 SReclaimable:      30316 kB
1777826422.383596590 SUnreclaim:        91756 kB
1777826422.383596590 KernelStack:        3168 kB
1777826422.383596590 PageTables:         4200 kB
1777826422.383596590 SecPageTables:         0 kB
1777826422.383596590 NFS_Unstable:          0 kB
1777826422.383596590 Bounce:                0 kB
1777826422.383596590 WritebackTmp:          0 kB
1777826422.383596590 CommitLimit:     3537964 kB
1777826422.383596590 Committed_AS:     502772 kB
1777826422.383596590 VmallocTotal:   135288315904 kB
1777826422.383596590 VmallocUsed:       19308 kB
1777826422.383596590 VmallocChunk:          0 kB
1777826422.383596590 Percpu:             1456 kB
1777826422.383596590 AnonHugePages:         0 kB
1777826422.383596590 ShmemHugePages:        0 kB
1777826422.383596590 ShmemPmdMapped:        0 kB
1777826422.383596590 FileHugePages:         0 kB
1777826422.383596590 FilePmdMapped:         0 kB
1777826422.383596590 CmaTotal:          65536 kB
1777826422.383596590 CmaFree:           49104 kB
1777826422.383596590 Balloon:               0 kB
1777826422.383596590 HugePages_Total:     512
1777826422.383596590 HugePages_Free:      488
1777826422.383596590 HugePages_Rsvd:        0
1777826422.383596590 HugePages_Surp:        0
1777826422.383596590 Hugepagesize:       2048 kB
1777826422.383596590 Hugetlb:         1048576 kB
1777826423.393739884 MemTotal:        8124504 kB
1777826423.393739884 MemFree:         6324572 kB
1777826423.393739884 MemAvailable:    6641524 kB
1777826423.393739884 Buffers:           30324 kB
1777826423.393739884 Cached:           416376 kB
1777826423.393739884 SwapCached:            0 kB
1777826423.393739884 Active:           438096 kB
1777826423.393739884 Inactive:         106236 kB
1777826423.393739884 Active(anon):     102780 kB
1777826423.393739884 Inactive(anon):        0 kB
1777826423.393739884 Active(file):     335316 kB
1777826423.393739884 Inactive(file):   106236 kB
1777826423.393739884 Unevictable:           0 kB
1777826423.393739884 Mlocked:               0 kB
1777826423.393739884 SwapTotal:             0 kB
1777826423.393739884 SwapFree:              0 kB
1777826423.393739884 Zswap:                 0 kB
1777826423.393739884 Zswapped:              0 kB
1777826423.393739884 Dirty:                76 kB
1777826423.393739884 Writeback:             0 kB
1777826423.393739884 AnonPages:         97712 kB
1777826423.393739884 Mapped:           104296 kB
1777826423.393739884 Shmem:              5240 kB
1777826423.393739884 KReclaimable:      30316 kB
1777826423.393739884 Slab:             122128 kB
1777826423.393739884 SReclaimable:      30316 kB
1777826423.393739884 SUnreclaim:        91812 kB
1777826423.393739884 KernelStack:        3168 kB
1777826423.393739884 PageTables:         4192 kB
1777826423.393739884 SecPageTables:         0 kB
1777826423.393739884 NFS_Unstable:          0 kB
1777826423.393739884 Bounce:                0 kB
1777826423.393739884 WritebackTmp:          0 kB
1777826423.393739884 CommitLimit:     3537964 kB
1777826423.393739884 Committed_AS:     502772 kB
1777826423.393739884 VmallocTotal:   135288315904 kB
1777826423.393739884 VmallocUsed:       19308 kB
1777826423.393739884 VmallocChunk:          0 kB
1777826423.393739884 Percpu:             1456 kB
1777826423.393739884 AnonHugePages:         0 kB
1777826423.393739884 ShmemHugePages:        0 kB
1777826423.393739884 ShmemPmdMapped:        0 kB
1777826423.393739884 FileHugePages:         0 kB
1777826423.393739884 FilePmdMapped:         0 kB
1777826423.393739884 CmaTotal:          65536 kB
1777826423.393739884 CmaFree:           49104 kB
1777826423.393739884 Balloon:               0 kB
1777826423.393739884 HugePages_Total:     512
1777826423.393739884 HugePages_Free:      488
1777826423.393739884 HugePages_Rsvd:        0
1777826423.393739884 HugePages_Surp:        0
1777826423.393739884 Hugepagesize:       2048 kB
1777826423.393739884 Hugetlb:         1048576 kB
1777826424.402372777 MemTotal:        8124504 kB
1777826424.402372777 MemFree:         6327140 kB
1777826424.402372777 MemAvailable:    6644108 kB
1777826424.402372777 Buffers:           30332 kB
1777826424.402372777 Cached:           416384 kB
1777826424.402372777 SwapCached:            0 kB
1777826424.402372777 Active:           438092 kB
1777826424.402372777 Inactive:         106252 kB
1777826424.402372777 Active(anon):     102780 kB
1777826424.402372777 Inactive(anon):        0 kB
1777826424.402372777 Active(file):     335312 kB
1777826424.402372777 Inactive(file):   106252 kB
1777826424.402372777 Unevictable:           0 kB
1777826424.402372777 Mlocked:               0 kB
1777826424.402372777 SwapTotal:             0 kB
1777826424.402372777 SwapFree:              0 kB
1777826424.402372777 Zswap:                 0 kB
1777826424.402372777 Zswapped:              0 kB
1777826424.402372777 Dirty:              1284 kB
1777826424.402372777 Writeback:             0 kB
1777826424.402372777 AnonPages:         97716 kB
1777826424.402372777 Mapped:           104300 kB
1777826424.402372777 Shmem:              5240 kB
1777826424.402372777 KReclaimable:      30324 kB
1777826424.402372777 Slab:             122216 kB
1777826424.402372777 SReclaimable:      30324 kB
1777826424.402372777 SUnreclaim:        91892 kB
1777826424.402372777 KernelStack:        3200 kB
1777826424.402372777 PageTables:         4180 kB
1777826424.402372777 SecPageTables:         0 kB
1777826424.402372777 NFS_Unstable:          0 kB
1777826424.402372777 Bounce:                0 kB
1777826424.402372777 WritebackTmp:          0 kB
1777826424.402372777 CommitLimit:     3537964 kB
1777826424.402372777 Committed_AS:     502772 kB
1777826424.402372777 VmallocTotal:   135288315904 kB
1777826424.402372777 VmallocUsed:       19340 kB
1777826424.402372777 VmallocChunk:          0 kB
1777826424.402372777 Percpu:             1456 kB
1777826424.402372777 AnonHugePages:         0 kB
1777826424.402372777 ShmemHugePages:        0 kB
1777826424.402372777 ShmemPmdMapped:        0 kB
1777826424.402372777 FileHugePages:         0 kB
1777826424.402372777 FilePmdMapped:         0 kB
1777826424.402372777 CmaTotal:          65536 kB
1777826424.402372777 CmaFree:           49104 kB
1777826424.402372777 Balloon:               0 kB
1777826424.402372777 HugePages_Total:     512
1777826424.402372777 HugePages_Free:      488
1777826424.402372777 HugePages_Rsvd:        0
1777826424.402372777 HugePages_Surp:        0
1777826424.402372777 Hugepagesize:       2048 kB
1777826424.402372777 Hugetlb:         1048576 kB
1777826425.410987188 MemTotal:        8124504 kB
1777826425.410987188 MemFree:         6325536 kB
1777826425.410987188 MemAvailable:    6642508 kB
1777826425.410987188 Buffers:           30332 kB
1777826425.410987188 Cached:           416388 kB
1777826425.410987188 SwapCached:            0 kB
1777826425.410987188 Active:           438048 kB
1777826425.410987188 Inactive:         106256 kB
1777826425.410987188 Active(anon):     102736 kB
1777826425.410987188 Inactive(anon):        0 kB
1777826425.410987188 Active(file):     335312 kB
1777826425.410987188 Inactive(file):   106256 kB
1777826425.410987188 Unevictable:           0 kB
1777826425.410987188 Mlocked:               0 kB
1777826425.410987188 SwapTotal:             0 kB
1777826425.410987188 SwapFree:              0 kB
1777826425.410987188 Zswap:                 0 kB
1777826425.410987188 Zswapped:              0 kB
1777826425.410987188 Dirty:              1288 kB
1777826425.410987188 Writeback:             0 kB
1777826425.410987188 AnonPages:         97712 kB
1777826425.410987188 Mapped:           104300 kB
1777826425.410987188 Shmem:              5240 kB
1777826425.410987188 KReclaimable:      30324 kB
1777826425.410987188 Slab:             122216 kB
1777826425.410987188 SReclaimable:      30324 kB
1777826425.410987188 SUnreclaim:        91892 kB
1777826425.410987188 KernelStack:        3200 kB
1777826425.410987188 PageTables:         4196 kB
1777826425.410987188 SecPageTables:         0 kB
1777826425.410987188 NFS_Unstable:          0 kB
1777826425.410987188 Bounce:                0 kB
1777826425.410987188 WritebackTmp:          0 kB
1777826425.410987188 CommitLimit:     3537964 kB
1777826425.410987188 Committed_AS:     502772 kB
1777826425.410987188 VmallocTotal:   135288315904 kB
1777826425.410987188 VmallocUsed:       19308 kB
1777826425.410987188 VmallocChunk:          0 kB
1777826425.410987188 Percpu:             1456 kB
1777826425.410987188 AnonHugePages:         0 kB
1777826425.410987188 ShmemHugePages:        0 kB
1777826425.410987188 ShmemPmdMapped:        0 kB
1777826425.410987188 FileHugePages:         0 kB
1777826425.410987188 FilePmdMapped:         0 kB
1777826425.410987188 CmaTotal:          65536 kB
1777826425.410987188 CmaFree:           49104 kB
1777826425.410987188 Balloon:               0 kB
1777826425.410987188 HugePages_Total:     512
1777826425.410987188 HugePages_Free:      488
1777826425.410987188 HugePages_Rsvd:        0
1777826425.410987188 HugePages_Surp:        0
1777826425.410987188 Hugepagesize:       2048 kB
1777826425.410987188 Hugetlb:         1048576 kB
1777826426.419613155 MemTotal:        8124504 kB
1777826426.419613155 MemFree:         6326652 kB
1777826426.419613155 MemAvailable:    6643632 kB
1777826426.419613155 Buffers:           30332 kB
1777826426.419613155 Cached:           416396 kB
1777826426.419613155 SwapCached:            0 kB
1777826426.419613155 Active:           438060 kB
1777826426.419613155 Inactive:         106264 kB
1777826426.419613155 Active(anon):     102748 kB
1777826426.419613155 Inactive(anon):        0 kB
1777826426.419613155 Active(file):     335312 kB
1777826426.419613155 Inactive(file):   106264 kB
1777826426.419613155 Unevictable:           0 kB
1777826426.419613155 Mlocked:               0 kB
1777826426.419613155 SwapTotal:             0 kB
1777826426.419613155 SwapFree:              0 kB
1777826426.419613155 Zswap:                 0 kB
1777826426.419613155 Zswapped:              0 kB
1777826426.419613155 Dirty:              1296 kB
1777826426.419613155 Writeback:             0 kB
1777826426.419613155 AnonPages:         97708 kB
1777826426.419613155 Mapped:           104300 kB
1777826426.419613155 Shmem:              5240 kB
1777826426.419613155 KReclaimable:      30324 kB
1777826426.419613155 Slab:             122128 kB
1777826426.419613155 SReclaimable:      30324 kB
1777826426.419613155 SUnreclaim:        91804 kB
1777826426.419613155 KernelStack:        3200 kB
1777826426.419613155 PageTables:         4188 kB
1777826426.419613155 SecPageTables:         0 kB
1777826426.419613155 NFS_Unstable:          0 kB
1777826426.419613155 Bounce:                0 kB
1777826426.419613155 WritebackTmp:          0 kB
1777826426.419613155 CommitLimit:     3537964 kB
1777826426.419613155 Committed_AS:     502772 kB
1777826426.419613155 VmallocTotal:   135288315904 kB
1777826426.419613155 VmallocUsed:       19340 kB
1777826426.419613155 VmallocChunk:          0 kB
1777826426.419613155 Percpu:             1456 kB
1777826426.419613155 AnonHugePages:         0 kB
1777826426.419613155 ShmemHugePages:        0 kB
1777826426.419613155 ShmemPmdMapped:        0 kB
1777826426.419613155 FileHugePages:         0 kB
1777826426.419613155 FilePmdMapped:         0 kB
1777826426.419613155 CmaTotal:          65536 kB
1777826426.419613155 CmaFree:           49104 kB
1777826426.419613155 Balloon:               0 kB
1777826426.419613155 HugePages_Total:     512
1777826426.419613155 HugePages_Free:      488
1777826426.419613155 HugePages_Rsvd:        0
1777826426.419613155 HugePages_Surp:        0
1777826426.419613155 Hugepagesize:       2048 kB
1777826426.419613155 Hugetlb:         1048576 kB
1777826427.428065843 MemTotal:        8124504 kB
1777826427.428065843 MemFree:         6327480 kB
1777826427.428065843 MemAvailable:    6644468 kB
1777826427.428065843 Buffers:           30332 kB
1777826427.428065843 Cached:           416404 kB
1777826427.428065843 SwapCached:            0 kB
1777826427.428065843 Active:           437916 kB
1777826427.428065843 Inactive:         106272 kB
1777826427.428065843 Active(anon):     102604 kB
1777826427.428065843 Inactive(anon):        0 kB
1777826427.428065843 Active(file):     335312 kB
1777826427.428065843 Inactive(file):   106272 kB
1777826427.428065843 Unevictable:           0 kB
1777826427.428065843 Mlocked:               0 kB
1777826427.428065843 SwapTotal:             0 kB
1777826427.428065843 SwapFree:              0 kB
1777826427.428065843 Zswap:                 0 kB
1777826427.428065843 Zswapped:              0 kB
1777826427.428065843 Dirty:              1304 kB
1777826427.428065843 Writeback:             0 kB
1777826427.428065843 AnonPages:         97712 kB
1777826427.428065843 Mapped:           104260 kB
1777826427.428065843 Shmem:              5240 kB
1777826427.428065843 KReclaimable:      30324 kB
1777826427.428065843 Slab:             122260 kB
1777826427.428065843 SReclaimable:      30324 kB
1777826427.428065843 SUnreclaim:        91936 kB
1777826427.428065843 KernelStack:        3200 kB
1777826427.428065843 PageTables:         4196 kB
1777826427.428065843 SecPageTables:         0 kB
1777826427.428065843 NFS_Unstable:          0 kB
1777826427.428065843 Bounce:                0 kB
1777826427.428065843 WritebackTmp:          0 kB
1777826427.428065843 CommitLimit:     3537964 kB
1777826427.428065843 Committed_AS:     502772 kB
1777826427.428065843 VmallocTotal:   135288315904 kB
1777826427.428065843 VmallocUsed:       19308 kB
1777826427.428065843 VmallocChunk:          0 kB
1777826427.428065843 Percpu:             1456 kB
1777826427.428065843 AnonHugePages:         0 kB
1777826427.428065843 ShmemHugePages:        0 kB
1777826427.428065843 ShmemPmdMapped:        0 kB
1777826427.428065843 FileHugePages:         0 kB
1777826427.428065843 FilePmdMapped:         0 kB
1777826427.428065843 CmaTotal:          65536 kB
1777826427.428065843 CmaFree:           49104 kB
1777826427.428065843 Balloon:               0 kB
1777826427.428065843 HugePages_Total:     512
1777826427.428065843 HugePages_Free:      488
1777826427.428065843 HugePages_Rsvd:        0
1777826427.428065843 HugePages_Surp:        0
1777826427.428065843 Hugepagesize:       2048 kB
1777826427.428065843 Hugetlb:         1048576 kB
1777826428.436677995 MemTotal:        8124504 kB
1777826428.436677995 MemFree:         6327656 kB
1777826428.436677995 MemAvailable:    6644644 kB
1777826428.436677995 Buffers:           30332 kB
1777826428.436677995 Cached:           416404 kB
1777826428.436677995 SwapCached:            0 kB
1777826428.436677995 Active:           437908 kB
1777826428.436677995 Inactive:         106272 kB
1777826428.436677995 Active(anon):     102596 kB
1777826428.436677995 Inactive(anon):        0 kB
1777826428.436677995 Active(file):     335312 kB
1777826428.436677995 Inactive(file):   106272 kB
1777826428.436677995 Unevictable:           0 kB
1777826428.436677995 Mlocked:               0 kB
1777826428.436677995 SwapTotal:             0 kB
1777826428.436677995 SwapFree:              0 kB
1777826428.436677995 Zswap:                 0 kB
1777826428.436677995 Zswapped:              0 kB
1777826428.436677995 Dirty:              1304 kB
1777826428.436677995 Writeback:             0 kB
1777826428.436677995 AnonPages:         97704 kB
1777826428.436677995 Mapped:           104300 kB
1777826428.436677995 Shmem:              5240 kB
1777826428.436677995 KReclaimable:      30324 kB
1777826428.436677995 Slab:             122144 kB
1777826428.436677995 SReclaimable:      30324 kB
1777826428.436677995 SUnreclaim:        91820 kB
1777826428.436677995 KernelStack:        3200 kB
1777826428.436677995 PageTables:         4192 kB
1777826428.436677995 SecPageTables:         0 kB
1777826428.436677995 NFS_Unstable:          0 kB
1777826428.436677995 Bounce:                0 kB
1777826428.436677995 WritebackTmp:          0 kB
1777826428.436677995 CommitLimit:     3537964 kB
1777826428.436677995 Committed_AS:     502772 kB
1777826428.436677995 VmallocTotal:   135288315904 kB
1777826428.436677995 VmallocUsed:       19324 kB
1777826428.436677995 VmallocChunk:          0 kB
1777826428.436677995 Percpu:             1456 kB
1777826428.436677995 AnonHugePages:         0 kB
1777826428.436677995 ShmemHugePages:        0 kB
1777826428.436677995 ShmemPmdMapped:        0 kB
1777826428.436677995 FileHugePages:         0 kB
1777826428.436677995 FilePmdMapped:         0 kB
1777826428.436677995 CmaTotal:          65536 kB
1777826428.436677995 CmaFree:           49104 kB
1777826428.436677995 Balloon:               0 kB
1777826428.436677995 HugePages_Total:     512
1777826428.436677995 HugePages_Free:      488
1777826428.436677995 HugePages_Rsvd:        0
1777826428.436677995 HugePages_Surp:        0
1777826428.436677995 Hugepagesize:       2048 kB
1777826428.436677995 Hugetlb:         1048576 kB
1777826429.445081979 MemTotal:        8124504 kB
1777826429.445081979 MemFree:         6323980 kB
1777826429.445081979 MemAvailable:    6640976 kB
1777826429.445081979 Buffers:           30340 kB
1777826429.445081979 Cached:           416408 kB
1777826429.445081979 SwapCached:            0 kB
1777826429.445081979 Active:           438000 kB
1777826429.445081979 Inactive:         106276 kB
1777826429.445081979 Active(anon):     102684 kB
1777826429.445081979 Inactive(anon):        0 kB
1777826429.445081979 Active(file):     335316 kB
1777826429.445081979 Inactive(file):   106276 kB
1777826429.445081979 Unevictable:           0 kB
1777826429.445081979 Mlocked:               0 kB
1777826429.445081979 SwapTotal:             0 kB
1777826429.445081979 SwapFree:              0 kB
1777826429.445081979 Zswap:                 0 kB
1777826429.445081979 Zswapped:              0 kB
1777826429.445081979 Dirty:              1316 kB
1777826429.445081979 Writeback:             0 kB
1777826429.445081979 AnonPages:         97564 kB
1777826429.445081979 Mapped:           104256 kB
1777826429.445081979 Shmem:              5240 kB
1777826429.445081979 KReclaimable:      30324 kB
1777826429.445081979 Slab:             122192 kB
1777826429.445081979 SReclaimable:      30324 kB
1777826429.445081979 SUnreclaim:        91868 kB
1777826429.445081979 KernelStack:        3200 kB
1777826429.445081979 PageTables:         4340 kB
1777826429.445081979 SecPageTables:         0 kB
1777826429.445081979 NFS_Unstable:          0 kB
1777826429.445081979 Bounce:                0 kB
1777826429.445081979 WritebackTmp:          0 kB
1777826429.445081979 CommitLimit:     3537964 kB
1777826429.445081979 Committed_AS:     502772 kB
1777826429.445081979 VmallocTotal:   135288315904 kB
1777826429.445081979 VmallocUsed:       19340 kB
1777826429.445081979 VmallocChunk:          0 kB
1777826429.445081979 Percpu:             1456 kB
1777826429.445081979 AnonHugePages:         0 kB
1777826429.445081979 ShmemHugePages:        0 kB
1777826429.445081979 ShmemPmdMapped:        0 kB
1777826429.445081979 FileHugePages:         0 kB
1777826429.445081979 FilePmdMapped:         0 kB
1777826429.445081979 CmaTotal:          65536 kB
1777826429.445081979 CmaFree:           49104 kB
1777826429.445081979 Balloon:               0 kB
1777826429.445081979 HugePages_Total:     512
1777826429.445081979 HugePages_Free:      488
1777826429.445081979 HugePages_Rsvd:        0
1777826429.445081979 HugePages_Surp:        0
1777826429.445081979 Hugepagesize:       2048 kB
1777826429.445081979 Hugetlb:         1048576 kB
1777826430.453010311 MemTotal:        8124504 kB
1777826430.453010311 MemFree:         6324140 kB
1777826430.453010311 MemAvailable:    6641148 kB
1777826430.453010311 Buffers:           30340 kB
1777826430.453010311 Cached:           416416 kB
1777826430.453010311 SwapCached:            0 kB
1777826430.453010311 Active:           437900 kB
1777826430.453010311 Inactive:         106288 kB
1777826430.453010311 Active(anon):     102584 kB
1777826430.453010311 Inactive(anon):        0 kB
1777826430.453010311 Active(file):     335316 kB
1777826430.453010311 Inactive(file):   106288 kB
1777826430.453010311 Unevictable:           0 kB
1777826430.453010311 Mlocked:               0 kB
1777826430.453010311 SwapTotal:             0 kB
1777826430.453010311 SwapFree:              0 kB
1777826430.453010311 Zswap:                 0 kB
1777826430.453010311 Zswapped:              0 kB
1777826430.453010311 Dirty:              1324 kB
1777826430.453010311 Writeback:             0 kB
1777826430.453010311 AnonPages:         97696 kB
1777826430.453010311 Mapped:           104364 kB
1777826430.453010311 Shmem:              5240 kB
1777826430.453010311 KReclaimable:      30324 kB
1777826430.453010311 Slab:             122204 kB
1777826430.453010311 SReclaimable:      30324 kB
1777826430.453010311 SUnreclaim:        91880 kB
1777826430.453010311 KernelStack:        3176 kB
1777826430.453010311 PageTables:         4700 kB
1777826430.453010311 SecPageTables:         0 kB
1777826430.453010311 NFS_Unstable:          0 kB
1777826430.453010311 Bounce:                0 kB
1777826430.453010311 WritebackTmp:          0 kB
1777826430.453010311 CommitLimit:     3537964 kB
1777826430.453010311 Committed_AS:     502772 kB
1777826430.453010311 VmallocTotal:   135288315904 kB
1777826430.453010311 VmallocUsed:       19388 kB
1777826430.453010311 VmallocChunk:          0 kB
1777826430.453010311 Percpu:             1456 kB
1777826430.453010311 AnonHugePages:         0 kB
1777826430.453010311 ShmemHugePages:        0 kB
1777826430.453010311 ShmemPmdMapped:        0 kB
1777826430.453010311 FileHugePages:         0 kB
1777826430.453010311 FilePmdMapped:         0 kB
1777826430.453010311 CmaTotal:          65536 kB
1777826430.453010311 CmaFree:           49104 kB
1777826430.453010311 Balloon:               0 kB
1777826430.453010311 HugePages_Total:     512
1777826430.453010311 HugePages_Free:      488
1777826430.453010311 HugePages_Rsvd:        0
1777826430.453010311 HugePages_Surp:        0
1777826430.453010311 Hugepagesize:       2048 kB
1777826430.453010311 Hugetlb:         1048576 kB
1777826431.461625537 MemTotal:        8124504 kB
1777826431.461625537 MemFree:         6326860 kB
1777826431.461625537 MemAvailable:    6643868 kB
1777826431.461625537 Buffers:           30340 kB
1777826431.461625537 Cached:           416416 kB
1777826431.461625537 SwapCached:            0 kB
1777826431.461625537 Active:           437488 kB
1777826431.461625537 Inactive:         106292 kB
1777826431.461625537 Active(anon):     102176 kB
1777826431.461625537 Inactive(anon):        0 kB
1777826431.461625537 Active(file):     335312 kB
1777826431.461625537 Inactive(file):   106292 kB
1777826431.461625537 Unevictable:           0 kB
1777826431.461625537 Mlocked:               0 kB
1777826431.461625537 SwapTotal:             0 kB
1777826431.461625537 SwapFree:              0 kB
1777826431.461625537 Zswap:                 0 kB
1777826431.461625537 Zswapped:              0 kB
1777826431.461625537 Dirty:              1324 kB
1777826431.461625537 Writeback:             0 kB
1777826431.461625537 AnonPages:         97120 kB
1777826431.461625537 Mapped:           104404 kB
1777826431.461625537 Shmem:              5240 kB
1777826431.461625537 KReclaimable:      30324 kB
1777826431.461625537 Slab:             122156 kB
1777826431.461625537 SReclaimable:      30324 kB
1777826431.461625537 SUnreclaim:        91832 kB
1777826431.461625537 KernelStack:        3200 kB
1777826431.461625537 PageTables:         4936 kB
1777826431.461625537 SecPageTables:         0 kB
1777826431.461625537 NFS_Unstable:          0 kB
1777826431.461625537 Bounce:                0 kB
1777826431.461625537 WritebackTmp:          0 kB
1777826431.461625537 CommitLimit:     3537964 kB
1777826431.461625537 Committed_AS:     503384 kB
1777826431.461625537 VmallocTotal:   135288315904 kB
1777826431.461625537 VmallocUsed:       19372 kB
1777826431.461625537 VmallocChunk:          0 kB
1777826431.461625537 Percpu:             1456 kB
1777826431.461625537 AnonHugePages:         0 kB
1777826431.461625537 ShmemHugePages:        0 kB
1777826431.461625537 ShmemPmdMapped:        0 kB
1777826431.461625537 FileHugePages:         0 kB
1777826431.461625537 FilePmdMapped:         0 kB
1777826431.461625537 CmaTotal:          65536 kB
1777826431.461625537 CmaFree:           49104 kB
1777826431.461625537 Balloon:               0 kB
1777826431.461625537 HugePages_Total:     512
1777826431.461625537 HugePages_Free:      488
1777826431.461625537 HugePages_Rsvd:        0
1777826431.461625537 HugePages_Surp:        0
1777826431.461625537 Hugepagesize:       2048 kB
1777826431.461625537 Hugetlb:         1048576 kB
1777826432.471227512 MemTotal:        8124504 kB
1777826432.471227512 MemFree:         6334476 kB
1777826432.471227512 MemAvailable:    6651488 kB
1777826432.471227512 Buffers:           30340 kB
1777826432.471227512 Cached:           416420 kB
1777826432.471227512 SwapCached:            0 kB
1777826432.471227512 Active:           437996 kB
1777826432.471227512 Inactive:         106296 kB
1777826432.471227512 Active(anon):     102684 kB
1777826432.471227512 Inactive(anon):        0 kB
1777826432.471227512 Active(file):     335312 kB
1777826432.471227512 Inactive(file):   106296 kB
1777826432.471227512 Unevictable:           0 kB
1777826432.471227512 Mlocked:               0 kB
1777826432.471227512 SwapTotal:             0 kB
1777826432.471227512 SwapFree:              0 kB
1777826432.471227512 Zswap:                 0 kB
1777826432.471227512 Zswapped:              0 kB
1777826432.471227512 Dirty:              1328 kB
1777826432.471227512 Writeback:             0 kB
1777826432.471227512 AnonPages:         97712 kB
1777826432.471227512 Mapped:           104260 kB
1777826432.471227512 Shmem:              5240 kB
1777826432.471227512 KReclaimable:      30324 kB
1777826432.471227512 Slab:             122120 kB
1777826432.471227512 SReclaimable:      30324 kB
1777826432.471227512 SUnreclaim:        91796 kB
1777826432.471227512 KernelStack:        3184 kB
1777826432.471227512 PageTables:         4216 kB
1777826432.471227512 SecPageTables:         0 kB
1777826432.471227512 NFS_Unstable:          0 kB
1777826432.471227512 Bounce:                0 kB
1777826432.471227512 WritebackTmp:          0 kB
1777826432.471227512 CommitLimit:     3537964 kB
1777826432.471227512 Committed_AS:     502772 kB
1777826432.471227512 VmallocTotal:   135288315904 kB
1777826432.471227512 VmallocUsed:       19324 kB
1777826432.471227512 VmallocChunk:          0 kB
1777826432.471227512 Percpu:             1456 kB
1777826432.471227512 AnonHugePages:         0 kB
1777826432.471227512 ShmemHugePages:        0 kB
1777826432.471227512 ShmemPmdMapped:        0 kB
1777826432.471227512 FileHugePages:         0 kB
1777826432.471227512 FilePmdMapped:         0 kB
1777826432.471227512 CmaTotal:          65536 kB
1777826432.471227512 CmaFree:           49104 kB
1777826432.471227512 Balloon:               0 kB
1777826432.471227512 HugePages_Total:     512
1777826432.471227512 HugePages_Free:      488
1777826432.471227512 HugePages_Rsvd:        0
1777826432.471227512 HugePages_Surp:        0
1777826432.471227512 Hugepagesize:       2048 kB
1777826432.471227512 Hugetlb:         1048576 kB
1777826433.480580559 MemTotal:        8124504 kB
1777826433.480580559 MemFree:         6333212 kB
1777826433.480580559 MemAvailable:    6650236 kB
1777826433.480580559 Buffers:           30340 kB
1777826433.480580559 Cached:           416428 kB
1777826433.480580559 SwapCached:            0 kB
1777826433.480580559 Active:           437992 kB
1777826433.480580559 Inactive:         106304 kB
1777826433.480580559 Active(anon):     102676 kB
1777826433.480580559 Inactive(anon):        0 kB
1777826433.480580559 Active(file):     335316 kB
1777826433.480580559 Inactive(file):   106304 kB
1777826433.480580559 Unevictable:           0 kB
1777826433.480580559 Mlocked:               0 kB
1777826433.480580559 SwapTotal:             0 kB
1777826433.480580559 SwapFree:              0 kB
1777826433.480580559 Zswap:                 0 kB
1777826433.480580559 Zswapped:              0 kB
1777826433.480580559 Dirty:               156 kB
1777826433.480580559 Writeback:             0 kB
1777826433.480580559 AnonPages:         97712 kB
1777826433.480580559 Mapped:           104300 kB
1777826433.480580559 Shmem:              5240 kB
1777826433.480580559 KReclaimable:      30324 kB
1777826433.480580559 Slab:             122228 kB
1777826433.480580559 SReclaimable:      30324 kB
1777826433.480580559 SUnreclaim:        91904 kB
1777826433.480580559 KernelStack:        3200 kB
1777826433.480580559 PageTables:         4208 kB
1777826433.480580559 SecPageTables:         0 kB
1777826433.480580559 NFS_Unstable:          0 kB
1777826433.480580559 Bounce:                0 kB
1777826433.480580559 WritebackTmp:          0 kB
1777826433.480580559 CommitLimit:     3537964 kB
1777826433.480580559 Committed_AS:     502772 kB
1777826433.480580559 VmallocTotal:   135288315904 kB
1777826433.480580559 VmallocUsed:       19308 kB
1777826433.480580559 VmallocChunk:          0 kB
1777826433.480580559 Percpu:             1456 kB
1777826433.480580559 AnonHugePages:         0 kB
1777826433.480580559 ShmemHugePages:        0 kB
1777826433.480580559 ShmemPmdMapped:        0 kB
1777826433.480580559 FileHugePages:         0 kB
1777826433.480580559 FilePmdMapped:         0 kB
1777826433.480580559 CmaTotal:          65536 kB
1777826433.480580559 CmaFree:           49104 kB
1777826433.480580559 Balloon:               0 kB
1777826433.480580559 HugePages_Total:     512
1777826433.480580559 HugePages_Free:      488
1777826433.480580559 HugePages_Rsvd:        0
1777826433.480580559 HugePages_Surp:        0
1777826433.480580559 Hugepagesize:       2048 kB
1777826433.480580559 Hugetlb:         1048576 kB
1777826434.490528425 MemTotal:        8124504 kB
1777826434.490528425 MemFree:         6329516 kB
1777826434.490528425 MemAvailable:    6646548 kB
1777826434.490528425 Buffers:           30348 kB
1777826434.490528425 Cached:           416436 kB
1777826434.490528425 SwapCached:            0 kB
1777826434.490528425 Active:           438044 kB
1777826434.490528425 Inactive:         106312 kB
1777826434.490528425 Active(anon):     102728 kB
1777826434.490528425 Inactive(anon):        0 kB
1777826434.490528425 Active(file):     335316 kB
1777826434.490528425 Inactive(file):   106312 kB
1777826434.490528425 Unevictable:           0 kB
1777826434.490528425 Mlocked:               0 kB
1777826434.490528425 SwapTotal:             0 kB
1777826434.490528425 SwapFree:              0 kB
1777826434.490528425 Zswap:                 0 kB
1777826434.490528425 Zswapped:              0 kB
1777826434.490528425 Dirty:               164 kB
1777826434.490528425 Writeback:             0 kB
1777826434.490528425 AnonPages:         97752 kB
1777826434.490528425 Mapped:           104260 kB
1777826434.490528425 Shmem:              5240 kB
1777826434.490528425 KReclaimable:      30324 kB
1777826434.490528425 Slab:             122148 kB
1777826434.490528425 SReclaimable:      30324 kB
1777826434.490528425 SUnreclaim:        91824 kB
1777826434.490528425 KernelStack:        3216 kB
1777826434.490528425 PageTables:         4252 kB
1777826434.490528425 SecPageTables:         0 kB
1777826434.490528425 NFS_Unstable:          0 kB
1777826434.490528425 Bounce:                0 kB
1777826434.490528425 WritebackTmp:          0 kB
1777826434.490528425 CommitLimit:     3537964 kB
1777826434.490528425 Committed_AS:     502772 kB
1777826434.490528425 VmallocTotal:   135288315904 kB
1777826434.490528425 VmallocUsed:       19308 kB
1777826434.490528425 VmallocChunk:          0 kB
1777826434.490528425 Percpu:             1456 kB
1777826434.490528425 AnonHugePages:         0 kB
1777826434.490528425 ShmemHugePages:        0 kB
1777826434.490528425 ShmemPmdMapped:        0 kB
1777826434.490528425 FileHugePages:         0 kB
1777826434.490528425 FilePmdMapped:         0 kB
1777826434.490528425 CmaTotal:          65536 kB
1777826434.490528425 CmaFree:           49104 kB
1777826434.490528425 Balloon:               0 kB
1777826434.490528425 HugePages_Total:     512
1777826434.490528425 HugePages_Free:      488
1777826434.490528425 HugePages_Rsvd:        0
1777826434.490528425 HugePages_Surp:        0
1777826434.490528425 Hugepagesize:       2048 kB
1777826434.490528425 Hugetlb:         1048576 kB
1777826435.500544329 MemTotal:        8124504 kB
1777826435.500544329 MemFree:         6334004 kB
1777826435.500544329 MemAvailable:    6651048 kB
1777826435.500544329 Buffers:           30348 kB
1777826435.500544329 Cached:           416440 kB
1777826435.500544329 SwapCached:            0 kB
1777826435.500544329 Active:           437952 kB
1777826435.500544329 Inactive:         106324 kB
1777826435.500544329 Active(anon):     102636 kB
1777826435.500544329 Inactive(anon):        0 kB
1777826435.500544329 Active(file):     335316 kB
1777826435.500544329 Inactive(file):   106324 kB
1777826435.500544329 Unevictable:           0 kB
1777826435.500544329 Mlocked:               0 kB
1777826435.500544329 SwapTotal:             0 kB
1777826435.500544329 SwapFree:              0 kB
1777826435.500544329 Zswap:                 0 kB
1777826435.500544329 Zswapped:              0 kB
1777826435.500544329 Dirty:               168 kB
1777826435.500544329 Writeback:             0 kB
1777826435.500544329 AnonPages:         97716 kB
1777826435.500544329 Mapped:           104260 kB
1777826435.500544329 Shmem:              5240 kB
1777826435.500544329 KReclaimable:      30324 kB
1777826435.500544329 Slab:             122280 kB
1777826435.500544329 SReclaimable:      30324 kB
1777826435.500544329 SUnreclaim:        91956 kB
1777826435.500544329 KernelStack:        3200 kB
1777826435.500544329 PageTables:         4200 kB
1777826435.500544329 SecPageTables:         0 kB
1777826435.500544329 NFS_Unstable:          0 kB
1777826435.500544329 Bounce:                0 kB
1777826435.500544329 WritebackTmp:          0 kB
1777826435.500544329 CommitLimit:     3537964 kB
1777826435.500544329 Committed_AS:     502772 kB
1777826435.500544329 VmallocTotal:   135288315904 kB
1777826435.500544329 VmallocUsed:       19308 kB
1777826435.500544329 VmallocChunk:          0 kB
1777826435.500544329 Percpu:             1456 kB
1777826435.500544329 AnonHugePages:         0 kB
1777826435.500544329 ShmemHugePages:        0 kB
1777826435.500544329 ShmemPmdMapped:        0 kB
1777826435.500544329 FileHugePages:         0 kB
1777826435.500544329 FilePmdMapped:         0 kB
1777826435.500544329 CmaTotal:          65536 kB
1777826435.500544329 CmaFree:           49104 kB
1777826435.500544329 Balloon:               0 kB
1777826435.500544329 HugePages_Total:     512
1777826435.500544329 HugePages_Free:      488
1777826435.500544329 HugePages_Rsvd:        0
1777826435.500544329 HugePages_Surp:        0
1777826435.500544329 Hugepagesize:       2048 kB
1777826435.500544329 Hugetlb:         1048576 kB
1777826436.509984487 MemTotal:        8124504 kB
1777826436.509984487 MemFree:         6329408 kB
1777826436.509984487 MemAvailable:    6646444 kB
1777826436.509984487 Buffers:           30348 kB
1777826436.509984487 Cached:           416440 kB
1777826436.509984487 SwapCached:            0 kB
1777826436.509984487 Active:           438012 kB
1777826436.509984487 Inactive:         106324 kB
1777826436.509984487 Active(anon):     102704 kB
1777826436.509984487 Inactive(anon):        0 kB
1777826436.509984487 Active(file):     335308 kB
1777826436.509984487 Inactive(file):   106324 kB
1777826436.509984487 Unevictable:           0 kB
1777826436.509984487 Mlocked:               0 kB
1777826436.509984487 SwapTotal:             0 kB
1777826436.509984487 SwapFree:              0 kB
1777826436.509984487 Zswap:                 0 kB
1777826436.509984487 Zswapped:              0 kB
1777826436.509984487 Dirty:               168 kB
1777826436.509984487 Writeback:             0 kB
1777826436.509984487 AnonPages:         97672 kB
1777826436.509984487 Mapped:           104260 kB
1777826436.509984487 Shmem:              5240 kB
1777826436.509984487 KReclaimable:      30324 kB
1777826436.509984487 Slab:             122112 kB
1777826436.509984487 SReclaimable:      30324 kB
1777826436.509984487 SUnreclaim:        91788 kB
1777826436.509984487 KernelStack:        3200 kB
1777826436.509984487 PageTables:         4176 kB
1777826436.509984487 SecPageTables:         0 kB
1777826436.509984487 NFS_Unstable:          0 kB
1777826436.509984487 Bounce:                0 kB
1777826436.509984487 WritebackTmp:          0 kB
1777826436.509984487 CommitLimit:     3537964 kB
1777826436.509984487 Committed_AS:     502772 kB
1777826436.509984487 VmallocTotal:   135288315904 kB
1777826436.509984487 VmallocUsed:       19292 kB
1777826436.509984487 VmallocChunk:          0 kB
1777826436.509984487 Percpu:             1456 kB
1777826436.509984487 AnonHugePages:         0 kB
1777826436.509984487 ShmemHugePages:        0 kB
1777826436.509984487 ShmemPmdMapped:        0 kB
1777826436.509984487 FileHugePages:         0 kB
1777826436.509984487 FilePmdMapped:         0 kB
1777826436.509984487 CmaTotal:          65536 kB
1777826436.509984487 CmaFree:           49104 kB
1777826436.509984487 Balloon:               0 kB
1777826436.509984487 HugePages_Total:     512
1777826436.509984487 HugePages_Free:      488
1777826436.509984487 HugePages_Rsvd:        0
1777826436.509984487 HugePages_Surp:        0
1777826436.509984487 Hugepagesize:       2048 kB
1777826436.509984487 Hugetlb:         1048576 kB
1777826437.519291349 MemTotal:        8124504 kB
1777826437.519291349 MemFree:         6334048 kB
1777826437.519291349 MemAvailable:    6651096 kB
1777826437.519291349 Buffers:           30348 kB
1777826437.519291349 Cached:           416448 kB
1777826437.519291349 SwapCached:            0 kB
1777826437.519291349 Active:           438132 kB
1777826437.519291349 Inactive:         106328 kB
1777826437.519291349 Active(anon):     102816 kB
1777826437.519291349 Inactive(anon):        0 kB
1777826437.519291349 Active(file):     335316 kB
1777826437.519291349 Inactive(file):   106328 kB
1777826437.519291349 Unevictable:           0 kB
1777826437.519291349 Mlocked:               0 kB
1777826437.519291349 SwapTotal:             0 kB
1777826437.519291349 SwapFree:              0 kB
1777826437.519291349 Zswap:                 0 kB
1777826437.519291349 Zswapped:              0 kB
1777826437.519291349 Dirty:               176 kB
1777826437.519291349 Writeback:             0 kB
1777826437.519291349 AnonPages:         97720 kB
1777826437.519291349 Mapped:           104300 kB
1777826437.519291349 Shmem:              5240 kB
1777826437.519291349 KReclaimable:      30324 kB
1777826437.519291349 Slab:             122112 kB
1777826437.519291349 SReclaimable:      30324 kB
1777826437.519291349 SUnreclaim:        91788 kB
1777826437.519291349 KernelStack:        3200 kB
1777826437.519291349 PageTables:         4192 kB
1777826437.519291349 SecPageTables:         0 kB
1777826437.519291349 NFS_Unstable:          0 kB
1777826437.519291349 Bounce:                0 kB
1777826437.519291349 WritebackTmp:          0 kB
1777826437.519291349 CommitLimit:     3537964 kB
1777826437.519291349 Committed_AS:     502772 kB
1777826437.519291349 VmallocTotal:   135288315904 kB
1777826437.519291349 VmallocUsed:       19308 kB
1777826437.519291349 VmallocChunk:          0 kB
1777826437.519291349 Percpu:             1456 kB
1777826437.519291349 AnonHugePages:         0 kB
1777826437.519291349 ShmemHugePages:        0 kB
1777826437.519291349 ShmemPmdMapped:        0 kB
1777826437.519291349 FileHugePages:         0 kB
1777826437.519291349 FilePmdMapped:         0 kB
1777826437.519291349 CmaTotal:          65536 kB
1777826437.519291349 CmaFree:           49104 kB
1777826437.519291349 Balloon:               0 kB
1777826437.519291349 HugePages_Total:     512
1777826437.519291349 HugePages_Free:      488
1777826437.519291349 HugePages_Rsvd:        0
1777826437.519291349 HugePages_Surp:        0
1777826437.519291349 Hugepagesize:       2048 kB
1777826437.519291349 Hugetlb:         1048576 kB
1777826438.528587765 MemTotal:        8124504 kB
1777826438.528587765 MemFree:         6334356 kB
1777826438.528587765 MemAvailable:    6651408 kB
1777826438.528587765 Buffers:           30348 kB
1777826438.528587765 Cached:           416452 kB
1777826438.528587765 SwapCached:            0 kB
1777826438.528587765 Active:           438068 kB
1777826438.528587765 Inactive:         106336 kB
1777826438.528587765 Active(anon):     102756 kB
1777826438.528587765 Inactive(anon):        0 kB
1777826438.528587765 Active(file):     335312 kB
1777826438.528587765 Inactive(file):   106336 kB
1777826438.528587765 Unevictable:           0 kB
1777826438.528587765 Mlocked:               0 kB
1777826438.528587765 SwapTotal:             0 kB
1777826438.528587765 SwapFree:              0 kB
1777826438.528587765 Zswap:                 0 kB
1777826438.528587765 Zswapped:              0 kB
1777826438.528587765 Dirty:               180 kB
1777826438.528587765 Writeback:             0 kB
1777826438.528587765 AnonPages:         97644 kB
1777826438.528587765 Mapped:           104260 kB
1777826438.528587765 Shmem:              5240 kB
1777826438.528587765 KReclaimable:      30324 kB
1777826438.528587765 Slab:             122264 kB
1777826438.528587765 SReclaimable:      30324 kB
1777826438.528587765 SUnreclaim:        91940 kB
1777826438.528587765 KernelStack:        3200 kB
1777826438.528587765 PageTables:         4236 kB
1777826438.528587765 SecPageTables:         0 kB
1777826438.528587765 NFS_Unstable:          0 kB
1777826438.528587765 Bounce:                0 kB
1777826438.528587765 WritebackTmp:          0 kB
1777826438.528587765 CommitLimit:     3537964 kB
1777826438.528587765 Committed_AS:     502772 kB
1777826438.528587765 VmallocTotal:   135288315904 kB
1777826438.528587765 VmallocUsed:       19308 kB
1777826438.528587765 VmallocChunk:          0 kB
1777826438.528587765 Percpu:             1456 kB
1777826438.528587765 AnonHugePages:         0 kB
1777826438.528587765 ShmemHugePages:        0 kB
1777826438.528587765 ShmemPmdMapped:        0 kB
1777826438.528587765 FileHugePages:         0 kB
1777826438.528587765 FilePmdMapped:         0 kB
1777826438.528587765 CmaTotal:          65536 kB
1777826438.528587765 CmaFree:           49104 kB
1777826438.528587765 Balloon:               0 kB
1777826438.528587765 HugePages_Total:     512
1777826438.528587765 HugePages_Free:      488
1777826438.528587765 HugePages_Rsvd:        0
1777826438.528587765 HugePages_Surp:        0
1777826438.528587765 Hugepagesize:       2048 kB
1777826438.528587765 Hugetlb:         1048576 kB
1777826439.538561965 MemTotal:        8124504 kB
1777826439.538561965 MemFree:         6326024 kB
1777826439.538561965 MemAvailable:    6643080 kB
1777826439.538561965 Buffers:           30356 kB
1777826439.538561965 Cached:           416452 kB
1777826439.538561965 SwapCached:            0 kB
1777826439.538561965 Active:           438008 kB
1777826439.538561965 Inactive:         106336 kB
1777826439.538561965 Active(anon):     102692 kB
1777826439.538561965 Inactive(anon):        0 kB
1777826439.538561965 Active(file):     335316 kB
1777826439.538561965 Inactive(file):   106336 kB
1777826439.538561965 Unevictable:           0 kB
1777826439.538561965 Mlocked:               0 kB
1777826439.538561965 SwapTotal:             0 kB
1777826439.538561965 SwapFree:              0 kB
1777826439.538561965 Zswap:                 0 kB
1777826439.538561965 Zswapped:              0 kB
1777826439.538561965 Dirty:               180 kB
1777826439.538561965 Writeback:             0 kB
1777826439.538561965 AnonPages:         97720 kB
1777826439.538561965 Mapped:           104260 kB
1777826439.538561965 Shmem:              5240 kB
1777826439.538561965 KReclaimable:      30324 kB
1777826439.538561965 Slab:             122300 kB
1777826439.538561965 SReclaimable:      30324 kB
1777826439.538561965 SUnreclaim:        91976 kB
1777826439.538561965 KernelStack:        3200 kB
1777826439.538561965 PageTables:         4188 kB
1777826439.538561965 SecPageTables:         0 kB
1777826439.538561965 NFS_Unstable:          0 kB
1777826439.538561965 Bounce:                0 kB
1777826439.538561965 WritebackTmp:          0 kB
1777826439.538561965 CommitLimit:     3537964 kB
1777826439.538561965 Committed_AS:     502772 kB
1777826439.538561965 VmallocTotal:   135288315904 kB
1777826439.538561965 VmallocUsed:       19308 kB
1777826439.538561965 VmallocChunk:          0 kB
1777826439.538561965 Percpu:             1456 kB
1777826439.538561965 AnonHugePages:         0 kB
1777826439.538561965 ShmemHugePages:        0 kB
1777826439.538561965 ShmemPmdMapped:        0 kB
1777826439.538561965 FileHugePages:         0 kB
1777826439.538561965 FilePmdMapped:         0 kB
1777826439.538561965 CmaTotal:          65536 kB
1777826439.538561965 CmaFree:           49104 kB
1777826439.538561965 Balloon:               0 kB
1777826439.538561965 HugePages_Total:     512
1777826439.538561965 HugePages_Free:      488
1777826439.538561965 HugePages_Rsvd:        0
1777826439.538561965 HugePages_Surp:        0
1777826439.538561965 Hugepagesize:       2048 kB
1777826439.538561965 Hugetlb:         1048576 kB
1777826440.547902345 MemTotal:        8124504 kB
1777826440.547902345 MemFree:         6327024 kB
1777826440.547902345 MemAvailable:    6644092 kB
1777826440.547902345 Buffers:           30356 kB
1777826440.547902345 Cached:           416460 kB
1777826440.547902345 SwapCached:            0 kB
1777826440.547902345 Active:           437920 kB
1777826440.547902345 Inactive:         106352 kB
1777826440.547902345 Active(anon):     102608 kB
1777826440.547902345 Inactive(anon):        0 kB
1777826440.547902345 Active(file):     335312 kB
1777826440.547902345 Inactive(file):   106352 kB
1777826440.547902345 Unevictable:           0 kB
1777826440.547902345 Mlocked:               0 kB
1777826440.547902345 SwapTotal:             0 kB
1777826440.547902345 SwapFree:              0 kB
1777826440.547902345 Zswap:                 0 kB
1777826440.547902345 Zswapped:              0 kB
1777826440.547902345 Dirty:               188 kB
1777826440.547902345 Writeback:             0 kB
1777826440.547902345 AnonPages:         97632 kB
1777826440.547902345 Mapped:           104260 kB
1777826440.547902345 Shmem:              5240 kB
1777826440.547902345 KReclaimable:      30324 kB
1777826440.547902345 Slab:             122196 kB
1777826440.547902345 SReclaimable:      30324 kB
1777826440.547902345 SUnreclaim:        91872 kB
1777826440.547902345 KernelStack:        3184 kB
1777826440.547902345 PageTables:         4188 kB
1777826440.547902345 SecPageTables:         0 kB
1777826440.547902345 NFS_Unstable:          0 kB
1777826440.547902345 Bounce:                0 kB
1777826440.547902345 WritebackTmp:          0 kB
1777826440.547902345 CommitLimit:     3537964 kB
1777826440.547902345 Committed_AS:     502772 kB
1777826440.547902345 VmallocTotal:   135288315904 kB
1777826440.547902345 VmallocUsed:       19292 kB
1777826440.547902345 VmallocChunk:          0 kB
1777826440.547902345 Percpu:             1456 kB
1777826440.547902345 AnonHugePages:         0 kB
1777826440.547902345 ShmemHugePages:        0 kB
1777826440.547902345 ShmemPmdMapped:        0 kB
1777826440.547902345 FileHugePages:         0 kB
1777826440.547902345 FilePmdMapped:         0 kB
1777826440.547902345 CmaTotal:          65536 kB
1777826440.547902345 CmaFree:           49104 kB
1777826440.547902345 Balloon:               0 kB
1777826440.547902345 HugePages_Total:     512
1777826440.547902345 HugePages_Free:      488
1777826440.547902345 HugePages_Rsvd:        0
1777826440.547902345 HugePages_Surp:        0
1777826440.547902345 Hugepagesize:       2048 kB
1777826440.547902345 Hugetlb:         1048576 kB
1777826441.557771748 MemTotal:        8124504 kB
1777826441.557771748 MemFree:         6331904 kB
1777826441.557771748 MemAvailable:    6648984 kB
1777826441.557771748 Buffers:           30356 kB
1777826441.557771748 Cached:           416472 kB
1777826441.557771748 SwapCached:            0 kB
1777826441.557771748 Active:           437968 kB
1777826441.557771748 Inactive:         106364 kB
1777826441.557771748 Active(anon):     102656 kB
1777826441.557771748 Inactive(anon):        0 kB
1777826441.557771748 Active(file):     335312 kB
1777826441.557771748 Inactive(file):   106364 kB
1777826441.557771748 Unevictable:           0 kB
1777826441.557771748 Mlocked:               0 kB
1777826441.557771748 SwapTotal:             0 kB
1777826441.557771748 SwapFree:              0 kB
1777826441.557771748 Zswap:                 0 kB
1777826441.557771748 Zswapped:              0 kB
1777826441.557771748 Dirty:               200 kB
1777826441.557771748 Writeback:             0 kB
1777826441.557771748 AnonPages:         97720 kB
1777826441.557771748 Mapped:           104260 kB
1777826441.557771748 Shmem:              5240 kB
1777826441.557771748 KReclaimable:      30324 kB
1777826441.557771748 Slab:             122140 kB
1777826441.557771748 SReclaimable:      30324 kB
1777826441.557771748 SUnreclaim:        91816 kB
1777826441.557771748 KernelStack:        3200 kB
1777826441.557771748 PageTables:         4196 kB
1777826441.557771748 SecPageTables:         0 kB
1777826441.557771748 NFS_Unstable:          0 kB
1777826441.557771748 Bounce:                0 kB
1777826441.557771748 WritebackTmp:          0 kB
1777826441.557771748 CommitLimit:     3537964 kB
1777826441.557771748 Committed_AS:     502772 kB
1777826441.557771748 VmallocTotal:   135288315904 kB
1777826441.557771748 VmallocUsed:       19292 kB
1777826441.557771748 VmallocChunk:          0 kB
1777826441.557771748 Percpu:             1456 kB
1777826441.557771748 AnonHugePages:         0 kB
1777826441.557771748 ShmemHugePages:        0 kB
1777826441.557771748 ShmemPmdMapped:        0 kB
1777826441.557771748 FileHugePages:         0 kB
1777826441.557771748 FilePmdMapped:         0 kB
1777826441.557771748 CmaTotal:          65536 kB
1777826441.557771748 CmaFree:           49104 kB
1777826441.557771748 Balloon:               0 kB
1777826441.557771748 HugePages_Total:     512
1777826441.557771748 HugePages_Free:      488
1777826441.557771748 HugePages_Rsvd:        0
1777826441.557771748 HugePages_Surp:        0
1777826441.557771748 Hugepagesize:       2048 kB
1777826441.557771748 Hugetlb:         1048576 kB
1777826442.567103221 MemTotal:        8124504 kB
1777826442.567103221 MemFree:         6329232 kB
1777826442.567103221 MemAvailable:    6646312 kB
1777826442.567103221 Buffers:           30356 kB
1777826442.567103221 Cached:           416472 kB
1777826442.567103221 SwapCached:            0 kB
1777826442.567103221 Active:           438008 kB
1777826442.567103221 Inactive:         106364 kB
1777826442.567103221 Active(anon):     102696 kB
1777826442.567103221 Inactive(anon):        0 kB
1777826442.567103221 Active(file):     335312 kB
1777826442.567103221 Inactive(file):   106364 kB
1777826442.567103221 Unevictable:           0 kB
1777826442.567103221 Mlocked:               0 kB
1777826442.567103221 SwapTotal:             0 kB
1777826442.567103221 SwapFree:              0 kB
1777826442.567103221 Zswap:                 0 kB
1777826442.567103221 Zswapped:              0 kB
1777826442.567103221 Dirty:               200 kB
1777826442.567103221 Writeback:             0 kB
1777826442.567103221 AnonPages:         97672 kB
1777826442.567103221 Mapped:           104260 kB
1777826442.567103221 Shmem:              5240 kB
1777826442.567103221 KReclaimable:      30324 kB
1777826442.567103221 Slab:             122284 kB
1777826442.567103221 SReclaimable:      30324 kB
1777826442.567103221 SUnreclaim:        91960 kB
1777826442.567103221 KernelStack:        3216 kB
1777826442.567103221 PageTables:         4240 kB
1777826442.567103221 SecPageTables:         0 kB
1777826442.567103221 NFS_Unstable:          0 kB
1777826442.567103221 Bounce:                0 kB
1777826442.567103221 WritebackTmp:          0 kB
1777826442.567103221 CommitLimit:     3537964 kB
1777826442.567103221 Committed_AS:     502772 kB
1777826442.567103221 VmallocTotal:   135288315904 kB
1777826442.567103221 VmallocUsed:       19340 kB
1777826442.567103221 VmallocChunk:          0 kB
1777826442.567103221 Percpu:             1456 kB
1777826442.567103221 AnonHugePages:         0 kB
1777826442.567103221 ShmemHugePages:        0 kB
1777826442.567103221 ShmemPmdMapped:        0 kB
1777826442.567103221 FileHugePages:         0 kB
1777826442.567103221 FilePmdMapped:         0 kB
1777826442.567103221 CmaTotal:          65536 kB
1777826442.567103221 CmaFree:           49104 kB
1777826442.567103221 Balloon:               0 kB
1777826442.567103221 HugePages_Total:     512
1777826442.567103221 HugePages_Free:      488
1777826442.567103221 HugePages_Rsvd:        0
1777826442.567103221 HugePages_Surp:        0
1777826442.567103221 Hugepagesize:       2048 kB
1777826442.567103221 Hugetlb:         1048576 kB
1777826443.576434471 MemTotal:        8124504 kB
1777826443.576434471 MemFree:         6331996 kB
1777826443.576434471 MemAvailable:    6649080 kB
1777826443.576434471 Buffers:           30356 kB
1777826443.576434471 Cached:           416476 kB
1777826443.576434471 SwapCached:            0 kB
1777826443.576434471 Active:           437936 kB
1777826443.576434471 Inactive:         106368 kB
1777826443.576434471 Active(anon):     102624 kB
1777826443.576434471 Inactive(anon):        0 kB
1777826443.576434471 Active(file):     335312 kB
1777826443.576434471 Inactive(file):   106368 kB
1777826443.576434471 Unevictable:           0 kB
1777826443.576434471 Mlocked:               0 kB
1777826443.576434471 SwapTotal:             0 kB
1777826443.576434471 SwapFree:              0 kB
1777826443.576434471 Zswap:                 0 kB
1777826443.576434471 Zswapped:              0 kB
1777826443.576434471 Dirty:                52 kB
1777826443.576434471 Writeback:             0 kB
1777826443.576434471 AnonPages:         97712 kB
1777826443.576434471 Mapped:           104300 kB
1777826443.576434471 Shmem:              5240 kB
1777826443.576434471 KReclaimable:      30324 kB
1777826443.576434471 Slab:             122112 kB
1777826443.576434471 SReclaimable:      30324 kB
1777826443.576434471 SUnreclaim:        91788 kB
1777826443.576434471 KernelStack:        3200 kB
1777826443.576434471 PageTables:         4200 kB
1777826443.576434471 SecPageTables:         0 kB
1777826443.576434471 NFS_Unstable:          0 kB
1777826443.576434471 Bounce:                0 kB
1777826443.576434471 WritebackTmp:          0 kB
1777826443.576434471 CommitLimit:     3537964 kB
1777826443.576434471 Committed_AS:     502772 kB
1777826443.576434471 VmallocTotal:   135288315904 kB
1777826443.576434471 VmallocUsed:       19340 kB
1777826443.576434471 VmallocChunk:          0 kB
1777826443.576434471 Percpu:             1456 kB
1777826443.576434471 AnonHugePages:         0 kB
1777826443.576434471 ShmemHugePages:        0 kB
1777826443.576434471 ShmemPmdMapped:        0 kB
1777826443.576434471 FileHugePages:         0 kB
1777826443.576434471 FilePmdMapped:         0 kB
1777826443.576434471 CmaTotal:          65536 kB
1777826443.576434471 CmaFree:           49104 kB
1777826443.576434471 Balloon:               0 kB
1777826443.576434471 HugePages_Total:     512
1777826443.576434471 HugePages_Free:      488
1777826443.576434471 HugePages_Rsvd:        0
1777826443.576434471 HugePages_Surp:        0
1777826443.576434471 Hugepagesize:       2048 kB
1777826443.576434471 Hugetlb:         1048576 kB
1777826444.585961779 MemTotal:        8124504 kB
1777826444.585961779 MemFree:         6327764 kB
1777826444.585961779 MemAvailable:    6644860 kB
1777826444.585961779 Buffers:           30364 kB
1777826444.585961779 Cached:           416480 kB
1777826444.585961779 SwapCached:            0 kB
1777826444.585961779 Active:           438008 kB
1777826444.585961779 Inactive:         106380 kB
1777826444.585961779 Active(anon):     102696 kB
1777826444.585961779 Inactive(anon):        0 kB
1777826444.585961779 Active(file):     335312 kB
1777826444.585961779 Inactive(file):   106380 kB
1777826444.585961779 Unevictable:           0 kB
1777826444.585961779 Mlocked:               0 kB
1777826444.585961779 SwapTotal:             0 kB
1777826444.585961779 SwapFree:              0 kB
1777826444.585961779 Zswap:                 0 kB
1777826444.585961779 Zswapped:              0 kB
1777826444.585961779 Dirty:                76 kB
1777826444.585961779 Writeback:             0 kB
1777826444.585961779 AnonPages:         97672 kB
1777826444.585961779 Mapped:           104260 kB
1777826444.585961779 Shmem:              5240 kB
1777826444.585961779 KReclaimable:      30324 kB
1777826444.585961779 Slab:             122200 kB
1777826444.585961779 SReclaimable:      30324 kB
1777826444.585961779 SUnreclaim:        91876 kB
1777826444.585961779 KernelStack:        3200 kB
1777826444.585961779 PageTables:         4228 kB
1777826444.585961779 SecPageTables:         0 kB
1777826444.585961779 NFS_Unstable:          0 kB
1777826444.585961779 Bounce:                0 kB
1777826444.585961779 WritebackTmp:          0 kB
1777826444.585961779 CommitLimit:     3537964 kB
1777826444.585961779 Committed_AS:     502772 kB
1777826444.585961779 VmallocTotal:   135288315904 kB
1777826444.585961779 VmallocUsed:       19324 kB
1777826444.585961779 VmallocChunk:          0 kB
1777826444.585961779 Percpu:             1456 kB
1777826444.585961779 AnonHugePages:         0 kB
1777826444.585961779 ShmemHugePages:        0 kB
1777826444.585961779 ShmemPmdMapped:        0 kB
1777826444.585961779 FileHugePages:         0 kB
1777826444.585961779 FilePmdMapped:         0 kB
1777826444.585961779 CmaTotal:          65536 kB
1777826444.585961779 CmaFree:           49104 kB
1777826444.585961779 Balloon:               0 kB
1777826444.585961779 HugePages_Total:     512
1777826444.585961779 HugePages_Free:      488
1777826444.585961779 HugePages_Rsvd:        0
1777826444.585961779 HugePages_Surp:        0
1777826444.585961779 Hugepagesize:       2048 kB
1777826444.585961779 Hugetlb:         1048576 kB
1777826445.595334677 MemTotal:        8124504 kB
1777826445.595334677 MemFree:         6331844 kB
1777826445.595334677 MemAvailable:    6648944 kB
1777826445.595334677 Buffers:           30364 kB
1777826445.595334677 Cached:           416484 kB
1777826445.595334677 SwapCached:            0 kB
1777826445.595334677 Active:           437988 kB
1777826445.595334677 Inactive:         106384 kB
1777826445.595334677 Active(anon):     102676 kB
1777826445.595334677 Inactive(anon):        0 kB
1777826445.595334677 Active(file):     335312 kB
1777826445.595334677 Inactive(file):   106384 kB
1777826445.595334677 Unevictable:           0 kB
1777826445.595334677 Mlocked:               0 kB
1777826445.595334677 SwapTotal:             0 kB
1777826445.595334677 SwapFree:              0 kB
1777826445.595334677 Zswap:                 0 kB
1777826445.595334677 Zswapped:              0 kB
1777826445.595334677 Dirty:                80 kB
1777826445.595334677 Writeback:             0 kB
1777826445.595334677 AnonPages:         97720 kB
1777826445.595334677 Mapped:           104300 kB
1777826445.595334677 Shmem:              5240 kB
1777826445.595334677 KReclaimable:      30324 kB
1777826445.595334677 Slab:             122096 kB
1777826445.595334677 SReclaimable:      30324 kB
1777826445.595334677 SUnreclaim:        91772 kB
1777826445.595334677 KernelStack:        3200 kB
1777826445.595334677 PageTables:         4188 kB
1777826445.595334677 SecPageTables:         0 kB
1777826445.595334677 NFS_Unstable:          0 kB
1777826445.595334677 Bounce:                0 kB
1777826445.595334677 WritebackTmp:          0 kB
1777826445.595334677 CommitLimit:     3537964 kB
1777826445.595334677 Committed_AS:     502772 kB
1777826445.595334677 VmallocTotal:   135288315904 kB
1777826445.595334677 VmallocUsed:       19324 kB
1777826445.595334677 VmallocChunk:          0 kB
1777826445.595334677 Percpu:             1456 kB
1777826445.595334677 AnonHugePages:         0 kB
1777826445.595334677 ShmemHugePages:        0 kB
1777826445.595334677 ShmemPmdMapped:        0 kB
1777826445.595334677 FileHugePages:         0 kB
1777826445.595334677 FilePmdMapped:         0 kB
1777826445.595334677 CmaTotal:          65536 kB
1777826445.595334677 CmaFree:           49104 kB
1777826445.595334677 Balloon:               0 kB
1777826445.595334677 HugePages_Total:     512
1777826445.595334677 HugePages_Free:      488
1777826445.595334677 HugePages_Rsvd:        0
1777826445.595334677 HugePages_Surp:        0
1777826445.595334677 Hugepagesize:       2048 kB
1777826445.595334677 Hugetlb:         1048576 kB
1777826446.604616798 MemTotal:        8124504 kB
1777826446.604616798 MemFree:         6329716 kB
1777826446.604616798 MemAvailable:    6646816 kB
1777826446.604616798 Buffers:           30364 kB
1777826446.604616798 Cached:           416488 kB
1777826446.604616798 SwapCached:            0 kB
1777826446.604616798 Active:           437968 kB
1777826446.604616798 Inactive:         106388 kB
1777826446.604616798 Active(anon):     102660 kB
1777826446.604616798 Inactive(anon):        0 kB
1777826446.604616798 Active(file):     335308 kB
1777826446.604616798 Inactive(file):   106388 kB
1777826446.604616798 Unevictable:           0 kB
1777826446.604616798 Mlocked:               0 kB
1777826446.604616798 SwapTotal:             0 kB
1777826446.604616798 SwapFree:              0 kB
1777826446.604616798 Zswap:                 0 kB
1777826446.604616798 Zswapped:              0 kB
1777826446.604616798 Dirty:                84 kB
1777826446.604616798 Writeback:             0 kB
1777826446.604616798 AnonPages:         97672 kB
1777826446.604616798 Mapped:           104260 kB
1777826446.604616798 Shmem:              5240 kB
1777826446.604616798 KReclaimable:      30324 kB
1777826446.604616798 Slab:             122260 kB
1777826446.604616798 SReclaimable:      30324 kB
1777826446.604616798 SUnreclaim:        91936 kB
1777826446.604616798 KernelStack:        3200 kB
1777826446.604616798 PageTables:         4236 kB
1777826446.604616798 SecPageTables:         0 kB
1777826446.604616798 NFS_Unstable:          0 kB
1777826446.604616798 Bounce:                0 kB
1777826446.604616798 WritebackTmp:          0 kB
1777826446.604616798 CommitLimit:     3537964 kB
1777826446.604616798 Committed_AS:     502772 kB
1777826446.604616798 VmallocTotal:   135288315904 kB
1777826446.604616798 VmallocUsed:       19340 kB
1777826446.604616798 VmallocChunk:          0 kB
1777826446.604616798 Percpu:             1456 kB
1777826446.604616798 AnonHugePages:         0 kB
1777826446.604616798 ShmemHugePages:        0 kB
1777826446.604616798 ShmemPmdMapped:        0 kB
1777826446.604616798 FileHugePages:         0 kB
1777826446.604616798 FilePmdMapped:         0 kB
1777826446.604616798 CmaTotal:          65536 kB
1777826446.604616798 CmaFree:           49104 kB
1777826446.604616798 Balloon:               0 kB
1777826446.604616798 HugePages_Total:     512
1777826446.604616798 HugePages_Free:      488
1777826446.604616798 HugePages_Rsvd:        0
1777826446.604616798 HugePages_Surp:        0
1777826446.604616798 Hugepagesize:       2048 kB
1777826446.604616798 Hugetlb:         1048576 kB
1777826447.613814417 MemTotal:        8124504 kB
1777826447.613814417 MemFree:         6332696 kB
1777826447.613814417 MemAvailable:    6649808 kB
1777826447.613814417 Buffers:           30364 kB
1777826447.613814417 Cached:           416492 kB
1777826447.613814417 SwapCached:            0 kB
1777826447.613814417 Active:           438156 kB
1777826447.613814417 Inactive:         106392 kB
1777826447.613814417 Active(anon):     102840 kB
1777826447.613814417 Inactive(anon):        0 kB
1777826447.613814417 Active(file):     335316 kB
1777826447.613814417 Inactive(file):   106392 kB
1777826447.613814417 Unevictable:           0 kB
1777826447.613814417 Mlocked:               0 kB
1777826447.613814417 SwapTotal:             0 kB
1777826447.613814417 SwapFree:              0 kB
1777826447.613814417 Zswap:                 0 kB
1777826447.613814417 Zswapped:              0 kB
1777826447.613814417 Dirty:                88 kB
1777826447.613814417 Writeback:             0 kB
1777826447.613814417 AnonPages:         97724 kB
1777826447.613814417 Mapped:           104300 kB
1777826447.613814417 Shmem:              5240 kB
1777826447.613814417 KReclaimable:      30324 kB
1777826447.613814417 Slab:             122224 kB
1777826447.613814417 SReclaimable:      30324 kB
1777826447.613814417 SUnreclaim:        91900 kB
1777826447.613814417 KernelStack:        3200 kB
1777826447.613814417 PageTables:         4196 kB
1777826447.613814417 SecPageTables:         0 kB
1777826447.613814417 NFS_Unstable:          0 kB
1777826447.613814417 Bounce:                0 kB
1777826447.613814417 WritebackTmp:          0 kB
1777826447.613814417 CommitLimit:     3537964 kB
1777826447.613814417 Committed_AS:     502772 kB
1777826447.613814417 VmallocTotal:   135288315904 kB
1777826447.613814417 VmallocUsed:       19324 kB
1777826447.613814417 VmallocChunk:          0 kB
1777826447.613814417 Percpu:             1456 kB
1777826447.613814417 AnonHugePages:         0 kB
1777826447.613814417 ShmemHugePages:        0 kB
1777826447.613814417 ShmemPmdMapped:        0 kB
1777826447.613814417 FileHugePages:         0 kB
1777826447.613814417 FilePmdMapped:         0 kB
1777826447.613814417 CmaTotal:          65536 kB
1777826447.613814417 CmaFree:           49104 kB
1777826447.613814417 Balloon:               0 kB
1777826447.613814417 HugePages_Total:     512
1777826447.613814417 HugePages_Free:      488
1777826447.613814417 HugePages_Rsvd:        0
1777826447.613814417 HugePages_Surp:        0
1777826447.613814417 Hugepagesize:       2048 kB
1777826447.613814417 Hugetlb:         1048576 kB
1777826448.623150834 MemTotal:        8124504 kB
1777826448.623150834 MemFree:         6330896 kB
1777826448.623150834 MemAvailable:    6648012 kB
1777826448.623150834 Buffers:           30364 kB
1777826448.623150834 Cached:           416500 kB
1777826448.623150834 SwapCached:            0 kB
1777826448.623150834 Active:           438056 kB
1777826448.623150834 Inactive:         106400 kB
1777826448.623150834 Active(anon):     102744 kB
1777826448.623150834 Inactive(anon):        0 kB
1777826448.623150834 Active(file):     335312 kB
1777826448.623150834 Inactive(file):   106400 kB
1777826448.623150834 Unevictable:           0 kB
1777826448.623150834 Mlocked:               0 kB
1777826448.623150834 SwapTotal:             0 kB
1777826448.623150834 SwapFree:              0 kB
1777826448.623150834 Zswap:                 0 kB
1777826448.623150834 Zswapped:              0 kB
1777826448.623150834 Dirty:                96 kB
1777826448.623150834 Writeback:             0 kB
1777826448.623150834 AnonPages:         97720 kB
1777826448.623150834 Mapped:           104300 kB
1777826448.623150834 Shmem:              5240 kB
1777826448.623150834 KReclaimable:      30324 kB
1777826448.623150834 Slab:             122280 kB
1777826448.623150834 SReclaimable:      30324 kB
1777826448.623150834 SUnreclaim:        91956 kB
1777826448.623150834 KernelStack:        3200 kB
1777826448.623150834 PageTables:         4192 kB
1777826448.623150834 SecPageTables:         0 kB
1777826448.623150834 NFS_Unstable:          0 kB
1777826448.623150834 Bounce:                0 kB
1777826448.623150834 WritebackTmp:          0 kB
1777826448.623150834 CommitLimit:     3537964 kB
1777826448.623150834 Committed_AS:     502772 kB
1777826448.623150834 VmallocTotal:   135288315904 kB
1777826448.623150834 VmallocUsed:       19324 kB
1777826448.623150834 VmallocChunk:          0 kB
1777826448.623150834 Percpu:             1456 kB
1777826448.623150834 AnonHugePages:         0 kB
1777826448.623150834 ShmemHugePages:        0 kB
1777826448.623150834 ShmemPmdMapped:        0 kB
1777826448.623150834 FileHugePages:         0 kB
1777826448.623150834 FilePmdMapped:         0 kB
1777826448.623150834 CmaTotal:          65536 kB
1777826448.623150834 CmaFree:           49104 kB
1777826448.623150834 Balloon:               0 kB
1777826448.623150834 HugePages_Total:     512
1777826448.623150834 HugePages_Free:      488
1777826448.623150834 HugePages_Rsvd:        0
1777826448.623150834 HugePages_Surp:        0
1777826448.623150834 Hugepagesize:       2048 kB
1777826448.623150834 Hugetlb:         1048576 kB
1777826449.632631753 MemTotal:        8124504 kB
1777826449.632631753 MemFree:         6327680 kB
1777826449.632631753 MemAvailable:    6644812 kB
1777826449.632631753 Buffers:           30372 kB
1777826449.632631753 Cached:           416508 kB
1777826449.632631753 SwapCached:            0 kB
1777826449.632631753 Active:           438096 kB
1777826449.632631753 Inactive:         106416 kB
1777826449.632631753 Active(anon):     102784 kB
1777826449.632631753 Inactive(anon):        0 kB
1777826449.632631753 Active(file):     335312 kB
1777826449.632631753 Inactive(file):   106416 kB
1777826449.632631753 Unevictable:           0 kB
1777826449.632631753 Mlocked:               0 kB
1777826449.632631753 SwapTotal:             0 kB
1777826449.632631753 SwapFree:              0 kB
1777826449.632631753 Zswap:                 0 kB
1777826449.632631753 Zswapped:              0 kB
1777826449.632631753 Dirty:               104 kB
1777826449.632631753 Writeback:             0 kB
1777826449.632631753 AnonPages:         97724 kB
1777826449.632631753 Mapped:           104300 kB
1777826449.632631753 Shmem:              5240 kB
1777826449.632631753 KReclaimable:      30324 kB
1777826449.632631753 Slab:             122208 kB
1777826449.632631753 SReclaimable:      30324 kB
1777826449.632631753 SUnreclaim:        91884 kB
1777826449.632631753 KernelStack:        3200 kB
1777826449.632631753 PageTables:         4204 kB
1777826449.632631753 SecPageTables:         0 kB
1777826449.632631753 NFS_Unstable:          0 kB
1777826449.632631753 Bounce:                0 kB
1777826449.632631753 WritebackTmp:          0 kB
1777826449.632631753 CommitLimit:     3537964 kB
1777826449.632631753 Committed_AS:     502772 kB
1777826449.632631753 VmallocTotal:   135288315904 kB
1777826449.632631753 VmallocUsed:       19324 kB
1777826449.632631753 VmallocChunk:          0 kB
1777826449.632631753 Percpu:             1456 kB
1777826449.632631753 AnonHugePages:         0 kB
1777826449.632631753 ShmemHugePages:        0 kB
1777826449.632631753 ShmemPmdMapped:        0 kB
1777826449.632631753 FileHugePages:         0 kB
1777826449.632631753 FilePmdMapped:         0 kB
1777826449.632631753 CmaTotal:          65536 kB
1777826449.632631753 CmaFree:           49104 kB
1777826449.632631753 Balloon:               0 kB
1777826449.632631753 HugePages_Total:     512
1777826449.632631753 HugePages_Free:      488
1777826449.632631753 HugePages_Rsvd:        0
1777826449.632631753 HugePages_Surp:        0
1777826449.632631753 Hugepagesize:       2048 kB
1777826449.632631753 Hugetlb:         1048576 kB
1777826450.641975485 MemTotal:        8124504 kB
1777826450.641975485 MemFree:         6326720 kB
1777826450.641975485 MemAvailable:    6643856 kB
1777826450.641975485 Buffers:           30372 kB
1777826450.641975485 Cached:           416508 kB
1777826450.641975485 SwapCached:            0 kB
1777826450.641975485 Active:           438168 kB
1777826450.641975485 Inactive:         106416 kB
1777826450.641975485 Active(anon):     102852 kB
1777826450.641975485 Inactive(anon):        0 kB
1777826450.641975485 Active(file):     335316 kB
1777826450.641975485 Inactive(file):   106416 kB
1777826450.641975485 Unevictable:           0 kB
1777826450.641975485 Mlocked:               0 kB
1777826450.641975485 SwapTotal:             0 kB
1777826450.641975485 SwapFree:              0 kB
1777826450.641975485 Zswap:                 0 kB
1777826450.641975485 Zswapped:              0 kB
1777826450.641975485 Dirty:               104 kB
1777826450.641975485 Writeback:             0 kB
1777826450.641975485 AnonPages:         97716 kB
1777826450.641975485 Mapped:           104300 kB
1777826450.641975485 Shmem:              5240 kB
1777826450.641975485 KReclaimable:      30324 kB
1777826450.641975485 Slab:             122260 kB
1777826450.641975485 SReclaimable:      30324 kB
1777826450.641975485 SUnreclaim:        91936 kB
1777826450.641975485 KernelStack:        3200 kB
1777826450.641975485 PageTables:         4192 kB
1777826450.641975485 SecPageTables:         0 kB
1777826450.641975485 NFS_Unstable:          0 kB
1777826450.641975485 Bounce:                0 kB
1777826450.641975485 WritebackTmp:          0 kB
1777826450.641975485 CommitLimit:     3537964 kB
1777826450.641975485 Committed_AS:     502772 kB
1777826450.641975485 VmallocTotal:   135288315904 kB
1777826450.641975485 VmallocUsed:       19340 kB
1777826450.641975485 VmallocChunk:          0 kB
1777826450.641975485 Percpu:             1456 kB
1777826450.641975485 AnonHugePages:         0 kB
1777826450.641975485 ShmemHugePages:        0 kB
1777826450.641975485 ShmemPmdMapped:        0 kB
1777826450.641975485 FileHugePages:         0 kB
1777826450.641975485 FilePmdMapped:         0 kB
1777826450.641975485 CmaTotal:          65536 kB
1777826450.641975485 CmaFree:           49104 kB
1777826450.641975485 Balloon:               0 kB
1777826450.641975485 HugePages_Total:     512
1777826450.641975485 HugePages_Free:      488
1777826450.641975485 HugePages_Rsvd:        0
1777826450.641975485 HugePages_Surp:        0
1777826450.641975485 Hugepagesize:       2048 kB
1777826450.641975485 Hugetlb:         1048576 kB
1777826451.651807795 MemTotal:        8124504 kB
1777826451.651807795 MemFree:         6329532 kB
1777826451.651807795 MemAvailable:    6646668 kB
1777826451.651807795 Buffers:           30372 kB
1777826451.651807795 Cached:           416512 kB
1777826451.651807795 SwapCached:            0 kB
1777826451.651807795 Active:           437908 kB
1777826451.651807795 Inactive:         106420 kB
1777826451.651807795 Active(anon):     102596 kB
1777826451.651807795 Inactive(anon):        0 kB
1777826451.651807795 Active(file):     335312 kB
1777826451.651807795 Inactive(file):   106420 kB
1777826451.651807795 Unevictable:           0 kB
1777826451.651807795 Mlocked:               0 kB
1777826451.651807795 SwapTotal:             0 kB
1777826451.651807795 SwapFree:              0 kB
1777826451.651807795 Zswap:                 0 kB
1777826451.651807795 Zswapped:              0 kB
1777826451.651807795 Dirty:               108 kB
1777826451.651807795 Writeback:             0 kB
1777826451.651807795 AnonPages:         97716 kB
1777826451.651807795 Mapped:           104260 kB
1777826451.651807795 Shmem:              5240 kB
1777826451.651807795 KReclaimable:      30324 kB
1777826451.651807795 Slab:             122116 kB
1777826451.651807795 SReclaimable:      30324 kB
1777826451.651807795 SUnreclaim:        91792 kB
1777826451.651807795 KernelStack:        3200 kB
1777826451.651807795 PageTables:         4196 kB
1777826451.651807795 SecPageTables:         0 kB
1777826451.651807795 NFS_Unstable:          0 kB
1777826451.651807795 Bounce:                0 kB
1777826451.651807795 WritebackTmp:          0 kB
1777826451.651807795 CommitLimit:     3537964 kB
1777826451.651807795 Committed_AS:     502772 kB
1777826451.651807795 VmallocTotal:   135288315904 kB
1777826451.651807795 VmallocUsed:       19324 kB
1777826451.651807795 VmallocChunk:          0 kB
1777826451.651807795 Percpu:             1456 kB
1777826451.651807795 AnonHugePages:         0 kB
1777826451.651807795 ShmemHugePages:        0 kB
1777826451.651807795 ShmemPmdMapped:        0 kB
1777826451.651807795 FileHugePages:         0 kB
1777826451.651807795 FilePmdMapped:         0 kB
1777826451.651807795 CmaTotal:          65536 kB
1777826451.651807795 CmaFree:           49104 kB
1777826451.651807795 Balloon:               0 kB
1777826451.651807795 HugePages_Total:     512
1777826451.651807795 HugePages_Free:      488
1777826451.651807795 HugePages_Rsvd:        0
1777826451.651807795 HugePages_Surp:        0
1777826451.651807795 Hugepagesize:       2048 kB
1777826451.651807795 Hugetlb:         1048576 kB
1777826452.661031174 MemTotal:        8124504 kB
1777826452.661031174 MemFree:         6332320 kB
1777826452.661031174 MemAvailable:    6649468 kB
1777826452.661031174 Buffers:           30372 kB
1777826452.661031174 Cached:           416524 kB
1777826452.661031174 SwapCached:            0 kB
1777826452.661031174 Active:           437968 kB
1777826452.661031174 Inactive:         106432 kB
1777826452.661031174 Active(anon):     102656 kB
1777826452.661031174 Inactive(anon):        0 kB
1777826452.661031174 Active(file):     335312 kB
1777826452.661031174 Inactive(file):   106432 kB
1777826452.661031174 Unevictable:           0 kB
1777826452.661031174 Mlocked:               0 kB
1777826452.661031174 SwapTotal:             0 kB
1777826452.661031174 SwapFree:              0 kB
1777826452.661031174 Zswap:                 0 kB
1777826452.661031174 Zswapped:              0 kB
1777826452.661031174 Dirty:               120 kB
1777826452.661031174 Writeback:             0 kB
1777826452.661031174 AnonPages:         97720 kB
1777826452.661031174 Mapped:           104300 kB
1777826452.661031174 Shmem:              5240 kB
1777826452.661031174 KReclaimable:      30324 kB
1777826452.661031174 Slab:             122224 kB
1777826452.661031174 SReclaimable:      30324 kB
1777826452.661031174 SUnreclaim:        91900 kB
1777826452.661031174 KernelStack:        3200 kB
1777826452.661031174 PageTables:         4192 kB
1777826452.661031174 SecPageTables:         0 kB
1777826452.661031174 NFS_Unstable:          0 kB
1777826452.661031174 Bounce:                0 kB
1777826452.661031174 WritebackTmp:          0 kB
1777826452.661031174 CommitLimit:     3537964 kB
1777826452.661031174 Committed_AS:     502772 kB
1777826452.661031174 VmallocTotal:   135288315904 kB
1777826452.661031174 VmallocUsed:       19308 kB
1777826452.661031174 VmallocChunk:          0 kB
1777826452.661031174 Percpu:             1456 kB
1777826452.661031174 AnonHugePages:         0 kB
1777826452.661031174 ShmemHugePages:        0 kB
1777826452.661031174 ShmemPmdMapped:        0 kB
1777826452.661031174 FileHugePages:         0 kB
1777826452.661031174 FilePmdMapped:         0 kB
1777826452.661031174 CmaTotal:          65536 kB
1777826452.661031174 CmaFree:           49104 kB
1777826452.661031174 Balloon:               0 kB
1777826452.661031174 HugePages_Total:     512
1777826452.661031174 HugePages_Free:      488
1777826452.661031174 HugePages_Rsvd:        0
1777826452.661031174 HugePages_Surp:        0
1777826452.661031174 Hugepagesize:       2048 kB
1777826452.661031174 Hugetlb:         1048576 kB
1777826453.670374832 MemTotal:        8124504 kB
1777826453.670374832 MemFree:         6330224 kB
1777826453.670374832 MemAvailable:    6647376 kB
1777826453.670374832 Buffers:           30372 kB
1777826453.670374832 Cached:           416524 kB
1777826453.670374832 SwapCached:            0 kB
1777826453.670374832 Active:           438172 kB
1777826453.670374832 Inactive:         106432 kB
1777826453.670374832 Active(anon):     102856 kB
1777826453.670374832 Inactive(anon):        0 kB
1777826453.670374832 Active(file):     335316 kB
1777826453.670374832 Inactive(file):   106432 kB
1777826453.670374832 Unevictable:           0 kB
1777826453.670374832 Mlocked:               0 kB
1777826453.670374832 SwapTotal:             0 kB
1777826453.670374832 SwapFree:              0 kB
1777826453.670374832 Zswap:                 0 kB
1777826453.670374832 Zswapped:              0 kB
1777826453.670374832 Dirty:                80 kB
1777826453.670374832 Writeback:             0 kB
1777826453.670374832 AnonPages:         97720 kB
1777826453.670374832 Mapped:           104300 kB
1777826453.670374832 Shmem:              5240 kB
1777826453.670374832 KReclaimable:      30324 kB
1777826453.670374832 Slab:             122200 kB
1777826453.670374832 SReclaimable:      30324 kB
1777826453.670374832 SUnreclaim:        91876 kB
1777826453.670374832 KernelStack:        3200 kB
1777826453.670374832 PageTables:         4196 kB
1777826453.670374832 SecPageTables:         0 kB
1777826453.670374832 NFS_Unstable:          0 kB
1777826453.670374832 Bounce:                0 kB
1777826453.670374832 WritebackTmp:          0 kB
1777826453.670374832 CommitLimit:     3537964 kB
1777826453.670374832 Committed_AS:     502772 kB
1777826453.670374832 VmallocTotal:   135288315904 kB
1777826453.670374832 VmallocUsed:       19340 kB
1777826453.670374832 VmallocChunk:          0 kB
1777826453.670374832 Percpu:             1456 kB
1777826453.670374832 AnonHugePages:         0 kB
1777826453.670374832 ShmemHugePages:        0 kB
1777826453.670374832 ShmemPmdMapped:        0 kB
1777826453.670374832 FileHugePages:         0 kB
1777826453.670374832 FilePmdMapped:         0 kB
1777826453.670374832 CmaTotal:          65536 kB
1777826453.670374832 CmaFree:           49104 kB
1777826453.670374832 Balloon:               0 kB
1777826453.670374832 HugePages_Total:     512
1777826453.670374832 HugePages_Free:      488
1777826453.670374832 HugePages_Rsvd:        0
1777826453.670374832 HugePages_Surp:        0
1777826453.670374832 Hugepagesize:       2048 kB
1777826453.670374832 Hugetlb:         1048576 kB
1777826454.679643933 MemTotal:        8124504 kB
1777826454.679643933 MemFree:         6325952 kB
1777826454.679643933 MemAvailable:    6643120 kB
1777826454.679643933 Buffers:           30380 kB
1777826454.679643933 Cached:           416532 kB
1777826454.679643933 SwapCached:            0 kB
1777826454.679643933 Active:           438088 kB
1777826454.679643933 Inactive:         106448 kB
1777826454.679643933 Active(anon):     102772 kB
1777826454.679643933 Inactive(anon):        0 kB
1777826454.679643933 Active(file):     335316 kB
1777826454.679643933 Inactive(file):   106448 kB
1777826454.679643933 Unevictable:           0 kB
1777826454.679643933 Mlocked:               0 kB
1777826454.679643933 SwapTotal:             0 kB
1777826454.679643933 SwapFree:              0 kB
1777826454.679643933 Zswap:                 0 kB
1777826454.679643933 Zswapped:              0 kB
1777826454.679643933 Dirty:                76 kB
1777826454.679643933 Writeback:             0 kB
1777826454.679643933 AnonPages:         97724 kB
1777826454.679643933 Mapped:           104300 kB
1777826454.679643933 Shmem:              5240 kB
1777826454.679643933 KReclaimable:      30324 kB
1777826454.679643933 Slab:             122180 kB
1777826454.679643933 SReclaimable:      30324 kB
1777826454.679643933 SUnreclaim:        92004 kB
1777826454.679643933 KernelStack:        3200 kB
1777826454.679643933 PageTables:         4196 kB
1777826454.679643933 SecPageTables:         0 kB
1777826454.679643933 NFS_Unstable:          0 kB
1777826454.679643933 Bounce:                0 kB
1777826454.679643933 WritebackTmp:          0 kB
1777826454.679643933 CommitLimit:     3537964 kB
1777826454.679643933 Committed_AS:     502772 kB
1777826454.679643933 VmallocTotal:   135288315904 kB
1777826454.679643933 VmallocUsed:       19340 kB
1777826454.679643933 VmallocChunk:          0 kB
1777826454.679643933 Percpu:             1456 kB
1777826454.679643933 AnonHugePages:         0 kB
1777826454.679643933 ShmemHugePages:        0 kB
1777826454.679643933 ShmemPmdMapped:        0 kB
1777826454.679643933 FileHugePages:         0 kB
1777826454.679643933 FilePmdMapped:         0 kB
1777826454.679643933 CmaTotal:          65536 kB
1777826454.679643933 CmaFree:           49104 kB
1777826454.679643933 Balloon:               0 kB
1777826454.679643933 HugePages_Total:     512
1777826454.679643933 HugePages_Free:      488
1777826454.679643933 HugePages_Rsvd:        0
1777826454.679643933 HugePages_Surp:        0
1777826454.679643933 Hugepagesize:       2048 kB
1777826454.679643933 Hugetlb:         1048576 kB
1777826455.689595040 MemTotal:        8124504 kB
1777826455.689595040 MemFree:         6329320 kB
1777826455.689595040 MemAvailable:    6646496 kB
1777826455.689595040 Buffers:           30380 kB
1777826455.689595040 Cached:           416540 kB
1777826455.689595040 SwapCached:            0 kB
1777826455.689595040 Active:           437972 kB
1777826455.689595040 Inactive:         106456 kB
1777826455.689595040 Active(anon):     102656 kB
1777826455.689595040 Inactive(anon):        0 kB
1777826455.689595040 Active(file):     335316 kB
1777826455.689595040 Inactive(file):   106456 kB
1777826455.689595040 Unevictable:           0 kB
1777826455.689595040 Mlocked:               0 kB
1777826455.689595040 SwapTotal:             0 kB
1777826455.689595040 SwapFree:              0 kB
1777826455.689595040 Zswap:                 0 kB
1777826455.689595040 Zswapped:              0 kB
1777826455.689595040 Dirty:                84 kB
1777826455.689595040 Writeback:             0 kB
1777826455.689595040 AnonPages:         97720 kB
1777826455.689595040 Mapped:           104260 kB
1777826455.689595040 Shmem:              5240 kB
1777826455.689595040 KReclaimable:      30324 kB
1777826455.689595040 Slab:             122268 kB
1777826455.689595040 SReclaimable:      30324 kB
1777826455.689595040 SUnreclaim:        91944 kB
1777826455.689595040 KernelStack:        3200 kB
1777826455.689595040 PageTables:         4192 kB
1777826455.689595040 SecPageTables:         0 kB
1777826455.689595040 NFS_Unstable:          0 kB
1777826455.689595040 Bounce:                0 kB
1777826455.689595040 WritebackTmp:          0 kB
1777826455.689595040 CommitLimit:     3537964 kB
1777826455.689595040 Committed_AS:     502772 kB
1777826455.689595040 VmallocTotal:   135288315904 kB
1777826455.689595040 VmallocUsed:       19340 kB
1777826455.689595040 VmallocChunk:          0 kB
1777826455.689595040 Percpu:             1456 kB
1777826455.689595040 AnonHugePages:         0 kB
1777826455.689595040 ShmemHugePages:        0 kB
1777826455.689595040 ShmemPmdMapped:        0 kB
1777826455.689595040 FileHugePages:         0 kB
1777826455.689595040 FilePmdMapped:         0 kB
1777826455.689595040 CmaTotal:          65536 kB
1777826455.689595040 CmaFree:           49104 kB
1777826455.689595040 Balloon:               0 kB
1777826455.689595040 HugePages_Total:     512
1777826455.689595040 HugePages_Free:      488
1777826455.689595040 HugePages_Rsvd:        0
1777826455.689595040 HugePages_Surp:        0
1777826455.689595040 Hugepagesize:       2048 kB
1777826455.689595040 Hugetlb:         1048576 kB
1777826456.698966569 MemTotal:        8124504 kB
1777826456.698966569 MemFree:         6330068 kB
1777826456.698966569 MemAvailable:    6647248 kB
1777826456.698966569 Buffers:           30380 kB
1777826456.698966569 Cached:           416544 kB
1777826456.698966569 SwapCached:            0 kB
1777826456.698966569 Active:           437980 kB
1777826456.698966569 Inactive:         106460 kB
1777826456.698966569 Active(anon):     102664 kB
1777826456.698966569 Inactive(anon):        0 kB
1777826456.698966569 Active(file):     335316 kB
1777826456.698966569 Inactive(file):   106460 kB
1777826456.698966569 Unevictable:           0 kB
1777826456.698966569 Mlocked:               0 kB
1777826456.698966569 SwapTotal:             0 kB
1777826456.698966569 SwapFree:              0 kB
1777826456.698966569 Zswap:                 0 kB
1777826456.698966569 Zswapped:              0 kB
1777826456.698966569 Dirty:                88 kB
1777826456.698966569 Writeback:             0 kB
1777826456.698966569 AnonPages:         97720 kB
1777826456.698966569 Mapped:           104300 kB
1777826456.698966569 Shmem:              5240 kB
1777826456.698966569 KReclaimable:      30324 kB
1777826456.698966569 Slab:             122192 kB
1777826456.698966569 SReclaimable:      30324 kB
1777826456.698966569 SUnreclaim:        91868 kB
1777826456.698966569 KernelStack:        3200 kB
1777826456.698966569 PageTables:         4184 kB
1777826456.698966569 SecPageTables:         0 kB
1777826456.698966569 NFS_Unstable:          0 kB
1777826456.698966569 Bounce:                0 kB
1777826456.698966569 WritebackTmp:          0 kB
1777826456.698966569 CommitLimit:     3537964 kB
1777826456.698966569 Committed_AS:     502772 kB
1777826456.698966569 VmallocTotal:   135288315904 kB
1777826456.698966569 VmallocUsed:       19324 kB
1777826456.698966569 VmallocChunk:          0 kB
1777826456.698966569 Percpu:             1456 kB
1777826456.698966569 AnonHugePages:         0 kB
1777826456.698966569 ShmemHugePages:        0 kB
1777826456.698966569 ShmemPmdMapped:        0 kB
1777826456.698966569 FileHugePages:         0 kB
1777826456.698966569 FilePmdMapped:         0 kB
1777826456.698966569 CmaTotal:          65536 kB
1777826456.698966569 CmaFree:           49104 kB
1777826456.698966569 Balloon:               0 kB
1777826456.698966569 HugePages_Total:     512
1777826456.698966569 HugePages_Free:      488
1777826456.698966569 HugePages_Rsvd:        0
1777826456.698966569 HugePages_Surp:        0
1777826456.698966569 Hugepagesize:       2048 kB
1777826456.698966569 Hugetlb:         1048576 kB
1777826457.708232115 MemTotal:        8124504 kB
1777826457.708232115 MemFree:         6333424 kB
1777826457.708232115 MemAvailable:    6650604 kB
1777826457.708232115 Buffers:           30380 kB
1777826457.708232115 Cached:           416548 kB
1777826457.708232115 SwapCached:            0 kB
1777826457.708232115 Active:           437956 kB
1777826457.708232115 Inactive:         106464 kB
1777826457.708232115 Active(anon):     102644 kB
1777826457.708232115 Inactive(anon):        0 kB
1777826457.708232115 Active(file):     335312 kB
1777826457.708232115 Inactive(file):   106464 kB
1777826457.708232115 Unevictable:           0 kB
1777826457.708232115 Mlocked:               0 kB
1777826457.708232115 SwapTotal:             0 kB
1777826457.708232115 SwapFree:              0 kB
1777826457.708232115 Zswap:                 0 kB
1777826457.708232115 Zswapped:              0 kB
1777826457.708232115 Dirty:                92 kB
1777826457.708232115 Writeback:             0 kB
1777826457.708232115 AnonPages:         97720 kB
1777826457.708232115 Mapped:           104300 kB
1777826457.708232115 Shmem:              5240 kB
1777826457.708232115 KReclaimable:      30324 kB
1777826457.708232115 Slab:             122204 kB
1777826457.708232115 SReclaimable:      30324 kB
1777826457.708232115 SUnreclaim:        91880 kB
1777826457.708232115 KernelStack:        3200 kB
1777826457.708232115 PageTables:         4184 kB
1777826457.708232115 SecPageTables:         0 kB
1777826457.708232115 NFS_Unstable:          0 kB
1777826457.708232115 Bounce:                0 kB
1777826457.708232115 WritebackTmp:          0 kB
1777826457.708232115 CommitLimit:     3537964 kB
1777826457.708232115 Committed_AS:     502772 kB
1777826457.708232115 VmallocTotal:   135288315904 kB
1777826457.708232115 VmallocUsed:       19340 kB
1777826457.708232115 VmallocChunk:          0 kB
1777826457.708232115 Percpu:             1456 kB
1777826457.708232115 AnonHugePages:         0 kB
1777826457.708232115 ShmemHugePages:        0 kB
1777826457.708232115 ShmemPmdMapped:        0 kB
1777826457.708232115 FileHugePages:         0 kB
1777826457.708232115 FilePmdMapped:         0 kB
1777826457.708232115 CmaTotal:          65536 kB
1777826457.708232115 CmaFree:           49104 kB
1777826457.708232115 Balloon:               0 kB
1777826457.708232115 HugePages_Total:     512
1777826457.708232115 HugePages_Free:      488
1777826457.708232115 HugePages_Rsvd:        0
1777826457.708232115 HugePages_Surp:        0
1777826457.708232115 Hugepagesize:       2048 kB
1777826457.708232115 Hugetlb:         1048576 kB
1777826458.717414364 MemTotal:        8124504 kB
1777826458.717414364 MemFree:         6333800 kB
1777826458.717414364 MemAvailable:    6650984 kB
1777826458.717414364 Buffers:           30380 kB
1777826458.717414364 Cached:           416548 kB
1777826458.717414364 SwapCached:            0 kB
1777826458.717414364 Active:           438140 kB
1777826458.717414364 Inactive:         106464 kB
1777826458.717414364 Active(anon):     102824 kB
1777826458.717414364 Inactive(anon):        0 kB
1777826458.717414364 Active(file):     335316 kB
1777826458.717414364 Inactive(file):   106464 kB
1777826458.717414364 Unevictable:           0 kB
1777826458.717414364 Mlocked:               0 kB
1777826458.717414364 SwapTotal:             0 kB
1777826458.717414364 SwapFree:              0 kB
1777826458.717414364 Zswap:                 0 kB
1777826458.717414364 Zswapped:              0 kB
1777826458.717414364 Dirty:                92 kB
1777826458.717414364 Writeback:             0 kB
1777826458.717414364 AnonPages:         97724 kB
1777826458.717414364 Mapped:           104300 kB
1777826458.717414364 Shmem:              5240 kB
1777826458.717414364 KReclaimable:      30324 kB
1777826458.717414364 Slab:             122076 kB
1777826458.717414364 SReclaimable:      30324 kB
1777826458.717414364 SUnreclaim:        91752 kB
1777826458.717414364 KernelStack:        3200 kB
1777826458.717414364 PageTables:         4188 kB
1777826458.717414364 SecPageTables:         0 kB
1777826458.717414364 NFS_Unstable:          0 kB
1777826458.717414364 Bounce:                0 kB
1777826458.717414364 WritebackTmp:          0 kB
1777826458.717414364 CommitLimit:     3537964 kB
1777826458.717414364 Committed_AS:     502772 kB
1777826458.717414364 VmallocTotal:   135288315904 kB
1777826458.717414364 VmallocUsed:       19340 kB
1777826458.717414364 VmallocChunk:          0 kB
1777826458.717414364 Percpu:             1456 kB
1777826458.717414364 AnonHugePages:         0 kB
1777826458.717414364 ShmemHugePages:        0 kB
1777826458.717414364 ShmemPmdMapped:        0 kB
1777826458.717414364 FileHugePages:         0 kB
1777826458.717414364 FilePmdMapped:         0 kB
1777826458.717414364 CmaTotal:          65536 kB
1777826458.717414364 CmaFree:           49104 kB
1777826458.717414364 Balloon:               0 kB
1777826458.717414364 HugePages_Total:     512
1777826458.717414364 HugePages_Free:      488
1777826458.717414364 HugePages_Rsvd:        0
1777826458.717414364 HugePages_Surp:        0
1777826458.717414364 Hugepagesize:       2048 kB
1777826458.717414364 Hugetlb:         1048576 kB
1777826459.726042405 MemTotal:        8124504 kB
1777826459.726042405 MemFree:         6326808 kB
1777826459.726042405 MemAvailable:    6644000 kB
1777826459.726042405 Buffers:           30388 kB
1777826459.726042405 Cached:           416552 kB
1777826459.726042405 SwapCached:            0 kB
1777826459.726042405 Active:           437916 kB
1777826459.726042405 Inactive:         106476 kB
1777826459.726042405 Active(anon):     102604 kB
1777826459.726042405 Inactive(anon):        0 kB
1777826459.726042405 Active(file):     335312 kB
1777826459.726042405 Inactive(file):   106476 kB
1777826459.726042405 Unevictable:           0 kB
1777826459.726042405 Mlocked:               0 kB
1777826459.726042405 SwapTotal:             0 kB
1777826459.726042405 SwapFree:              0 kB
1777826459.726042405 Zswap:                 0 kB
1777826459.726042405 Zswapped:              0 kB
1777826459.726042405 Dirty:               112 kB
1777826459.726042405 Writeback:             0 kB
1777826459.726042405 AnonPages:         97720 kB
1777826459.726042405 Mapped:           104300 kB
1777826459.726042405 Shmem:              5240 kB
1777826459.726042405 KReclaimable:      30324 kB
1777826459.726042405 Slab:             122164 kB
1777826459.726042405 SReclaimable:      30324 kB
1777826459.726042405 SUnreclaim:        91840 kB
1777826459.726042405 KernelStack:        3200 kB
1777826459.726042405 PageTables:         4200 kB
1777826459.726042405 SecPageTables:         0 kB
1777826459.726042405 NFS_Unstable:          0 kB
1777826459.726042405 Bounce:                0 kB
1777826459.726042405 WritebackTmp:          0 kB
1777826459.726042405 CommitLimit:     3537964 kB
1777826459.726042405 Committed_AS:     502772 kB
1777826459.726042405 VmallocTotal:   135288315904 kB
1777826459.726042405 VmallocUsed:       19340 kB
1777826459.726042405 VmallocChunk:          0 kB
1777826459.726042405 Percpu:             1456 kB
1777826459.726042405 AnonHugePages:         0 kB
1777826459.726042405 ShmemHugePages:        0 kB
1777826459.726042405 ShmemPmdMapped:        0 kB
1777826459.726042405 FileHugePages:         0 kB
1777826459.726042405 FilePmdMapped:         0 kB
1777826459.726042405 CmaTotal:          65536 kB
1777826459.726042405 CmaFree:           49104 kB
1777826459.726042405 Balloon:               0 kB
1777826459.726042405 HugePages_Total:     512
1777826459.726042405 HugePages_Free:      488
1777826459.726042405 HugePages_Rsvd:        0
1777826459.726042405 HugePages_Surp:        0
1777826459.726042405 Hugepagesize:       2048 kB
1777826459.726042405 Hugetlb:         1048576 kB
1777826460.734739817 MemTotal:        8124504 kB
1777826460.734739817 MemFree:         6329520 kB
1777826460.734739817 MemAvailable:    6646724 kB
1777826460.734739817 Buffers:           30388 kB
1777826460.734739817 Cached:           416560 kB
1777826460.734739817 SwapCached:            0 kB
1777826460.734739817 Active:           437980 kB
1777826460.734739817 Inactive:         106484 kB
1777826460.734739817 Active(anon):     102664 kB
1777826460.734739817 Inactive(anon):        0 kB
1777826460.734739817 Active(file):     335316 kB
1777826460.734739817 Inactive(file):   106484 kB
1777826460.734739817 Unevictable:           0 kB
1777826460.734739817 Mlocked:               0 kB
1777826460.734739817 SwapTotal:             0 kB
1777826460.734739817 SwapFree:              0 kB
1777826460.734739817 Zswap:                 0 kB
1777826460.734739817 Zswapped:              0 kB
1777826460.734739817 Dirty:               120 kB
1777826460.734739817 Writeback:             0 kB
1777826460.734739817 AnonPages:         97724 kB
1777826460.734739817 Mapped:           104300 kB
1777826460.734739817 Shmem:              5240 kB
1777826460.734739817 KReclaimable:      30324 kB
1777826460.734739817 Slab:             122188 kB
1777826460.734739817 SReclaimable:      30324 kB
1777826460.734739817 SUnreclaim:        91864 kB
1777826460.734739817 KernelStack:        3200 kB
1777826460.734739817 PageTables:         4192 kB
1777826460.734739817 SecPageTables:         0 kB
1777826460.734739817 NFS_Unstable:          0 kB
1777826460.734739817 Bounce:                0 kB
1777826460.734739817 WritebackTmp:          0 kB
1777826460.734739817 CommitLimit:     3537964 kB
1777826460.734739817 Committed_AS:     502772 kB
1777826460.734739817 VmallocTotal:   135288315904 kB
1777826460.734739817 VmallocUsed:       19340 kB
1777826460.734739817 VmallocChunk:          0 kB
1777826460.734739817 Percpu:             1456 kB
1777826460.734739817 AnonHugePages:         0 kB
1777826460.734739817 ShmemHugePages:        0 kB
1777826460.734739817 ShmemPmdMapped:        0 kB
1777826460.734739817 FileHugePages:         0 kB
1777826460.734739817 FilePmdMapped:         0 kB
1777826460.734739817 CmaTotal:          65536 kB
1777826460.734739817 CmaFree:           49104 kB
1777826460.734739817 Balloon:               0 kB
1777826460.734739817 HugePages_Total:     512
1777826460.734739817 HugePages_Free:      488
1777826460.734739817 HugePages_Rsvd:        0
1777826460.734739817 HugePages_Surp:        0
1777826460.734739817 Hugepagesize:       2048 kB
1777826460.734739817 Hugetlb:         1048576 kB
1777826461.743224172 MemTotal:        8124504 kB
1777826461.743224172 MemFree:         6331536 kB
1777826461.743224172 MemAvailable:    6648744 kB
1777826461.743224172 Buffers:           30388 kB
1777826461.743224172 Cached:           416564 kB
1777826461.743224172 SwapCached:            0 kB
1777826461.743224172 Active:           438132 kB
1777826461.743224172 Inactive:         106488 kB
1777826461.743224172 Active(anon):     102816 kB
1777826461.743224172 Inactive(anon):        0 kB
1777826461.743224172 Active(file):     335316 kB
1777826461.743224172 Inactive(file):   106488 kB
1777826461.743224172 Unevictable:           0 kB
1777826461.743224172 Mlocked:               0 kB
1777826461.743224172 SwapTotal:             0 kB
1777826461.743224172 SwapFree:              0 kB
1777826461.743224172 Zswap:                 0 kB
1777826461.743224172 Zswapped:              0 kB
1777826461.743224172 Dirty:               124 kB
1777826461.743224172 Writeback:             0 kB
1777826461.743224172 AnonPages:         97720 kB
1777826461.743224172 Mapped:           104300 kB
1777826461.743224172 Shmem:              5240 kB
1777826461.743224172 KReclaimable:      30324 kB
1777826461.743224172 Slab:             122308 kB
1777826461.743224172 SReclaimable:      30324 kB
1777826461.743224172 SUnreclaim:        91984 kB
1777826461.743224172 KernelStack:        3200 kB
1777826461.743224172 PageTables:         4184 kB
1777826461.743224172 SecPageTables:         0 kB
1777826461.743224172 NFS_Unstable:          0 kB
1777826461.743224172 Bounce:                0 kB
1777826461.743224172 WritebackTmp:          0 kB
1777826461.743224172 CommitLimit:     3537964 kB
1777826461.743224172 Committed_AS:     502772 kB
1777826461.743224172 VmallocTotal:   135288315904 kB
1777826461.743224172 VmallocUsed:       19324 kB
1777826461.743224172 VmallocChunk:          0 kB
1777826461.743224172 Percpu:             1456 kB
1777826461.743224172 AnonHugePages:         0 kB
1777826461.743224172 ShmemHugePages:        0 kB
1777826461.743224172 ShmemPmdMapped:        0 kB
1777826461.743224172 FileHugePages:         0 kB
1777826461.743224172 FilePmdMapped:         0 kB
1777826461.743224172 CmaTotal:          65536 kB
1777826461.743224172 CmaFree:           49104 kB
1777826461.743224172 Balloon:               0 kB
1777826461.743224172 HugePages_Total:     512
1777826461.743224172 HugePages_Free:      488
1777826461.743224172 HugePages_Rsvd:        0
1777826461.743224172 HugePages_Surp:        0
1777826461.743224172 Hugepagesize:       2048 kB
1777826461.743224172 Hugetlb:         1048576 kB
1777826462.751946418 MemTotal:        8124504 kB
1777826462.751946418 MemFree:         6330428 kB
1777826462.751946418 MemAvailable:    6647644 kB
1777826462.751946418 Buffers:           30388 kB
1777826462.751946418 Cached:           416572 kB
1777826462.751946418 SwapCached:            0 kB
1777826462.751946418 Active:           438152 kB
1777826462.751946418 Inactive:         106496 kB
1777826462.751946418 Active(anon):     102836 kB
1777826462.751946418 Inactive(anon):        0 kB
1777826462.751946418 Active(file):     335316 kB
1777826462.751946418 Inactive(file):   106496 kB
1777826462.751946418 Unevictable:           0 kB
1777826462.751946418 Mlocked:               0 kB
1777826462.751946418 SwapTotal:             0 kB
1777826462.751946418 SwapFree:              0 kB
1777826462.751946418 Zswap:                 0 kB
1777826462.751946418 Zswapped:              0 kB
1777826462.751946418 Dirty:               132 kB
1777826462.751946418 Writeback:             0 kB
1777826462.751946418 AnonPages:         97720 kB
1777826462.751946418 Mapped:           104300 kB
1777826462.751946418 Shmem:              5240 kB
1777826462.751946418 KReclaimable:      30324 kB
1777826462.751946418 Slab:             122268 kB
1777826462.751946418 SReclaimable:      30324 kB
1777826462.751946418 SUnreclaim:        91944 kB
1777826462.751946418 KernelStack:        3184 kB
1777826462.751946418 PageTables:         4188 kB
1777826462.751946418 SecPageTables:         0 kB
1777826462.751946418 NFS_Unstable:          0 kB
1777826462.751946418 Bounce:                0 kB
1777826462.751946418 WritebackTmp:          0 kB
1777826462.751946418 CommitLimit:     3537964 kB
1777826462.751946418 Committed_AS:     502772 kB
1777826462.751946418 VmallocTotal:   135288315904 kB
1777826462.751946418 VmallocUsed:       19308 kB
1777826462.751946418 VmallocChunk:          0 kB
1777826462.751946418 Percpu:             1456 kB
1777826462.751946418 AnonHugePages:         0 kB
1777826462.751946418 ShmemHugePages:        0 kB
1777826462.751946418 ShmemPmdMapped:        0 kB
1777826462.751946418 FileHugePages:         0 kB
1777826462.751946418 FilePmdMapped:         0 kB
1777826462.751946418 CmaTotal:          65536 kB
1777826462.751946418 CmaFree:           49104 kB
1777826462.751946418 Balloon:               0 kB
1777826462.751946418 HugePages_Total:     512
1777826462.751946418 HugePages_Free:      488
1777826462.751946418 HugePages_Rsvd:        0
1777826462.751946418 HugePages_Surp:        0
1777826462.751946418 Hugepagesize:       2048 kB
1777826462.751946418 Hugetlb:         1048576 kB
1777826463.760651941 MemTotal:        8124504 kB
1777826463.760651941 MemFree:         6324724 kB
1777826463.760651941 MemAvailable:    6641948 kB
1777826463.760651941 Buffers:           30388 kB
1777826463.760651941 Cached:           416580 kB
1777826463.760651941 SwapCached:            0 kB
1777826463.760651941 Active:           438100 kB
1777826463.760651941 Inactive:         106504 kB
1777826463.760651941 Active(anon):     102784 kB
1777826463.760651941 Inactive(anon):        0 kB
1777826463.760651941 Active(file):     335316 kB
1777826463.760651941 Inactive(file):   106504 kB
1777826463.760651941 Unevictable:           0 kB
1777826463.760651941 Mlocked:               0 kB
1777826463.760651941 SwapTotal:             0 kB
1777826463.760651941 SwapFree:              0 kB
1777826463.760651941 Zswap:                 0 kB
1777826463.760651941 Zswapped:              0 kB
1777826463.760651941 Dirty:               140 kB
1777826463.760651941 Writeback:             0 kB
1777826463.760651941 AnonPages:         97720 kB
1777826463.760651941 Mapped:           104300 kB
1777826463.760651941 Shmem:              5240 kB
1777826463.760651941 KReclaimable:      30324 kB
1777826463.760651941 Slab:             122196 kB
1777826463.760651941 SReclaimable:      30324 kB
1777826463.760651941 SUnreclaim:        91872 kB
1777826463.760651941 KernelStack:        3184 kB
1777826463.760651941 PageTables:         4192 kB
1777826463.760651941 SecPageTables:         0 kB
1777826463.760651941 NFS_Unstable:          0 kB
1777826463.760651941 Bounce:                0 kB
1777826463.760651941 WritebackTmp:          0 kB
1777826463.760651941 CommitLimit:     3537964 kB
1777826463.760651941 Committed_AS:     502772 kB
1777826463.760651941 VmallocTotal:   135288315904 kB
1777826463.760651941 VmallocUsed:       19292 kB
1777826463.760651941 VmallocChunk:          0 kB
1777826463.760651941 Percpu:             1456 kB
1777826463.760651941 AnonHugePages:         0 kB
1777826463.760651941 ShmemHugePages:        0 kB
1777826463.760651941 ShmemPmdMapped:        0 kB
1777826463.760651941 FileHugePages:         0 kB
1777826463.760651941 FilePmdMapped:         0 kB
1777826463.760651941 CmaTotal:          65536 kB
1777826463.760651941 CmaFree:           49104 kB
1777826463.760651941 Balloon:               0 kB
1777826463.760651941 HugePages_Total:     512
1777826463.760651941 HugePages_Free:      488
1777826463.760651941 HugePages_Rsvd:        0
1777826463.760651941 HugePages_Surp:        0
1777826463.760651941 Hugepagesize:       2048 kB
1777826463.760651941 Hugetlb:         1048576 kB
1777826464.769432928 MemTotal:        8124504 kB
1777826464.769432928 MemFree:         6324440 kB
1777826464.769432928 MemAvailable:    6641668 kB
1777826464.769432928 Buffers:           30396 kB
1777826464.769432928 Cached:           416580 kB
1777826464.769432928 SwapCached:            0 kB
1777826464.769432928 Active:           438200 kB
1777826464.769432928 Inactive:         106512 kB
1777826464.769432928 Active(anon):     102888 kB
1777826464.769432928 Inactive(anon):        0 kB
1777826464.769432928 Active(file):     335312 kB
1777826464.769432928 Inactive(file):   106512 kB
1777826464.769432928 Unevictable:           0 kB
1777826464.769432928 Mlocked:               0 kB
1777826464.769432928 SwapTotal:             0 kB
1777826464.769432928 SwapFree:              0 kB
1777826464.769432928 Zswap:                 0 kB
1777826464.769432928 Zswapped:              0 kB
1777826464.769432928 Dirty:               148 kB
1777826464.769432928 Writeback:             0 kB
1777826464.769432928 AnonPages:         97636 kB
1777826464.769432928 Mapped:           104260 kB
1777826464.769432928 Shmem:              5240 kB
1777826464.769432928 KReclaimable:      30324 kB
1777826464.769432928 Slab:             122276 kB
1777826464.769432928 SReclaimable:      30324 kB
1777826464.769432928 SUnreclaim:        91952 kB
1777826464.769432928 KernelStack:        3168 kB
1777826464.769432928 PageTables:         4128 kB
1777826464.769432928 SecPageTables:         0 kB
1777826464.769432928 NFS_Unstable:          0 kB
1777826464.769432928 Bounce:                0 kB
1777826464.769432928 WritebackTmp:          0 kB
1777826464.769432928 CommitLimit:     3537964 kB
1777826464.769432928 Committed_AS:     502772 kB
1777826464.769432928 VmallocTotal:   135288315904 kB
1777826464.769432928 VmallocUsed:       19292 kB
1777826464.769432928 VmallocChunk:          0 kB
1777826464.769432928 Percpu:             1456 kB
1777826464.769432928 AnonHugePages:         0 kB
1777826464.769432928 ShmemHugePages:        0 kB
1777826464.769432928 ShmemPmdMapped:        0 kB
1777826464.769432928 FileHugePages:         0 kB
1777826464.769432928 FilePmdMapped:         0 kB
1777826464.769432928 CmaTotal:          65536 kB
1777826464.769432928 CmaFree:           49104 kB
1777826464.769432928 Balloon:               0 kB
1777826464.769432928 HugePages_Total:     512
1777826464.769432928 HugePages_Free:      488
1777826464.769432928 HugePages_Rsvd:        0
1777826464.769432928 HugePages_Surp:        0
1777826464.769432928 Hugepagesize:       2048 kB
1777826464.769432928 Hugetlb:         1048576 kB
1777826465.777878449 MemTotal:        8124504 kB
1777826465.777878449 MemFree:         6326604 kB
1777826465.777878449 MemAvailable:    6643840 kB
1777826465.777878449 Buffers:           30396 kB
1777826465.777878449 Cached:           416584 kB
1777826465.777878449 SwapCached:            0 kB
1777826465.777878449 Active:           438012 kB
1777826465.777878449 Inactive:         106516 kB
1777826465.777878449 Active(anon):     102696 kB
1777826465.777878449 Inactive(anon):        0 kB
1777826465.777878449 Active(file):     335316 kB
1777826465.777878449 Inactive(file):   106516 kB
1777826465.777878449 Unevictable:           0 kB
1777826465.777878449 Mlocked:               0 kB
1777826465.777878449 SwapTotal:             0 kB
1777826465.777878449 SwapFree:              0 kB
1777826465.777878449 Zswap:                 0 kB
1777826465.777878449 Zswapped:              0 kB
1777826465.777878449 Dirty:               152 kB
1777826465.777878449 Writeback:             0 kB
1777826465.777878449 AnonPages:         97724 kB
1777826465.777878449 Mapped:           104260 kB
1777826465.777878449 Shmem:              5240 kB
1777826465.777878449 KReclaimable:      30324 kB
1777826465.777878449 Slab:             122272 kB
1777826465.777878449 SReclaimable:      30324 kB
1777826465.777878449 SUnreclaim:        91948 kB
1777826465.777878449 KernelStack:        3184 kB
1777826465.777878449 PageTables:         4188 kB
1777826465.777878449 SecPageTables:         0 kB
1777826465.777878449 NFS_Unstable:          0 kB
1777826465.777878449 Bounce:                0 kB
1777826465.777878449 WritebackTmp:          0 kB
1777826465.777878449 CommitLimit:     3537964 kB
1777826465.777878449 Committed_AS:     502772 kB
1777826465.777878449 VmallocTotal:   135288315904 kB
1777826465.777878449 VmallocUsed:       19324 kB
1777826465.777878449 VmallocChunk:          0 kB
1777826465.777878449 Percpu:             1456 kB
1777826465.777878449 AnonHugePages:         0 kB
1777826465.777878449 ShmemHugePages:        0 kB
1777826465.777878449 ShmemPmdMapped:        0 kB
1777826465.777878449 FileHugePages:         0 kB
1777826465.777878449 FilePmdMapped:         0 kB
1777826465.777878449 CmaTotal:          65536 kB
1777826465.777878449 CmaFree:           49104 kB
1777826465.777878449 Balloon:               0 kB
1777826465.777878449 HugePages_Total:     512
1777826465.777878449 HugePages_Free:      488
1777826465.777878449 HugePages_Rsvd:        0
1777826465.777878449 HugePages_Surp:        0
1777826465.777878449 Hugepagesize:       2048 kB
1777826465.777878449 Hugetlb:         1048576 kB
1777826466.786280025 MemTotal:        8124504 kB
1777826466.786280025 MemFree:         6325892 kB
1777826466.786280025 MemAvailable:    6643128 kB
1777826466.786280025 Buffers:           30396 kB
1777826466.786280025 Cached:           416588 kB
1777826466.786280025 SwapCached:            0 kB
1777826466.786280025 Active:           437980 kB
1777826466.786280025 Inactive:         106516 kB
1777826466.786280025 Active(anon):     102664 kB
1777826466.786280025 Inactive(anon):        0 kB
1777826466.786280025 Active(file):     335316 kB
1777826466.786280025 Inactive(file):   106516 kB
1777826466.786280025 Unevictable:           0 kB
1777826466.786280025 Mlocked:               0 kB
1777826466.786280025 SwapTotal:             0 kB
1777826466.786280025 SwapFree:              0 kB
1777826466.786280025 Zswap:                 0 kB
1777826466.786280025 Zswapped:              0 kB
1777826466.786280025 Dirty:               156 kB
1777826466.786280025 Writeback:             0 kB
1777826466.786280025 AnonPages:         97720 kB
1777826466.786280025 Mapped:           104260 kB
1777826466.786280025 Shmem:              5240 kB
1777826466.786280025 KReclaimable:      30324 kB
1777826466.786280025 Slab:             122248 kB
1777826466.786280025 SReclaimable:      30324 kB
1777826466.786280025 SUnreclaim:        91924 kB
1777826466.786280025 KernelStack:        3184 kB
1777826466.786280025 PageTables:         4192 kB
1777826466.786280025 SecPageTables:         0 kB
1777826466.786280025 NFS_Unstable:          0 kB
1777826466.786280025 Bounce:                0 kB
1777826466.786280025 WritebackTmp:          0 kB
1777826466.786280025 CommitLimit:     3537964 kB
1777826466.786280025 Committed_AS:     502772 kB
1777826466.786280025 VmallocTotal:   135288315904 kB
1777826466.786280025 VmallocUsed:       19324 kB
1777826466.786280025 VmallocChunk:          0 kB
1777826466.786280025 Percpu:             1456 kB
1777826466.786280025 AnonHugePages:         0 kB
1777826466.786280025 ShmemHugePages:        0 kB
1777826466.786280025 ShmemPmdMapped:        0 kB
1777826466.786280025 FileHugePages:         0 kB
1777826466.786280025 FilePmdMapped:         0 kB
1777826466.786280025 CmaTotal:          65536 kB
1777826466.786280025 CmaFree:           49104 kB
1777826466.786280025 Balloon:               0 kB
1777826466.786280025 HugePages_Total:     512
1777826466.786280025 HugePages_Free:      488
1777826466.786280025 HugePages_Rsvd:        0
1777826466.786280025 HugePages_Surp:        0
1777826466.786280025 Hugepagesize:       2048 kB
1777826466.786280025 Hugetlb:         1048576 kB
1777826467.794636416 MemTotal:        8124504 kB
1777826467.794636416 MemFree:         6327276 kB
1777826467.794636416 MemAvailable:    6644524 kB
1777826467.794636416 Buffers:           30396 kB
1777826467.794636416 Cached:           416596 kB
1777826467.794636416 SwapCached:            0 kB
1777826467.794636416 Active:           437988 kB
1777826467.794636416 Inactive:         106528 kB
1777826467.794636416 Active(anon):     102672 kB
1777826467.794636416 Inactive(anon):        0 kB
1777826467.794636416 Active(file):     335316 kB
1777826467.794636416 Inactive(file):   106528 kB
1777826467.794636416 Unevictable:           0 kB
1777826467.794636416 Mlocked:               0 kB
1777826467.794636416 SwapTotal:             0 kB
1777826467.794636416 SwapFree:              0 kB
1777826467.794636416 Zswap:                 0 kB
1777826467.794636416 Zswapped:              0 kB
1777826467.794636416 Dirty:               164 kB
1777826467.794636416 Writeback:             0 kB
1777826467.794636416 AnonPages:         97660 kB
1777826467.794636416 Mapped:           104196 kB
1777826467.794636416 Shmem:              5240 kB
1777826467.794636416 KReclaimable:      30324 kB
1777826467.794636416 Slab:             122160 kB
1777826467.794636416 SReclaimable:      30324 kB
1777826467.794636416 SUnreclaim:        91836 kB
1777826467.794636416 KernelStack:        3152 kB
1777826467.794636416 PageTables:         4256 kB
1777826467.794636416 SecPageTables:         0 kB
1777826467.794636416 NFS_Unstable:          0 kB
1777826467.794636416 Bounce:                0 kB
1777826467.794636416 WritebackTmp:          0 kB
1777826467.794636416 CommitLimit:     3537964 kB
1777826467.794636416 Committed_AS:     502772 kB
1777826467.794636416 VmallocTotal:   135288315904 kB
1777826467.794636416 VmallocUsed:       19324 kB
1777826467.794636416 VmallocChunk:          0 kB
1777826467.794636416 Percpu:             1456 kB
1777826467.794636416 AnonHugePages:         0 kB
1777826467.794636416 ShmemHugePages:        0 kB
1777826467.794636416 ShmemPmdMapped:        0 kB
1777826467.794636416 FileHugePages:         0 kB
1777826467.794636416 FilePmdMapped:         0 kB
1777826467.794636416 CmaTotal:          65536 kB
1777826467.794636416 CmaFree:           49104 kB
1777826467.794636416 Balloon:               0 kB
1777826467.794636416 HugePages_Total:     512
1777826467.794636416 HugePages_Free:      488
1777826467.794636416 HugePages_Rsvd:        0
1777826467.794636416 HugePages_Surp:        0
1777826467.794636416 Hugepagesize:       2048 kB
1777826467.794636416 Hugetlb:         1048576 kB
1777826468.802767935 MemTotal:        8124504 kB
1777826468.802767935 MemFree:         6327824 kB
1777826468.802767935 MemAvailable:    6645076 kB
1777826468.802767935 Buffers:           30396 kB
1777826468.802767935 Cached:           416600 kB
1777826468.802767935 SwapCached:            0 kB
1777826468.802767935 Active:           438112 kB
1777826468.802767935 Inactive:         106532 kB
1777826468.802767935 Active(anon):     102796 kB
1777826468.802767935 Inactive(anon):        0 kB
1777826468.802767935 Active(file):     335316 kB
1777826468.802767935 Inactive(file):   106532 kB
1777826468.802767935 Unevictable:           0 kB
1777826468.802767935 Mlocked:               0 kB
1777826468.802767935 SwapTotal:             0 kB
1777826468.802767935 SwapFree:              0 kB
1777826468.802767935 Zswap:                 0 kB
1777826468.802767935 Zswapped:              0 kB
1777826468.802767935 Dirty:               168 kB
1777826468.802767935 Writeback:             0 kB
1777826468.802767935 AnonPages:         97720 kB
1777826468.802767935 Mapped:           104320 kB
1777826468.802767935 Shmem:              5240 kB
1777826468.802767935 KReclaimable:      30324 kB
1777826468.802767935 Slab:             122352 kB
1777826468.802767935 SReclaimable:      30324 kB
1777826468.802767935 SUnreclaim:        92028 kB
1777826468.802767935 KernelStack:        3184 kB
1777826468.802767935 PageTables:         4652 kB
1777826468.802767935 SecPageTables:         0 kB
1777826468.802767935 NFS_Unstable:          0 kB
1777826468.802767935 Bounce:                0 kB
1777826468.802767935 WritebackTmp:          0 kB
1777826468.802767935 CommitLimit:     3537964 kB
1777826468.802767935 Committed_AS:     502772 kB
1777826468.802767935 VmallocTotal:   135288315904 kB
1777826468.802767935 VmallocUsed:       19324 kB
1777826468.802767935 VmallocChunk:          0 kB
1777826468.802767935 Percpu:             1456 kB
1777826468.802767935 AnonHugePages:         0 kB
1777826468.802767935 ShmemHugePages:        0 kB
1777826468.802767935 ShmemPmdMapped:        0 kB
1777826468.802767935 FileHugePages:         0 kB
1777826468.802767935 FilePmdMapped:         0 kB
1777826468.802767935 CmaTotal:          65536 kB
1777826468.802767935 CmaFree:           49104 kB
1777826468.802767935 Balloon:               0 kB
1777826468.802767935 HugePages_Total:     512
1777826468.802767935 HugePages_Free:      488
1777826468.802767935 HugePages_Rsvd:        0
1777826468.802767935 HugePages_Surp:        0
1777826468.802767935 Hugepagesize:       2048 kB
1777826468.802767935 Hugetlb:         1048576 kB
1777826469.811915480 MemTotal:        8124504 kB
1777826469.811915480 MemFree:         6333416 kB
1777826469.811915480 MemAvailable:    6650676 kB
1777826469.811915480 Buffers:           30404 kB
1777826469.811915480 Cached:           416604 kB
1777826469.811915480 SwapCached:            0 kB
1777826469.811915480 Active:           437568 kB
1777826469.811915480 Inactive:         106540 kB
1777826469.811915480 Active(anon):     102252 kB
1777826469.811915480 Inactive(anon):        0 kB
1777826469.811915480 Active(file):     335316 kB
1777826469.811915480 Inactive(file):   106540 kB
1777826469.811915480 Unevictable:           0 kB
1777826469.811915480 Mlocked:               0 kB
1777826469.811915480 SwapTotal:             0 kB
1777826469.811915480 SwapFree:              0 kB
1777826469.811915480 Zswap:                 0 kB
1777826469.811915480 Zswapped:              0 kB
1777826469.811915480 Dirty:               172 kB
1777826469.811915480 Writeback:             0 kB
1777826469.811915480 AnonPages:         97128 kB
1777826469.811915480 Mapped:           104508 kB
1777826469.811915480 Shmem:              5240 kB
1777826469.811915480 KReclaimable:      30328 kB
1777826469.811915480 Slab:             122156 kB
1777826469.811915480 SReclaimable:      30328 kB
1777826469.811915480 SUnreclaim:        91828 kB
1777826469.811915480 KernelStack:        3224 kB
1777826469.811915480 PageTables:         4632 kB
1777826469.811915480 SecPageTables:         0 kB
1777826469.811915480 NFS_Unstable:          0 kB
1777826469.811915480 Bounce:                0 kB
1777826469.811915480 WritebackTmp:          0 kB
1777826469.811915480 CommitLimit:     3537964 kB
1777826469.811915480 Committed_AS:     503744 kB
1777826469.811915480 VmallocTotal:   135288315904 kB
1777826469.811915480 VmallocUsed:       19340 kB
1777826469.811915480 VmallocChunk:          0 kB
1777826469.811915480 Percpu:             1456 kB
1777826469.811915480 AnonHugePages:         0 kB
1777826469.811915480 ShmemHugePages:        0 kB
1777826469.811915480 ShmemPmdMapped:        0 kB
1777826469.811915480 FileHugePages:         0 kB
1777826469.811915480 FilePmdMapped:         0 kB
1777826469.811915480 CmaTotal:          65536 kB
1777826469.811915480 CmaFree:           49104 kB
1777826469.811915480 Balloon:               0 kB
1777826469.811915480 HugePages_Total:     512
1777826469.811915480 HugePages_Free:      488
1777826469.811915480 HugePages_Rsvd:        0
1777826469.811915480 HugePages_Surp:        0
1777826469.811915480 Hugepagesize:       2048 kB
1777826469.811915480 Hugetlb:         1048576 kB
1777826470.822521481 MemTotal:        8124504 kB
1777826470.822521481 MemFree:         6335300 kB
1777826470.822521481 MemAvailable:    6652568 kB
1777826470.822521481 Buffers:           30404 kB
1777826470.822521481 Cached:           416612 kB
1777826470.822521481 SwapCached:            0 kB
1777826470.822521481 Active:           438100 kB
1777826470.822521481 Inactive:         106548 kB
1777826470.822521481 Active(anon):     102784 kB
1777826470.822521481 Inactive(anon):        0 kB
1777826470.822521481 Active(file):     335316 kB
1777826470.822521481 Inactive(file):   106548 kB
1777826470.822521481 Unevictable:           0 kB
1777826470.822521481 Mlocked:               0 kB
1777826470.822521481 SwapTotal:             0 kB
1777826470.822521481 SwapFree:              0 kB
1777826470.822521481 Zswap:                 0 kB
1777826470.822521481 Zswapped:              0 kB
1777826470.822521481 Dirty:               180 kB
1777826470.822521481 Writeback:             0 kB
1777826470.822521481 AnonPages:         97724 kB
1777826470.822521481 Mapped:           104300 kB
1777826470.822521481 Shmem:              5240 kB
1777826470.822521481 KReclaimable:      30328 kB
1777826470.822521481 Slab:             122180 kB
1777826470.822521481 SReclaimable:      30328 kB
1777826470.822521481 SUnreclaim:        91852 kB
1777826470.822521481 KernelStack:        3184 kB
1777826470.822521481 PageTables:         4184 kB
1777826470.822521481 SecPageTables:         0 kB
1777826470.822521481 NFS_Unstable:          0 kB
1777826470.822521481 Bounce:                0 kB
1777826470.822521481 WritebackTmp:          0 kB
1777826470.822521481 CommitLimit:     3537964 kB
1777826470.822521481 Committed_AS:     502772 kB
1777826470.822521481 VmallocTotal:   135288315904 kB
1777826470.822521481 VmallocUsed:       19292 kB
1777826470.822521481 VmallocChunk:          0 kB
1777826470.822521481 Percpu:             1456 kB
1777826470.822521481 AnonHugePages:         0 kB
1777826470.822521481 ShmemHugePages:        0 kB
1777826470.822521481 ShmemPmdMapped:        0 kB
1777826470.822521481 FileHugePages:         0 kB
1777826470.822521481 FilePmdMapped:         0 kB
1777826470.822521481 CmaTotal:          65536 kB
1777826470.822521481 CmaFree:           49104 kB
1777826470.822521481 Balloon:               0 kB
1777826470.822521481 HugePages_Total:     512
1777826470.822521481 HugePages_Free:      488
1777826470.822521481 HugePages_Rsvd:        0
1777826470.822521481 HugePages_Surp:        0
1777826470.822521481 Hugepagesize:       2048 kB
1777826470.822521481 Hugetlb:         1048576 kB
1777826471.831849453 MemTotal:        8124504 kB
1777826471.831849453 MemFree:         6335444 kB
1777826471.831849453 MemAvailable:    6652716 kB
1777826471.831849453 Buffers:           30404 kB
1777826471.831849453 Cached:           416616 kB
1777826471.831849453 SwapCached:            0 kB
1777826471.831849453 Active:           438136 kB
1777826471.831849453 Inactive:         106556 kB
1777826471.831849453 Active(anon):     102824 kB
1777826471.831849453 Inactive(anon):        0 kB
1777826471.831849453 Active(file):     335312 kB
1777826471.831849453 Inactive(file):   106556 kB
1777826471.831849453 Unevictable:           0 kB
1777826471.831849453 Mlocked:               0 kB
1777826471.831849453 SwapTotal:             0 kB
1777826471.831849453 SwapFree:              0 kB
1777826471.831849453 Zswap:                 0 kB
1777826471.831849453 Zswapped:              0 kB
1777826471.831849453 Dirty:               184 kB
1777826471.831849453 Writeback:             0 kB
1777826471.831849453 AnonPages:         97720 kB
1777826471.831849453 Mapped:           104300 kB
1777826471.831849453 Shmem:              5240 kB
1777826471.831849453 KReclaimable:      30328 kB
1777826471.831849453 Slab:             122312 kB
1777826471.831849453 SReclaimable:      30328 kB
1777826471.831849453 SUnreclaim:        91836 kB
1777826471.831849453 KernelStack:        3184 kB
1777826471.831849453 PageTables:         4196 kB
1777826471.831849453 SecPageTables:         0 kB
1777826471.831849453 NFS_Unstable:          0 kB
1777826471.831849453 Bounce:                0 kB
1777826471.831849453 WritebackTmp:          0 kB
1777826471.831849453 CommitLimit:     3537964 kB
1777826471.831849453 Committed_AS:     502772 kB
1777826471.831849453 VmallocTotal:   135288315904 kB
1777826471.831849453 VmallocUsed:       19292 kB
1777826471.831849453 VmallocChunk:          0 kB
1777826471.831849453 Percpu:             1456 kB
1777826471.831849453 AnonHugePages:         0 kB
1777826471.831849453 ShmemHugePages:        0 kB
1777826471.831849453 ShmemPmdMapped:        0 kB
1777826471.831849453 FileHugePages:         0 kB
1777826471.831849453 FilePmdMapped:         0 kB
1777826471.831849453 CmaTotal:          65536 kB
1777826471.831849453 CmaFree:           49104 kB
1777826471.831849453 Balloon:               0 kB
1777826471.831849453 HugePages_Total:     512
1777826471.831849453 HugePages_Free:      488
1777826471.831849453 HugePages_Rsvd:        0
1777826471.831849453 HugePages_Surp:        0
1777826471.831849453 Hugepagesize:       2048 kB
1777826471.831849453 Hugetlb:         1048576 kB
1777826472.841197908 MemTotal:        8124504 kB
1777826472.841197908 MemFree:         6327016 kB
1777826472.841197908 MemAvailable:    6644288 kB
1777826472.841197908 Buffers:           30404 kB
1777826472.841197908 Cached:           416616 kB
1777826472.841197908 SwapCached:            0 kB
1777826472.841197908 Active:           437940 kB
1777826472.841197908 Inactive:         106556 kB
1777826472.841197908 Active(anon):     102628 kB
1777826472.841197908 Inactive(anon):        0 kB
1777826472.841197908 Active(file):     335312 kB
1777826472.841197908 Inactive(file):   106556 kB
1777826472.841197908 Unevictable:           0 kB
1777826472.841197908 Mlocked:               0 kB
1777826472.841197908 SwapTotal:             0 kB
1777826472.841197908 SwapFree:              0 kB
1777826472.841197908 Zswap:                 0 kB
1777826472.841197908 Zswapped:              0 kB
1777826472.841197908 Dirty:               184 kB
1777826472.841197908 Writeback:             0 kB
1777826472.841197908 AnonPages:         97720 kB
1777826472.841197908 Mapped:           104300 kB
1777826472.841197908 Shmem:              5240 kB
1777826472.841197908 KReclaimable:      30328 kB
1777826472.841197908 Slab:             122232 kB
1777826472.841197908 SReclaimable:      30328 kB
1777826472.841197908 SUnreclaim:        91904 kB
1777826472.841197908 KernelStack:        3184 kB
1777826472.841197908 PageTables:         4188 kB
1777826472.841197908 SecPageTables:         0 kB
1777826472.841197908 NFS_Unstable:          0 kB
1777826472.841197908 Bounce:                0 kB
1777826472.841197908 WritebackTmp:          0 kB
1777826472.841197908 CommitLimit:     3537964 kB
1777826472.841197908 Committed_AS:     502772 kB
1777826472.841197908 VmallocTotal:   135288315904 kB
1777826472.841197908 VmallocUsed:       19292 kB
1777826472.841197908 VmallocChunk:          0 kB
1777826472.841197908 Percpu:             1456 kB
1777826472.841197908 AnonHugePages:         0 kB
1777826472.841197908 ShmemHugePages:        0 kB
1777826472.841197908 ShmemPmdMapped:        0 kB
1777826472.841197908 FileHugePages:         0 kB
1777826472.841197908 FilePmdMapped:         0 kB
1777826472.841197908 CmaTotal:          65536 kB
1777826472.841197908 CmaFree:           49104 kB
1777826472.841197908 Balloon:               0 kB
1777826472.841197908 HugePages_Total:     512
1777826472.841197908 HugePages_Free:      488
1777826472.841197908 HugePages_Rsvd:        0
1777826472.841197908 HugePages_Surp:        0
1777826472.841197908 Hugepagesize:       2048 kB
1777826472.841197908 Hugetlb:         1048576 kB
1777826473.850887235 MemTotal:        8124504 kB
1777826473.850887235 MemFree:         6331552 kB
1777826473.850887235 MemAvailable:    6648828 kB
1777826473.850887235 Buffers:           30404 kB
1777826473.850887235 Cached:           416624 kB
1777826473.850887235 SwapCached:            0 kB
1777826473.850887235 Active:           437996 kB
1777826473.850887235 Inactive:         106560 kB
1777826473.850887235 Active(anon):     102684 kB
1777826473.850887235 Inactive(anon):        0 kB
1777826473.850887235 Active(file):     335312 kB
1777826473.850887235 Inactive(file):   106560 kB
1777826473.850887235 Unevictable:           0 kB
1777826473.850887235 Mlocked:               0 kB
1777826473.850887235 SwapTotal:             0 kB
1777826473.850887235 SwapFree:              0 kB
1777826473.850887235 Zswap:                 0 kB
1777826473.850887235 Zswapped:              0 kB
1777826473.850887235 Dirty:               116 kB
1777826473.850887235 Writeback:             0 kB
1777826473.850887235 AnonPages:         97716 kB
1777826473.850887235 Mapped:           104260 kB
1777826473.850887235 Shmem:              5240 kB
1777826473.850887235 KReclaimable:      30328 kB
1777826473.850887235 Slab:             122148 kB
1777826473.850887235 SReclaimable:      30328 kB
1777826473.850887235 SUnreclaim:        91820 kB
1777826473.850887235 KernelStack:        3184 kB
1777826473.850887235 PageTables:         4192 kB
1777826473.850887235 SecPageTables:         0 kB
1777826473.850887235 NFS_Unstable:          0 kB
1777826473.850887235 Bounce:                0 kB
1777826473.850887235 WritebackTmp:          0 kB
1777826473.850887235 CommitLimit:     3537964 kB
1777826473.850887235 Committed_AS:     502772 kB
1777826473.850887235 VmallocTotal:   135288315904 kB
1777826473.850887235 VmallocUsed:       19292 kB
1777826473.850887235 VmallocChunk:          0 kB
1777826473.850887235 Percpu:             1456 kB
1777826473.850887235 AnonHugePages:         0 kB
1777826473.850887235 ShmemHugePages:        0 kB
1777826473.850887235 ShmemPmdMapped:        0 kB
1777826473.850887235 FileHugePages:         0 kB
1777826473.850887235 FilePmdMapped:         0 kB
1777826473.850887235 CmaTotal:          65536 kB
1777826473.850887235 CmaFree:           49104 kB
1777826473.850887235 Balloon:               0 kB
1777826473.850887235 HugePages_Total:     512
1777826473.850887235 HugePages_Free:      488
1777826473.850887235 HugePages_Rsvd:        0
1777826473.850887235 HugePages_Surp:        0
1777826473.850887235 Hugepagesize:       2048 kB
1777826473.850887235 Hugetlb:         1048576 kB
1777826474.860181818 MemTotal:        8124504 kB
1777826474.860181818 MemFree:         6325828 kB
1777826474.860181818 MemAvailable:    6643116 kB
1777826474.860181818 Buffers:           30412 kB
1777826474.860181818 Cached:           416632 kB
1777826474.860181818 SwapCached:            0 kB
1777826474.860181818 Active:           438108 kB
1777826474.860181818 Inactive:         106572 kB
1777826474.860181818 Active(anon):     102796 kB
1777826474.860181818 Inactive(anon):        0 kB
1777826474.860181818 Active(file):     335312 kB
1777826474.860181818 Inactive(file):   106572 kB
1777826474.860181818 Unevictable:           0 kB
1777826474.860181818 Mlocked:               0 kB
1777826474.860181818 SwapTotal:             0 kB
1777826474.860181818 SwapFree:              0 kB
1777826474.860181818 Zswap:                 0 kB
1777826474.860181818 Zswapped:              0 kB
1777826474.860181818 Dirty:               140 kB
1777826474.860181818 Writeback:             0 kB
1777826474.860181818 AnonPages:         97720 kB
1777826474.860181818 Mapped:           104300 kB
1777826474.860181818 Shmem:              5240 kB
1777826474.860181818 KReclaimable:      30328 kB
1777826474.860181818 Slab:             122184 kB
1777826474.860181818 SReclaimable:      30328 kB
1777826474.860181818 SUnreclaim:        91856 kB
1777826474.860181818 KernelStack:        3184 kB
1777826474.860181818 PageTables:         4192 kB
1777826474.860181818 SecPageTables:         0 kB
1777826474.860181818 NFS_Unstable:          0 kB
1777826474.860181818 Bounce:                0 kB
1777826474.860181818 WritebackTmp:          0 kB
1777826474.860181818 CommitLimit:     3537964 kB
1777826474.860181818 Committed_AS:     502772 kB
1777826474.860181818 VmallocTotal:   135288315904 kB
1777826474.860181818 VmallocUsed:       19292 kB
1777826474.860181818 VmallocChunk:          0 kB
1777826474.860181818 Percpu:             1456 kB
1777826474.860181818 AnonHugePages:         0 kB
1777826474.860181818 ShmemHugePages:        0 kB
1777826474.860181818 ShmemPmdMapped:        0 kB
1777826474.860181818 FileHugePages:         0 kB
1777826474.860181818 FilePmdMapped:         0 kB
1777826474.860181818 CmaTotal:          65536 kB
1777826474.860181818 CmaFree:           49104 kB
1777826474.860181818 Balloon:               0 kB
1777826474.860181818 HugePages_Total:     512
1777826474.860181818 HugePages_Free:      488
1777826474.860181818 HugePages_Rsvd:        0
1777826474.860181818 HugePages_Surp:        0
1777826474.860181818 Hugepagesize:       2048 kB
1777826474.860181818 Hugetlb:         1048576 kB
1777826475.869506272 MemTotal:        8124504 kB
1777826475.869506272 MemFree:         6325716 kB
1777826475.869506272 MemAvailable:    6643016 kB
1777826475.869506272 Buffers:           30412 kB
1777826475.869506272 Cached:           416636 kB
1777826475.869506272 SwapCached:            0 kB
1777826475.869506272 Active:           438140 kB
1777826475.869506272 Inactive:         106580 kB
1777826475.869506272 Active(anon):     102824 kB
1777826475.869506272 Inactive(anon):        0 kB
1777826475.869506272 Active(file):     335316 kB
1777826475.869506272 Inactive(file):   106580 kB
1777826475.869506272 Unevictable:           0 kB
1777826475.869506272 Mlocked:               0 kB
1777826475.869506272 SwapTotal:             0 kB
1777826475.869506272 SwapFree:              0 kB
1777826475.869506272 Zswap:                 0 kB
1777826475.869506272 Zswapped:              0 kB
1777826475.869506272 Dirty:               144 kB
1777826475.869506272 Writeback:             0 kB
1777826475.869506272 AnonPages:         97716 kB
1777826475.869506272 Mapped:           104300 kB
1777826475.869506272 Shmem:              5240 kB
1777826475.869506272 KReclaimable:      30328 kB
1777826475.869506272 Slab:             122284 kB
1777826475.869506272 SReclaimable:      30328 kB
1777826475.869506272 SUnreclaim:        91956 kB
1777826475.869506272 KernelStack:        3184 kB
1777826475.869506272 PageTables:         4192 kB
1777826475.869506272 SecPageTables:         0 kB
1777826475.869506272 NFS_Unstable:          0 kB
1777826475.869506272 Bounce:                0 kB
1777826475.869506272 WritebackTmp:          0 kB
1777826475.869506272 CommitLimit:     3537964 kB
1777826475.869506272 Committed_AS:     502772 kB
1777826475.869506272 VmallocTotal:   135288315904 kB
1777826475.869506272 VmallocUsed:       19292 kB
1777826475.869506272 VmallocChunk:          0 kB
1777826475.869506272 Percpu:             1456 kB
1777826475.869506272 AnonHugePages:         0 kB
1777826475.869506272 ShmemHugePages:        0 kB
1777826475.869506272 ShmemPmdMapped:        0 kB
1777826475.869506272 FileHugePages:         0 kB
1777826475.869506272 FilePmdMapped:         0 kB
1777826475.869506272 CmaTotal:          65536 kB
1777826475.869506272 CmaFree:           49104 kB
1777826475.869506272 Balloon:               0 kB
1777826475.869506272 HugePages_Total:     512
1777826475.869506272 HugePages_Free:      488
1777826475.869506272 HugePages_Rsvd:        0
1777826475.869506272 HugePages_Surp:        0
1777826475.869506272 Hugepagesize:       2048 kB
1777826475.869506272 Hugetlb:         1048576 kB
1777826476.879395601 MemTotal:        8124504 kB
1777826476.879395601 MemFree:         6326980 kB
1777826476.879395601 MemAvailable:    6644288 kB
1777826476.879395601 Buffers:           30412 kB
1777826476.879395601 Cached:           416640 kB
1777826476.879395601 SwapCached:            0 kB
1777826476.879395601 Active:           438012 kB
1777826476.879395601 Inactive:         106588 kB
1777826476.879395601 Active(anon):     102696 kB
1777826476.879395601 Inactive(anon):        0 kB
1777826476.879395601 Active(file):     335316 kB
1777826476.879395601 Inactive(file):   106588 kB
1777826476.879395601 Unevictable:           0 kB
1777826476.879395601 Mlocked:               0 kB
1777826476.879395601 SwapTotal:             0 kB
1777826476.879395601 SwapFree:              0 kB
1777826476.879395601 Zswap:                 0 kB
1777826476.879395601 Zswapped:              0 kB
1777826476.879395601 Dirty:               148 kB
1777826476.879395601 Writeback:             0 kB
1777826476.879395601 AnonPages:         97716 kB
1777826476.879395601 Mapped:           104260 kB
1777826476.879395601 Shmem:              5240 kB
1777826476.879395601 KReclaimable:      30328 kB
1777826476.879395601 Slab:             122196 kB
1777826476.879395601 SReclaimable:      30328 kB
1777826476.879395601 SUnreclaim:        91868 kB
1777826476.879395601 KernelStack:        3184 kB
1777826476.879395601 PageTables:         4188 kB
1777826476.879395601 SecPageTables:         0 kB
1777826476.879395601 NFS_Unstable:          0 kB
1777826476.879395601 Bounce:                0 kB
1777826476.879395601 WritebackTmp:          0 kB
1777826476.879395601 CommitLimit:     3537964 kB
1777826476.879395601 Committed_AS:     502772 kB
1777826476.879395601 VmallocTotal:   135288315904 kB
1777826476.879395601 VmallocUsed:       19292 kB
1777826476.879395601 VmallocChunk:          0 kB
1777826476.879395601 Percpu:             1456 kB
1777826476.879395601 AnonHugePages:         0 kB
1777826476.879395601 ShmemHugePages:        0 kB
1777826476.879395601 ShmemPmdMapped:        0 kB
1777826476.879395601 FileHugePages:         0 kB
1777826476.879395601 FilePmdMapped:         0 kB
1777826476.879395601 CmaTotal:          65536 kB
1777826476.879395601 CmaFree:           49104 kB
1777826476.879395601 Balloon:               0 kB
1777826476.879395601 HugePages_Total:     512
1777826476.879395601 HugePages_Free:      488
1777826476.879395601 HugePages_Rsvd:        0
1777826476.879395601 HugePages_Surp:        0
1777826476.879395601 Hugepagesize:       2048 kB
1777826476.879395601 Hugetlb:         1048576 kB
1777826477.889154966 MemTotal:        8124504 kB
1777826477.889154966 MemFree:         6330456 kB
1777826477.889154966 MemAvailable:    6647764 kB
1777826477.889154966 Buffers:           30412 kB
1777826477.889154966 Cached:           416644 kB
1777826477.889154966 SwapCached:            0 kB
1777826477.889154966 Active:           437988 kB
1777826477.889154966 Inactive:         106588 kB
1777826477.889154966 Active(anon):     102672 kB
1777826477.889154966 Inactive(anon):        0 kB
1777826477.889154966 Active(file):     335316 kB
1777826477.889154966 Inactive(file):   106588 kB
1777826477.889154966 Unevictable:           0 kB
1777826477.889154966 Mlocked:               0 kB
1777826477.889154966 SwapTotal:             0 kB
1777826477.889154966 SwapFree:              0 kB
1777826477.889154966 Zswap:                 0 kB
1777826477.889154966 Zswapped:              0 kB
1777826477.889154966 Dirty:               152 kB
1777826477.889154966 Writeback:             0 kB
1777826477.889154966 AnonPages:         97712 kB
1777826477.889154966 Mapped:           104260 kB
1777826477.889154966 Shmem:              5240 kB
1777826477.889154966 KReclaimable:      30328 kB
1777826477.889154966 Slab:             122296 kB
1777826477.889154966 SReclaimable:      30328 kB
1777826477.889154966 SUnreclaim:        91968 kB
1777826477.889154966 KernelStack:        3184 kB
1777826477.889154966 PageTables:         4188 kB
1777826477.889154966 SecPageTables:         0 kB
1777826477.889154966 NFS_Unstable:          0 kB
1777826477.889154966 Bounce:                0 kB
1777826477.889154966 WritebackTmp:          0 kB
1777826477.889154966 CommitLimit:     3537964 kB
1777826477.889154966 Committed_AS:     502772 kB
1777826477.889154966 VmallocTotal:   135288315904 kB
1777826477.889154966 VmallocUsed:       19292 kB
1777826477.889154966 VmallocChunk:          0 kB
1777826477.889154966 Percpu:             1456 kB
1777826477.889154966 AnonHugePages:         0 kB
1777826477.889154966 ShmemHugePages:        0 kB
1777826477.889154966 ShmemPmdMapped:        0 kB
1777826477.889154966 FileHugePages:         0 kB
1777826477.889154966 FilePmdMapped:         0 kB
1777826477.889154966 CmaTotal:          65536 kB
1777826477.889154966 CmaFree:           49104 kB
1777826477.889154966 Balloon:               0 kB
1777826477.889154966 HugePages_Total:     512
1777826477.889154966 HugePages_Free:      488
1777826477.889154966 HugePages_Rsvd:        0
1777826477.889154966 HugePages_Surp:        0
1777826477.889154966 Hugepagesize:       2048 kB
1777826477.889154966 Hugetlb:         1048576 kB
1777826478.898503902 MemTotal:        8124504 kB
1777826478.898503902 MemFree:         6331028 kB
1777826478.898503902 MemAvailable:    6648340 kB
1777826478.898503902 Buffers:           30412 kB
1777826478.898503902 Cached:           416648 kB
1777826478.898503902 SwapCached:            0 kB
1777826478.898503902 Active:           438068 kB
1777826478.898503902 Inactive:         106596 kB
1777826478.898503902 Active(anon):     102756 kB
1777826478.898503902 Inactive(anon):        0 kB
1777826478.898503902 Active(file):     335312 kB
1777826478.898503902 Inactive(file):   106596 kB
1777826478.898503902 Unevictable:           0 kB
1777826478.898503902 Mlocked:               0 kB
1777826478.898503902 SwapTotal:             0 kB
1777826478.898503902 SwapFree:              0 kB
1777826478.898503902 Zswap:                 0 kB
1777826478.898503902 Zswapped:              0 kB
1777826478.898503902 Dirty:                64 kB
1777826478.898503902 Writeback:             0 kB
1777826478.898503902 AnonPages:         97724 kB
1777826478.898503902 Mapped:           104300 kB
1777826478.898503902 Shmem:              5240 kB
1777826478.898503902 KReclaimable:      30328 kB
1777826478.898503902 Slab:             122288 kB
1777826478.898503902 SReclaimable:      30328 kB
1777826478.898503902 SUnreclaim:        91960 kB
1777826478.898503902 KernelStack:        3184 kB
1777826478.898503902 PageTables:         4188 kB
1777826478.898503902 SecPageTables:         0 kB
1777826478.898503902 NFS_Unstable:          0 kB
1777826478.898503902 Bounce:                0 kB
1777826478.898503902 WritebackTmp:          0 kB
1777826478.898503902 CommitLimit:     3537964 kB
1777826478.898503902 Committed_AS:     502772 kB
1777826478.898503902 VmallocTotal:   135288315904 kB
1777826478.898503902 VmallocUsed:       19292 kB
1777826478.898503902 VmallocChunk:          0 kB
1777826478.898503902 Percpu:             1456 kB
1777826478.898503902 AnonHugePages:         0 kB
1777826478.898503902 ShmemHugePages:        0 kB
1777826478.898503902 ShmemPmdMapped:        0 kB
1777826478.898503902 FileHugePages:         0 kB
1777826478.898503902 FilePmdMapped:         0 kB
1777826478.898503902 CmaTotal:          65536 kB
1777826478.898503902 CmaFree:           49104 kB
1777826478.898503902 Balloon:               0 kB
1777826478.898503902 HugePages_Total:     512
1777826478.898503902 HugePages_Free:      488
1777826478.898503902 HugePages_Rsvd:        0
1777826478.898503902 HugePages_Surp:        0
1777826478.898503902 Hugepagesize:       2048 kB
1777826478.898503902 Hugetlb:         1048576 kB
1777826479.907663984 MemTotal:        8124504 kB
1777826479.907663984 MemFree:         6332240 kB
1777826479.907663984 MemAvailable:    6649560 kB
1777826479.907663984 Buffers:           30420 kB
1777826479.907663984 Cached:           416652 kB
1777826479.907663984 SwapCached:            0 kB
1777826479.907663984 Active:           437976 kB
1777826479.907663984 Inactive:         106600 kB
1777826479.907663984 Active(anon):     102660 kB
1777826479.907663984 Inactive(anon):        0 kB
1777826479.907663984 Active(file):     335316 kB
1777826479.907663984 Inactive(file):   106600 kB
1777826479.907663984 Unevictable:           0 kB
1777826479.907663984 Mlocked:               0 kB
1777826479.907663984 SwapTotal:             0 kB
1777826479.907663984 SwapFree:              0 kB
1777826479.907663984 Zswap:                 0 kB
1777826479.907663984 Zswapped:              0 kB
1777826479.907663984 Dirty:                76 kB
1777826479.907663984 Writeback:             0 kB
1777826479.907663984 AnonPages:         97716 kB
1777826479.907663984 Mapped:           104300 kB
1777826479.907663984 Shmem:              5240 kB
1777826479.907663984 KReclaimable:      30328 kB
1777826479.907663984 Slab:             122188 kB
1777826479.907663984 SReclaimable:      30328 kB
1777826479.907663984 SUnreclaim:        91860 kB
1777826479.907663984 KernelStack:        3184 kB
1777826479.907663984 PageTables:         4192 kB
1777826479.907663984 SecPageTables:         0 kB
1777826479.907663984 NFS_Unstable:          0 kB
1777826479.907663984 Bounce:                0 kB
1777826479.907663984 WritebackTmp:          0 kB
1777826479.907663984 CommitLimit:     3537964 kB
1777826479.907663984 Committed_AS:     502772 kB
1777826479.907663984 VmallocTotal:   135288315904 kB
1777826479.907663984 VmallocUsed:       19292 kB
1777826479.907663984 VmallocChunk:          0 kB
1777826479.907663984 Percpu:             1456 kB
1777826479.907663984 AnonHugePages:         0 kB
1777826479.907663984 ShmemHugePages:        0 kB
1777826479.907663984 ShmemPmdMapped:        0 kB
1777826479.907663984 FileHugePages:         0 kB
1777826479.907663984 FilePmdMapped:         0 kB
1777826479.907663984 CmaTotal:          65536 kB
1777826479.907663984 CmaFree:           49104 kB
1777826479.907663984 Balloon:               0 kB
1777826479.907663984 HugePages_Total:     512
1777826479.907663984 HugePages_Free:      488
1777826479.907663984 HugePages_Rsvd:        0
1777826479.907663984 HugePages_Surp:        0
1777826479.907663984 Hugepagesize:       2048 kB
1777826479.907663984 Hugetlb:         1048576 kB
1777826480.917423738 MemTotal:        8124504 kB
1777826480.917423738 MemFree:         6335792 kB
1777826480.917423738 MemAvailable:    6653120 kB
1777826480.917423738 Buffers:           30420 kB
1777826480.917423738 Cached:           416652 kB
1777826480.917423738 SwapCached:            0 kB
1777826480.917423738 Active:           437976 kB
1777826480.917423738 Inactive:         106608 kB
1777826480.917423738 Active(anon):     102660 kB
1777826480.917423738 Inactive(anon):        0 kB
1777826480.917423738 Active(file):     335316 kB
1777826480.917423738 Inactive(file):   106608 kB
1777826480.917423738 Unevictable:           0 kB
1777826480.917423738 Mlocked:               0 kB
1777826480.917423738 SwapTotal:             0 kB
1777826480.917423738 SwapFree:              0 kB
1777826480.917423738 Zswap:                 0 kB
1777826480.917423738 Zswapped:              0 kB
1777826480.917423738 Dirty:                76 kB
1777826480.917423738 Writeback:             0 kB
1777826480.917423738 AnonPages:         97720 kB
1777826480.917423738 Mapped:           104260 kB
1777826480.917423738 Shmem:              5240 kB
1777826480.917423738 KReclaimable:      30328 kB
1777826480.917423738 Slab:             122344 kB
1777826480.917423738 SReclaimable:      30328 kB
1777826480.917423738 SUnreclaim:        92016 kB
1777826480.917423738 KernelStack:        3184 kB
1777826480.917423738 PageTables:         4188 kB
1777826480.917423738 SecPageTables:         0 kB
1777826480.917423738 NFS_Unstable:          0 kB
1777826480.917423738 Bounce:                0 kB
1777826480.917423738 WritebackTmp:          0 kB
1777826480.917423738 CommitLimit:     3537964 kB
1777826480.917423738 Committed_AS:     502772 kB
1777826480.917423738 VmallocTotal:   135288315904 kB
1777826480.917423738 VmallocUsed:       19292 kB
1777826480.917423738 VmallocChunk:          0 kB
1777826480.917423738 Percpu:             1456 kB
1777826480.917423738 AnonHugePages:         0 kB
1777826480.917423738 ShmemHugePages:        0 kB
1777826480.917423738 ShmemPmdMapped:        0 kB
1777826480.917423738 FileHugePages:         0 kB
1777826480.917423738 FilePmdMapped:         0 kB
1777826480.917423738 CmaTotal:          65536 kB
1777826480.917423738 CmaFree:           49104 kB
1777826480.917423738 Balloon:               0 kB
1777826480.917423738 HugePages_Total:     512
1777826480.917423738 HugePages_Free:      488
1777826480.917423738 HugePages_Rsvd:        0
1777826480.917423738 HugePages_Surp:        0
1777826480.917423738 Hugepagesize:       2048 kB
1777826480.917423738 Hugetlb:         1048576 kB
1777826481.926696340 MemTotal:        8124504 kB
1777826481.926696340 MemFree:         6336496 kB
1777826481.926696340 MemAvailable:    6653824 kB
1777826481.926696340 Buffers:           30420 kB
1777826481.926696340 Cached:           416664 kB
1777826481.926696340 SwapCached:            0 kB
1777826481.926696340 Active:           437956 kB
1777826481.926696340 Inactive:         106616 kB
1777826481.926696340 Active(anon):     102648 kB
1777826481.926696340 Inactive(anon):        0 kB
1777826481.926696340 Active(file):     335308 kB
1777826481.926696340 Inactive(file):   106616 kB
1777826481.926696340 Unevictable:           0 kB
1777826481.926696340 Mlocked:               0 kB
1777826481.926696340 SwapTotal:             0 kB
1777826481.926696340 SwapFree:              0 kB
1777826481.926696340 Zswap:                 0 kB
1777826481.926696340 Zswapped:              0 kB
1777826481.926696340 Dirty:                88 kB
1777826481.926696340 Writeback:             0 kB
1777826481.926696340 AnonPages:         97632 kB
1777826481.926696340 Mapped:           104260 kB
1777826481.926696340 Shmem:              5240 kB
1777826481.926696340 KReclaimable:      30328 kB
1777826481.926696340 Slab:             122404 kB
1777826481.926696340 SReclaimable:      30328 kB
1777826481.926696340 SUnreclaim:        92076 kB
1777826481.926696340 KernelStack:        3168 kB
1777826481.926696340 PageTables:         4120 kB
1777826481.926696340 SecPageTables:         0 kB
1777826481.926696340 NFS_Unstable:          0 kB
1777826481.926696340 Bounce:                0 kB
1777826481.926696340 WritebackTmp:          0 kB
1777826481.926696340 CommitLimit:     3537964 kB
1777826481.926696340 Committed_AS:     502772 kB
1777826481.926696340 VmallocTotal:   135288315904 kB
1777826481.926696340 VmallocUsed:       19292 kB
1777826481.926696340 VmallocChunk:          0 kB
1777826481.926696340 Percpu:             1456 kB
1777826481.926696340 AnonHugePages:         0 kB
1777826481.926696340 ShmemHugePages:        0 kB
1777826481.926696340 ShmemPmdMapped:        0 kB
1777826481.926696340 FileHugePages:         0 kB
1777826481.926696340 FilePmdMapped:         0 kB
1777826481.926696340 CmaTotal:          65536 kB
1777826481.926696340 CmaFree:           49104 kB
1777826481.926696340 Balloon:               0 kB
1777826481.926696340 HugePages_Total:     512
1777826481.926696340 HugePages_Free:      488
1777826481.926696340 HugePages_Rsvd:        0
1777826481.926696340 HugePages_Surp:        0
1777826481.926696340 Hugepagesize:       2048 kB
1777826481.926696340 Hugetlb:         1048576 kB
1777826482.935938441 MemTotal:        8124504 kB
1777826482.935938441 MemFree:         6331600 kB
1777826482.935938441 MemAvailable:    6648940 kB
1777826482.935938441 Buffers:           30420 kB
1777826482.935938441 Cached:           416672 kB
1777826482.935938441 SwapCached:            0 kB
1777826482.935938441 Active:           438084 kB
1777826482.935938441 Inactive:         106624 kB
1777826482.935938441 Active(anon):     102772 kB
1777826482.935938441 Inactive(anon):        0 kB
1777826482.935938441 Active(file):     335312 kB
1777826482.935938441 Inactive(file):   106624 kB
1777826482.935938441 Unevictable:           0 kB
1777826482.935938441 Mlocked:               0 kB
1777826482.935938441 SwapTotal:             0 kB
1777826482.935938441 SwapFree:              0 kB
1777826482.935938441 Zswap:                 0 kB
1777826482.935938441 Zswapped:              0 kB
1777826482.935938441 Dirty:                96 kB
1777826482.935938441 Writeback:             0 kB
1777826482.935938441 AnonPages:         97716 kB
1777826482.935938441 Mapped:           104300 kB
1777826482.935938441 Shmem:              5240 kB
1777826482.935938441 KReclaimable:      30328 kB
1777826482.935938441 Slab:             122276 kB
1777826482.935938441 SReclaimable:      30328 kB
1777826482.935938441 SUnreclaim:        91948 kB
1777826482.935938441 KernelStack:        3184 kB
1777826482.935938441 PageTables:         4200 kB
1777826482.935938441 SecPageTables:         0 kB
1777826482.935938441 NFS_Unstable:          0 kB
1777826482.935938441 Bounce:                0 kB
1777826482.935938441 WritebackTmp:          0 kB
1777826482.935938441 CommitLimit:     3537964 kB
1777826482.935938441 Committed_AS:     502772 kB
1777826482.935938441 VmallocTotal:   135288315904 kB
1777826482.935938441 VmallocUsed:       19324 kB
1777826482.935938441 VmallocChunk:          0 kB
1777826482.935938441 Percpu:             1456 kB
1777826482.935938441 AnonHugePages:         0 kB
1777826482.935938441 ShmemHugePages:        0 kB
1777826482.935938441 ShmemPmdMapped:        0 kB
1777826482.935938441 FileHugePages:         0 kB
1777826482.935938441 FilePmdMapped:         0 kB
1777826482.935938441 CmaTotal:          65536 kB
1777826482.935938441 CmaFree:           49104 kB
1777826482.935938441 Balloon:               0 kB
1777826482.935938441 HugePages_Total:     512
1777826482.935938441 HugePages_Free:      488
1777826482.935938441 HugePages_Rsvd:        0
1777826482.935938441 HugePages_Surp:        0
1777826482.935938441 Hugepagesize:       2048 kB
1777826482.935938441 Hugetlb:         1048576 kB
1777826483.945592824 MemTotal:        8124504 kB
1777826483.945592824 MemFree:         6336044 kB
1777826483.945592824 MemAvailable:    6653388 kB
1777826483.945592824 Buffers:           30420 kB
1777826483.945592824 Cached:           416672 kB
1777826483.945592824 SwapCached:            0 kB
1777826483.945592824 Active:           437944 kB
1777826483.945592824 Inactive:         106628 kB
1777826483.945592824 Active(anon):     102632 kB
1777826483.945592824 Inactive(anon):        0 kB
1777826483.945592824 Active(file):     335312 kB
1777826483.945592824 Inactive(file):   106628 kB
1777826483.945592824 Unevictable:           0 kB
1777826483.945592824 Mlocked:               0 kB
1777826483.945592824 SwapTotal:             0 kB
1777826483.945592824 SwapFree:              0 kB
1777826483.945592824 Zswap:                 0 kB
1777826483.945592824 Zswapped:              0 kB
1777826483.945592824 Dirty:                96 kB
1777826483.945592824 Writeback:             0 kB
1777826483.945592824 AnonPages:         97720 kB
1777826483.945592824 Mapped:           104260 kB
1777826483.945592824 Shmem:              5240 kB
1777826483.945592824 KReclaimable:      30328 kB
1777826483.945592824 Slab:             122364 kB
1777826483.945592824 SReclaimable:      30328 kB
1777826483.945592824 SUnreclaim:        92036 kB
1777826483.945592824 KernelStack:        3184 kB
1777826483.945592824 PageTables:         4184 kB
1777826483.945592824 SecPageTables:         0 kB
1777826483.945592824 NFS_Unstable:          0 kB
1777826483.945592824 Bounce:                0 kB
1777826483.945592824 WritebackTmp:          0 kB
1777826483.945592824 CommitLimit:     3537964 kB
1777826483.945592824 Committed_AS:     502772 kB
1777826483.945592824 VmallocTotal:   135288315904 kB
1777826483.945592824 VmallocUsed:       19308 kB
1777826483.945592824 VmallocChunk:          0 kB
1777826483.945592824 Percpu:             1456 kB
1777826483.945592824 AnonHugePages:         0 kB
1777826483.945592824 ShmemHugePages:        0 kB
1777826483.945592824 ShmemPmdMapped:        0 kB
1777826483.945592824 FileHugePages:         0 kB
1777826483.945592824 FilePmdMapped:         0 kB
1777826483.945592824 CmaTotal:          65536 kB
1777826483.945592824 CmaFree:           49104 kB
1777826483.945592824 Balloon:               0 kB
1777826483.945592824 HugePages_Total:     512
1777826483.945592824 HugePages_Free:      488
1777826483.945592824 HugePages_Rsvd:        0
1777826483.945592824 HugePages_Surp:        0
1777826483.945592824 Hugepagesize:       2048 kB
1777826483.945592824 Hugetlb:         1048576 kB
1777826484.954806129 MemTotal:        8124504 kB
1777826484.954806129 MemFree:         6329032 kB
1777826484.954806129 MemAvailable:    6646380 kB
1777826484.954806129 Buffers:           30428 kB
1777826484.954806129 Cached:           416676 kB
1777826484.954806129 SwapCached:            0 kB
1777826484.954806129 Active:           437960 kB
1777826484.954806129 Inactive:         106632 kB
1777826484.954806129 Active(anon):     102648 kB
1777826484.954806129 Inactive(anon):        0 kB
1777826484.954806129 Active(file):     335312 kB
1777826484.954806129 Inactive(file):   106632 kB
1777826484.954806129 Unevictable:           0 kB
1777826484.954806129 Mlocked:               0 kB
1777826484.954806129 SwapTotal:             0 kB
1777826484.954806129 SwapFree:              0 kB
1777826484.954806129 Zswap:                 0 kB
1777826484.954806129 Zswapped:              0 kB
1777826484.954806129 Dirty:               100 kB
1777826484.954806129 Writeback:             0 kB
1777826484.954806129 AnonPages:         97724 kB
1777826484.954806129 Mapped:           104300 kB
1777826484.954806129 Shmem:              5240 kB
1777826484.954806129 KReclaimable:      30328 kB
1777826484.954806129 Slab:             122172 kB
1777826484.954806129 SReclaimable:      30328 kB
1777826484.954806129 SUnreclaim:        91844 kB
1777826484.954806129 KernelStack:        3184 kB
1777826484.954806129 PageTables:         4200 kB
1777826484.954806129 SecPageTables:         0 kB
1777826484.954806129 NFS_Unstable:          0 kB
1777826484.954806129 Bounce:                0 kB
1777826484.954806129 WritebackTmp:          0 kB
1777826484.954806129 CommitLimit:     3537964 kB
1777826484.954806129 Committed_AS:     502772 kB
1777826484.954806129 VmallocTotal:   135288315904 kB
1777826484.954806129 VmallocUsed:       19292 kB
1777826484.954806129 VmallocChunk:          0 kB
1777826484.954806129 Percpu:             1456 kB
1777826484.954806129 AnonHugePages:         0 kB
1777826484.954806129 ShmemHugePages:        0 kB
1777826484.954806129 ShmemPmdMapped:        0 kB
1777826484.954806129 FileHugePages:         0 kB
1777826484.954806129 FilePmdMapped:         0 kB
1777826484.954806129 CmaTotal:          65536 kB
1777826484.954806129 CmaFree:           49104 kB
1777826484.954806129 Balloon:               0 kB
1777826484.954806129 HugePages_Total:     512
1777826484.954806129 HugePages_Free:      488
1777826484.954806129 HugePages_Rsvd:        0
1777826484.954806129 HugePages_Surp:        0
1777826484.954806129 Hugepagesize:       2048 kB
1777826484.954806129 Hugetlb:         1048576 kB
1777826485.964145879 MemTotal:        8124504 kB
1777826485.964145879 MemFree:         6334528 kB
1777826485.964145879 MemAvailable:    6651888 kB
1777826485.964145879 Buffers:           30428 kB
1777826485.964145879 Cached:           416680 kB
1777826485.964145879 SwapCached:            0 kB
1777826485.964145879 Active:           438000 kB
1777826485.964145879 Inactive:         106640 kB
1777826485.964145879 Active(anon):     102684 kB
1777826485.964145879 Inactive(anon):        0 kB
1777826485.964145879 Active(file):     335316 kB
1777826485.964145879 Inactive(file):   106640 kB
1777826485.964145879 Unevictable:           0 kB
1777826485.964145879 Mlocked:               0 kB
1777826485.964145879 SwapTotal:             0 kB
1777826485.964145879 SwapFree:              0 kB
1777826485.964145879 Zswap:                 0 kB
1777826485.964145879 Zswapped:              0 kB
1777826485.964145879 Dirty:               104 kB
1777826485.964145879 Writeback:             0 kB
1777826485.964145879 AnonPages:         97724 kB
1777826485.964145879 Mapped:           104300 kB
1777826485.964145879 Shmem:              5240 kB
1777826485.964145879 KReclaimable:      30328 kB
1777826485.964145879 Slab:             122320 kB
1777826485.964145879 SReclaimable:      30328 kB
1777826485.964145879 SUnreclaim:        91992 kB
1777826485.964145879 KernelStack:        3184 kB
1777826485.964145879 PageTables:         4188 kB
1777826485.964145879 SecPageTables:         0 kB
1777826485.964145879 NFS_Unstable:          0 kB
1777826485.964145879 Bounce:                0 kB
1777826485.964145879 WritebackTmp:          0 kB
1777826485.964145879 CommitLimit:     3537964 kB
1777826485.964145879 Committed_AS:     502772 kB
1777826485.964145879 VmallocTotal:   135288315904 kB
1777826485.964145879 VmallocUsed:       19308 kB
1777826485.964145879 VmallocChunk:          0 kB
1777826485.964145879 Percpu:             1456 kB
1777826485.964145879 AnonHugePages:         0 kB
1777826485.964145879 ShmemHugePages:        0 kB
1777826485.964145879 ShmemPmdMapped:        0 kB
1777826485.964145879 FileHugePages:         0 kB
1777826485.964145879 FilePmdMapped:         0 kB
1777826485.964145879 CmaTotal:          65536 kB
1777826485.964145879 CmaFree:           49104 kB
1777826485.964145879 Balloon:               0 kB
1777826485.964145879 HugePages_Total:     512
1777826485.964145879 HugePages_Free:      488
1777826485.964145879 HugePages_Rsvd:        0
1777826485.964145879 HugePages_Surp:        0
1777826485.964145879 Hugepagesize:       2048 kB
1777826485.964145879 Hugetlb:         1048576 kB
1777826486.974157709 MemTotal:        8124504 kB
1777826486.974157709 MemFree:         6334560 kB
1777826486.974157709 MemAvailable:    6651928 kB
1777826486.974157709 Buffers:           30428 kB
1777826486.974157709 Cached:           416684 kB
1777826486.974157709 SwapCached:            0 kB
1777826486.974157709 Active:           437940 kB
1777826486.974157709 Inactive:         106648 kB
1777826486.974157709 Active(anon):     102624 kB
1777826486.974157709 Inactive(anon):        0 kB
1777826486.974157709 Active(file):     335316 kB
1777826486.974157709 Inactive(file):   106648 kB
1777826486.974157709 Unevictable:           0 kB
1777826486.974157709 Mlocked:               0 kB
1777826486.974157709 SwapTotal:             0 kB
1777826486.974157709 SwapFree:              0 kB
1777826486.974157709 Zswap:                 0 kB
1777826486.974157709 Zswapped:              0 kB
1777826486.974157709 Dirty:               108 kB
1777826486.974157709 Writeback:             0 kB
1777826486.974157709 AnonPages:         97716 kB
1777826486.974157709 Mapped:           104260 kB
1777826486.974157709 Shmem:              5240 kB
1777826486.974157709 KReclaimable:      30328 kB
1777826486.974157709 Slab:             122148 kB
1777826486.974157709 SReclaimable:      30328 kB
1777826486.974157709 SUnreclaim:        91820 kB
1777826486.974157709 KernelStack:        3184 kB
1777826486.974157709 PageTables:         4200 kB
1777826486.974157709 SecPageTables:         0 kB
1777826486.974157709 NFS_Unstable:          0 kB
1777826486.974157709 Bounce:                0 kB
1777826486.974157709 WritebackTmp:          0 kB
1777826486.974157709 CommitLimit:     3537964 kB
1777826486.974157709 Committed_AS:     502772 kB
1777826486.974157709 VmallocTotal:   135288315904 kB
1777826486.974157709 VmallocUsed:       19324 kB
1777826486.974157709 VmallocChunk:          0 kB
1777826486.974157709 Percpu:             1456 kB
1777826486.974157709 AnonHugePages:         0 kB
1777826486.974157709 ShmemHugePages:        0 kB
1777826486.974157709 ShmemPmdMapped:        0 kB
1777826486.974157709 FileHugePages:         0 kB
1777826486.974157709 FilePmdMapped:         0 kB
1777826486.974157709 CmaTotal:          65536 kB
1777826486.974157709 CmaFree:           49104 kB
1777826486.974157709 Balloon:               0 kB
1777826486.974157709 HugePages_Total:     512
1777826486.974157709 HugePages_Free:      488
1777826486.974157709 HugePages_Rsvd:        0
1777826486.974157709 HugePages_Surp:        0
1777826486.974157709 Hugepagesize:       2048 kB
1777826486.974157709 Hugetlb:         1048576 kB
1777826487.983315439 MemTotal:        8124504 kB
1777826487.983315439 MemFree:         6333620 kB
1777826487.983315439 MemAvailable:    6650988 kB
1777826487.983315439 Buffers:           30428 kB
1777826487.983315439 Cached:           416688 kB
1777826487.983315439 SwapCached:            0 kB
1777826487.983315439 Active:           438064 kB
1777826487.983315439 Inactive:         106652 kB
1777826487.983315439 Active(anon):     102752 kB
1777826487.983315439 Inactive(anon):        0 kB
1777826487.983315439 Active(file):     335312 kB
1777826487.983315439 Inactive(file):   106652 kB
1777826487.983315439 Unevictable:           0 kB
1777826487.983315439 Mlocked:               0 kB
1777826487.983315439 SwapTotal:             0 kB
1777826487.983315439 SwapFree:              0 kB
1777826487.983315439 Zswap:                 0 kB
1777826487.983315439 Zswapped:              0 kB
1777826487.983315439 Dirty:               112 kB
1777826487.983315439 Writeback:             0 kB
1777826487.983315439 AnonPages:         97720 kB
1777826487.983315439 Mapped:           104300 kB
1777826487.983315439 Shmem:              5240 kB
1777826487.983315439 KReclaimable:      30328 kB
1777826487.983315439 Slab:             122140 kB
1777826487.983315439 SReclaimable:      30328 kB
1777826487.983315439 SUnreclaim:        91812 kB
1777826487.983315439 KernelStack:        3184 kB
1777826487.983315439 PageTables:         4196 kB
1777826487.983315439 SecPageTables:         0 kB
1777826487.983315439 NFS_Unstable:          0 kB
1777826487.983315439 Bounce:                0 kB
1777826487.983315439 WritebackTmp:          0 kB
1777826487.983315439 CommitLimit:     3537964 kB
1777826487.983315439 Committed_AS:     502772 kB
1777826487.983315439 VmallocTotal:   135288315904 kB
1777826487.983315439 VmallocUsed:       19324 kB
1777826487.983315439 VmallocChunk:          0 kB
1777826487.983315439 Percpu:             1456 kB
1777826487.983315439 AnonHugePages:         0 kB
1777826487.983315439 ShmemHugePages:        0 kB
1777826487.983315439 ShmemPmdMapped:        0 kB
1777826487.983315439 FileHugePages:         0 kB
1777826487.983315439 FilePmdMapped:         0 kB
1777826487.983315439 CmaTotal:          65536 kB
1777826487.983315439 CmaFree:           49104 kB
1777826487.983315439 Balloon:               0 kB
1777826487.983315439 HugePages_Total:     512
1777826487.983315439 HugePages_Free:      488
1777826487.983315439 HugePages_Rsvd:        0
1777826487.983315439 HugePages_Surp:        0
1777826487.983315439 Hugepagesize:       2048 kB
1777826487.983315439 Hugetlb:         1048576 kB
1777826488.992592837 MemTotal:        8124504 kB
1777826488.992592837 MemFree:         6337212 kB
1777826488.992592837 MemAvailable:    6652516 kB
1777826488.992592837 Buffers:           30428 kB
1777826488.992592837 Cached:           416696 kB
1777826488.992592837 SwapCached:            0 kB
1777826488.992592837 Active:           437952 kB
1777826488.992592837 Inactive:         106656 kB
1777826488.992592837 Active(anon):     102636 kB
1777826488.992592837 Inactive(anon):        0 kB
1777826488.992592837 Active(file):     335316 kB
1777826488.992592837 Inactive(file):   106656 kB
1777826488.992592837 Unevictable:           0 kB
1777826488.992592837 Mlocked:               0 kB
1777826488.992592837 SwapTotal:             0 kB
1777826488.992592837 SwapFree:              0 kB
1777826488.992592837 Zswap:                 0 kB
1777826488.992592837 Zswapped:              0 kB
1777826488.992592837 Dirty:               120 kB
1777826488.992592837 Writeback:             0 kB
1777826488.992592837 AnonPages:         97724 kB
1777826488.992592837 Mapped:           104300 kB
1777826488.992592837 Shmem:              5240 kB
1777826488.992592837 KReclaimable:      30328 kB
1777826488.992592837 Slab:             122224 kB
1777826488.992592837 SReclaimable:      30328 kB
1777826488.992592837 SUnreclaim:        91896 kB
1777826488.992592837 KernelStack:        3184 kB
1777826488.992592837 PageTables:         4196 kB
1777826488.992592837 SecPageTables:         0 kB
1777826488.992592837 NFS_Unstable:          0 kB
1777826488.992592837 Bounce:                0 kB
1777826488.992592837 WritebackTmp:          0 kB
1777826488.992592837 CommitLimit:     3537964 kB
1777826488.992592837 Committed_AS:     502772 kB
1777826488.992592837 VmallocTotal:   135288315904 kB
1777826488.992592837 VmallocUsed:       19308 kB
1777826488.992592837 VmallocChunk:          0 kB
1777826488.992592837 Percpu:             1456 kB
1777826488.992592837 AnonHugePages:         0 kB
1777826488.992592837 ShmemHugePages:        0 kB
1777826488.992592837 ShmemPmdMapped:        0 kB
1777826488.992592837 FileHugePages:         0 kB
1777826488.992592837 FilePmdMapped:         0 kB
1777826488.992592837 CmaTotal:          65536 kB
1777826488.992592837 CmaFree:           49104 kB
1777826488.992592837 Balloon:               0 kB
1777826488.992592837 HugePages_Total:     512
1777826488.992592837 HugePages_Free:      488
1777826488.992592837 HugePages_Rsvd:        0
1777826488.992592837 HugePages_Surp:        0
1777826488.992592837 Hugepagesize:       2048 kB
1777826488.992592837 Hugetlb:         1048576 kB
1777826490.001907402 MemTotal:        8124504 kB
1777826490.001907402 MemFree:         6324636 kB
1777826490.001907402 MemAvailable:    6642024 kB
1777826490.001907402 Buffers:           30428 kB
1777826490.001907402 Cached:           416700 kB
1777826490.001907402 SwapCached:            0 kB
1777826490.001907402 Active:           438172 kB
1777826490.001907402 Inactive:         106668 kB
1777826490.001907402 Active(anon):     102856 kB
1777826490.001907402 Inactive(anon):        0 kB
1777826490.001907402 Active(file):     335316 kB
1777826490.001907402 Inactive(file):   106668 kB
1777826490.001907402 Unevictable:           0 kB
1777826490.001907402 Mlocked:               0 kB
1777826490.001907402 SwapTotal:             0 kB
1777826490.001907402 SwapFree:              0 kB
1777826490.001907402 Zswap:                 0 kB
1777826490.001907402 Zswapped:              0 kB
1777826490.001907402 Dirty:                92 kB
1777826490.001907402 Writeback:             0 kB
1777826490.001907402 AnonPages:         97724 kB
1777826490.001907402 Mapped:           104300 kB
1777826490.001907402 Shmem:              5240 kB
1777826490.001907402 KReclaimable:      30328 kB
1777826490.001907402 Slab:             122268 kB
1777826490.001907402 SReclaimable:      30328 kB
1777826490.001907402 SUnreclaim:        91940 kB
1777826490.001907402 KernelStack:        3184 kB
1777826490.001907402 PageTables:         4184 kB
1777826490.001907402 SecPageTables:         0 kB
1777826490.001907402 NFS_Unstable:          0 kB
1777826490.001907402 Bounce:                0 kB
1777826490.001907402 WritebackTmp:          0 kB
1777826490.001907402 CommitLimit:     3537964 kB
1777826490.001907402 Committed_AS:     502772 kB
1777826490.001907402 VmallocTotal:   135288315904 kB
1777826490.001907402 VmallocUsed:       19308 kB
1777826490.001907402 VmallocChunk:          0 kB
1777826490.001907402 Percpu:             1456 kB
1777826490.001907402 AnonHugePages:         0 kB
1777826490.001907402 ShmemHugePages:        0 kB
1777826490.001907402 ShmemPmdMapped:        0 kB
1777826490.001907402 FileHugePages:         0 kB
1777826490.001907402 FilePmdMapped:         0 kB
1777826490.001907402 CmaTotal:          65536 kB
1777826490.001907402 CmaFree:           49104 kB
1777826490.001907402 Balloon:               0 kB
1777826490.001907402 HugePages_Total:     512
1777826490.001907402 HugePages_Free:      488
1777826490.001907402 HugePages_Rsvd:        0
1777826490.001907402 HugePages_Surp:        0
1777826490.001907402 Hugepagesize:       2048 kB
1777826490.001907402 Hugetlb:         1048576 kB
1777826491.012803017 MemTotal:        8124504 kB
1777826491.012803017 MemFree:         6329156 kB
1777826491.012803017 MemAvailable:    6646552 kB
1777826491.012803017 Buffers:           30436 kB
1777826491.012803017 Cached:           416708 kB
1777826491.012803017 SwapCached:            0 kB
1777826491.012803017 Active:           437904 kB
1777826491.012803017 Inactive:         106680 kB
1777826491.012803017 Active(anon):     102592 kB
1777826491.012803017 Inactive(anon):        0 kB
1777826491.012803017 Active(file):     335312 kB
1777826491.012803017 Inactive(file):   106680 kB
1777826491.012803017 Unevictable:           0 kB
1777826491.012803017 Mlocked:               0 kB
1777826491.012803017 SwapTotal:             0 kB
1777826491.012803017 SwapFree:              0 kB
1777826491.012803017 Zswap:                 0 kB
1777826491.012803017 Zswapped:              0 kB
1777826491.012803017 Dirty:               100 kB
1777826491.012803017 Writeback:             0 kB
1777826491.012803017 AnonPages:         97720 kB
1777826491.012803017 Mapped:           104260 kB
1777826491.012803017 Shmem:              5240 kB
1777826491.012803017 KReclaimable:      30328 kB
1777826491.012803017 Slab:             122240 kB
1777826491.012803017 SReclaimable:      30328 kB
1777826491.012803017 SUnreclaim:        91912 kB
1777826491.012803017 KernelStack:        3184 kB
1777826491.012803017 PageTables:         4184 kB
1777826491.012803017 SecPageTables:         0 kB
1777826491.012803017 NFS_Unstable:          0 kB
1777826491.012803017 Bounce:                0 kB
1777826491.012803017 WritebackTmp:          0 kB
1777826491.012803017 CommitLimit:     3537964 kB
1777826491.012803017 Committed_AS:     502772 kB
1777826491.012803017 VmallocTotal:   135288315904 kB
1777826491.012803017 VmallocUsed:       19324 kB
1777826491.012803017 VmallocChunk:          0 kB
1777826491.012803017 Percpu:             1456 kB
1777826491.012803017 AnonHugePages:         0 kB
1777826491.012803017 ShmemHugePages:        0 kB
1777826491.012803017 ShmemPmdMapped:        0 kB
1777826491.012803017 FileHugePages:         0 kB
1777826491.012803017 FilePmdMapped:         0 kB
1777826491.012803017 CmaTotal:          65536 kB
1777826491.012803017 CmaFree:           49104 kB
1777826491.012803017 Balloon:               0 kB
1777826491.012803017 HugePages_Total:     512
1777826491.012803017 HugePages_Free:      488
1777826491.012803017 HugePages_Rsvd:        0
1777826491.012803017 HugePages_Surp:        0
1777826491.012803017 Hugepagesize:       2048 kB
1777826491.012803017 Hugetlb:         1048576 kB
1777826492.022144545 MemTotal:        8124504 kB
1777826492.022144545 MemFree:         6333424 kB
1777826492.022144545 MemAvailable:    6650820 kB
1777826492.022144545 Buffers:           30436 kB
1777826492.022144545 Cached:           416708 kB
1777826492.022144545 SwapCached:            0 kB
1777826492.022144545 Active:           437904 kB
1777826492.022144545 Inactive:         106680 kB
1777826492.022144545 Active(anon):     102592 kB
1777826492.022144545 Inactive(anon):        0 kB
1777826492.022144545 Active(file):     335312 kB
1777826492.022144545 Inactive(file):   106680 kB
1777826492.022144545 Unevictable:           0 kB
1777826492.022144545 Mlocked:               0 kB
1777826492.022144545 SwapTotal:             0 kB
1777826492.022144545 SwapFree:              0 kB
1777826492.022144545 Zswap:                 0 kB
1777826492.022144545 Zswapped:              0 kB
1777826492.022144545 Dirty:               100 kB
1777826492.022144545 Writeback:             0 kB
1777826492.022144545 AnonPages:         97712 kB
1777826492.022144545 Mapped:           104300 kB
1777826492.022144545 Shmem:              5240 kB
1777826492.022144545 KReclaimable:      30328 kB
1777826492.022144545 Slab:             122256 kB
1777826492.022144545 SReclaimable:      30328 kB
1777826492.022144545 SUnreclaim:        91928 kB
1777826492.022144545 KernelStack:        3184 kB
1777826492.022144545 PageTables:         4196 kB
1777826492.022144545 SecPageTables:         0 kB
1777826492.022144545 NFS_Unstable:          0 kB
1777826492.022144545 Bounce:                0 kB
1777826492.022144545 WritebackTmp:          0 kB
1777826492.022144545 CommitLimit:     3537964 kB
1777826492.022144545 Committed_AS:     502772 kB
1777826492.022144545 VmallocTotal:   135288315904 kB
1777826492.022144545 VmallocUsed:       19308 kB
1777826492.022144545 VmallocChunk:          0 kB
1777826492.022144545 Percpu:             1456 kB
1777826492.022144545 AnonHugePages:         0 kB
1777826492.022144545 ShmemHugePages:        0 kB
1777826492.022144545 ShmemPmdMapped:        0 kB
1777826492.022144545 FileHugePages:         0 kB
1777826492.022144545 FilePmdMapped:         0 kB
1777826492.022144545 CmaTotal:          65536 kB
1777826492.022144545 CmaFree:           49104 kB
1777826492.022144545 Balloon:               0 kB
1777826492.022144545 HugePages_Total:     512
1777826492.022144545 HugePages_Free:      488
1777826492.022144545 HugePages_Rsvd:        0
1777826492.022144545 HugePages_Surp:        0
1777826492.022144545 Hugepagesize:       2048 kB
1777826492.022144545 Hugetlb:         1048576 kB
1777826493.031285794 MemTotal:        8124504 kB
1777826493.031285794 MemFree:         6332556 kB
1777826493.031285794 MemAvailable:    6649960 kB
1777826493.031285794 Buffers:           30436 kB
1777826493.031285794 Cached:           416716 kB
1777826493.031285794 SwapCached:            0 kB
1777826493.031285794 Active:           437996 kB
1777826493.031285794 Inactive:         106684 kB
1777826493.031285794 Active(anon):     102680 kB
1777826493.031285794 Inactive(anon):        0 kB
1777826493.031285794 Active(file):     335316 kB
1777826493.031285794 Inactive(file):   106684 kB
1777826493.031285794 Unevictable:           0 kB
1777826493.031285794 Mlocked:               0 kB
1777826493.031285794 SwapTotal:             0 kB
1777826493.031285794 SwapFree:              0 kB
1777826493.031285794 Zswap:                 0 kB
1777826493.031285794 Zswapped:              0 kB
1777826493.031285794 Dirty:               108 kB
1777826493.031285794 Writeback:             0 kB
1777826493.031285794 AnonPages:         97716 kB
1777826493.031285794 Mapped:           104300 kB
1777826493.031285794 Shmem:              5240 kB
1777826493.031285794 KReclaimable:      30328 kB
1777826493.031285794 Slab:             122192 kB
1777826493.031285794 SReclaimable:      30328 kB
1777826493.031285794 SUnreclaim:        91864 kB
1777826493.031285794 KernelStack:        3184 kB
1777826493.031285794 PageTables:         4192 kB
1777826493.031285794 SecPageTables:         0 kB
1777826493.031285794 NFS_Unstable:          0 kB
1777826493.031285794 Bounce:                0 kB
1777826493.031285794 WritebackTmp:          0 kB
1777826493.031285794 CommitLimit:     3537964 kB
1777826493.031285794 Committed_AS:     502772 kB
1777826493.031285794 VmallocTotal:   135288315904 kB
1777826493.031285794 VmallocUsed:       19308 kB
1777826493.031285794 VmallocChunk:          0 kB
1777826493.031285794 Percpu:             1456 kB
1777826493.031285794 AnonHugePages:         0 kB
1777826493.031285794 ShmemHugePages:        0 kB
1777826493.031285794 ShmemPmdMapped:        0 kB
1777826493.031285794 FileHugePages:         0 kB
1777826493.031285794 FilePmdMapped:         0 kB
1777826493.031285794 CmaTotal:          65536 kB
1777826493.031285794 CmaFree:           49104 kB
1777826493.031285794 Balloon:               0 kB
1777826493.031285794 HugePages_Total:     512
1777826493.031285794 HugePages_Free:      488
1777826493.031285794 HugePages_Rsvd:        0
1777826493.031285794 HugePages_Surp:        0
1777826493.031285794 Hugepagesize:       2048 kB
1777826493.031285794 Hugetlb:         1048576 kB
1777826494.040429339 MemTotal:        8124504 kB
1777826494.040429339 MemFree:         6331932 kB
1777826494.040429339 MemAvailable:    6649344 kB
1777826494.040429339 Buffers:           30436 kB
1777826494.040429339 Cached:           416720 kB
1777826494.040429339 SwapCached:            0 kB
1777826494.040429339 Active:           438024 kB
1777826494.040429339 Inactive:         106692 kB
1777826494.040429339 Active(anon):     102708 kB
1777826494.040429339 Inactive(anon):        0 kB
1777826494.040429339 Active(file):     335316 kB
1777826494.040429339 Inactive(file):   106692 kB
1777826494.040429339 Unevictable:           0 kB
1777826494.040429339 Mlocked:               0 kB
1777826494.040429339 SwapTotal:             0 kB
1777826494.040429339 SwapFree:              0 kB
1777826494.040429339 Zswap:                 0 kB
1777826494.040429339 Zswapped:              0 kB
1777826494.040429339 Dirty:               112 kB
1777826494.040429339 Writeback:             0 kB
1777826494.040429339 AnonPages:         97720 kB
1777826494.040429339 Mapped:           104300 kB
1777826494.040429339 Shmem:              5240 kB
1777826494.040429339 KReclaimable:      30328 kB
1777826494.040429339 Slab:             122292 kB
1777826494.040429339 SReclaimable:      30328 kB
1777826494.040429339 SUnreclaim:        91964 kB
1777826494.040429339 KernelStack:        3184 kB
1777826494.040429339 PageTables:         4196 kB
1777826494.040429339 SecPageTables:         0 kB
1777826494.040429339 NFS_Unstable:          0 kB
1777826494.040429339 Bounce:                0 kB
1777826494.040429339 WritebackTmp:          0 kB
1777826494.040429339 CommitLimit:     3537964 kB
1777826494.040429339 Committed_AS:     502772 kB
1777826494.040429339 VmallocTotal:   135288315904 kB
1777826494.040429339 VmallocUsed:       19276 kB
1777826494.040429339 VmallocChunk:          0 kB
1777826494.040429339 Percpu:             1456 kB
1777826494.040429339 AnonHugePages:         0 kB
1777826494.040429339 ShmemHugePages:        0 kB
1777826494.040429339 ShmemPmdMapped:        0 kB
1777826494.040429339 FileHugePages:         0 kB
1777826494.040429339 FilePmdMapped:         0 kB
1777826494.040429339 CmaTotal:          65536 kB
1777826494.040429339 CmaFree:           49104 kB
1777826494.040429339 Balloon:               0 kB
1777826494.040429339 HugePages_Total:     512
1777826494.040429339 HugePages_Free:      488
1777826494.040429339 HugePages_Rsvd:        0
1777826494.040429339 HugePages_Surp:        0
1777826494.040429339 Hugepagesize:       2048 kB
1777826494.040429339 Hugetlb:         1048576 kB
1777826495.049399124 MemTotal:        8124504 kB
1777826495.049399124 MemFree:         6331772 kB
1777826495.049399124 MemAvailable:    6649184 kB
1777826495.049399124 Buffers:           30440 kB
1777826495.049399124 Cached:           416716 kB
1777826495.049399124 SwapCached:            0 kB
1777826495.049399124 Active:           438100 kB
1777826495.049399124 Inactive:         106692 kB
1777826495.049399124 Active(anon):     102784 kB
1777826495.049399124 Inactive(anon):        0 kB
1777826495.049399124 Active(file):     335316 kB
1777826495.049399124 Inactive(file):   106692 kB
1777826495.049399124 Unevictable:           0 kB
1777826495.049399124 Mlocked:               0 kB
1777826495.049399124 SwapTotal:             0 kB
1777826495.049399124 SwapFree:              0 kB
1777826495.049399124 Zswap:                 0 kB
1777826495.049399124 Zswapped:              0 kB
1777826495.049399124 Dirty:               112 kB
1777826495.049399124 Writeback:             0 kB
1777826495.049399124 AnonPages:         97720 kB
1777826495.049399124 Mapped:           104300 kB
1777826495.049399124 Shmem:              5240 kB
1777826495.049399124 KReclaimable:      30328 kB
1777826495.049399124 Slab:             122280 kB
1777826495.049399124 SReclaimable:      30328 kB
1777826495.049399124 SUnreclaim:        91952 kB
1777826495.049399124 KernelStack:        3184 kB
1777826495.049399124 PageTables:         4196 kB
1777826495.049399124 SecPageTables:         0 kB
1777826495.049399124 NFS_Unstable:          0 kB
1777826495.049399124 Bounce:                0 kB
1777826495.049399124 WritebackTmp:          0 kB
1777826495.049399124 CommitLimit:     3537964 kB
1777826495.049399124 Committed_AS:     502772 kB
1777826495.049399124 VmallocTotal:   135288315904 kB
1777826495.049399124 VmallocUsed:       19308 kB
1777826495.049399124 VmallocChunk:          0 kB
1777826495.049399124 Percpu:             1456 kB
1777826495.049399124 AnonHugePages:         0 kB
1777826495.049399124 ShmemHugePages:        0 kB
1777826495.049399124 ShmemPmdMapped:        0 kB
1777826495.049399124 FileHugePages:         0 kB
1777826495.049399124 FilePmdMapped:         0 kB
1777826495.049399124 CmaTotal:          65536 kB
1777826495.049399124 CmaFree:           49104 kB
1777826495.049399124 Balloon:               0 kB
1777826495.049399124 HugePages_Total:     512
1777826495.049399124 HugePages_Free:      488
1777826495.049399124 HugePages_Rsvd:        0
1777826495.049399124 HugePages_Surp:        0
1777826495.049399124 Hugepagesize:       2048 kB
1777826495.049399124 Hugetlb:         1048576 kB
1777826496.059874050 MemTotal:        8124504 kB
1777826496.059874050 MemFree:         6329768 kB
1777826496.059874050 MemAvailable:    6647196 kB
1777826496.059874050 Buffers:           30444 kB
1777826496.059874050 Cached:           416728 kB
1777826496.059874050 SwapCached:            0 kB
1777826496.059874050 Active:           437952 kB
1777826496.059874050 Inactive:         106708 kB
1777826496.059874050 Active(anon):     102640 kB
1777826496.059874050 Inactive(anon):        0 kB
1777826496.059874050 Active(file):     335312 kB
1777826496.059874050 Inactive(file):   106708 kB
1777826496.059874050 Unevictable:           0 kB
1777826496.059874050 Mlocked:               0 kB
1777826496.059874050 SwapTotal:             0 kB
1777826496.059874050 SwapFree:              0 kB
1777826496.059874050 Zswap:                 0 kB
1777826496.059874050 Zswapped:              0 kB
1777826496.059874050 Dirty:               120 kB
1777826496.059874050 Writeback:             0 kB
1777826496.059874050 AnonPages:         97656 kB
1777826496.059874050 Mapped:           104260 kB
1777826496.059874050 Shmem:              5240 kB
1777826496.059874050 KReclaimable:      30332 kB
1777826496.059874050 Slab:             122276 kB
1777826496.059874050 SReclaimable:      30332 kB
1777826496.059874050 SUnreclaim:        91944 kB
1777826496.059874050 KernelStack:        3184 kB
1777826496.059874050 PageTables:         4212 kB
1777826496.059874050 SecPageTables:         0 kB
1777826496.059874050 NFS_Unstable:          0 kB
1777826496.059874050 Bounce:                0 kB
1777826496.059874050 WritebackTmp:          0 kB
1777826496.059874050 CommitLimit:     3537964 kB
1777826496.059874050 Committed_AS:     502772 kB
1777826496.059874050 VmallocTotal:   135288315904 kB
1777826496.059874050 VmallocUsed:       19324 kB
1777826496.059874050 VmallocChunk:          0 kB
1777826496.059874050 Percpu:             1456 kB
1777826496.059874050 AnonHugePages:         0 kB
1777826496.059874050 ShmemHugePages:        0 kB
1777826496.059874050 ShmemPmdMapped:        0 kB
1777826496.059874050 FileHugePages:         0 kB
1777826496.059874050 FilePmdMapped:         0 kB
1777826496.059874050 CmaTotal:          65536 kB
1777826496.059874050 CmaFree:           49104 kB
1777826496.059874050 Balloon:               0 kB
1777826496.059874050 HugePages_Total:     512
1777826496.059874050 HugePages_Free:      488
1777826496.059874050 HugePages_Rsvd:        0
1777826496.059874050 HugePages_Surp:        0
1777826496.059874050 Hugepagesize:       2048 kB
1777826496.059874050 Hugetlb:         1048576 kB
1777826497.068843871 MemTotal:        8124504 kB
1777826497.068843871 MemFree:         6336432 kB
1777826497.068843871 MemAvailable:    6653868 kB
1777826497.068843871 Buffers:           30444 kB
1777826497.068843871 Cached:           416736 kB
1777826497.068843871 SwapCached:            0 kB
1777826497.068843871 Active:           438088 kB
1777826497.068843871 Inactive:         106716 kB
1777826497.068843871 Active(anon):     102776 kB
1777826497.068843871 Inactive(anon):        0 kB
1777826497.068843871 Active(file):     335312 kB
1777826497.068843871 Inactive(file):   106716 kB
1777826497.068843871 Unevictable:           0 kB
1777826497.068843871 Mlocked:               0 kB
1777826497.068843871 SwapTotal:             0 kB
1777826497.068843871 SwapFree:              0 kB
1777826497.068843871 Zswap:                 0 kB
1777826497.068843871 Zswapped:              0 kB
1777826497.068843871 Dirty:               128 kB
1777826497.068843871 Writeback:             0 kB
1777826497.068843871 AnonPages:         97720 kB
1777826497.068843871 Mapped:           104300 kB
1777826497.068843871 Shmem:              5240 kB
1777826497.068843871 KReclaimable:      30332 kB
1777826497.068843871 Slab:             122296 kB
1777826497.068843871 SReclaimable:      30332 kB
1777826497.068843871 SUnreclaim:        91964 kB
1777826497.068843871 KernelStack:        3184 kB
1777826497.068843871 PageTables:         4192 kB
1777826497.068843871 SecPageTables:         0 kB
1777826497.068843871 NFS_Unstable:          0 kB
1777826497.068843871 Bounce:                0 kB
1777826497.068843871 WritebackTmp:          0 kB
1777826497.068843871 CommitLimit:     3537964 kB
1777826497.068843871 Committed_AS:     502772 kB
1777826497.068843871 VmallocTotal:   135288315904 kB
1777826497.068843871 VmallocUsed:       19324 kB
1777826497.068843871 VmallocChunk:          0 kB
1777826497.068843871 Percpu:             1456 kB
1777826497.068843871 AnonHugePages:         0 kB
1777826497.068843871 ShmemHugePages:        0 kB
1777826497.068843871 ShmemPmdMapped:        0 kB
1777826497.068843871 FileHugePages:         0 kB
1777826497.068843871 FilePmdMapped:         0 kB
1777826497.068843871 CmaTotal:          65536 kB
1777826497.068843871 CmaFree:           49104 kB
1777826497.068843871 Balloon:               0 kB
1777826497.068843871 HugePages_Total:     512
1777826497.068843871 HugePages_Free:      488
1777826497.068843871 HugePages_Rsvd:        0
1777826497.068843871 HugePages_Surp:        0
1777826497.068843871 Hugepagesize:       2048 kB
1777826497.068843871 Hugetlb:         1048576 kB
