# timestamp field value_kB
1776799612.568067489 MemTotal:        8124504 kB
1776799612.568067489 MemFree:         6353116 kB
1776799612.568067489 MemAvailable:    6635560 kB
1776799612.568067489 Buffers:           32808 kB
1776799612.568067489 Cached:           378472 kB
1776799612.568067489 SwapCached:            0 kB
1776799612.568067489 Active:           406708 kB
1776799612.568067489 Inactive:         112196 kB
1776799612.568067489 Active(anon):     112788 kB
1776799612.568067489 Inactive(anon):        0 kB
1776799612.568067489 Active(file):     293920 kB
1776799612.568067489 Inactive(file):   112196 kB
1776799612.568067489 Unevictable:           0 kB
1776799612.568067489 Mlocked:               0 kB
1776799612.568067489 SwapTotal:             0 kB
1776799612.568067489 SwapFree:              0 kB
1776799612.568067489 Zswap:                 0 kB
1776799612.568067489 Zswapped:              0 kB
1776799612.568067489 Dirty:                 0 kB
1776799612.568067489 Writeback:             0 kB
1776799612.568067489 AnonPages:        107624 kB
1776799612.568067489 Mapped:           125448 kB
1776799612.568067489 Shmem:              5252 kB
1776799612.568067489 KReclaimable:      32176 kB
1776799612.568067489 Slab:             123964 kB
1776799612.568067489 SReclaimable:      32176 kB
1776799612.568067489 SUnreclaim:        91788 kB
1776799612.568067489 KernelStack:        3232 kB
1776799612.568067489 PageTables:         4812 kB
1776799612.568067489 SecPageTables:         0 kB
1776799612.568067489 NFS_Unstable:          0 kB
1776799612.568067489 Bounce:                0 kB
1776799612.568067489 WritebackTmp:          0 kB
1776799612.568067489 CommitLimit:     3537964 kB
1776799612.568067489 Committed_AS:     555816 kB
1776799612.568067489 VmallocTotal:   135288315904 kB
1776799612.568067489 VmallocUsed:       25992 kB
1776799612.568067489 VmallocChunk:          0 kB
1776799612.568067489 Percpu:             1600 kB
1776799612.568067489 AnonHugePages:         0 kB
1776799612.568067489 ShmemHugePages:        0 kB
1776799612.568067489 ShmemPmdMapped:        0 kB
1776799612.568067489 FileHugePages:         0 kB
1776799612.568067489 FilePmdMapped:         0 kB
1776799612.568067489 CmaTotal:          65536 kB
1776799612.568067489 CmaFree:           49104 kB
1776799612.568067489 Balloon:               0 kB
1776799612.568067489 HugePages_Total:     512
1776799612.568067489 HugePages_Free:      469
1776799612.568067489 HugePages_Rsvd:        0
1776799612.568067489 HugePages_Surp:        0
1776799612.568067489 Hugepagesize:       2048 kB
1776799612.568067489 Hugetlb:         1048576 kB
1776799613.578693098 MemTotal:        8124504 kB
1776799613.578693098 MemFree:         6352820 kB
1776799613.578693098 MemAvailable:    6635264 kB
1776799613.578693098 Buffers:           32808 kB
1776799613.578693098 Cached:           378472 kB
1776799613.578693098 SwapCached:            0 kB
1776799613.578693098 Active:           408188 kB
1776799613.578693098 Inactive:         112196 kB
1776799613.578693098 Active(anon):     114268 kB
1776799613.578693098 Inactive(anon):        0 kB
1776799613.578693098 Active(file):     293920 kB
1776799613.578693098 Inactive(file):   112196 kB
1776799613.578693098 Unevictable:           0 kB
1776799613.578693098 Mlocked:               0 kB
1776799613.578693098 SwapTotal:             0 kB
1776799613.578693098 SwapFree:              0 kB
1776799613.578693098 Zswap:                 0 kB
1776799613.578693098 Zswapped:              0 kB
1776799613.578693098 Dirty:                 0 kB
1776799613.578693098 Writeback:             0 kB
1776799613.578693098 AnonPages:        109104 kB
1776799613.578693098 Mapped:           129260 kB
1776799613.578693098 Shmem:              5252 kB
1776799613.578693098 KReclaimable:      32176 kB
1776799613.578693098 Slab:             124136 kB
1776799613.578693098 SReclaimable:      32176 kB
1776799613.578693098 SUnreclaim:        91960 kB
1776799613.578693098 KernelStack:        3192 kB
1776799613.578693098 PageTables:         4516 kB
1776799613.578693098 SecPageTables:         0 kB
1776799613.578693098 NFS_Unstable:          0 kB
1776799613.578693098 Bounce:                0 kB
1776799613.578693098 WritebackTmp:          0 kB
1776799613.578693098 CommitLimit:     3537964 kB
1776799613.578693098 Committed_AS:     556564 kB
1776799613.578693098 VmallocTotal:   135288315904 kB
1776799613.578693098 VmallocUsed:       25960 kB
1776799613.578693098 VmallocChunk:          0 kB
1776799613.578693098 Percpu:             1600 kB
1776799613.578693098 AnonHugePages:         0 kB
1776799613.578693098 ShmemHugePages:        0 kB
1776799613.578693098 ShmemPmdMapped:        0 kB
1776799613.578693098 FileHugePages:         0 kB
1776799613.578693098 FilePmdMapped:         0 kB
1776799613.578693098 CmaTotal:          65536 kB
1776799613.578693098 CmaFree:           49104 kB
1776799613.578693098 Balloon:               0 kB
1776799613.578693098 HugePages_Total:     512
1776799613.578693098 HugePages_Free:      469
1776799613.578693098 HugePages_Rsvd:        0
1776799613.578693098 HugePages_Surp:        0
1776799613.578693098 Hugepagesize:       2048 kB
1776799613.578693098 Hugetlb:         1048576 kB
1776799614.585877735 MemTotal:        8124504 kB
1776799614.585877735 MemFree:         6352692 kB
1776799614.585877735 MemAvailable:    6634984 kB
1776799614.585877735 Buffers:           32808 kB
1776799614.585877735 Cached:           378312 kB
1776799614.585877735 SwapCached:            0 kB
1776799614.585877735 Active:           408116 kB
1776799614.585877735 Inactive:         112036 kB
1776799614.585877735 Active(anon):     114188 kB
1776799614.585877735 Inactive(anon):        0 kB
1776799614.585877735 Active(file):     293928 kB
1776799614.585877735 Inactive(file):   112036 kB
1776799614.585877735 Unevictable:           0 kB
1776799614.585877735 Mlocked:               0 kB
1776799614.585877735 SwapTotal:             0 kB
1776799614.585877735 SwapFree:              0 kB
1776799614.585877735 Zswap:                 0 kB
1776799614.585877735 Zswapped:              0 kB
1776799614.585877735 Dirty:                24 kB
1776799614.585877735 Writeback:             0 kB
1776799614.585877735 AnonPages:        109160 kB
1776799614.585877735 Mapped:           129180 kB
1776799614.585877735 Shmem:              5252 kB
1776799614.585877735 KReclaimable:      32176 kB
1776799614.585877735 Slab:             124088 kB
1776799614.585877735 SReclaimable:      32176 kB
1776799614.585877735 SUnreclaim:        91912 kB
1776799614.585877735 KernelStack:        3216 kB
1776799614.585877735 PageTables:         4444 kB
1776799614.585877735 SecPageTables:         0 kB
1776799614.585877735 NFS_Unstable:          0 kB
1776799614.585877735 Bounce:                0 kB
1776799614.585877735 WritebackTmp:          0 kB
1776799614.585877735 CommitLimit:     3537964 kB
1776799614.585877735 Committed_AS:     556564 kB
1776799614.585877735 VmallocTotal:   135288315904 kB
1776799614.585877735 VmallocUsed:       25944 kB
1776799614.585877735 VmallocChunk:          0 kB
1776799614.585877735 Percpu:             1600 kB
1776799614.585877735 AnonHugePages:         0 kB
1776799614.585877735 ShmemHugePages:        0 kB
1776799614.585877735 ShmemPmdMapped:        0 kB
1776799614.585877735 FileHugePages:         0 kB
1776799614.585877735 FilePmdMapped:         0 kB
1776799614.585877735 CmaTotal:          65536 kB
1776799614.585877735 CmaFree:           49104 kB
1776799614.585877735 Balloon:               0 kB
1776799614.585877735 HugePages_Total:     512
1776799614.585877735 HugePages_Free:      469
1776799614.585877735 HugePages_Rsvd:        0
1776799614.585877735 HugePages_Surp:        0
1776799614.585877735 Hugepagesize:       2048 kB
1776799614.585877735 Hugetlb:         1048576 kB
1776799615.593122150 MemTotal:        8124504 kB
1776799615.593122150 MemFree:         6352928 kB
1776799615.593122150 MemAvailable:    6635220 kB
1776799615.593122150 Buffers:           32808 kB
1776799615.593122150 Cached:           378316 kB
1776799615.593122150 SwapCached:            0 kB
1776799615.593122150 Active:           408124 kB
1776799615.593122150 Inactive:         112036 kB
1776799615.593122150 Active(anon):     114196 kB
1776799615.593122150 Inactive(anon):        0 kB
1776799615.593122150 Active(file):     293928 kB
1776799615.593122150 Inactive(file):   112036 kB
1776799615.593122150 Unevictable:           0 kB
1776799615.593122150 Mlocked:               0 kB
1776799615.593122150 SwapTotal:             0 kB
1776799615.593122150 SwapFree:              0 kB
1776799615.593122150 Zswap:                 0 kB
1776799615.593122150 Zswapped:              0 kB
1776799615.593122150 Dirty:                28 kB
1776799615.593122150 Writeback:             0 kB
1776799615.593122150 AnonPages:        109160 kB
1776799615.593122150 Mapped:           129180 kB
1776799615.593122150 Shmem:              5252 kB
1776799615.593122150 KReclaimable:      32176 kB
1776799615.593122150 Slab:             124156 kB
1776799615.593122150 SReclaimable:      32176 kB
1776799615.593122150 SUnreclaim:        91980 kB
1776799615.593122150 KernelStack:        3216 kB
1776799615.593122150 PageTables:         4448 kB
1776799615.593122150 SecPageTables:         0 kB
1776799615.593122150 NFS_Unstable:          0 kB
1776799615.593122150 Bounce:                0 kB
1776799615.593122150 WritebackTmp:          0 kB
1776799615.593122150 CommitLimit:     3537964 kB
1776799615.593122150 Committed_AS:     556564 kB
1776799615.593122150 VmallocTotal:   135288315904 kB
1776799615.593122150 VmallocUsed:       25960 kB
1776799615.593122150 VmallocChunk:          0 kB
1776799615.593122150 Percpu:             1600 kB
1776799615.593122150 AnonHugePages:         0 kB
1776799615.593122150 ShmemHugePages:        0 kB
1776799615.593122150 ShmemPmdMapped:        0 kB
1776799615.593122150 FileHugePages:         0 kB
1776799615.593122150 FilePmdMapped:         0 kB
1776799615.593122150 CmaTotal:          65536 kB
1776799615.593122150 CmaFree:           49104 kB
1776799615.593122150 Balloon:               0 kB
1776799615.593122150 HugePages_Total:     512
1776799615.593122150 HugePages_Free:      469
1776799615.593122150 HugePages_Rsvd:        0
1776799615.593122150 HugePages_Surp:        0
1776799615.593122150 Hugepagesize:       2048 kB
1776799615.593122150 Hugetlb:         1048576 kB
1776799616.600285158 MemTotal:        8124504 kB
1776799616.600285158 MemFree:         6353772 kB
1776799616.600285158 MemAvailable:    6636072 kB
1776799616.600285158 Buffers:           32808 kB
1776799616.600285158 Cached:           378320 kB
1776799616.600285158 SwapCached:            0 kB
1776799616.600285158 Active:           408096 kB
1776799616.600285158 Inactive:         112044 kB
1776799616.600285158 Active(anon):     114168 kB
1776799616.600285158 Inactive(anon):        0 kB
1776799616.600285158 Active(file):     293928 kB
1776799616.600285158 Inactive(file):   112044 kB
1776799616.600285158 Unevictable:           0 kB
1776799616.600285158 Mlocked:               0 kB
1776799616.600285158 SwapTotal:             0 kB
1776799616.600285158 SwapFree:              0 kB
1776799616.600285158 Zswap:                 0 kB
1776799616.600285158 Zswapped:              0 kB
1776799616.600285158 Dirty:                32 kB
1776799616.600285158 Writeback:             0 kB
1776799616.600285158 AnonPages:        109160 kB
1776799616.600285158 Mapped:           129180 kB
1776799616.600285158 Shmem:              5252 kB
1776799616.600285158 KReclaimable:      32176 kB
1776799616.600285158 Slab:             124108 kB
1776799616.600285158 SReclaimable:      32176 kB
1776799616.600285158 SUnreclaim:        91932 kB
1776799616.600285158 KernelStack:        3216 kB
1776799616.600285158 PageTables:         4444 kB
1776799616.600285158 SecPageTables:         0 kB
1776799616.600285158 NFS_Unstable:          0 kB
1776799616.600285158 Bounce:                0 kB
1776799616.600285158 WritebackTmp:          0 kB
1776799616.600285158 CommitLimit:     3537964 kB
1776799616.600285158 Committed_AS:     556564 kB
1776799616.600285158 VmallocTotal:   135288315904 kB
1776799616.600285158 VmallocUsed:       25960 kB
1776799616.600285158 VmallocChunk:          0 kB
1776799616.600285158 Percpu:             1600 kB
1776799616.600285158 AnonHugePages:         0 kB
1776799616.600285158 ShmemHugePages:        0 kB
1776799616.600285158 ShmemPmdMapped:        0 kB
1776799616.600285158 FileHugePages:         0 kB
1776799616.600285158 FilePmdMapped:         0 kB
1776799616.600285158 CmaTotal:          65536 kB
1776799616.600285158 CmaFree:           49104 kB
1776799616.600285158 Balloon:               0 kB
1776799616.600285158 HugePages_Total:     512
1776799616.600285158 HugePages_Free:      469
1776799616.600285158 HugePages_Rsvd:        0
1776799616.600285158 HugePages_Surp:        0
1776799616.600285158 Hugepagesize:       2048 kB
1776799616.600285158 Hugetlb:         1048576 kB
1776799617.607547073 MemTotal:        8124504 kB
1776799617.607547073 MemFree:         6353064 kB
1776799617.607547073 MemAvailable:    6635368 kB
1776799617.607547073 Buffers:           32816 kB
1776799617.607547073 Cached:           378324 kB
1776799617.607547073 SwapCached:            0 kB
1776799617.607547073 Active:           408092 kB
1776799617.607547073 Inactive:         112048 kB
1776799617.607547073 Active(anon):     114164 kB
1776799617.607547073 Inactive(anon):        0 kB
1776799617.607547073 Active(file):     293928 kB
1776799617.607547073 Inactive(file):   112048 kB
1776799617.607547073 Unevictable:           0 kB
1776799617.607547073 Mlocked:               0 kB
1776799617.607547073 SwapTotal:             0 kB
1776799617.607547073 SwapFree:              0 kB
1776799617.607547073 Zswap:                 0 kB
1776799617.607547073 Zswapped:              0 kB
1776799617.607547073 Dirty:                60 kB
1776799617.607547073 Writeback:             0 kB
1776799617.607547073 AnonPages:        109160 kB
1776799617.607547073 Mapped:           129180 kB
1776799617.607547073 Shmem:              5252 kB
1776799617.607547073 KReclaimable:      32176 kB
1776799617.607547073 Slab:             124120 kB
1776799617.607547073 SReclaimable:      32176 kB
1776799617.607547073 SUnreclaim:        91944 kB
1776799617.607547073 KernelStack:        3216 kB
1776799617.607547073 PageTables:         4436 kB
1776799617.607547073 SecPageTables:         0 kB
1776799617.607547073 NFS_Unstable:          0 kB
1776799617.607547073 Bounce:                0 kB
1776799617.607547073 WritebackTmp:          0 kB
1776799617.607547073 CommitLimit:     3537964 kB
1776799617.607547073 Committed_AS:     556564 kB
1776799617.607547073 VmallocTotal:   135288315904 kB
1776799617.607547073 VmallocUsed:       25960 kB
1776799617.607547073 VmallocChunk:          0 kB
1776799617.607547073 Percpu:             1600 kB
1776799617.607547073 AnonHugePages:         0 kB
1776799617.607547073 ShmemHugePages:        0 kB
1776799617.607547073 ShmemPmdMapped:        0 kB
1776799617.607547073 FileHugePages:         0 kB
1776799617.607547073 FilePmdMapped:         0 kB
1776799617.607547073 CmaTotal:          65536 kB
1776799617.607547073 CmaFree:           49104 kB
1776799617.607547073 Balloon:               0 kB
1776799617.607547073 HugePages_Total:     512
1776799617.607547073 HugePages_Free:      469
1776799617.607547073 HugePages_Rsvd:        0
1776799617.607547073 HugePages_Surp:        0
1776799617.607547073 Hugepagesize:       2048 kB
1776799617.607547073 Hugetlb:         1048576 kB
1776799618.614813507 MemTotal:        8124504 kB
1776799618.614813507 MemFree:         6352092 kB
1776799618.614813507 MemAvailable:    6634408 kB
1776799618.614813507 Buffers:           32816 kB
1776799618.614813507 Cached:           378328 kB
1776799618.614813507 SwapCached:            0 kB
1776799618.614813507 Active:           408116 kB
1776799618.614813507 Inactive:         112060 kB
1776799618.614813507 Active(anon):     114188 kB
1776799618.614813507 Inactive(anon):        0 kB
1776799618.614813507 Active(file):     293928 kB
1776799618.614813507 Inactive(file):   112060 kB
1776799618.614813507 Unevictable:           0 kB
1776799618.614813507 Mlocked:               0 kB
1776799618.614813507 SwapTotal:             0 kB
1776799618.614813507 SwapFree:              0 kB
1776799618.614813507 Zswap:                 0 kB
1776799618.614813507 Zswapped:              0 kB
1776799618.614813507 Dirty:                64 kB
1776799618.614813507 Writeback:             0 kB
1776799618.614813507 AnonPages:        109164 kB
1776799618.614813507 Mapped:           129180 kB
1776799618.614813507 Shmem:              5252 kB
1776799618.614813507 KReclaimable:      32176 kB
1776799618.614813507 Slab:             124116 kB
1776799618.614813507 SReclaimable:      32176 kB
1776799618.614813507 SUnreclaim:        91940 kB
1776799618.614813507 KernelStack:        3216 kB
1776799618.614813507 PageTables:         4436 kB
1776799618.614813507 SecPageTables:         0 kB
1776799618.614813507 NFS_Unstable:          0 kB
1776799618.614813507 Bounce:                0 kB
1776799618.614813507 WritebackTmp:          0 kB
1776799618.614813507 CommitLimit:     3537964 kB
1776799618.614813507 Committed_AS:     556564 kB
1776799618.614813507 VmallocTotal:   135288315904 kB
1776799618.614813507 VmallocUsed:       25960 kB
1776799618.614813507 VmallocChunk:          0 kB
1776799618.614813507 Percpu:             1600 kB
1776799618.614813507 AnonHugePages:         0 kB
1776799618.614813507 ShmemHugePages:        0 kB
1776799618.614813507 ShmemPmdMapped:        0 kB
1776799618.614813507 FileHugePages:         0 kB
1776799618.614813507 FilePmdMapped:         0 kB
1776799618.614813507 CmaTotal:          65536 kB
1776799618.614813507 CmaFree:           49104 kB
1776799618.614813507 Balloon:               0 kB
1776799618.614813507 HugePages_Total:     512
1776799618.614813507 HugePages_Free:      469
1776799618.614813507 HugePages_Rsvd:        0
1776799618.614813507 HugePages_Surp:        0
1776799618.614813507 Hugepagesize:       2048 kB
1776799618.614813507 Hugetlb:         1048576 kB
1776799619.622778517 MemTotal:        8124504 kB
1776799619.622778517 MemFree:         6352608 kB
1776799619.622778517 MemAvailable:    6634928 kB
1776799619.622778517 Buffers:           32816 kB
1776799619.622778517 Cached:           378340 kB
1776799619.622778517 SwapCached:            0 kB
1776799619.622778517 Active:           408084 kB
1776799619.622778517 Inactive:         112064 kB
1776799619.622778517 Active(anon):     114156 kB
1776799619.622778517 Inactive(anon):        0 kB
1776799619.622778517 Active(file):     293928 kB
1776799619.622778517 Inactive(file):   112064 kB
1776799619.622778517 Unevictable:           0 kB
1776799619.622778517 Mlocked:               0 kB
1776799619.622778517 SwapTotal:             0 kB
1776799619.622778517 SwapFree:              0 kB
1776799619.622778517 Zswap:                 0 kB
1776799619.622778517 Zswapped:              0 kB
1776799619.622778517 Dirty:                76 kB
1776799619.622778517 Writeback:             0 kB
1776799619.622778517 AnonPages:        109164 kB
1776799619.622778517 Mapped:           129180 kB
1776799619.622778517 Shmem:              5252 kB
1776799619.622778517 KReclaimable:      32176 kB
1776799619.622778517 Slab:             124184 kB
1776799619.622778517 SReclaimable:      32176 kB
1776799619.622778517 SUnreclaim:        92008 kB
1776799619.622778517 KernelStack:        3216 kB
1776799619.622778517 PageTables:         4440 kB
1776799619.622778517 SecPageTables:         0 kB
1776799619.622778517 NFS_Unstable:          0 kB
1776799619.622778517 Bounce:                0 kB
1776799619.622778517 WritebackTmp:          0 kB
1776799619.622778517 CommitLimit:     3537964 kB
1776799619.622778517 Committed_AS:     556564 kB
1776799619.622778517 VmallocTotal:   135288315904 kB
1776799619.622778517 VmallocUsed:       25960 kB
1776799619.622778517 VmallocChunk:          0 kB
1776799619.622778517 Percpu:             1600 kB
1776799619.622778517 AnonHugePages:         0 kB
1776799619.622778517 ShmemHugePages:        0 kB
1776799619.622778517 ShmemPmdMapped:        0 kB
1776799619.622778517 FileHugePages:         0 kB
1776799619.622778517 FilePmdMapped:         0 kB
1776799619.622778517 CmaTotal:          65536 kB
1776799619.622778517 CmaFree:           49104 kB
1776799619.622778517 Balloon:               0 kB
1776799619.622778517 HugePages_Total:     512
1776799619.622778517 HugePages_Free:      469
1776799619.622778517 HugePages_Rsvd:        0
1776799619.622778517 HugePages_Surp:        0
1776799619.622778517 Hugepagesize:       2048 kB
1776799619.622778517 Hugetlb:         1048576 kB
1776799620.631490899 MemTotal:        8124504 kB
1776799620.631490899 MemFree:         6352528 kB
1776799620.631490899 MemAvailable:    6634860 kB
1776799620.631490899 Buffers:           32816 kB
1776799620.631490899 Cached:           378344 kB
1776799620.631490899 SwapCached:            0 kB
1776799620.631490899 Active:           408088 kB
1776799620.631490899 Inactive:         112076 kB
1776799620.631490899 Active(anon):     114160 kB
1776799620.631490899 Inactive(anon):        0 kB
1776799620.631490899 Active(file):     293928 kB
1776799620.631490899 Inactive(file):   112076 kB
1776799620.631490899 Unevictable:           0 kB
1776799620.631490899 Mlocked:               0 kB
1776799620.631490899 SwapTotal:             0 kB
1776799620.631490899 SwapFree:              0 kB
1776799620.631490899 Zswap:                 0 kB
1776799620.631490899 Zswapped:              0 kB
1776799620.631490899 Dirty:                80 kB
1776799620.631490899 Writeback:             0 kB
1776799620.631490899 AnonPages:        109172 kB
1776799620.631490899 Mapped:           129180 kB
1776799620.631490899 Shmem:              5252 kB
1776799620.631490899 KReclaimable:      32176 kB
1776799620.631490899 Slab:             124128 kB
1776799620.631490899 SReclaimable:      32176 kB
1776799620.631490899 SUnreclaim:        91952 kB
1776799620.631490899 KernelStack:        3216 kB
1776799620.631490899 PageTables:         4428 kB
1776799620.631490899 SecPageTables:         0 kB
1776799620.631490899 NFS_Unstable:          0 kB
1776799620.631490899 Bounce:                0 kB
1776799620.631490899 WritebackTmp:          0 kB
1776799620.631490899 CommitLimit:     3537964 kB
1776799620.631490899 Committed_AS:     556564 kB
1776799620.631490899 VmallocTotal:   135288315904 kB
1776799620.631490899 VmallocUsed:       25960 kB
1776799620.631490899 VmallocChunk:          0 kB
1776799620.631490899 Percpu:             1600 kB
1776799620.631490899 AnonHugePages:         0 kB
1776799620.631490899 ShmemHugePages:        0 kB
1776799620.631490899 ShmemPmdMapped:        0 kB
1776799620.631490899 FileHugePages:         0 kB
1776799620.631490899 FilePmdMapped:         0 kB
1776799620.631490899 CmaTotal:          65536 kB
1776799620.631490899 CmaFree:           49104 kB
1776799620.631490899 Balloon:               0 kB
1776799620.631490899 HugePages_Total:     512
1776799620.631490899 HugePages_Free:      469
1776799620.631490899 HugePages_Rsvd:        0
1776799620.631490899 HugePages_Surp:        0
1776799620.631490899 Hugepagesize:       2048 kB
1776799620.631490899 Hugetlb:         1048576 kB
1776799621.639997929 MemTotal:        8124504 kB
1776799621.639997929 MemFree:         6352288 kB
1776799621.639997929 MemAvailable:    6634624 kB
1776799621.639997929 Buffers:           32816 kB
1776799621.639997929 Cached:           378344 kB
1776799621.639997929 SwapCached:            0 kB
1776799621.639997929 Active:           408120 kB
1776799621.639997929 Inactive:         112076 kB
1776799621.639997929 Active(anon):     114188 kB
1776799621.639997929 Inactive(anon):        0 kB
1776799621.639997929 Active(file):     293932 kB
1776799621.639997929 Inactive(file):   112076 kB
1776799621.639997929 Unevictable:           0 kB
1776799621.639997929 Mlocked:               0 kB
1776799621.639997929 SwapTotal:             0 kB
1776799621.639997929 SwapFree:              0 kB
1776799621.639997929 Zswap:                 0 kB
1776799621.639997929 Zswapped:              0 kB
1776799621.639997929 Dirty:                80 kB
1776799621.639997929 Writeback:             0 kB
1776799621.639997929 AnonPages:        109180 kB
1776799621.639997929 Mapped:           129180 kB
1776799621.639997929 Shmem:              5252 kB
1776799621.639997929 KReclaimable:      32176 kB
1776799621.639997929 Slab:             124040 kB
1776799621.639997929 SReclaimable:      32176 kB
1776799621.639997929 SUnreclaim:        91864 kB
1776799621.639997929 KernelStack:        3216 kB
1776799621.639997929 PageTables:         4440 kB
1776799621.639997929 SecPageTables:         0 kB
1776799621.639997929 NFS_Unstable:          0 kB
1776799621.639997929 Bounce:                0 kB
1776799621.639997929 WritebackTmp:          0 kB
1776799621.639997929 CommitLimit:     3537964 kB
1776799621.639997929 Committed_AS:     556564 kB
1776799621.639997929 VmallocTotal:   135288315904 kB
1776799621.639997929 VmallocUsed:       25960 kB
1776799621.639997929 VmallocChunk:          0 kB
1776799621.639997929 Percpu:             1600 kB
1776799621.639997929 AnonHugePages:         0 kB
1776799621.639997929 ShmemHugePages:        0 kB
1776799621.639997929 ShmemPmdMapped:        0 kB
1776799621.639997929 FileHugePages:         0 kB
1776799621.639997929 FilePmdMapped:         0 kB
1776799621.639997929 CmaTotal:          65536 kB
1776799621.639997929 CmaFree:           49104 kB
1776799621.639997929 Balloon:               0 kB
1776799621.639997929 HugePages_Total:     512
1776799621.639997929 HugePages_Free:      469
1776799621.639997929 HugePages_Rsvd:        0
1776799621.639997929 HugePages_Surp:        0
1776799621.639997929 Hugepagesize:       2048 kB
1776799621.639997929 Hugetlb:         1048576 kB
1776799622.649639980 MemTotal:        8124504 kB
1776799622.649639980 MemFree:         6353584 kB
1776799622.649639980 MemAvailable:    6635920 kB
1776799622.649639980 Buffers:           32824 kB
1776799622.649639980 Cached:           378348 kB
1776799622.649639980 SwapCached:            0 kB
1776799622.649639980 Active:           408184 kB
1776799622.649639980 Inactive:         112080 kB
1776799622.649639980 Active(anon):     114256 kB
1776799622.649639980 Inactive(anon):        0 kB
1776799622.649639980 Active(file):     293928 kB
1776799622.649639980 Inactive(file):   112080 kB
1776799622.649639980 Unevictable:           0 kB
1776799622.649639980 Mlocked:               0 kB
1776799622.649639980 SwapTotal:             0 kB
1776799622.649639980 SwapFree:              0 kB
1776799622.649639980 Zswap:                 0 kB
1776799622.649639980 Zswapped:              0 kB
1776799622.649639980 Dirty:                84 kB
1776799622.649639980 Writeback:             0 kB
1776799622.649639980 AnonPages:        109140 kB
1776799622.649639980 Mapped:           129180 kB
1776799622.649639980 Shmem:              5252 kB
1776799622.649639980 KReclaimable:      32176 kB
1776799622.649639980 Slab:             124188 kB
1776799622.649639980 SReclaimable:      32176 kB
1776799622.649639980 SUnreclaim:        92012 kB
1776799622.649639980 KernelStack:        3184 kB
1776799622.649639980 PageTables:         4540 kB
1776799622.649639980 SecPageTables:         0 kB
1776799622.649639980 NFS_Unstable:          0 kB
1776799622.649639980 Bounce:                0 kB
1776799622.649639980 WritebackTmp:          0 kB
1776799622.649639980 CommitLimit:     3537964 kB
1776799622.649639980 Committed_AS:     556564 kB
1776799622.649639980 VmallocTotal:   135288315904 kB
1776799622.649639980 VmallocUsed:       25944 kB
1776799622.649639980 VmallocChunk:          0 kB
1776799622.649639980 Percpu:             1600 kB
1776799622.649639980 AnonHugePages:         0 kB
1776799622.649639980 ShmemHugePages:        0 kB
1776799622.649639980 ShmemPmdMapped:        0 kB
1776799622.649639980 FileHugePages:         0 kB
1776799622.649639980 FilePmdMapped:         0 kB
1776799622.649639980 CmaTotal:          65536 kB
1776799622.649639980 CmaFree:           49104 kB
1776799622.649639980 Balloon:               0 kB
1776799622.649639980 HugePages_Total:     512
1776799622.649639980 HugePages_Free:      469
1776799622.649639980 HugePages_Rsvd:        0
1776799622.649639980 HugePages_Surp:        0
1776799622.649639980 Hugepagesize:       2048 kB
1776799622.649639980 Hugetlb:         1048576 kB
1776799623.659074290 MemTotal:        8124504 kB
1776799623.659074290 MemFree:         6346312 kB
1776799623.659074290 MemAvailable:    6628656 kB
1776799623.659074290 Buffers:           32824 kB
1776799623.659074290 Cached:           378352 kB
1776799623.659074290 SwapCached:            0 kB
1776799623.659074290 Active:           408124 kB
1776799623.659074290 Inactive:         112088 kB
1776799623.659074290 Active(anon):     114196 kB
1776799623.659074290 Inactive(anon):        0 kB
1776799623.659074290 Active(file):     293928 kB
1776799623.659074290 Inactive(file):   112088 kB
1776799623.659074290 Unevictable:           0 kB
1776799623.659074290 Mlocked:               0 kB
1776799623.659074290 SwapTotal:             0 kB
1776799623.659074290 SwapFree:              0 kB
1776799623.659074290 Zswap:                 0 kB
1776799623.659074290 Zswapped:              0 kB
1776799623.659074290 Dirty:                88 kB
1776799623.659074290 Writeback:             0 kB
1776799623.659074290 AnonPages:        109184 kB
1776799623.659074290 Mapped:           129180 kB
1776799623.659074290 Shmem:              5252 kB
1776799623.659074290 KReclaimable:      32176 kB
1776799623.659074290 Slab:             124176 kB
1776799623.659074290 SReclaimable:      32176 kB
1776799623.659074290 SUnreclaim:        92000 kB
1776799623.659074290 KernelStack:        3216 kB
1776799623.659074290 PageTables:         4432 kB
1776799623.659074290 SecPageTables:         0 kB
1776799623.659074290 NFS_Unstable:          0 kB
1776799623.659074290 Bounce:                0 kB
1776799623.659074290 WritebackTmp:          0 kB
1776799623.659074290 CommitLimit:     3537964 kB
1776799623.659074290 Committed_AS:     556564 kB
1776799623.659074290 VmallocTotal:   135288315904 kB
1776799623.659074290 VmallocUsed:       25960 kB
1776799623.659074290 VmallocChunk:          0 kB
1776799623.659074290 Percpu:             1600 kB
1776799623.659074290 AnonHugePages:         0 kB
1776799623.659074290 ShmemHugePages:        0 kB
1776799623.659074290 ShmemPmdMapped:        0 kB
1776799623.659074290 FileHugePages:         0 kB
1776799623.659074290 FilePmdMapped:         0 kB
1776799623.659074290 CmaTotal:          65536 kB
1776799623.659074290 CmaFree:           49104 kB
1776799623.659074290 Balloon:               0 kB
1776799623.659074290 HugePages_Total:     512
1776799623.659074290 HugePages_Free:      469
1776799623.659074290 HugePages_Rsvd:        0
1776799623.659074290 HugePages_Surp:        0
1776799623.659074290 Hugepagesize:       2048 kB
1776799623.659074290 Hugetlb:         1048576 kB
1776799624.669224379 MemTotal:        8124504 kB
1776799624.669224379 MemFree:         6346084 kB
1776799624.669224379 MemAvailable:    6628440 kB
1776799624.669224379 Buffers:           32824 kB
1776799624.669224379 Cached:           378360 kB
1776799624.669224379 SwapCached:            0 kB
1776799624.669224379 Active:           408128 kB
1776799624.669224379 Inactive:         112100 kB
1776799624.669224379 Active(anon):     114200 kB
1776799624.669224379 Inactive(anon):        0 kB
1776799624.669224379 Active(file):     293928 kB
1776799624.669224379 Inactive(file):   112100 kB
1776799624.669224379 Unevictable:           0 kB
1776799624.669224379 Mlocked:               0 kB
1776799624.669224379 SwapTotal:             0 kB
1776799624.669224379 SwapFree:              0 kB
1776799624.669224379 Zswap:                 0 kB
1776799624.669224379 Zswapped:              0 kB
1776799624.669224379 Dirty:                96 kB
1776799624.669224379 Writeback:             0 kB
1776799624.669224379 AnonPages:        109180 kB
1776799624.669224379 Mapped:           129180 kB
1776799624.669224379 Shmem:              5252 kB
1776799624.669224379 KReclaimable:      32176 kB
1776799624.669224379 Slab:             124088 kB
1776799624.669224379 SReclaimable:      32176 kB
1776799624.669224379 SUnreclaim:        91912 kB
1776799624.669224379 KernelStack:        3216 kB
1776799624.669224379 PageTables:         4440 kB
1776799624.669224379 SecPageTables:         0 kB
1776799624.669224379 NFS_Unstable:          0 kB
1776799624.669224379 Bounce:                0 kB
1776799624.669224379 WritebackTmp:          0 kB
1776799624.669224379 CommitLimit:     3537964 kB
1776799624.669224379 Committed_AS:     556564 kB
1776799624.669224379 VmallocTotal:   135288315904 kB
1776799624.669224379 VmallocUsed:       25944 kB
1776799624.669224379 VmallocChunk:          0 kB
1776799624.669224379 Percpu:             1600 kB
1776799624.669224379 AnonHugePages:         0 kB
1776799624.669224379 ShmemHugePages:        0 kB
1776799624.669224379 ShmemPmdMapped:        0 kB
1776799624.669224379 FileHugePages:         0 kB
1776799624.669224379 FilePmdMapped:         0 kB
1776799624.669224379 CmaTotal:          65536 kB
1776799624.669224379 CmaFree:           49104 kB
1776799624.669224379 Balloon:               0 kB
1776799624.669224379 HugePages_Total:     512
1776799624.669224379 HugePages_Free:      469
1776799624.669224379 HugePages_Rsvd:        0
1776799624.669224379 HugePages_Surp:        0
1776799624.669224379 Hugepagesize:       2048 kB
1776799624.669224379 Hugetlb:         1048576 kB
1776799625.680455564 MemTotal:        8124504 kB
1776799625.680455564 MemFree:         6346996 kB
1776799625.680455564 MemAvailable:    6629360 kB
1776799625.680455564 Buffers:           32824 kB
1776799625.680455564 Cached:           378364 kB
1776799625.680455564 SwapCached:            0 kB
1776799625.680455564 Active:           408212 kB
1776799625.680455564 Inactive:         112104 kB
1776799625.680455564 Active(anon):     114280 kB
1776799625.680455564 Inactive(anon):        0 kB
1776799625.680455564 Active(file):     293932 kB
1776799625.680455564 Inactive(file):   112104 kB
1776799625.680455564 Unevictable:           0 kB
1776799625.680455564 Mlocked:               0 kB
1776799625.680455564 SwapTotal:             0 kB
1776799625.680455564 SwapFree:              0 kB
1776799625.680455564 Zswap:                 0 kB
1776799625.680455564 Zswapped:              0 kB
1776799625.680455564 Dirty:               100 kB
1776799625.680455564 Writeback:             0 kB
1776799625.680455564 AnonPages:        109188 kB
1776799625.680455564 Mapped:           129180 kB
1776799625.680455564 Shmem:              5252 kB
1776799625.680455564 KReclaimable:      32176 kB
1776799625.680455564 Slab:             124096 kB
1776799625.680455564 SReclaimable:      32176 kB
1776799625.680455564 SUnreclaim:        91920 kB
1776799625.680455564 KernelStack:        3216 kB
1776799625.680455564 PageTables:         4432 kB
1776799625.680455564 SecPageTables:         0 kB
1776799625.680455564 NFS_Unstable:          0 kB
1776799625.680455564 Bounce:                0 kB
1776799625.680455564 WritebackTmp:          0 kB
1776799625.680455564 CommitLimit:     3537964 kB
1776799625.680455564 Committed_AS:     556564 kB
1776799625.680455564 VmallocTotal:   135288315904 kB
1776799625.680455564 VmallocUsed:       25944 kB
1776799625.680455564 VmallocChunk:          0 kB
1776799625.680455564 Percpu:             1600 kB
1776799625.680455564 AnonHugePages:         0 kB
1776799625.680455564 ShmemHugePages:        0 kB
1776799625.680455564 ShmemPmdMapped:        0 kB
1776799625.680455564 FileHugePages:         0 kB
1776799625.680455564 FilePmdMapped:         0 kB
1776799625.680455564 CmaTotal:          65536 kB
1776799625.680455564 CmaFree:           49104 kB
1776799625.680455564 Balloon:               0 kB
1776799625.680455564 HugePages_Total:     512
1776799625.680455564 HugePages_Free:      469
1776799625.680455564 HugePages_Rsvd:        0
1776799625.680455564 HugePages_Surp:        0
1776799625.680455564 Hugepagesize:       2048 kB
1776799625.680455564 Hugetlb:         1048576 kB
1776799626.690684321 MemTotal:        8124504 kB
1776799626.690684321 MemFree:         6347700 kB
1776799626.690684321 MemAvailable:    6630060 kB
1776799626.690684321 Buffers:           32824 kB
1776799626.690684321 Cached:           378368 kB
1776799626.690684321 SwapCached:            0 kB
1776799626.690684321 Active:           408140 kB
1776799626.690684321 Inactive:         112104 kB
1776799626.690684321 Active(anon):     114212 kB
1776799626.690684321 Inactive(anon):        0 kB
1776799626.690684321 Active(file):     293928 kB
1776799626.690684321 Inactive(file):   112104 kB
1776799626.690684321 Unevictable:           0 kB
1776799626.690684321 Mlocked:               0 kB
1776799626.690684321 SwapTotal:             0 kB
1776799626.690684321 SwapFree:              0 kB
1776799626.690684321 Zswap:                 0 kB
1776799626.690684321 Zswapped:              0 kB
1776799626.690684321 Dirty:               104 kB
1776799626.690684321 Writeback:             0 kB
1776799626.690684321 AnonPages:        109176 kB
1776799626.690684321 Mapped:           129288 kB
1776799626.690684321 Shmem:              5252 kB
1776799626.690684321 KReclaimable:      32176 kB
1776799626.690684321 Slab:             124260 kB
1776799626.690684321 SReclaimable:      32176 kB
1776799626.690684321 SUnreclaim:        92084 kB
1776799626.690684321 KernelStack:        3224 kB
1776799626.690684321 PageTables:         4556 kB
1776799626.690684321 SecPageTables:         0 kB
1776799626.690684321 NFS_Unstable:          0 kB
1776799626.690684321 Bounce:                0 kB
1776799626.690684321 WritebackTmp:          0 kB
1776799626.690684321 CommitLimit:     3537964 kB
1776799626.690684321 Committed_AS:     556564 kB
1776799626.690684321 VmallocTotal:   135288315904 kB
1776799626.690684321 VmallocUsed:       25960 kB
1776799626.690684321 VmallocChunk:          0 kB
1776799626.690684321 Percpu:             1600 kB
1776799626.690684321 AnonHugePages:         0 kB
1776799626.690684321 ShmemHugePages:        0 kB
1776799626.690684321 ShmemPmdMapped:        0 kB
1776799626.690684321 FileHugePages:         0 kB
1776799626.690684321 FilePmdMapped:         0 kB
1776799626.690684321 CmaTotal:          65536 kB
1776799626.690684321 CmaFree:           49104 kB
1776799626.690684321 Balloon:               0 kB
1776799626.690684321 HugePages_Total:     512
1776799626.690684321 HugePages_Free:      469
1776799626.690684321 HugePages_Rsvd:        0
1776799626.690684321 HugePages_Surp:        0
1776799626.690684321 Hugepagesize:       2048 kB
1776799626.690684321 Hugetlb:         1048576 kB
1776799627.701916821 MemTotal:        8124504 kB
1776799627.701916821 MemFree:         6348884 kB
1776799627.701916821 MemAvailable:    6631256 kB
1776799627.701916821 Buffers:           32832 kB
1776799627.701916821 Cached:           378376 kB
1776799627.701916821 SwapCached:            0 kB
1776799627.701916821 Active:           408120 kB
1776799627.701916821 Inactive:         112116 kB
1776799627.701916821 Active(anon):     114192 kB
1776799627.701916821 Inactive(anon):        0 kB
1776799627.701916821 Active(file):     293928 kB
1776799627.701916821 Inactive(file):   112116 kB
1776799627.701916821 Unevictable:           0 kB
1776799627.701916821 Mlocked:               0 kB
1776799627.701916821 SwapTotal:             0 kB
1776799627.701916821 SwapFree:              0 kB
1776799627.701916821 Zswap:                 0 kB
1776799627.701916821 Zswapped:              0 kB
1776799627.701916821 Dirty:               112 kB
1776799627.701916821 Writeback:             0 kB
1776799627.701916821 AnonPages:        109192 kB
1776799627.701916821 Mapped:           129180 kB
1776799627.701916821 Shmem:              5252 kB
1776799627.701916821 KReclaimable:      32176 kB
1776799627.701916821 Slab:             123992 kB
1776799627.701916821 SReclaimable:      32176 kB
1776799627.701916821 SUnreclaim:        91816 kB
1776799627.701916821 KernelStack:        3216 kB
1776799627.701916821 PageTables:         4448 kB
1776799627.701916821 SecPageTables:         0 kB
1776799627.701916821 NFS_Unstable:          0 kB
1776799627.701916821 Bounce:                0 kB
1776799627.701916821 WritebackTmp:          0 kB
1776799627.701916821 CommitLimit:     3537964 kB
1776799627.701916821 Committed_AS:     556564 kB
1776799627.701916821 VmallocTotal:   135288315904 kB
1776799627.701916821 VmallocUsed:       25960 kB
1776799627.701916821 VmallocChunk:          0 kB
1776799627.701916821 Percpu:             1600 kB
1776799627.701916821 AnonHugePages:         0 kB
1776799627.701916821 ShmemHugePages:        0 kB
1776799627.701916821 ShmemPmdMapped:        0 kB
1776799627.701916821 FileHugePages:         0 kB
1776799627.701916821 FilePmdMapped:         0 kB
1776799627.701916821 CmaTotal:          65536 kB
1776799627.701916821 CmaFree:           49104 kB
1776799627.701916821 Balloon:               0 kB
1776799627.701916821 HugePages_Total:     512
1776799627.701916821 HugePages_Free:      469
1776799627.701916821 HugePages_Rsvd:        0
1776799627.701916821 HugePages_Surp:        0
1776799627.701916821 Hugepagesize:       2048 kB
1776799627.701916821 Hugetlb:         1048576 kB
1776799628.712053762 MemTotal:        8124504 kB
1776799628.712053762 MemFree:         6347988 kB
1776799628.712053762 MemAvailable:    6630372 kB
1776799628.712053762 Buffers:           32832 kB
1776799628.712053762 Cached:           378380 kB
1776799628.712053762 SwapCached:            0 kB
1776799628.712053762 Active:           408088 kB
1776799628.712053762 Inactive:         112128 kB
1776799628.712053762 Active(anon):     114160 kB
1776799628.712053762 Inactive(anon):        0 kB
1776799628.712053762 Active(file):     293928 kB
1776799628.712053762 Inactive(file):   112128 kB
1776799628.712053762 Unevictable:           0 kB
1776799628.712053762 Mlocked:               0 kB
1776799628.712053762 SwapTotal:             0 kB
1776799628.712053762 SwapFree:              0 kB
1776799628.712053762 Zswap:                 0 kB
1776799628.712053762 Zswapped:              0 kB
1776799628.712053762 Dirty:               116 kB
1776799628.712053762 Writeback:             0 kB
1776799628.712053762 AnonPages:        109184 kB
1776799628.712053762 Mapped:           129180 kB
1776799628.712053762 Shmem:              5252 kB
1776799628.712053762 KReclaimable:      32176 kB
1776799628.712053762 Slab:             124008 kB
1776799628.712053762 SReclaimable:      32176 kB
1776799628.712053762 SUnreclaim:        91832 kB
1776799628.712053762 KernelStack:        3216 kB
1776799628.712053762 PageTables:         4428 kB
1776799628.712053762 SecPageTables:         0 kB
1776799628.712053762 NFS_Unstable:          0 kB
1776799628.712053762 Bounce:                0 kB
1776799628.712053762 WritebackTmp:          0 kB
1776799628.712053762 CommitLimit:     3537964 kB
1776799628.712053762 Committed_AS:     556564 kB
1776799628.712053762 VmallocTotal:   135288315904 kB
1776799628.712053762 VmallocUsed:       25960 kB
1776799628.712053762 VmallocChunk:          0 kB
1776799628.712053762 Percpu:             1600 kB
1776799628.712053762 AnonHugePages:         0 kB
1776799628.712053762 ShmemHugePages:        0 kB
1776799628.712053762 ShmemPmdMapped:        0 kB
1776799628.712053762 FileHugePages:         0 kB
1776799628.712053762 FilePmdMapped:         0 kB
1776799628.712053762 CmaTotal:          65536 kB
1776799628.712053762 CmaFree:           49104 kB
1776799628.712053762 Balloon:               0 kB
1776799628.712053762 HugePages_Total:     512
1776799628.712053762 HugePages_Free:      469
1776799628.712053762 HugePages_Rsvd:        0
1776799628.712053762 HugePages_Surp:        0
1776799628.712053762 Hugepagesize:       2048 kB
1776799628.712053762 Hugetlb:         1048576 kB
1776799629.723081206 MemTotal:        8124504 kB
1776799629.723081206 MemFree:         6348744 kB
1776799629.723081206 MemAvailable:    6631132 kB
1776799629.723081206 Buffers:           32832 kB
1776799629.723081206 Cached:           378384 kB
1776799629.723081206 SwapCached:            0 kB
1776799629.723081206 Active:           408088 kB
1776799629.723081206 Inactive:         112132 kB
1776799629.723081206 Active(anon):     114160 kB
1776799629.723081206 Inactive(anon):        0 kB
1776799629.723081206 Active(file):     293928 kB
1776799629.723081206 Inactive(file):   112132 kB
1776799629.723081206 Unevictable:           0 kB
1776799629.723081206 Mlocked:               0 kB
1776799629.723081206 SwapTotal:             0 kB
1776799629.723081206 SwapFree:              0 kB
1776799629.723081206 Zswap:                 0 kB
1776799629.723081206 Zswapped:              0 kB
1776799629.723081206 Dirty:               120 kB
1776799629.723081206 Writeback:             0 kB
1776799629.723081206 AnonPages:        109188 kB
1776799629.723081206 Mapped:           129180 kB
1776799629.723081206 Shmem:              5252 kB
1776799629.723081206 KReclaimable:      32176 kB
1776799629.723081206 Slab:             124116 kB
1776799629.723081206 SReclaimable:      32176 kB
1776799629.723081206 SUnreclaim:        91940 kB
1776799629.723081206 KernelStack:        3216 kB
1776799629.723081206 PageTables:         4440 kB
1776799629.723081206 SecPageTables:         0 kB
1776799629.723081206 NFS_Unstable:          0 kB
1776799629.723081206 Bounce:                0 kB
1776799629.723081206 WritebackTmp:          0 kB
1776799629.723081206 CommitLimit:     3537964 kB
1776799629.723081206 Committed_AS:     556564 kB
1776799629.723081206 VmallocTotal:   135288315904 kB
1776799629.723081206 VmallocUsed:       25944 kB
1776799629.723081206 VmallocChunk:          0 kB
1776799629.723081206 Percpu:             1600 kB
1776799629.723081206 AnonHugePages:         0 kB
1776799629.723081206 ShmemHugePages:        0 kB
1776799629.723081206 ShmemPmdMapped:        0 kB
1776799629.723081206 FileHugePages:         0 kB
1776799629.723081206 FilePmdMapped:         0 kB
1776799629.723081206 CmaTotal:          65536 kB
1776799629.723081206 CmaFree:           49104 kB
1776799629.723081206 Balloon:               0 kB
1776799629.723081206 HugePages_Total:     512
1776799629.723081206 HugePages_Free:      469
1776799629.723081206 HugePages_Rsvd:        0
1776799629.723081206 HugePages_Surp:        0
1776799629.723081206 Hugepagesize:       2048 kB
1776799629.723081206 Hugetlb:         1048576 kB
1776799630.732602442 MemTotal:        8124504 kB
1776799630.732602442 MemFree:         6349392 kB
1776799630.732602442 MemAvailable:    6631784 kB
1776799630.732602442 Buffers:           32832 kB
1776799630.732602442 Cached:           378392 kB
1776799630.732602442 SwapCached:            0 kB
1776799630.732602442 Active:           408108 kB
1776799630.732602442 Inactive:         112136 kB
1776799630.732602442 Active(anon):     114180 kB
1776799630.732602442 Inactive(anon):        0 kB
1776799630.732602442 Active(file):     293928 kB
1776799630.732602442 Inactive(file):   112136 kB
1776799630.732602442 Unevictable:           0 kB
1776799630.732602442 Mlocked:               0 kB
1776799630.732602442 SwapTotal:             0 kB
1776799630.732602442 SwapFree:              0 kB
1776799630.732602442 Zswap:                 0 kB
1776799630.732602442 Zswapped:              0 kB
1776799630.732602442 Dirty:               128 kB
1776799630.732602442 Writeback:             0 kB
1776799630.732602442 AnonPages:        109188 kB
1776799630.732602442 Mapped:           129180 kB
1776799630.732602442 Shmem:              5252 kB
1776799630.732602442 KReclaimable:      32176 kB
1776799630.732602442 Slab:             124068 kB
1776799630.732602442 SReclaimable:      32176 kB
1776799630.732602442 SUnreclaim:        91892 kB
1776799630.732602442 KernelStack:        3216 kB
1776799630.732602442 PageTables:         4440 kB
1776799630.732602442 SecPageTables:         0 kB
1776799630.732602442 NFS_Unstable:          0 kB
1776799630.732602442 Bounce:                0 kB
1776799630.732602442 WritebackTmp:          0 kB
1776799630.732602442 CommitLimit:     3537964 kB
1776799630.732602442 Committed_AS:     556564 kB
1776799630.732602442 VmallocTotal:   135288315904 kB
1776799630.732602442 VmallocUsed:       25960 kB
1776799630.732602442 VmallocChunk:          0 kB
1776799630.732602442 Percpu:             1600 kB
1776799630.732602442 AnonHugePages:         0 kB
1776799630.732602442 ShmemHugePages:        0 kB
1776799630.732602442 ShmemPmdMapped:        0 kB
1776799630.732602442 FileHugePages:         0 kB
1776799630.732602442 FilePmdMapped:         0 kB
1776799630.732602442 CmaTotal:          65536 kB
1776799630.732602442 CmaFree:           49104 kB
1776799630.732602442 Balloon:               0 kB
1776799630.732602442 HugePages_Total:     512
1776799630.732602442 HugePages_Free:      469
1776799630.732602442 HugePages_Rsvd:        0
1776799630.732602442 HugePages_Surp:        0
1776799630.732602442 Hugepagesize:       2048 kB
1776799630.732602442 Hugetlb:         1048576 kB
1776799631.742148160 MemTotal:        8124504 kB
1776799631.742148160 MemFree:         6341760 kB
1776799631.742148160 MemAvailable:    6624164 kB
1776799631.742148160 Buffers:           32832 kB
1776799631.742148160 Cached:           378396 kB
1776799631.742148160 SwapCached:            0 kB
1776799631.742148160 Active:           408156 kB
1776799631.742148160 Inactive:         112144 kB
1776799631.742148160 Active(anon):     114224 kB
1776799631.742148160 Inactive(anon):        0 kB
1776799631.742148160 Active(file):     293932 kB
1776799631.742148160 Inactive(file):   112144 kB
1776799631.742148160 Unevictable:           0 kB
1776799631.742148160 Mlocked:               0 kB
1776799631.742148160 SwapTotal:             0 kB
1776799631.742148160 SwapFree:              0 kB
1776799631.742148160 Zswap:                 0 kB
1776799631.742148160 Zswapped:              0 kB
1776799631.742148160 Dirty:               132 kB
1776799631.742148160 Writeback:             0 kB
1776799631.742148160 AnonPages:        109184 kB
1776799631.742148160 Mapped:           129180 kB
1776799631.742148160 Shmem:              5252 kB
1776799631.742148160 KReclaimable:      32176 kB
1776799631.742148160 Slab:             124040 kB
1776799631.742148160 SReclaimable:      32176 kB
1776799631.742148160 SUnreclaim:        91864 kB
1776799631.742148160 KernelStack:        3216 kB
1776799631.742148160 PageTables:         4436 kB
1776799631.742148160 SecPageTables:         0 kB
1776799631.742148160 NFS_Unstable:          0 kB
1776799631.742148160 Bounce:                0 kB
1776799631.742148160 WritebackTmp:          0 kB
1776799631.742148160 CommitLimit:     3537964 kB
1776799631.742148160 Committed_AS:     556564 kB
1776799631.742148160 VmallocTotal:   135288315904 kB
1776799631.742148160 VmallocUsed:       25944 kB
1776799631.742148160 VmallocChunk:          0 kB
1776799631.742148160 Percpu:             1600 kB
1776799631.742148160 AnonHugePages:         0 kB
1776799631.742148160 ShmemHugePages:        0 kB
1776799631.742148160 ShmemPmdMapped:        0 kB
1776799631.742148160 FileHugePages:         0 kB
1776799631.742148160 FilePmdMapped:         0 kB
1776799631.742148160 CmaTotal:          65536 kB
1776799631.742148160 CmaFree:           49104 kB
1776799631.742148160 Balloon:               0 kB
1776799631.742148160 HugePages_Total:     512
1776799631.742148160 HugePages_Free:      469
1776799631.742148160 HugePages_Rsvd:        0
1776799631.742148160 HugePages_Surp:        0
1776799631.742148160 Hugepagesize:       2048 kB
1776799631.742148160 Hugetlb:         1048576 kB
1776799632.751737063 MemTotal:        8124504 kB
1776799632.751737063 MemFree:         6343888 kB
1776799632.751737063 MemAvailable:    6626292 kB
1776799632.751737063 Buffers:           32840 kB
1776799632.751737063 Cached:           378396 kB
1776799632.751737063 SwapCached:            0 kB
1776799632.751737063 Active:           408236 kB
1776799632.751737063 Inactive:         112144 kB
1776799632.751737063 Active(anon):     114304 kB
1776799632.751737063 Inactive(anon):        0 kB
1776799632.751737063 Active(file):     293932 kB
1776799632.751737063 Inactive(file):   112144 kB
1776799632.751737063 Unevictable:           0 kB
1776799632.751737063 Mlocked:               0 kB
1776799632.751737063 SwapTotal:             0 kB
1776799632.751737063 SwapFree:              0 kB
1776799632.751737063 Zswap:                 0 kB
1776799632.751737063 Zswapped:              0 kB
1776799632.751737063 Dirty:               132 kB
1776799632.751737063 Writeback:             0 kB
1776799632.751737063 AnonPages:        109188 kB
1776799632.751737063 Mapped:           129180 kB
1776799632.751737063 Shmem:              5252 kB
1776799632.751737063 KReclaimable:      32176 kB
1776799632.751737063 Slab:             124104 kB
1776799632.751737063 SReclaimable:      32176 kB
1776799632.751737063 SUnreclaim:        91928 kB
1776799632.751737063 KernelStack:        3216 kB
1776799632.751737063 PageTables:         4444 kB
1776799632.751737063 SecPageTables:         0 kB
1776799632.751737063 NFS_Unstable:          0 kB
1776799632.751737063 Bounce:                0 kB
1776799632.751737063 WritebackTmp:          0 kB
1776799632.751737063 CommitLimit:     3537964 kB
1776799632.751737063 Committed_AS:     556564 kB
1776799632.751737063 VmallocTotal:   135288315904 kB
1776799632.751737063 VmallocUsed:       25960 kB
1776799632.751737063 VmallocChunk:          0 kB
1776799632.751737063 Percpu:             1600 kB
1776799632.751737063 AnonHugePages:         0 kB
1776799632.751737063 ShmemHugePages:        0 kB
1776799632.751737063 ShmemPmdMapped:        0 kB
1776799632.751737063 FileHugePages:         0 kB
1776799632.751737063 FilePmdMapped:         0 kB
1776799632.751737063 CmaTotal:          65536 kB
1776799632.751737063 CmaFree:           49104 kB
1776799632.751737063 Balloon:               0 kB
1776799632.751737063 HugePages_Total:     512
1776799632.751737063 HugePages_Free:      469
1776799632.751737063 HugePages_Rsvd:        0
1776799632.751737063 HugePages_Surp:        0
1776799632.751737063 Hugepagesize:       2048 kB
1776799632.751737063 Hugetlb:         1048576 kB
1776799633.761240558 MemTotal:        8124504 kB
1776799633.761240558 MemFree:         6344252 kB
1776799633.761240558 MemAvailable:    6626660 kB
1776799633.761240558 Buffers:           32840 kB
1776799633.761240558 Cached:           378404 kB
1776799633.761240558 SwapCached:            0 kB
1776799633.761240558 Active:           408188 kB
1776799633.761240558 Inactive:         112156 kB
1776799633.761240558 Active(anon):     114264 kB
1776799633.761240558 Inactive(anon):        0 kB
1776799633.761240558 Active(file):     293924 kB
1776799633.761240558 Inactive(file):   112156 kB
1776799633.761240558 Unevictable:           0 kB
1776799633.761240558 Mlocked:               0 kB
1776799633.761240558 SwapTotal:             0 kB
1776799633.761240558 SwapFree:              0 kB
1776799633.761240558 Zswap:                 0 kB
1776799633.761240558 Zswapped:              0 kB
1776799633.761240558 Dirty:               140 kB
1776799633.761240558 Writeback:             0 kB
1776799633.761240558 AnonPages:        109100 kB
1776799633.761240558 Mapped:           129180 kB
1776799633.761240558 Shmem:              5252 kB
1776799633.761240558 KReclaimable:      32176 kB
1776799633.761240558 Slab:             124148 kB
1776799633.761240558 SReclaimable:      32176 kB
1776799633.761240558 SUnreclaim:        91972 kB
1776799633.761240558 KernelStack:        3216 kB
1776799633.761240558 PageTables:         4440 kB
1776799633.761240558 SecPageTables:         0 kB
1776799633.761240558 NFS_Unstable:          0 kB
1776799633.761240558 Bounce:                0 kB
1776799633.761240558 WritebackTmp:          0 kB
1776799633.761240558 CommitLimit:     3537964 kB
1776799633.761240558 Committed_AS:     556564 kB
1776799633.761240558 VmallocTotal:   135288315904 kB
1776799633.761240558 VmallocUsed:       25960 kB
1776799633.761240558 VmallocChunk:          0 kB
1776799633.761240558 Percpu:             1600 kB
1776799633.761240558 AnonHugePages:         0 kB
1776799633.761240558 ShmemHugePages:        0 kB
1776799633.761240558 ShmemPmdMapped:        0 kB
1776799633.761240558 FileHugePages:         0 kB
1776799633.761240558 FilePmdMapped:         0 kB
1776799633.761240558 CmaTotal:          65536 kB
1776799633.761240558 CmaFree:           49104 kB
1776799633.761240558 Balloon:               0 kB
1776799633.761240558 HugePages_Total:     512
1776799633.761240558 HugePages_Free:      469
1776799633.761240558 HugePages_Rsvd:        0
1776799633.761240558 HugePages_Surp:        0
1776799633.761240558 Hugepagesize:       2048 kB
1776799633.761240558 Hugetlb:         1048576 kB
1776799634.770556534 MemTotal:        8124504 kB
1776799634.770556534 MemFree:         6345804 kB
1776799634.770556534 MemAvailable:    6628220 kB
1776799634.770556534 Buffers:           32840 kB
1776799634.770556534 Cached:           378408 kB
1776799634.770556534 SwapCached:            0 kB
1776799634.770556534 Active:           408136 kB
1776799634.770556534 Inactive:         112164 kB
1776799634.770556534 Active(anon):     114212 kB
1776799634.770556534 Inactive(anon):        0 kB
1776799634.770556534 Active(file):     293924 kB
1776799634.770556534 Inactive(file):   112164 kB
1776799634.770556534 Unevictable:           0 kB
1776799634.770556534 Mlocked:               0 kB
1776799634.770556534 SwapTotal:             0 kB
1776799634.770556534 SwapFree:              0 kB
1776799634.770556534 Zswap:                 0 kB
1776799634.770556534 Zswapped:              0 kB
1776799634.770556534 Dirty:               144 kB
1776799634.770556534 Writeback:             0 kB
1776799634.770556534 AnonPages:        109120 kB
1776799634.770556534 Mapped:           129180 kB
1776799634.770556534 Shmem:              5252 kB
1776799634.770556534 KReclaimable:      32176 kB
1776799634.770556534 Slab:             124144 kB
1776799634.770556534 SReclaimable:      32176 kB
1776799634.770556534 SUnreclaim:        91968 kB
1776799634.770556534 KernelStack:        3216 kB
1776799634.770556534 PageTables:         4560 kB
1776799634.770556534 SecPageTables:         0 kB
1776799634.770556534 NFS_Unstable:          0 kB
1776799634.770556534 Bounce:                0 kB
1776799634.770556534 WritebackTmp:          0 kB
1776799634.770556534 CommitLimit:     3537964 kB
1776799634.770556534 Committed_AS:     556564 kB
1776799634.770556534 VmallocTotal:   135288315904 kB
1776799634.770556534 VmallocUsed:       25944 kB
1776799634.770556534 VmallocChunk:          0 kB
1776799634.770556534 Percpu:             1600 kB
1776799634.770556534 AnonHugePages:         0 kB
1776799634.770556534 ShmemHugePages:        0 kB
1776799634.770556534 ShmemPmdMapped:        0 kB
1776799634.770556534 FileHugePages:         0 kB
1776799634.770556534 FilePmdMapped:         0 kB
1776799634.770556534 CmaTotal:          65536 kB
1776799634.770556534 CmaFree:           49104 kB
1776799634.770556534 Balloon:               0 kB
1776799634.770556534 HugePages_Total:     512
1776799634.770556534 HugePages_Free:      469
1776799634.770556534 HugePages_Rsvd:        0
1776799634.770556534 HugePages_Surp:        0
1776799634.770556534 Hugepagesize:       2048 kB
1776799634.770556534 Hugetlb:         1048576 kB
1776799635.779815659 MemTotal:        8124504 kB
1776799635.779815659 MemFree:         6346052 kB
1776799635.779815659 MemAvailable:    6628484 kB
1776799635.779815659 Buffers:           32848 kB
1776799635.779815659 Cached:           378416 kB
1776799635.779815659 SwapCached:            0 kB
1776799635.779815659 Active:           408212 kB
1776799635.779815659 Inactive:         112172 kB
1776799635.779815659 Active(anon):     114280 kB
1776799635.779815659 Inactive(anon):        0 kB
1776799635.779815659 Active(file):     293932 kB
1776799635.779815659 Inactive(file):   112172 kB
1776799635.779815659 Unevictable:           0 kB
1776799635.779815659 Mlocked:               0 kB
1776799635.779815659 SwapTotal:             0 kB
1776799635.779815659 SwapFree:              0 kB
1776799635.779815659 Zswap:                 0 kB
1776799635.779815659 Zswapped:              0 kB
1776799635.779815659 Dirty:               160 kB
1776799635.779815659 Writeback:             0 kB
1776799635.779815659 AnonPages:        109188 kB
1776799635.779815659 Mapped:           129180 kB
1776799635.779815659 Shmem:              5252 kB
1776799635.779815659 KReclaimable:      32176 kB
1776799635.779815659 Slab:             124080 kB
1776799635.779815659 SReclaimable:      32176 kB
1776799635.779815659 SUnreclaim:        91904 kB
1776799635.779815659 KernelStack:        3216 kB
1776799635.779815659 PageTables:         4440 kB
1776799635.779815659 SecPageTables:         0 kB
1776799635.779815659 NFS_Unstable:          0 kB
1776799635.779815659 Bounce:                0 kB
1776799635.779815659 WritebackTmp:          0 kB
1776799635.779815659 CommitLimit:     3537964 kB
1776799635.779815659 Committed_AS:     556564 kB
1776799635.779815659 VmallocTotal:   135288315904 kB
1776799635.779815659 VmallocUsed:       25944 kB
1776799635.779815659 VmallocChunk:          0 kB
1776799635.779815659 Percpu:             1600 kB
1776799635.779815659 AnonHugePages:         0 kB
1776799635.779815659 ShmemHugePages:        0 kB
1776799635.779815659 ShmemPmdMapped:        0 kB
1776799635.779815659 FileHugePages:         0 kB
1776799635.779815659 FilePmdMapped:         0 kB
1776799635.779815659 CmaTotal:          65536 kB
1776799635.779815659 CmaFree:           49104 kB
1776799635.779815659 Balloon:               0 kB
1776799635.779815659 HugePages_Total:     512
1776799635.779815659 HugePages_Free:      469
1776799635.779815659 HugePages_Rsvd:        0
1776799635.779815659 HugePages_Surp:        0
1776799635.779815659 Hugepagesize:       2048 kB
1776799635.779815659 Hugetlb:         1048576 kB
1776799636.789229320 MemTotal:        8124504 kB
1776799636.789229320 MemFree:         6357304 kB
1776799636.789229320 MemAvailable:    6639752 kB
1776799636.789229320 Buffers:           32860 kB
1776799636.789229320 Cached:           378416 kB
1776799636.789229320 SwapCached:            0 kB
1776799636.789229320 Active:           402088 kB
1776799636.789229320 Inactive:         112196 kB
1776799636.789229320 Active(anon):     108164 kB
1776799636.789229320 Inactive(anon):        0 kB
1776799636.789229320 Active(file):     293924 kB
1776799636.789229320 Inactive(file):   112196 kB
1776799636.789229320 Unevictable:           0 kB
1776799636.789229320 Mlocked:               0 kB
1776799636.789229320 SwapTotal:             0 kB
1776799636.789229320 SwapFree:              0 kB
1776799636.789229320 Zswap:                 0 kB
1776799636.789229320 Zswapped:              0 kB
1776799636.789229320 Dirty:              1100 kB
1776799636.789229320 Writeback:             0 kB
1776799636.789229320 AnonPages:        103108 kB
1776799636.789229320 Mapped:           105396 kB
1776799636.789229320 Shmem:              5248 kB
1776799636.789229320 KReclaimable:      32172 kB
1776799636.789229320 Slab:             123996 kB
1776799636.789229320 SReclaimable:      32172 kB
1776799636.789229320 SUnreclaim:        91824 kB
1776799636.789229320 KernelStack:        3168 kB
1776799636.789229320 PageTables:         4204 kB
1776799636.789229320 SecPageTables:         0 kB
1776799636.789229320 NFS_Unstable:          0 kB
1776799636.789229320 Bounce:                0 kB
1776799636.789229320 WritebackTmp:          0 kB
1776799636.789229320 CommitLimit:     3537964 kB
1776799636.789229320 Committed_AS:     508684 kB
1776799636.789229320 VmallocTotal:   135288315904 kB
1776799636.789229320 VmallocUsed:       25812 kB
1776799636.789229320 VmallocChunk:          0 kB
1776799636.789229320 Percpu:             1600 kB
1776799636.789229320 AnonHugePages:         0 kB
1776799636.789229320 ShmemHugePages:        0 kB
1776799636.789229320 ShmemPmdMapped:        0 kB
1776799636.789229320 FileHugePages:         0 kB
1776799636.789229320 FilePmdMapped:         0 kB
1776799636.789229320 CmaTotal:          65536 kB
1776799636.789229320 CmaFree:           49104 kB
1776799636.789229320 Balloon:               0 kB
1776799636.789229320 HugePages_Total:     512
1776799636.789229320 HugePages_Free:      469
1776799636.789229320 HugePages_Rsvd:        0
1776799636.789229320 HugePages_Surp:        0
1776799636.789229320 Hugepagesize:       2048 kB
1776799636.789229320 Hugetlb:         1048576 kB
1776799637.798652797 MemTotal:        8124504 kB
1776799637.798652797 MemFree:         6356296 kB
1776799637.798652797 MemAvailable:    6638748 kB
1776799637.798652797 Buffers:           32860 kB
1776799637.798652797 Cached:           378420 kB
1776799637.798652797 SwapCached:            0 kB
1776799637.798652797 Active:           402268 kB
1776799637.798652797 Inactive:         112200 kB
1776799637.798652797 Active(anon):     108344 kB
1776799637.798652797 Inactive(anon):        0 kB
1776799637.798652797 Active(file):     293924 kB
1776799637.798652797 Inactive(file):   112200 kB
1776799637.798652797 Unevictable:           0 kB
1776799637.798652797 Mlocked:               0 kB
1776799637.798652797 SwapTotal:             0 kB
1776799637.798652797 SwapFree:              0 kB
1776799637.798652797 Zswap:                 0 kB
1776799637.798652797 Zswapped:              0 kB
1776799637.798652797 Dirty:              1104 kB
1776799637.798652797 Writeback:             0 kB
1776799637.798652797 AnonPages:        103148 kB
1776799637.798652797 Mapped:           105396 kB
1776799637.798652797 Shmem:              5248 kB
1776799637.798652797 KReclaimable:      32172 kB
1776799637.798652797 Slab:             123924 kB
1776799637.798652797 SReclaimable:      32172 kB
1776799637.798652797 SUnreclaim:        91752 kB
1776799637.798652797 KernelStack:        3168 kB
1776799637.798652797 PageTables:         4260 kB
1776799637.798652797 SecPageTables:         0 kB
1776799637.798652797 NFS_Unstable:          0 kB
1776799637.798652797 Bounce:                0 kB
1776799637.798652797 WritebackTmp:          0 kB
1776799637.798652797 CommitLimit:     3537964 kB
1776799637.798652797 Committed_AS:     508684 kB
1776799637.798652797 VmallocTotal:   135288315904 kB
1776799637.798652797 VmallocUsed:       25812 kB
1776799637.798652797 VmallocChunk:          0 kB
1776799637.798652797 Percpu:             1600 kB
1776799637.798652797 AnonHugePages:         0 kB
1776799637.798652797 ShmemHugePages:        0 kB
1776799637.798652797 ShmemPmdMapped:        0 kB
1776799637.798652797 FileHugePages:         0 kB
1776799637.798652797 FilePmdMapped:         0 kB
1776799637.798652797 CmaTotal:          65536 kB
1776799637.798652797 CmaFree:           49104 kB
1776799637.798652797 Balloon:               0 kB
1776799637.798652797 HugePages_Total:     512
1776799637.798652797 HugePages_Free:      469
1776799637.798652797 HugePages_Rsvd:        0
1776799637.798652797 HugePages_Surp:        0
1776799637.798652797 Hugepagesize:       2048 kB
1776799637.798652797 Hugetlb:         1048576 kB
1776799638.808081755 MemTotal:        8124504 kB
1776799638.808081755 MemFree:         6357080 kB
1776799638.808081755 MemAvailable:    6639536 kB
1776799638.808081755 Buffers:           32860 kB
1776799638.808081755 Cached:           378424 kB
1776799638.808081755 SwapCached:            0 kB
1776799638.808081755 Active:           402136 kB
1776799638.808081755 Inactive:         112204 kB
1776799638.808081755 Active(anon):     108212 kB
1776799638.808081755 Inactive(anon):        0 kB
1776799638.808081755 Active(file):     293924 kB
1776799638.808081755 Inactive(file):   112204 kB
1776799638.808081755 Unevictable:           0 kB
1776799638.808081755 Mlocked:               0 kB
1776799638.808081755 SwapTotal:             0 kB
1776799638.808081755 SwapFree:              0 kB
1776799638.808081755 Zswap:                 0 kB
1776799638.808081755 Zswapped:              0 kB
1776799638.808081755 Dirty:              1108 kB
1776799638.808081755 Writeback:             0 kB
1776799638.808081755 AnonPages:        103196 kB
1776799638.808081755 Mapped:           105396 kB
1776799638.808081755 Shmem:              5248 kB
1776799638.808081755 KReclaimable:      32172 kB
1776799638.808081755 Slab:             123956 kB
1776799638.808081755 SReclaimable:      32172 kB
1776799638.808081755 SUnreclaim:        91784 kB
1776799638.808081755 KernelStack:        3168 kB
1776799638.808081755 PageTables:         4216 kB
1776799638.808081755 SecPageTables:         0 kB
1776799638.808081755 NFS_Unstable:          0 kB
1776799638.808081755 Bounce:                0 kB
1776799638.808081755 WritebackTmp:          0 kB
1776799638.808081755 CommitLimit:     3537964 kB
1776799638.808081755 Committed_AS:     508684 kB
1776799638.808081755 VmallocTotal:   135288315904 kB
1776799638.808081755 VmallocUsed:       25828 kB
1776799638.808081755 VmallocChunk:          0 kB
1776799638.808081755 Percpu:             1600 kB
1776799638.808081755 AnonHugePages:         0 kB
1776799638.808081755 ShmemHugePages:        0 kB
1776799638.808081755 ShmemPmdMapped:        0 kB
1776799638.808081755 FileHugePages:         0 kB
1776799638.808081755 FilePmdMapped:         0 kB
1776799638.808081755 CmaTotal:          65536 kB
1776799638.808081755 CmaFree:           49104 kB
1776799638.808081755 Balloon:               0 kB
1776799638.808081755 HugePages_Total:     512
1776799638.808081755 HugePages_Free:      469
1776799638.808081755 HugePages_Rsvd:        0
1776799638.808081755 HugePages_Surp:        0
1776799638.808081755 Hugepagesize:       2048 kB
1776799638.808081755 Hugetlb:         1048576 kB
1776799639.818011807 MemTotal:        8124504 kB
1776799639.818011807 MemFree:         6356472 kB
1776799639.818011807 MemAvailable:    6638928 kB
1776799639.818011807 Buffers:           32860 kB
1776799639.818011807 Cached:           378428 kB
1776799639.818011807 SwapCached:            0 kB
1776799639.818011807 Active:           402172 kB
1776799639.818011807 Inactive:         112208 kB
1776799639.818011807 Active(anon):     108252 kB
1776799639.818011807 Inactive(anon):        0 kB
1776799639.818011807 Active(file):     293920 kB
1776799639.818011807 Inactive(file):   112208 kB
1776799639.818011807 Unevictable:           0 kB
1776799639.818011807 Mlocked:               0 kB
1776799639.818011807 SwapTotal:             0 kB
1776799639.818011807 SwapFree:              0 kB
1776799639.818011807 Zswap:                 0 kB
1776799639.818011807 Zswapped:              0 kB
1776799639.818011807 Dirty:              1112 kB
1776799639.818011807 Writeback:             0 kB
1776799639.818011807 AnonPages:        103104 kB
1776799639.818011807 Mapped:           105456 kB
1776799639.818011807 Shmem:              5248 kB
1776799639.818011807 KReclaimable:      32172 kB
1776799639.818011807 Slab:             123960 kB
1776799639.818011807 SReclaimable:      32172 kB
1776799639.818011807 SUnreclaim:        91788 kB
1776799639.818011807 KernelStack:        3176 kB
1776799639.818011807 PageTables:         4508 kB
1776799639.818011807 SecPageTables:         0 kB
1776799639.818011807 NFS_Unstable:          0 kB
1776799639.818011807 Bounce:                0 kB
1776799639.818011807 WritebackTmp:          0 kB
1776799639.818011807 CommitLimit:     3537964 kB
1776799639.818011807 Committed_AS:     508684 kB
1776799639.818011807 VmallocTotal:   135288315904 kB
1776799639.818011807 VmallocUsed:       25844 kB
1776799639.818011807 VmallocChunk:          0 kB
1776799639.818011807 Percpu:             1600 kB
1776799639.818011807 AnonHugePages:         0 kB
1776799639.818011807 ShmemHugePages:        0 kB
1776799639.818011807 ShmemPmdMapped:        0 kB
1776799639.818011807 FileHugePages:         0 kB
1776799639.818011807 FilePmdMapped:         0 kB
1776799639.818011807 CmaTotal:          65536 kB
1776799639.818011807 CmaFree:           49104 kB
1776799639.818011807 Balloon:               0 kB
1776799639.818011807 HugePages_Total:     512
1776799639.818011807 HugePages_Free:      469
1776799639.818011807 HugePages_Rsvd:        0
1776799639.818011807 HugePages_Surp:        0
1776799639.818011807 Hugepagesize:       2048 kB
1776799639.818011807 Hugetlb:         1048576 kB
1776799640.829750234 MemTotal:        8124504 kB
1776799640.829750234 MemFree:         6355544 kB
1776799640.829750234 MemAvailable:    6638008 kB
1776799640.829750234 Buffers:           32860 kB
1776799640.829750234 Cached:           378436 kB
1776799640.829750234 SwapCached:            0 kB
1776799640.829750234 Active:           401544 kB
1776799640.829750234 Inactive:         112212 kB
1776799640.829750234 Active(anon):     107620 kB
1776799640.829750234 Inactive(anon):        0 kB
1776799640.829750234 Active(file):     293924 kB
1776799640.829750234 Inactive(file):   112212 kB
1776799640.829750234 Unevictable:           0 kB
1776799640.829750234 Mlocked:               0 kB
1776799640.829750234 SwapTotal:             0 kB
1776799640.829750234 SwapFree:              0 kB
1776799640.829750234 Zswap:                 0 kB
1776799640.829750234 Zswapped:              0 kB
1776799640.829750234 Dirty:              1120 kB
1776799640.829750234 Writeback:             0 kB
1776799640.829750234 AnonPages:        102408 kB
1776799640.829750234 Mapped:           105444 kB
1776799640.829750234 Shmem:              5248 kB
1776799640.829750234 KReclaimable:      32172 kB
1776799640.829750234 Slab:             123916 kB
1776799640.829750234 SReclaimable:      32172 kB
1776799640.829750234 SUnreclaim:        91744 kB
1776799640.829750234 KernelStack:        3152 kB
1776799640.829750234 PageTables:         4400 kB
1776799640.829750234 SecPageTables:         0 kB
1776799640.829750234 NFS_Unstable:          0 kB
1776799640.829750234 Bounce:                0 kB
1776799640.829750234 WritebackTmp:          0 kB
1776799640.829750234 CommitLimit:     3537964 kB
1776799640.829750234 Committed_AS:     507608 kB
1776799640.829750234 VmallocTotal:   135288315904 kB
1776799640.829750234 VmallocUsed:       25796 kB
1776799640.829750234 VmallocChunk:          0 kB
1776799640.829750234 Percpu:             1600 kB
1776799640.829750234 AnonHugePages:         0 kB
1776799640.829750234 ShmemHugePages:        0 kB
1776799640.829750234 ShmemPmdMapped:        0 kB
1776799640.829750234 FileHugePages:         0 kB
1776799640.829750234 FilePmdMapped:         0 kB
1776799640.829750234 CmaTotal:          65536 kB
1776799640.829750234 CmaFree:           49104 kB
1776799640.829750234 Balloon:               0 kB
1776799640.829750234 HugePages_Total:     512
1776799640.829750234 HugePages_Free:      469
1776799640.829750234 HugePages_Rsvd:        0
1776799640.829750234 HugePages_Surp:        0
1776799640.829750234 Hugepagesize:       2048 kB
1776799640.829750234 Hugetlb:         1048576 kB
1776799641.841465291 MemTotal:        8124504 kB
1776799641.841465291 MemFree:         6356736 kB
1776799641.841465291 MemAvailable:    6639204 kB
1776799641.841465291 Buffers:           32868 kB
1776799641.841465291 Cached:           378444 kB
1776799641.841465291 SwapCached:            0 kB
1776799641.841465291 Active:           402204 kB
1776799641.841465291 Inactive:         112220 kB
1776799641.841465291 Active(anon):     108284 kB
1776799641.841465291 Inactive(anon):        0 kB
1776799641.841465291 Active(file):     293920 kB
1776799641.841465291 Inactive(file):   112220 kB
1776799641.841465291 Unevictable:           0 kB
1776799641.841465291 Mlocked:               0 kB
1776799641.841465291 SwapTotal:             0 kB
1776799641.841465291 SwapFree:              0 kB
1776799641.841465291 Zswap:                 0 kB
1776799641.841465291 Zswapped:              0 kB
1776799641.841465291 Dirty:              1128 kB
1776799641.841465291 Writeback:             0 kB
1776799641.841465291 AnonPages:        103144 kB
1776799641.841465291 Mapped:           105396 kB
1776799641.841465291 Shmem:              5248 kB
1776799641.841465291 KReclaimable:      32172 kB
1776799641.841465291 Slab:             123952 kB
1776799641.841465291 SReclaimable:      32172 kB
1776799641.841465291 SUnreclaim:        91780 kB
1776799641.841465291 KernelStack:        3152 kB
1776799641.841465291 PageTables:         4252 kB
1776799641.841465291 SecPageTables:         0 kB
1776799641.841465291 NFS_Unstable:          0 kB
1776799641.841465291 Bounce:                0 kB
1776799641.841465291 WritebackTmp:          0 kB
1776799641.841465291 CommitLimit:     3537964 kB
1776799641.841465291 Committed_AS:     508684 kB
1776799641.841465291 VmallocTotal:   135288315904 kB
1776799641.841465291 VmallocUsed:       25796 kB
1776799641.841465291 VmallocChunk:          0 kB
1776799641.841465291 Percpu:             1600 kB
1776799641.841465291 AnonHugePages:         0 kB
1776799641.841465291 ShmemHugePages:        0 kB
1776799641.841465291 ShmemPmdMapped:        0 kB
1776799641.841465291 FileHugePages:         0 kB
1776799641.841465291 FilePmdMapped:         0 kB
1776799641.841465291 CmaTotal:          65536 kB
1776799641.841465291 CmaFree:           49104 kB
1776799641.841465291 Balloon:               0 kB
1776799641.841465291 HugePages_Total:     512
1776799641.841465291 HugePages_Free:      469
1776799641.841465291 HugePages_Rsvd:        0
1776799641.841465291 HugePages_Surp:        0
1776799641.841465291 Hugepagesize:       2048 kB
1776799641.841465291 Hugetlb:         1048576 kB
1776799642.850888379 MemTotal:        8124504 kB
1776799642.850888379 MemFree:         6353588 kB
1776799642.850888379 MemAvailable:    6636072 kB
1776799642.850888379 Buffers:           32868 kB
1776799642.850888379 Cached:           378444 kB
1776799642.850888379 SwapCached:            0 kB
1776799642.850888379 Active:           402280 kB
1776799642.850888379 Inactive:         112232 kB
1776799642.850888379 Active(anon):     108356 kB
1776799642.850888379 Inactive(anon):        0 kB
1776799642.850888379 Active(file):     293924 kB
1776799642.850888379 Inactive(file):   112232 kB
1776799642.850888379 Unevictable:           0 kB
1776799642.850888379 Mlocked:               0 kB
1776799642.850888379 SwapTotal:             0 kB
1776799642.850888379 SwapFree:              0 kB
1776799642.850888379 Zswap:                 0 kB
1776799642.850888379 Zswapped:              0 kB
1776799642.850888379 Dirty:              1128 kB
1776799642.850888379 Writeback:             0 kB
1776799642.850888379 AnonPages:        103148 kB
1776799642.850888379 Mapped:           105396 kB
1776799642.850888379 Shmem:              5248 kB
1776799642.850888379 KReclaimable:      32172 kB
1776799642.850888379 Slab:             123916 kB
1776799642.850888379 SReclaimable:      32172 kB
1776799642.850888379 SUnreclaim:        91744 kB
1776799642.850888379 KernelStack:        3168 kB
1776799642.850888379 PageTables:         4252 kB
1776799642.850888379 SecPageTables:         0 kB
1776799642.850888379 NFS_Unstable:          0 kB
1776799642.850888379 Bounce:                0 kB
1776799642.850888379 WritebackTmp:          0 kB
1776799642.850888379 CommitLimit:     3537964 kB
1776799642.850888379 Committed_AS:     508684 kB
1776799642.850888379 VmallocTotal:   135288315904 kB
1776799642.850888379 VmallocUsed:       25812 kB
1776799642.850888379 VmallocChunk:          0 kB
1776799642.850888379 Percpu:             1600 kB
1776799642.850888379 AnonHugePages:         0 kB
1776799642.850888379 ShmemHugePages:        0 kB
1776799642.850888379 ShmemPmdMapped:        0 kB
1776799642.850888379 FileHugePages:         0 kB
1776799642.850888379 FilePmdMapped:         0 kB
1776799642.850888379 CmaTotal:          65536 kB
1776799642.850888379 CmaFree:           49104 kB
1776799642.850888379 Balloon:               0 kB
1776799642.850888379 HugePages_Total:     512
1776799642.850888379 HugePages_Free:      469
1776799642.850888379 HugePages_Rsvd:        0
1776799642.850888379 HugePages_Surp:        0
1776799642.850888379 Hugepagesize:       2048 kB
1776799642.850888379 Hugetlb:         1048576 kB
1776799643.860479430 MemTotal:        8124504 kB
1776799643.860479430 MemFree:         6354096 kB
1776799643.860479430 MemAvailable:    6636584 kB
1776799643.860479430 Buffers:           32868 kB
1776799643.860479430 Cached:           378448 kB
1776799643.860479430 SwapCached:            0 kB
1776799643.860479430 Active:           402196 kB
1776799643.860479430 Inactive:         112236 kB
1776799643.860479430 Active(anon):     108272 kB
1776799643.860479430 Inactive(anon):        0 kB
1776799643.860479430 Active(file):     293924 kB
1776799643.860479430 Inactive(file):   112236 kB
1776799643.860479430 Unevictable:           0 kB
1776799643.860479430 Mlocked:               0 kB
1776799643.860479430 SwapTotal:             0 kB
1776799643.860479430 SwapFree:              0 kB
1776799643.860479430 Zswap:                 0 kB
1776799643.860479430 Zswapped:              0 kB
1776799643.860479430 Dirty:               976 kB
1776799643.860479430 Writeback:             0 kB
1776799643.860479430 AnonPages:        103148 kB
1776799643.860479430 Mapped:           105396 kB
1776799643.860479430 Shmem:              5248 kB
1776799643.860479430 KReclaimable:      32172 kB
1776799643.860479430 Slab:             123904 kB
1776799643.860479430 SReclaimable:      32172 kB
1776799643.860479430 SUnreclaim:        91732 kB
1776799643.860479430 KernelStack:        3168 kB
1776799643.860479430 PageTables:         4252 kB
1776799643.860479430 SecPageTables:         0 kB
1776799643.860479430 NFS_Unstable:          0 kB
1776799643.860479430 Bounce:                0 kB
1776799643.860479430 WritebackTmp:          0 kB
1776799643.860479430 CommitLimit:     3537964 kB
1776799643.860479430 Committed_AS:     508684 kB
1776799643.860479430 VmallocTotal:   135288315904 kB
1776799643.860479430 VmallocUsed:       25828 kB
1776799643.860479430 VmallocChunk:          0 kB
1776799643.860479430 Percpu:             1600 kB
1776799643.860479430 AnonHugePages:         0 kB
1776799643.860479430 ShmemHugePages:        0 kB
1776799643.860479430 ShmemPmdMapped:        0 kB
1776799643.860479430 FileHugePages:         0 kB
1776799643.860479430 FilePmdMapped:         0 kB
1776799643.860479430 CmaTotal:          65536 kB
1776799643.860479430 CmaFree:           49104 kB
1776799643.860479430 Balloon:               0 kB
1776799643.860479430 HugePages_Total:     512
1776799643.860479430 HugePages_Free:      469
1776799643.860479430 HugePages_Rsvd:        0
1776799643.860479430 HugePages_Surp:        0
1776799643.860479430 Hugepagesize:       2048 kB
1776799643.860479430 Hugetlb:         1048576 kB
1776799644.870024796 MemTotal:        8124504 kB
1776799644.870024796 MemFree:         6355428 kB
1776799644.870024796 MemAvailable:    6637916 kB
1776799644.870024796 Buffers:           32868 kB
1776799644.870024796 Cached:           378452 kB
1776799644.870024796 SwapCached:            0 kB
1776799644.870024796 Active:           402192 kB
1776799644.870024796 Inactive:         112240 kB
1776799644.870024796 Active(anon):     108272 kB
1776799644.870024796 Inactive(anon):        0 kB
1776799644.870024796 Active(file):     293920 kB
1776799644.870024796 Inactive(file):   112240 kB
1776799644.870024796 Unevictable:           0 kB
1776799644.870024796 Mlocked:               0 kB
1776799644.870024796 SwapTotal:             0 kB
1776799644.870024796 SwapFree:              0 kB
1776799644.870024796 Zswap:                 0 kB
1776799644.870024796 Zswapped:              0 kB
1776799644.870024796 Dirty:               992 kB
1776799644.870024796 Writeback:             0 kB
1776799644.870024796 AnonPages:        103112 kB
1776799644.870024796 Mapped:           105396 kB
1776799644.870024796 Shmem:              5248 kB
1776799644.870024796 KReclaimable:      32172 kB
1776799644.870024796 Slab:             123912 kB
1776799644.870024796 SReclaimable:      32172 kB
1776799644.870024796 SUnreclaim:        91740 kB
1776799644.870024796 KernelStack:        3168 kB
1776799644.870024796 PageTables:         4212 kB
1776799644.870024796 SecPageTables:         0 kB
1776799644.870024796 NFS_Unstable:          0 kB
1776799644.870024796 Bounce:                0 kB
1776799644.870024796 WritebackTmp:          0 kB
1776799644.870024796 CommitLimit:     3537964 kB
1776799644.870024796 Committed_AS:     508684 kB
1776799644.870024796 VmallocTotal:   135288315904 kB
1776799644.870024796 VmallocUsed:       25828 kB
1776799644.870024796 VmallocChunk:          0 kB
1776799644.870024796 Percpu:             1600 kB
1776799644.870024796 AnonHugePages:         0 kB
1776799644.870024796 ShmemHugePages:        0 kB
1776799644.870024796 ShmemPmdMapped:        0 kB
1776799644.870024796 FileHugePages:         0 kB
1776799644.870024796 FilePmdMapped:         0 kB
1776799644.870024796 CmaTotal:          65536 kB
1776799644.870024796 CmaFree:           49104 kB
1776799644.870024796 Balloon:               0 kB
1776799644.870024796 HugePages_Total:     512
1776799644.870024796 HugePages_Free:      469
1776799644.870024796 HugePages_Rsvd:        0
1776799644.870024796 HugePages_Surp:        0
1776799644.870024796 Hugepagesize:       2048 kB
1776799644.870024796 Hugetlb:         1048576 kB
1776799645.879559995 MemTotal:        8124504 kB
1776799645.879559995 MemFree:         6356672 kB
1776799645.879559995 MemAvailable:    6639160 kB
1776799645.879559995 Buffers:           32868 kB
1776799645.879559995 Cached:           378456 kB
1776799645.879559995 SwapCached:            0 kB
1776799645.879559995 Active:           402176 kB
1776799645.879559995 Inactive:         112240 kB
1776799645.879559995 Active(anon):     108256 kB
1776799645.879559995 Inactive(anon):        0 kB
1776799645.879559995 Active(file):     293920 kB
1776799645.879559995 Inactive(file):   112240 kB
1776799645.879559995 Unevictable:           0 kB
1776799645.879559995 Mlocked:               0 kB
1776799645.879559995 SwapTotal:             0 kB
1776799645.879559995 SwapFree:              0 kB
1776799645.879559995 Zswap:                 0 kB
1776799645.879559995 Zswapped:              0 kB
1776799645.879559995 Dirty:               996 kB
1776799645.879559995 Writeback:             0 kB
1776799645.879559995 AnonPages:        103108 kB
1776799645.879559995 Mapped:           105396 kB
1776799645.879559995 Shmem:              5248 kB
1776799645.879559995 KReclaimable:      32172 kB
1776799645.879559995 Slab:             123864 kB
1776799645.879559995 SReclaimable:      32172 kB
1776799645.879559995 SUnreclaim:        91692 kB
1776799645.879559995 KernelStack:        3152 kB
1776799645.879559995 PageTables:         4212 kB
1776799645.879559995 SecPageTables:         0 kB
1776799645.879559995 NFS_Unstable:          0 kB
1776799645.879559995 Bounce:                0 kB
1776799645.879559995 WritebackTmp:          0 kB
1776799645.879559995 CommitLimit:     3537964 kB
1776799645.879559995 Committed_AS:     508684 kB
1776799645.879559995 VmallocTotal:   135288315904 kB
1776799645.879559995 VmallocUsed:       25828 kB
1776799645.879559995 VmallocChunk:          0 kB
1776799645.879559995 Percpu:             1600 kB
1776799645.879559995 AnonHugePages:         0 kB
1776799645.879559995 ShmemHugePages:        0 kB
1776799645.879559995 ShmemPmdMapped:        0 kB
1776799645.879559995 FileHugePages:         0 kB
1776799645.879559995 FilePmdMapped:         0 kB
1776799645.879559995 CmaTotal:          65536 kB
1776799645.879559995 CmaFree:           49104 kB
1776799645.879559995 Balloon:               0 kB
1776799645.879559995 HugePages_Total:     512
1776799645.879559995 HugePages_Free:      469
1776799645.879559995 HugePages_Rsvd:        0
1776799645.879559995 HugePages_Surp:        0
1776799645.879559995 Hugepagesize:       2048 kB
1776799645.879559995 Hugetlb:         1048576 kB
1776799646.889069286 MemTotal:        8124504 kB
1776799646.889069286 MemFree:         6350108 kB
1776799646.889069286 MemAvailable:    6632608 kB
1776799646.889069286 Buffers:           32876 kB
1776799646.889069286 Cached:           378464 kB
1776799646.889069286 SwapCached:            0 kB
1776799646.889069286 Active:           402168 kB
1776799646.889069286 Inactive:         112252 kB
1776799646.889069286 Active(anon):     108248 kB
1776799646.889069286 Inactive(anon):        0 kB
1776799646.889069286 Active(file):     293920 kB
1776799646.889069286 Inactive(file):   112252 kB
1776799646.889069286 Unevictable:           0 kB
1776799646.889069286 Mlocked:               0 kB
1776799646.889069286 SwapTotal:             0 kB
1776799646.889069286 SwapFree:              0 kB
1776799646.889069286 Zswap:                 0 kB
1776799646.889069286 Zswapped:              0 kB
1776799646.889069286 Dirty:              1012 kB
1776799646.889069286 Writeback:             0 kB
1776799646.889069286 AnonPages:        103104 kB
1776799646.889069286 Mapped:           105396 kB
1776799646.889069286 Shmem:              5248 kB
1776799646.889069286 KReclaimable:      32176 kB
1776799646.889069286 Slab:             123908 kB
1776799646.889069286 SReclaimable:      32176 kB
1776799646.889069286 SUnreclaim:        91732 kB
1776799646.889069286 KernelStack:        3168 kB
1776799646.889069286 PageTables:         4220 kB
1776799646.889069286 SecPageTables:         0 kB
1776799646.889069286 NFS_Unstable:          0 kB
1776799646.889069286 Bounce:                0 kB
1776799646.889069286 WritebackTmp:          0 kB
1776799646.889069286 CommitLimit:     3537964 kB
1776799646.889069286 Committed_AS:     508684 kB
1776799646.889069286 VmallocTotal:   135288315904 kB
1776799646.889069286 VmallocUsed:       25828 kB
1776799646.889069286 VmallocChunk:          0 kB
1776799646.889069286 Percpu:             1600 kB
1776799646.889069286 AnonHugePages:         0 kB
1776799646.889069286 ShmemHugePages:        0 kB
1776799646.889069286 ShmemPmdMapped:        0 kB
1776799646.889069286 FileHugePages:         0 kB
1776799646.889069286 FilePmdMapped:         0 kB
1776799646.889069286 CmaTotal:          65536 kB
1776799646.889069286 CmaFree:           49104 kB
1776799646.889069286 Balloon:               0 kB
1776799646.889069286 HugePages_Total:     512
1776799646.889069286 HugePages_Free:      469
1776799646.889069286 HugePages_Rsvd:        0
1776799646.889069286 HugePages_Surp:        0
1776799646.889069286 Hugepagesize:       2048 kB
1776799646.889069286 Hugetlb:         1048576 kB
1776799647.898457874 MemTotal:        8124504 kB
1776799647.898457874 MemFree:         6349220 kB
1776799647.898457874 MemAvailable:    6631732 kB
1776799647.898457874 Buffers:           32876 kB
1776799647.898457874 Cached:           378468 kB
1776799647.898457874 SwapCached:            0 kB
1776799647.898457874 Active:           402244 kB
1776799647.898457874 Inactive:         112264 kB
1776799647.898457874 Active(anon):     108324 kB
1776799647.898457874 Inactive(anon):        0 kB
1776799647.898457874 Active(file):     293920 kB
1776799647.898457874 Inactive(file):   112264 kB
1776799647.898457874 Unevictable:           0 kB
1776799647.898457874 Mlocked:               0 kB
1776799647.898457874 SwapTotal:             0 kB
1776799647.898457874 SwapFree:              0 kB
1776799647.898457874 Zswap:                 0 kB
1776799647.898457874 Zswapped:              0 kB
1776799647.898457874 Dirty:              1016 kB
1776799647.898457874 Writeback:             0 kB
1776799647.898457874 AnonPages:        103112 kB
1776799647.898457874 Mapped:           105396 kB
1776799647.898457874 Shmem:              5248 kB
1776799647.898457874 KReclaimable:      32176 kB
1776799647.898457874 Slab:             123868 kB
1776799647.898457874 SReclaimable:      32176 kB
1776799647.898457874 SUnreclaim:        91692 kB
1776799647.898457874 KernelStack:        3152 kB
1776799647.898457874 PageTables:         4224 kB
1776799647.898457874 SecPageTables:         0 kB
1776799647.898457874 NFS_Unstable:          0 kB
1776799647.898457874 Bounce:                0 kB
1776799647.898457874 WritebackTmp:          0 kB
1776799647.898457874 CommitLimit:     3537964 kB
1776799647.898457874 Committed_AS:     508684 kB
1776799647.898457874 VmallocTotal:   135288315904 kB
1776799647.898457874 VmallocUsed:       25828 kB
1776799647.898457874 VmallocChunk:          0 kB
1776799647.898457874 Percpu:             1600 kB
1776799647.898457874 AnonHugePages:         0 kB
1776799647.898457874 ShmemHugePages:        0 kB
1776799647.898457874 ShmemPmdMapped:        0 kB
1776799647.898457874 FileHugePages:         0 kB
1776799647.898457874 FilePmdMapped:         0 kB
1776799647.898457874 CmaTotal:          65536 kB
1776799647.898457874 CmaFree:           49104 kB
1776799647.898457874 Balloon:               0 kB
1776799647.898457874 HugePages_Total:     512
1776799647.898457874 HugePages_Free:      469
1776799647.898457874 HugePages_Rsvd:        0
1776799647.898457874 HugePages_Surp:        0
1776799647.898457874 Hugepagesize:       2048 kB
1776799647.898457874 Hugetlb:         1048576 kB
1776799648.908569445 MemTotal:        8124504 kB
1776799648.908569445 MemFree:         6350396 kB
1776799648.908569445 MemAvailable:    6632916 kB
1776799648.908569445 Buffers:           32876 kB
1776799648.908569445 Cached:           378472 kB
1776799648.908569445 SwapCached:            0 kB
1776799648.908569445 Active:           402268 kB
1776799648.908569445 Inactive:         112264 kB
1776799648.908569445 Active(anon):     108340 kB
1776799648.908569445 Inactive(anon):        0 kB
1776799648.908569445 Active(file):     293928 kB
1776799648.908569445 Inactive(file):   112264 kB
1776799648.908569445 Unevictable:           0 kB
1776799648.908569445 Mlocked:               0 kB
1776799648.908569445 SwapTotal:             0 kB
1776799648.908569445 SwapFree:              0 kB
1776799648.908569445 Zswap:                 0 kB
1776799648.908569445 Zswapped:              0 kB
1776799648.908569445 Dirty:               956 kB
1776799648.908569445 Writeback:             0 kB
1776799648.908569445 AnonPages:        103232 kB
1776799648.908569445 Mapped:           105396 kB
1776799648.908569445 Shmem:              5248 kB
1776799648.908569445 KReclaimable:      32176 kB
1776799648.908569445 Slab:             123952 kB
1776799648.908569445 SReclaimable:      32176 kB
1776799648.908569445 SUnreclaim:        91776 kB
1776799648.908569445 KernelStack:        3184 kB
1776799648.908569445 PageTables:         4260 kB
1776799648.908569445 SecPageTables:         0 kB
1776799648.908569445 NFS_Unstable:          0 kB
1776799648.908569445 Bounce:                0 kB
1776799648.908569445 WritebackTmp:          0 kB
1776799648.908569445 CommitLimit:     3537964 kB
1776799648.908569445 Committed_AS:     508684 kB
1776799648.908569445 VmallocTotal:   135288315904 kB
1776799648.908569445 VmallocUsed:       25812 kB
1776799648.908569445 VmallocChunk:          0 kB
1776799648.908569445 Percpu:             1600 kB
1776799648.908569445 AnonHugePages:         0 kB
1776799648.908569445 ShmemHugePages:        0 kB
1776799648.908569445 ShmemPmdMapped:        0 kB
1776799648.908569445 FileHugePages:         0 kB
1776799648.908569445 FilePmdMapped:         0 kB
1776799648.908569445 CmaTotal:          65536 kB
1776799648.908569445 CmaFree:           49104 kB
1776799648.908569445 Balloon:               0 kB
1776799648.908569445 HugePages_Total:     512
1776799648.908569445 HugePages_Free:      469
1776799648.908569445 HugePages_Rsvd:        0
1776799648.908569445 HugePages_Surp:        0
1776799648.908569445 Hugepagesize:       2048 kB
1776799648.908569445 Hugetlb:         1048576 kB
1776799649.919991371 MemTotal:        8124504 kB
1776799649.919991371 MemFree:         6351676 kB
1776799649.919991371 MemAvailable:    6634200 kB
1776799649.919991371 Buffers:           32876 kB
1776799649.919991371 Cached:           378480 kB
1776799649.919991371 SwapCached:            0 kB
1776799649.919991371 Active:           402116 kB
1776799649.919991371 Inactive:         112272 kB
1776799649.919991371 Active(anon):     108192 kB
1776799649.919991371 Inactive(anon):        0 kB
1776799649.919991371 Active(file):     293924 kB
1776799649.919991371 Inactive(file):   112272 kB
1776799649.919991371 Unevictable:           0 kB
1776799649.919991371 Mlocked:               0 kB
1776799649.919991371 SwapTotal:             0 kB
1776799649.919991371 SwapFree:              0 kB
1776799649.919991371 Zswap:                 0 kB
1776799649.919991371 Zswapped:              0 kB
1776799649.919991371 Dirty:               964 kB
1776799649.919991371 Writeback:             0 kB
1776799649.919991371 AnonPages:        103200 kB
1776799649.919991371 Mapped:           105396 kB
1776799649.919991371 Shmem:              5248 kB
1776799649.919991371 KReclaimable:      32176 kB
1776799649.919991371 Slab:             123952 kB
1776799649.919991371 SReclaimable:      32176 kB
1776799649.919991371 SUnreclaim:        91776 kB
1776799649.919991371 KernelStack:        3184 kB
1776799649.919991371 PageTables:         4212 kB
1776799649.919991371 SecPageTables:         0 kB
1776799649.919991371 NFS_Unstable:          0 kB
1776799649.919991371 Bounce:                0 kB
1776799649.919991371 WritebackTmp:          0 kB
1776799649.919991371 CommitLimit:     3537964 kB
1776799649.919991371 Committed_AS:     508684 kB
1776799649.919991371 VmallocTotal:   135288315904 kB
1776799649.919991371 VmallocUsed:       25796 kB
1776799649.919991371 VmallocChunk:          0 kB
1776799649.919991371 Percpu:             1600 kB
1776799649.919991371 AnonHugePages:         0 kB
1776799649.919991371 ShmemHugePages:        0 kB
1776799649.919991371 ShmemPmdMapped:        0 kB
1776799649.919991371 FileHugePages:         0 kB
1776799649.919991371 FilePmdMapped:         0 kB
1776799649.919991371 CmaTotal:          65536 kB
1776799649.919991371 CmaFree:           49104 kB
1776799649.919991371 Balloon:               0 kB
1776799649.919991371 HugePages_Total:     512
1776799649.919991371 HugePages_Free:      469
1776799649.919991371 HugePages_Rsvd:        0
1776799649.919991371 HugePages_Surp:        0
1776799649.919991371 Hugepagesize:       2048 kB
1776799649.919991371 Hugetlb:         1048576 kB
1776799650.932433671 MemTotal:        8124504 kB
1776799650.932433671 MemFree:         6351432 kB
1776799650.932433671 MemAvailable:    6633968 kB
1776799650.932433671 Buffers:           32876 kB
1776799650.932433671 Cached:           378484 kB
1776799650.932433671 SwapCached:            0 kB
1776799650.932433671 Active:           402236 kB
1776799650.932433671 Inactive:         112280 kB
1776799650.932433671 Active(anon):     108308 kB
1776799650.932433671 Inactive(anon):        0 kB
1776799650.932433671 Active(file):     293928 kB
1776799650.932433671 Inactive(file):   112280 kB
1776799650.932433671 Unevictable:           0 kB
1776799650.932433671 Mlocked:               0 kB
1776799650.932433671 SwapTotal:             0 kB
1776799650.932433671 SwapFree:              0 kB
1776799650.932433671 Zswap:                 0 kB
1776799650.932433671 Zswapped:              0 kB
1776799650.932433671 Dirty:               968 kB
1776799650.932433671 Writeback:             0 kB
1776799650.932433671 AnonPages:        103232 kB
1776799650.932433671 Mapped:           105396 kB
1776799650.932433671 Shmem:              5248 kB
1776799650.932433671 KReclaimable:      32176 kB
1776799650.932433671 Slab:             124100 kB
1776799650.932433671 SReclaimable:      32176 kB
1776799650.932433671 SUnreclaim:        91924 kB
1776799650.932433671 KernelStack:        3184 kB
1776799650.932433671 PageTables:         4260 kB
1776799650.932433671 SecPageTables:         0 kB
1776799650.932433671 NFS_Unstable:          0 kB
1776799650.932433671 Bounce:                0 kB
1776799650.932433671 WritebackTmp:          0 kB
1776799650.932433671 CommitLimit:     3537964 kB
1776799650.932433671 Committed_AS:     508684 kB
1776799650.932433671 VmallocTotal:   135288315904 kB
1776799650.932433671 VmallocUsed:       25812 kB
1776799650.932433671 VmallocChunk:          0 kB
1776799650.932433671 Percpu:             1600 kB
1776799650.932433671 AnonHugePages:         0 kB
1776799650.932433671 ShmemHugePages:        0 kB
1776799650.932433671 ShmemPmdMapped:        0 kB
1776799650.932433671 FileHugePages:         0 kB
1776799650.932433671 FilePmdMapped:         0 kB
1776799650.932433671 CmaTotal:          65536 kB
1776799650.932433671 CmaFree:           49104 kB
1776799650.932433671 Balloon:               0 kB
1776799650.932433671 HugePages_Total:     512
1776799650.932433671 HugePages_Free:      469
1776799650.932433671 HugePages_Rsvd:        0
1776799650.932433671 HugePages_Surp:        0
1776799650.932433671 Hugepagesize:       2048 kB
1776799650.932433671 Hugetlb:         1048576 kB
1776799651.942797372 MemTotal:        8124504 kB
1776799651.942797372 MemFree:         6352788 kB
1776799651.942797372 MemAvailable:    6635320 kB
1776799651.942797372 Buffers:           32884 kB
1776799651.942797372 Cached:           378484 kB
1776799651.942797372 SwapCached:            0 kB
1776799651.942797372 Active:           402172 kB
1776799651.942797372 Inactive:         112280 kB
1776799651.942797372 Active(anon):     108248 kB
1776799651.942797372 Inactive(anon):        0 kB
1776799651.942797372 Active(file):     293924 kB
1776799651.942797372 Inactive(file):   112280 kB
1776799651.942797372 Unevictable:           0 kB
1776799651.942797372 Mlocked:               0 kB
1776799651.942797372 SwapTotal:             0 kB
1776799651.942797372 SwapFree:              0 kB
1776799651.942797372 Zswap:                 0 kB
1776799651.942797372 Zswapped:              0 kB
1776799651.942797372 Dirty:               968 kB
1776799651.942797372 Writeback:             0 kB
1776799651.942797372 AnonPages:        103236 kB
1776799651.942797372 Mapped:           105396 kB
1776799651.942797372 Shmem:              5248 kB
1776799651.942797372 KReclaimable:      32176 kB
1776799651.942797372 Slab:             124096 kB
1776799651.942797372 SReclaimable:      32176 kB
1776799651.942797372 SUnreclaim:        91920 kB
1776799651.942797372 KernelStack:        3184 kB
1776799651.942797372 PageTables:         4260 kB
1776799651.942797372 SecPageTables:         0 kB
1776799651.942797372 NFS_Unstable:          0 kB
1776799651.942797372 Bounce:                0 kB
1776799651.942797372 WritebackTmp:          0 kB
1776799651.942797372 CommitLimit:     3537964 kB
1776799651.942797372 Committed_AS:     508684 kB
1776799651.942797372 VmallocTotal:   135288315904 kB
1776799651.942797372 VmallocUsed:       25828 kB
1776799651.942797372 VmallocChunk:          0 kB
1776799651.942797372 Percpu:             1600 kB
1776799651.942797372 AnonHugePages:         0 kB
1776799651.942797372 ShmemHugePages:        0 kB
1776799651.942797372 ShmemPmdMapped:        0 kB
1776799651.942797372 FileHugePages:         0 kB
1776799651.942797372 FilePmdMapped:         0 kB
1776799651.942797372 CmaTotal:          65536 kB
1776799651.942797372 CmaFree:           49104 kB
1776799651.942797372 Balloon:               0 kB
1776799651.942797372 HugePages_Total:     512
1776799651.942797372 HugePages_Free:      469
1776799651.942797372 HugePages_Rsvd:        0
1776799651.942797372 HugePages_Surp:        0
1776799651.942797372 Hugepagesize:       2048 kB
1776799651.942797372 Hugetlb:         1048576 kB
1776799652.953075740 MemTotal:        8124504 kB
1776799652.953075740 MemFree:         6353560 kB
1776799652.953075740 MemAvailable:    6636112 kB
1776799652.953075740 Buffers:           32884 kB
1776799652.953075740 Cached:           378496 kB
1776799652.953075740 SwapCached:            0 kB
1776799652.953075740 Active:           402248 kB
1776799652.953075740 Inactive:         112296 kB
1776799652.953075740 Active(anon):     108320 kB
1776799652.953075740 Inactive(anon):        0 kB
1776799652.953075740 Active(file):     293928 kB
1776799652.953075740 Inactive(file):   112296 kB
1776799652.953075740 Unevictable:           0 kB
1776799652.953075740 Mlocked:               0 kB
1776799652.953075740 SwapTotal:             0 kB
1776799652.953075740 SwapFree:              0 kB
1776799652.953075740 Zswap:                 0 kB
1776799652.953075740 Zswapped:              0 kB
1776799652.953075740 Dirty:               980 kB
1776799652.953075740 Writeback:             0 kB
1776799652.953075740 AnonPages:        103200 kB
1776799652.953075740 Mapped:           105396 kB
1776799652.953075740 Shmem:              5248 kB
1776799652.953075740 KReclaimable:      32176 kB
1776799652.953075740 Slab:             124176 kB
1776799652.953075740 SReclaimable:      32176 kB
1776799652.953075740 SUnreclaim:        92000 kB
1776799652.953075740 KernelStack:        3168 kB
1776799652.953075740 PageTables:         4212 kB
1776799652.953075740 SecPageTables:         0 kB
1776799652.953075740 NFS_Unstable:          0 kB
1776799652.953075740 Bounce:                0 kB
1776799652.953075740 WritebackTmp:          0 kB
1776799652.953075740 CommitLimit:     3537964 kB
1776799652.953075740 Committed_AS:     508684 kB
1776799652.953075740 VmallocTotal:   135288315904 kB
1776799652.953075740 VmallocUsed:       25828 kB
1776799652.953075740 VmallocChunk:          0 kB
1776799652.953075740 Percpu:             1600 kB
1776799652.953075740 AnonHugePages:         0 kB
1776799652.953075740 ShmemHugePages:        0 kB
1776799652.953075740 ShmemPmdMapped:        0 kB
1776799652.953075740 FileHugePages:         0 kB
1776799652.953075740 FilePmdMapped:         0 kB
1776799652.953075740 CmaTotal:          65536 kB
1776799652.953075740 CmaFree:           49104 kB
1776799652.953075740 Balloon:               0 kB
1776799652.953075740 HugePages_Total:     512
1776799652.953075740 HugePages_Free:      469
1776799652.953075740 HugePages_Rsvd:        0
1776799652.953075740 HugePages_Surp:        0
1776799652.953075740 Hugepagesize:       2048 kB
1776799652.953075740 Hugetlb:         1048576 kB
1776799653.963338737 MemTotal:        8124504 kB
1776799653.963338737 MemFree:         6353668 kB
1776799653.963338737 MemAvailable:    6636220 kB
1776799653.963338737 Buffers:           32884 kB
1776799653.963338737 Cached:           378496 kB
1776799653.963338737 SwapCached:            0 kB
1776799653.963338737 Active:           402128 kB
1776799653.963338737 Inactive:         112300 kB
1776799653.963338737 Active(anon):     108204 kB
1776799653.963338737 Inactive(anon):        0 kB
1776799653.963338737 Active(file):     293924 kB
1776799653.963338737 Inactive(file):   112300 kB
1776799653.963338737 Unevictable:           0 kB
1776799653.963338737 Mlocked:               0 kB
1776799653.963338737 SwapTotal:             0 kB
1776799653.963338737 SwapFree:              0 kB
1776799653.963338737 Zswap:                 0 kB
1776799653.963338737 Zswapped:              0 kB
1776799653.963338737 Dirty:               980 kB
1776799653.963338737 Writeback:             0 kB
1776799653.963338737 AnonPages:        103196 kB
1776799653.963338737 Mapped:           105396 kB
1776799653.963338737 Shmem:              5248 kB
1776799653.963338737 KReclaimable:      32176 kB
1776799653.963338737 Slab:             123948 kB
1776799653.963338737 SReclaimable:      32176 kB
1776799653.963338737 SUnreclaim:        91772 kB
1776799653.963338737 KernelStack:        3168 kB
1776799653.963338737 PageTables:         4224 kB
1776799653.963338737 SecPageTables:         0 kB
1776799653.963338737 NFS_Unstable:          0 kB
1776799653.963338737 Bounce:                0 kB
1776799653.963338737 WritebackTmp:          0 kB
1776799653.963338737 CommitLimit:     3537964 kB
1776799653.963338737 Committed_AS:     508684 kB
1776799653.963338737 VmallocTotal:   135288315904 kB
1776799653.963338737 VmallocUsed:       25828 kB
1776799653.963338737 VmallocChunk:          0 kB
1776799653.963338737 Percpu:             1600 kB
1776799653.963338737 AnonHugePages:         0 kB
1776799653.963338737 ShmemHugePages:        0 kB
1776799653.963338737 ShmemPmdMapped:        0 kB
1776799653.963338737 FileHugePages:         0 kB
1776799653.963338737 FilePmdMapped:         0 kB
1776799653.963338737 CmaTotal:          65536 kB
1776799653.963338737 CmaFree:           49104 kB
1776799653.963338737 Balloon:               0 kB
1776799653.963338737 HugePages_Total:     512
1776799653.963338737 HugePages_Free:      469
1776799653.963338737 HugePages_Rsvd:        0
1776799653.963338737 HugePages_Surp:        0
1776799653.963338737 Hugepagesize:       2048 kB
1776799653.963338737 Hugetlb:         1048576 kB
1776799654.973747420 MemTotal:        8124504 kB
1776799654.973747420 MemFree:         6353760 kB
1776799654.973747420 MemAvailable:    6636316 kB
1776799654.973747420 Buffers:           32884 kB
1776799654.973747420 Cached:           378500 kB
1776799654.973747420 SwapCached:            0 kB
1776799654.973747420 Active:           402140 kB
1776799654.973747420 Inactive:         112304 kB
1776799654.973747420 Active(anon):     108216 kB
1776799654.973747420 Inactive(anon):        0 kB
1776799654.973747420 Active(file):     293924 kB
1776799654.973747420 Inactive(file):   112304 kB
1776799654.973747420 Unevictable:           0 kB
1776799654.973747420 Mlocked:               0 kB
1776799654.973747420 SwapTotal:             0 kB
1776799654.973747420 SwapFree:              0 kB
1776799654.973747420 Zswap:                 0 kB
1776799654.973747420 Zswapped:              0 kB
1776799654.973747420 Dirty:               984 kB
1776799654.973747420 Writeback:             0 kB
1776799654.973747420 AnonPages:        103236 kB
1776799654.973747420 Mapped:           105396 kB
1776799654.973747420 Shmem:              5248 kB
1776799654.973747420 KReclaimable:      32176 kB
1776799654.973747420 Slab:             123992 kB
1776799654.973747420 SReclaimable:      32176 kB
1776799654.973747420 SUnreclaim:        91816 kB
1776799654.973747420 KernelStack:        3184 kB
1776799654.973747420 PageTables:         4260 kB
1776799654.973747420 SecPageTables:         0 kB
1776799654.973747420 NFS_Unstable:          0 kB
1776799654.973747420 Bounce:                0 kB
1776799654.973747420 WritebackTmp:          0 kB
1776799654.973747420 CommitLimit:     3537964 kB
1776799654.973747420 Committed_AS:     508684 kB
1776799654.973747420 VmallocTotal:   135288315904 kB
1776799654.973747420 VmallocUsed:       25828 kB
1776799654.973747420 VmallocChunk:          0 kB
1776799654.973747420 Percpu:             1600 kB
1776799654.973747420 AnonHugePages:         0 kB
1776799654.973747420 ShmemHugePages:        0 kB
1776799654.973747420 ShmemPmdMapped:        0 kB
1776799654.973747420 FileHugePages:         0 kB
1776799654.973747420 FilePmdMapped:         0 kB
1776799654.973747420 CmaTotal:          65536 kB
1776799654.973747420 CmaFree:           49104 kB
1776799654.973747420 Balloon:               0 kB
1776799654.973747420 HugePages_Total:     512
1776799654.973747420 HugePages_Free:      469
1776799654.973747420 HugePages_Rsvd:        0
1776799654.973747420 HugePages_Surp:        0
1776799654.973747420 Hugepagesize:       2048 kB
1776799654.973747420 Hugetlb:         1048576 kB
1776799655.985593848 MemTotal:        8124504 kB
1776799655.985593848 MemFree:         6353508 kB
1776799655.985593848 MemAvailable:    6636076 kB
1776799655.985593848 Buffers:           32884 kB
1776799655.985593848 Cached:           378508 kB
1776799655.985593848 SwapCached:            0 kB
1776799655.985593848 Active:           402232 kB
1776799655.985593848 Inactive:         112312 kB
1776799655.985593848 Active(anon):     108304 kB
1776799655.985593848 Inactive(anon):        0 kB
1776799655.985593848 Active(file):     293928 kB
1776799655.985593848 Inactive(file):   112312 kB
1776799655.985593848 Unevictable:           0 kB
1776799655.985593848 Mlocked:               0 kB
1776799655.985593848 SwapTotal:             0 kB
1776799655.985593848 SwapFree:              0 kB
1776799655.985593848 Zswap:                 0 kB
1776799655.985593848 Zswapped:              0 kB
1776799655.985593848 Dirty:               992 kB
1776799655.985593848 Writeback:             0 kB
1776799655.985593848 AnonPages:        103224 kB
1776799655.985593848 Mapped:           105396 kB
1776799655.985593848 Shmem:              5248 kB
1776799655.985593848 KReclaimable:      32176 kB
1776799655.985593848 Slab:             123976 kB
1776799655.985593848 SReclaimable:      32176 kB
1776799655.985593848 SUnreclaim:        91800 kB
1776799655.985593848 KernelStack:        3184 kB
1776799655.985593848 PageTables:         4268 kB
1776799655.985593848 SecPageTables:         0 kB
1776799655.985593848 NFS_Unstable:          0 kB
1776799655.985593848 Bounce:                0 kB
1776799655.985593848 WritebackTmp:          0 kB
1776799655.985593848 CommitLimit:     3537964 kB
1776799655.985593848 Committed_AS:     508684 kB
1776799655.985593848 VmallocTotal:   135288315904 kB
1776799655.985593848 VmallocUsed:       25812 kB
1776799655.985593848 VmallocChunk:          0 kB
1776799655.985593848 Percpu:             1600 kB
1776799655.985593848 AnonHugePages:         0 kB
1776799655.985593848 ShmemHugePages:        0 kB
1776799655.985593848 ShmemPmdMapped:        0 kB
1776799655.985593848 FileHugePages:         0 kB
1776799655.985593848 FilePmdMapped:         0 kB
1776799655.985593848 CmaTotal:          65536 kB
1776799655.985593848 CmaFree:           49104 kB
1776799655.985593848 Balloon:               0 kB
1776799655.985593848 HugePages_Total:     512
1776799655.985593848 HugePages_Free:      469
1776799655.985593848 HugePages_Rsvd:        0
1776799655.985593848 HugePages_Surp:        0
1776799655.985593848 Hugepagesize:       2048 kB
1776799655.985593848 Hugetlb:         1048576 kB
1776799656.995826178 MemTotal:        8124504 kB
1776799656.995826178 MemFree:         6353348 kB
1776799656.995826178 MemAvailable:    6635928 kB
1776799656.995826178 Buffers:           32892 kB
1776799656.995826178 Cached:           378512 kB
1776799656.995826178 SwapCached:            0 kB
1776799656.995826178 Active:           402216 kB
1776799656.995826178 Inactive:         112324 kB
1776799656.995826178 Active(anon):     108288 kB
1776799656.995826178 Inactive(anon):        0 kB
1776799656.995826178 Active(file):     293928 kB
1776799656.995826178 Inactive(file):   112324 kB
1776799656.995826178 Unevictable:           0 kB
1776799656.995826178 Mlocked:               0 kB
1776799656.995826178 SwapTotal:             0 kB
1776799656.995826178 SwapFree:              0 kB
1776799656.995826178 Zswap:                 0 kB
1776799656.995826178 Zswapped:              0 kB
1776799656.995826178 Dirty:              1000 kB
1776799656.995826178 Writeback:             0 kB
1776799656.995826178 AnonPages:        103200 kB
1776799656.995826178 Mapped:           105396 kB
1776799656.995826178 Shmem:              5248 kB
1776799656.995826178 KReclaimable:      32176 kB
1776799656.995826178 Slab:             123884 kB
1776799656.995826178 SReclaimable:      32176 kB
1776799656.995826178 SUnreclaim:        91708 kB
1776799656.995826178 KernelStack:        3184 kB
1776799656.995826178 PageTables:         4260 kB
1776799656.995826178 SecPageTables:         0 kB
1776799656.995826178 NFS_Unstable:          0 kB
1776799656.995826178 Bounce:                0 kB
1776799656.995826178 WritebackTmp:          0 kB
1776799656.995826178 CommitLimit:     3537964 kB
1776799656.995826178 Committed_AS:     508684 kB
1776799656.995826178 VmallocTotal:   135288315904 kB
1776799656.995826178 VmallocUsed:       25812 kB
1776799656.995826178 VmallocChunk:          0 kB
1776799656.995826178 Percpu:             1600 kB
1776799656.995826178 AnonHugePages:         0 kB
1776799656.995826178 ShmemHugePages:        0 kB
1776799656.995826178 ShmemPmdMapped:        0 kB
1776799656.995826178 FileHugePages:         0 kB
1776799656.995826178 FilePmdMapped:         0 kB
1776799656.995826178 CmaTotal:          65536 kB
1776799656.995826178 CmaFree:           49104 kB
1776799656.995826178 Balloon:               0 kB
1776799656.995826178 HugePages_Total:     512
1776799656.995826178 HugePages_Free:      469
1776799656.995826178 HugePages_Rsvd:        0
1776799656.995826178 HugePages_Surp:        0
1776799656.995826178 Hugepagesize:       2048 kB
1776799656.995826178 Hugetlb:         1048576 kB
1776799658.007138215 MemTotal:        8124504 kB
1776799658.007138215 MemFree:         6350040 kB
1776799658.007138215 MemAvailable:    6632624 kB
1776799658.007138215 Buffers:           32892 kB
1776799658.007138215 Cached:           378520 kB
1776799658.007138215 SwapCached:            0 kB
1776799658.007138215 Active:           402108 kB
1776799658.007138215 Inactive:         112332 kB
1776799658.007138215 Active(anon):     108184 kB
1776799658.007138215 Inactive(anon):        0 kB
1776799658.007138215 Active(file):     293924 kB
1776799658.007138215 Inactive(file):   112332 kB
1776799658.007138215 Unevictable:           0 kB
1776799658.007138215 Mlocked:               0 kB
1776799658.007138215 SwapTotal:             0 kB
1776799658.007138215 SwapFree:              0 kB
1776799658.007138215 Zswap:                 0 kB
1776799658.007138215 Zswapped:              0 kB
1776799658.007138215 Dirty:              1008 kB
1776799658.007138215 Writeback:             0 kB
1776799658.007138215 AnonPages:        103192 kB
1776799658.007138215 Mapped:           105396 kB
1776799658.007138215 Shmem:              5248 kB
1776799658.007138215 KReclaimable:      32176 kB
1776799658.007138215 Slab:             123924 kB
1776799658.007138215 SReclaimable:      32176 kB
1776799658.007138215 SUnreclaim:        91748 kB
1776799658.007138215 KernelStack:        3168 kB
1776799658.007138215 PageTables:         4220 kB
1776799658.007138215 SecPageTables:         0 kB
1776799658.007138215 NFS_Unstable:          0 kB
1776799658.007138215 Bounce:                0 kB
1776799658.007138215 WritebackTmp:          0 kB
1776799658.007138215 CommitLimit:     3537964 kB
1776799658.007138215 Committed_AS:     508684 kB
1776799658.007138215 VmallocTotal:   135288315904 kB
1776799658.007138215 VmallocUsed:       25828 kB
1776799658.007138215 VmallocChunk:          0 kB
1776799658.007138215 Percpu:             1600 kB
1776799658.007138215 AnonHugePages:         0 kB
1776799658.007138215 ShmemHugePages:        0 kB
1776799658.007138215 ShmemPmdMapped:        0 kB
1776799658.007138215 FileHugePages:         0 kB
1776799658.007138215 FilePmdMapped:         0 kB
1776799658.007138215 CmaTotal:          65536 kB
1776799658.007138215 CmaFree:           49104 kB
1776799658.007138215 Balloon:               0 kB
1776799658.007138215 HugePages_Total:     512
1776799658.007138215 HugePages_Free:      469
1776799658.007138215 HugePages_Rsvd:        0
1776799658.007138215 HugePages_Surp:        0
1776799658.007138215 Hugepagesize:       2048 kB
1776799658.007138215 Hugetlb:         1048576 kB
1776799659.019449959 MemTotal:        8124504 kB
1776799659.019449959 MemFree:         6351328 kB
1776799659.019449959 MemAvailable:    6633916 kB
1776799659.019449959 Buffers:           32892 kB
1776799659.019449959 Cached:           378524 kB
1776799659.019449959 SwapCached:            0 kB
1776799659.019449959 Active:           402092 kB
1776799659.019449959 Inactive:         112336 kB
1776799659.019449959 Active(anon):     108168 kB
1776799659.019449959 Inactive(anon):        0 kB
1776799659.019449959 Active(file):     293924 kB
1776799659.019449959 Inactive(file):   112336 kB
1776799659.019449959 Unevictable:           0 kB
1776799659.019449959 Mlocked:               0 kB
1776799659.019449959 SwapTotal:             0 kB
1776799659.019449959 SwapFree:              0 kB
1776799659.019449959 Zswap:                 0 kB
1776799659.019449959 Zswapped:              0 kB
1776799659.019449959 Dirty:              1012 kB
1776799659.019449959 Writeback:             0 kB
1776799659.019449959 AnonPages:        103192 kB
1776799659.019449959 Mapped:           105396 kB
1776799659.019449959 Shmem:              5248 kB
1776799659.019449959 KReclaimable:      32176 kB
1776799659.019449959 Slab:             123992 kB
1776799659.019449959 SReclaimable:      32176 kB
1776799659.019449959 SUnreclaim:        91816 kB
1776799659.019449959 KernelStack:        3168 kB
1776799659.019449959 PageTables:         4232 kB
1776799659.019449959 SecPageTables:         0 kB
1776799659.019449959 NFS_Unstable:          0 kB
1776799659.019449959 Bounce:                0 kB
1776799659.019449959 WritebackTmp:          0 kB
1776799659.019449959 CommitLimit:     3537964 kB
1776799659.019449959 Committed_AS:     508684 kB
1776799659.019449959 VmallocTotal:   135288315904 kB
1776799659.019449959 VmallocUsed:       25828 kB
1776799659.019449959 VmallocChunk:          0 kB
1776799659.019449959 Percpu:             1600 kB
1776799659.019449959 AnonHugePages:         0 kB
1776799659.019449959 ShmemHugePages:        0 kB
1776799659.019449959 ShmemPmdMapped:        0 kB
1776799659.019449959 FileHugePages:         0 kB
1776799659.019449959 FilePmdMapped:         0 kB
1776799659.019449959 CmaTotal:          65536 kB
1776799659.019449959 CmaFree:           49104 kB
1776799659.019449959 Balloon:               0 kB
1776799659.019449959 HugePages_Total:     512
1776799659.019449959 HugePages_Free:      469
1776799659.019449959 HugePages_Rsvd:        0
1776799659.019449959 HugePages_Surp:        0
1776799659.019449959 Hugepagesize:       2048 kB
1776799659.019449959 Hugetlb:         1048576 kB
1776799660.029975105 MemTotal:        8124504 kB
1776799660.029975105 MemFree:         6352672 kB
1776799660.029975105 MemAvailable:    6635260 kB
1776799660.029975105 Buffers:           32892 kB
1776799660.029975105 Cached:           378524 kB
1776799660.029975105 SwapCached:            0 kB
1776799660.029975105 Active:           402088 kB
1776799660.029975105 Inactive:         112336 kB
1776799660.029975105 Active(anon):     108164 kB
1776799660.029975105 Inactive(anon):        0 kB
1776799660.029975105 Active(file):     293924 kB
1776799660.029975105 Inactive(file):   112336 kB
1776799660.029975105 Unevictable:           0 kB
1776799660.029975105 Mlocked:               0 kB
1776799660.029975105 SwapTotal:             0 kB
1776799660.029975105 SwapFree:              0 kB
1776799660.029975105 Zswap:                 0 kB
1776799660.029975105 Zswapped:              0 kB
1776799660.029975105 Dirty:              1012 kB
1776799660.029975105 Writeback:             0 kB
1776799660.029975105 AnonPages:        103200 kB
1776799660.029975105 Mapped:           105396 kB
1776799660.029975105 Shmem:              5248 kB
1776799660.029975105 KReclaimable:      32176 kB
1776799660.029975105 Slab:             123988 kB
1776799660.029975105 SReclaimable:      32176 kB
1776799660.029975105 SUnreclaim:        91812 kB
1776799660.029975105 KernelStack:        3168 kB
1776799660.029975105 PageTables:         4228 kB
1776799660.029975105 SecPageTables:         0 kB
1776799660.029975105 NFS_Unstable:          0 kB
1776799660.029975105 Bounce:                0 kB
1776799660.029975105 WritebackTmp:          0 kB
1776799660.029975105 CommitLimit:     3537964 kB
1776799660.029975105 Committed_AS:     508684 kB
1776799660.029975105 VmallocTotal:   135288315904 kB
1776799660.029975105 VmallocUsed:       25812 kB
1776799660.029975105 VmallocChunk:          0 kB
1776799660.029975105 Percpu:             1600 kB
1776799660.029975105 AnonHugePages:         0 kB
1776799660.029975105 ShmemHugePages:        0 kB
1776799660.029975105 ShmemPmdMapped:        0 kB
1776799660.029975105 FileHugePages:         0 kB
1776799660.029975105 FilePmdMapped:         0 kB
1776799660.029975105 CmaTotal:          65536 kB
1776799660.029975105 CmaFree:           49104 kB
1776799660.029975105 Balloon:               0 kB
1776799660.029975105 HugePages_Total:     512
1776799660.029975105 HugePages_Free:      469
1776799660.029975105 HugePages_Rsvd:        0
1776799660.029975105 HugePages_Surp:        0
1776799660.029975105 Hugepagesize:       2048 kB
1776799660.029975105 Hugetlb:         1048576 kB
1776799661.040295547 MemTotal:        8124504 kB
1776799661.040295547 MemFree:         6351860 kB
1776799661.040295547 MemAvailable:    6634456 kB
1776799661.040295547 Buffers:           32892 kB
1776799661.040295547 Cached:           378532 kB
1776799661.040295547 SwapCached:            0 kB
1776799661.040295547 Active:           402164 kB
1776799661.040295547 Inactive:         112344 kB
1776799661.040295547 Active(anon):     108240 kB
1776799661.040295547 Inactive(anon):        0 kB
1776799661.040295547 Active(file):     293924 kB
1776799661.040295547 Inactive(file):   112344 kB
1776799661.040295547 Unevictable:           0 kB
1776799661.040295547 Mlocked:               0 kB
1776799661.040295547 SwapTotal:             0 kB
1776799661.040295547 SwapFree:              0 kB
1776799661.040295547 Zswap:                 0 kB
1776799661.040295547 Zswapped:              0 kB
1776799661.040295547 Dirty:              1020 kB
1776799661.040295547 Writeback:             0 kB
1776799661.040295547 AnonPages:        103200 kB
1776799661.040295547 Mapped:           105396 kB
1776799661.040295547 Shmem:              5248 kB
1776799661.040295547 KReclaimable:      32176 kB
1776799661.040295547 Slab:             124092 kB
1776799661.040295547 SReclaimable:      32176 kB
1776799661.040295547 SUnreclaim:        91916 kB
1776799661.040295547 KernelStack:        3168 kB
1776799661.040295547 PageTables:         4228 kB
1776799661.040295547 SecPageTables:         0 kB
1776799661.040295547 NFS_Unstable:          0 kB
1776799661.040295547 Bounce:                0 kB
1776799661.040295547 WritebackTmp:          0 kB
1776799661.040295547 CommitLimit:     3537964 kB
1776799661.040295547 Committed_AS:     508684 kB
1776799661.040295547 VmallocTotal:   135288315904 kB
1776799661.040295547 VmallocUsed:       25828 kB
1776799661.040295547 VmallocChunk:          0 kB
1776799661.040295547 Percpu:             1600 kB
1776799661.040295547 AnonHugePages:         0 kB
1776799661.040295547 ShmemHugePages:        0 kB
1776799661.040295547 ShmemPmdMapped:        0 kB
1776799661.040295547 FileHugePages:         0 kB
1776799661.040295547 FilePmdMapped:         0 kB
1776799661.040295547 CmaTotal:          65536 kB
1776799661.040295547 CmaFree:           49104 kB
1776799661.040295547 Balloon:               0 kB
1776799661.040295547 HugePages_Total:     512
1776799661.040295547 HugePages_Free:      469
1776799661.040295547 HugePages_Rsvd:        0
1776799661.040295547 HugePages_Surp:        0
1776799661.040295547 Hugepagesize:       2048 kB
1776799661.040295547 Hugetlb:         1048576 kB
1776799662.050364581 MemTotal:        8124504 kB
1776799662.050364581 MemFree:         6353368 kB
1776799662.050364581 MemAvailable:    6635968 kB
1776799662.050364581 Buffers:           32900 kB
1776799662.050364581 Cached:           378532 kB
1776799662.050364581 SwapCached:            0 kB
1776799662.050364581 Active:           402112 kB
1776799662.050364581 Inactive:         112348 kB
1776799662.050364581 Active(anon):     108188 kB
1776799662.050364581 Inactive(anon):        0 kB
1776799662.050364581 Active(file):     293924 kB
1776799662.050364581 Inactive(file):   112348 kB
1776799662.050364581 Unevictable:           0 kB
1776799662.050364581 Mlocked:               0 kB
1776799662.050364581 SwapTotal:             0 kB
1776799662.050364581 SwapFree:              0 kB
1776799662.050364581 Zswap:                 0 kB
1776799662.050364581 Zswapped:              0 kB
1776799662.050364581 Dirty:              1020 kB
1776799662.050364581 Writeback:             0 kB
1776799662.050364581 AnonPages:        103192 kB
1776799662.050364581 Mapped:           105396 kB
1776799662.050364581 Shmem:              5248 kB
1776799662.050364581 KReclaimable:      32176 kB
1776799662.050364581 Slab:             124016 kB
1776799662.050364581 SReclaimable:      32176 kB
1776799662.050364581 SUnreclaim:        91840 kB
1776799662.050364581 KernelStack:        3168 kB
1776799662.050364581 PageTables:         4224 kB
1776799662.050364581 SecPageTables:         0 kB
1776799662.050364581 NFS_Unstable:          0 kB
1776799662.050364581 Bounce:                0 kB
1776799662.050364581 WritebackTmp:          0 kB
1776799662.050364581 CommitLimit:     3537964 kB
1776799662.050364581 Committed_AS:     508684 kB
1776799662.050364581 VmallocTotal:   135288315904 kB
1776799662.050364581 VmallocUsed:       25828 kB
1776799662.050364581 VmallocChunk:          0 kB
1776799662.050364581 Percpu:             1600 kB
1776799662.050364581 AnonHugePages:         0 kB
1776799662.050364581 ShmemHugePages:        0 kB
1776799662.050364581 ShmemPmdMapped:        0 kB
1776799662.050364581 FileHugePages:         0 kB
1776799662.050364581 FilePmdMapped:         0 kB
1776799662.050364581 CmaTotal:          65536 kB
1776799662.050364581 CmaFree:           49104 kB
1776799662.050364581 Balloon:               0 kB
1776799662.050364581 HugePages_Total:     512
1776799662.050364581 HugePages_Free:      469
1776799662.050364581 HugePages_Rsvd:        0
1776799662.050364581 HugePages_Surp:        0
1776799662.050364581 Hugepagesize:       2048 kB
1776799662.050364581 Hugetlb:         1048576 kB
1776799663.060928487 MemTotal:        8124504 kB
1776799663.060928487 MemFree:         6354068 kB
1776799663.060928487 MemAvailable:    6636680 kB
1776799663.060928487 Buffers:           32900 kB
1776799663.060928487 Cached:           378540 kB
1776799663.060928487 SwapCached:            0 kB
1776799663.060928487 Active:           402116 kB
1776799663.060928487 Inactive:         112360 kB
1776799663.060928487 Active(anon):     108192 kB
1776799663.060928487 Inactive(anon):        0 kB
1776799663.060928487 Active(file):     293924 kB
1776799663.060928487 Inactive(file):   112360 kB
1776799663.060928487 Unevictable:           0 kB
1776799663.060928487 Mlocked:               0 kB
1776799663.060928487 SwapTotal:             0 kB
1776799663.060928487 SwapFree:              0 kB
1776799663.060928487 Zswap:                 0 kB
1776799663.060928487 Zswapped:              0 kB
1776799663.060928487 Dirty:              1028 kB
1776799663.060928487 Writeback:             0 kB
1776799663.060928487 AnonPages:        103196 kB
1776799663.060928487 Mapped:           105396 kB
1776799663.060928487 Shmem:              5248 kB
1776799663.060928487 KReclaimable:      32176 kB
1776799663.060928487 Slab:             123976 kB
1776799663.060928487 SReclaimable:      32176 kB
1776799663.060928487 SUnreclaim:        91800 kB
1776799663.060928487 KernelStack:        3168 kB
1776799663.060928487 PageTables:         4228 kB
1776799663.060928487 SecPageTables:         0 kB
1776799663.060928487 NFS_Unstable:          0 kB
1776799663.060928487 Bounce:                0 kB
1776799663.060928487 WritebackTmp:          0 kB
1776799663.060928487 CommitLimit:     3537964 kB
1776799663.060928487 Committed_AS:     508684 kB
1776799663.060928487 VmallocTotal:   135288315904 kB
1776799663.060928487 VmallocUsed:       25812 kB
1776799663.060928487 VmallocChunk:          0 kB
1776799663.060928487 Percpu:             1600 kB
1776799663.060928487 AnonHugePages:         0 kB
1776799663.060928487 ShmemHugePages:        0 kB
1776799663.060928487 ShmemPmdMapped:        0 kB
1776799663.060928487 FileHugePages:         0 kB
1776799663.060928487 FilePmdMapped:         0 kB
1776799663.060928487 CmaTotal:          65536 kB
1776799663.060928487 CmaFree:           49104 kB
1776799663.060928487 Balloon:               0 kB
1776799663.060928487 HugePages_Total:     512
1776799663.060928487 HugePages_Free:      469
1776799663.060928487 HugePages_Rsvd:        0
1776799663.060928487 HugePages_Surp:        0
1776799663.060928487 Hugepagesize:       2048 kB
1776799663.060928487 Hugetlb:         1048576 kB
1776799664.072288283 MemTotal:        8124504 kB
1776799664.072288283 MemFree:         6355252 kB
1776799664.072288283 MemAvailable:    6637872 kB
1776799664.072288283 Buffers:           32900 kB
1776799664.072288283 Cached:           378552 kB
1776799664.072288283 SwapCached:            0 kB
1776799664.072288283 Active:           402160 kB
1776799664.072288283 Inactive:         112372 kB
1776799664.072288283 Active(anon):     108240 kB
1776799664.072288283 Inactive(anon):        0 kB
1776799664.072288283 Active(file):     293920 kB
1776799664.072288283 Inactive(file):   112372 kB
1776799664.072288283 Unevictable:           0 kB
1776799664.072288283 Mlocked:               0 kB
1776799664.072288283 SwapTotal:             0 kB
1776799664.072288283 SwapFree:              0 kB
1776799664.072288283 Zswap:                 0 kB
1776799664.072288283 Zswapped:              0 kB
1776799664.072288283 Dirty:              1040 kB
1776799664.072288283 Writeback:             0 kB
1776799664.072288283 AnonPages:        103216 kB
1776799664.072288283 Mapped:           105520 kB
1776799664.072288283 Shmem:              5248 kB
1776799664.072288283 KReclaimable:      32176 kB
1776799664.072288283 Slab:             123976 kB
1776799664.072288283 SReclaimable:      32176 kB
1776799664.072288283 SUnreclaim:        91800 kB
1776799664.072288283 KernelStack:        3168 kB
1776799664.072288283 PageTables:         4316 kB
1776799664.072288283 SecPageTables:         0 kB
1776799664.072288283 NFS_Unstable:          0 kB
1776799664.072288283 Bounce:                0 kB
1776799664.072288283 WritebackTmp:          0 kB
1776799664.072288283 CommitLimit:     3537964 kB
1776799664.072288283 Committed_AS:     508684 kB
1776799664.072288283 VmallocTotal:   135288315904 kB
1776799664.072288283 VmallocUsed:       25796 kB
1776799664.072288283 VmallocChunk:          0 kB
1776799664.072288283 Percpu:             1600 kB
1776799664.072288283 AnonHugePages:         0 kB
1776799664.072288283 ShmemHugePages:        0 kB
1776799664.072288283 ShmemPmdMapped:        0 kB
1776799664.072288283 FileHugePages:         0 kB
1776799664.072288283 FilePmdMapped:         0 kB
1776799664.072288283 CmaTotal:          65536 kB
1776799664.072288283 CmaFree:           49104 kB
1776799664.072288283 Balloon:               0 kB
1776799664.072288283 HugePages_Total:     512
1776799664.072288283 HugePages_Free:      469
1776799664.072288283 HugePages_Rsvd:        0
1776799664.072288283 HugePages_Surp:        0
1776799664.072288283 Hugepagesize:       2048 kB
1776799664.072288283 Hugetlb:         1048576 kB
1776799665.085534603 MemTotal:        8124504 kB
1776799665.085534603 MemFree:         6354704 kB
1776799665.085534603 MemAvailable:    6637328 kB
1776799665.085534603 Buffers:           32900 kB
1776799665.085534603 Cached:           378552 kB
1776799665.085534603 SwapCached:            0 kB
1776799665.085534603 Active:           402188 kB
1776799665.085534603 Inactive:         112372 kB
1776799665.085534603 Active(anon):     108264 kB
1776799665.085534603 Inactive(anon):        0 kB
1776799665.085534603 Active(file):     293924 kB
1776799665.085534603 Inactive(file):   112372 kB
1776799665.085534603 Unevictable:           0 kB
1776799665.085534603 Mlocked:               0 kB
1776799665.085534603 SwapTotal:             0 kB
1776799665.085534603 SwapFree:              0 kB
1776799665.085534603 Zswap:                 0 kB
1776799665.085534603 Zswapped:              0 kB
1776799665.085534603 Dirty:              1040 kB
1776799665.085534603 Writeback:             0 kB
1776799665.085534603 AnonPages:        103196 kB
1776799665.085534603 Mapped:           105396 kB
1776799665.085534603 Shmem:              5248 kB
1776799665.085534603 KReclaimable:      32176 kB
1776799665.085534603 Slab:             123996 kB
1776799665.085534603 SReclaimable:      32176 kB
1776799665.085534603 SUnreclaim:        91820 kB
1776799665.085534603 KernelStack:        3168 kB
1776799665.085534603 PageTables:         4236 kB
1776799665.085534603 SecPageTables:         0 kB
1776799665.085534603 NFS_Unstable:          0 kB
1776799665.085534603 Bounce:                0 kB
1776799665.085534603 WritebackTmp:          0 kB
1776799665.085534603 CommitLimit:     3537964 kB
1776799665.085534603 Committed_AS:     508684 kB
1776799665.085534603 VmallocTotal:   135288315904 kB
1776799665.085534603 VmallocUsed:       25812 kB
1776799665.085534603 VmallocChunk:          0 kB
1776799665.085534603 Percpu:             1600 kB
1776799665.085534603 AnonHugePages:         0 kB
1776799665.085534603 ShmemHugePages:        0 kB
1776799665.085534603 ShmemPmdMapped:        0 kB
1776799665.085534603 FileHugePages:         0 kB
1776799665.085534603 FilePmdMapped:         0 kB
1776799665.085534603 CmaTotal:          65536 kB
1776799665.085534603 CmaFree:           49104 kB
1776799665.085534603 Balloon:               0 kB
1776799665.085534603 HugePages_Total:     512
1776799665.085534603 HugePages_Free:      469
1776799665.085534603 HugePages_Rsvd:        0
1776799665.085534603 HugePages_Surp:        0
1776799665.085534603 Hugepagesize:       2048 kB
1776799665.085534603 Hugetlb:         1048576 kB
1776799666.098765053 MemTotal:        8124504 kB
1776799666.098765053 MemFree:         6355884 kB
1776799666.098765053 MemAvailable:    6638512 kB
1776799666.098765053 Buffers:           32900 kB
1776799666.098765053 Cached:           378556 kB
1776799666.098765053 SwapCached:            0 kB
1776799666.098765053 Active:           402116 kB
1776799666.098765053 Inactive:         112376 kB
1776799666.098765053 Active(anon):     108192 kB
1776799666.098765053 Inactive(anon):        0 kB
1776799666.098765053 Active(file):     293924 kB
1776799666.098765053 Inactive(file):   112376 kB
1776799666.098765053 Unevictable:           0 kB
1776799666.098765053 Mlocked:               0 kB
1776799666.098765053 SwapTotal:             0 kB
1776799666.098765053 SwapFree:              0 kB
1776799666.098765053 Zswap:                 0 kB
1776799666.098765053 Zswapped:              0 kB
1776799666.098765053 Dirty:              1044 kB
1776799666.098765053 Writeback:             0 kB
1776799666.098765053 AnonPages:        103200 kB
1776799666.098765053 Mapped:           105396 kB
1776799666.098765053 Shmem:              5248 kB
1776799666.098765053 KReclaimable:      32176 kB
1776799666.098765053 Slab:             124004 kB
1776799666.098765053 SReclaimable:      32176 kB
1776799666.098765053 SUnreclaim:        91828 kB
1776799666.098765053 KernelStack:        3168 kB
1776799666.098765053 PageTables:         4228 kB
1776799666.098765053 SecPageTables:         0 kB
1776799666.098765053 NFS_Unstable:          0 kB
1776799666.098765053 Bounce:                0 kB
1776799666.098765053 WritebackTmp:          0 kB
1776799666.098765053 CommitLimit:     3537964 kB
1776799666.098765053 Committed_AS:     508684 kB
1776799666.098765053 VmallocTotal:   135288315904 kB
1776799666.098765053 VmallocUsed:       25812 kB
1776799666.098765053 VmallocChunk:          0 kB
1776799666.098765053 Percpu:             1600 kB
1776799666.098765053 AnonHugePages:         0 kB
1776799666.098765053 ShmemHugePages:        0 kB
1776799666.098765053 ShmemPmdMapped:        0 kB
1776799666.098765053 FileHugePages:         0 kB
1776799666.098765053 FilePmdMapped:         0 kB
1776799666.098765053 CmaTotal:          65536 kB
1776799666.098765053 CmaFree:           49104 kB
1776799666.098765053 Balloon:               0 kB
1776799666.098765053 HugePages_Total:     512
1776799666.098765053 HugePages_Free:      469
1776799666.098765053 HugePages_Rsvd:        0
1776799666.098765053 HugePages_Surp:        0
1776799666.098765053 Hugepagesize:       2048 kB
1776799666.098765053 Hugetlb:         1048576 kB
1776799667.115687235 MemTotal:        8124504 kB
1776799667.115687235 MemFree:         6352184 kB
1776799667.115687235 MemAvailable:    6634820 kB
1776799667.115687235 Buffers:           32908 kB
1776799667.115687235 Cached:           378552 kB
1776799667.115687235 SwapCached:            0 kB
1776799667.115687235 Active:           402060 kB
1776799667.115687235 Inactive:         112380 kB
1776799667.115687235 Active(anon):     108132 kB
1776799667.115687235 Inactive(anon):        0 kB
1776799667.115687235 Active(file):     293928 kB
1776799667.115687235 Inactive(file):   112380 kB
1776799667.115687235 Unevictable:           0 kB
1776799667.115687235 Mlocked:               0 kB
1776799667.115687235 SwapTotal:             0 kB
1776799667.115687235 SwapFree:              0 kB
1776799667.115687235 Zswap:                 0 kB
1776799667.115687235 Zswapped:              0 kB
1776799667.115687235 Dirty:               136 kB
1776799667.115687235 Writeback:             0 kB
1776799667.115687235 AnonPages:        103048 kB
1776799667.115687235 Mapped:           105332 kB
1776799667.115687235 Shmem:              5248 kB
1776799667.115687235 KReclaimable:      32176 kB
1776799667.115687235 Slab:             124152 kB
1776799667.115687235 SReclaimable:      32176 kB
1776799667.115687235 SUnreclaim:        91976 kB
1776799667.115687235 KernelStack:        3168 kB
1776799667.115687235 PageTables:         4664 kB
1776799667.115687235 SecPageTables:         0 kB
1776799667.115687235 NFS_Unstable:          0 kB
1776799667.115687235 Bounce:                0 kB
1776799667.115687235 WritebackTmp:          0 kB
1776799667.115687235 CommitLimit:     3537964 kB
1776799667.115687235 Committed_AS:     508684 kB
1776799667.115687235 VmallocTotal:   135288315904 kB
1776799667.115687235 VmallocUsed:       25860 kB
1776799667.115687235 VmallocChunk:          0 kB
1776799667.115687235 Percpu:             1600 kB
1776799667.115687235 AnonHugePages:         0 kB
1776799667.115687235 ShmemHugePages:        0 kB
1776799667.115687235 ShmemPmdMapped:        0 kB
1776799667.115687235 FileHugePages:         0 kB
1776799667.115687235 FilePmdMapped:         0 kB
1776799667.115687235 CmaTotal:          65536 kB
1776799667.115687235 CmaFree:           49104 kB
1776799667.115687235 Balloon:               0 kB
1776799667.115687235 HugePages_Total:     512
1776799667.115687235 HugePages_Free:      469
1776799667.115687235 HugePages_Rsvd:        0
1776799667.115687235 HugePages_Surp:        0
1776799667.115687235 Hugepagesize:       2048 kB
1776799667.115687235 Hugetlb:         1048576 kB
1776799668.131668377 MemTotal:        8124504 kB
1776799668.131668377 MemFree:         6353396 kB
1776799668.131668377 MemAvailable:    6636036 kB
1776799668.131668377 Buffers:           32908 kB
1776799668.131668377 Cached:           378564 kB
1776799668.131668377 SwapCached:            0 kB
1776799668.131668377 Active:           402184 kB
1776799668.131668377 Inactive:         112388 kB
1776799668.131668377 Active(anon):     108260 kB
1776799668.131668377 Inactive(anon):        0 kB
1776799668.131668377 Active(file):     293924 kB
1776799668.131668377 Inactive(file):   112388 kB
1776799668.131668377 Unevictable:           0 kB
1776799668.131668377 Mlocked:               0 kB
1776799668.131668377 SwapTotal:             0 kB
1776799668.131668377 SwapFree:              0 kB
1776799668.131668377 Zswap:                 0 kB
1776799668.131668377 Zswapped:              0 kB
1776799668.131668377 Dirty:               140 kB
1776799668.131668377 Writeback:             0 kB
1776799668.131668377 AnonPages:        103164 kB
1776799668.131668377 Mapped:           105520 kB
1776799668.131668377 Shmem:              5248 kB
1776799668.131668377 KReclaimable:      32176 kB
1776799668.131668377 Slab:             123984 kB
1776799668.131668377 SReclaimable:      32176 kB
1776799668.131668377 SUnreclaim:        91808 kB
1776799668.131668377 KernelStack:        3208 kB
1776799668.131668377 PageTables:         4600 kB
1776799668.131668377 SecPageTables:         0 kB
1776799668.131668377 NFS_Unstable:          0 kB
1776799668.131668377 Bounce:                0 kB
1776799668.131668377 WritebackTmp:          0 kB
1776799668.131668377 CommitLimit:     3537964 kB
1776799668.131668377 Committed_AS:     509164 kB
1776799668.131668377 VmallocTotal:   135288315904 kB
1776799668.131668377 VmallocUsed:       25844 kB
1776799668.131668377 VmallocChunk:          0 kB
1776799668.131668377 Percpu:             1600 kB
1776799668.131668377 AnonHugePages:         0 kB
1776799668.131668377 ShmemHugePages:        0 kB
1776799668.131668377 ShmemPmdMapped:        0 kB
1776799668.131668377 FileHugePages:         0 kB
1776799668.131668377 FilePmdMapped:         0 kB
1776799668.131668377 CmaTotal:          65536 kB
1776799668.131668377 CmaFree:           49104 kB
1776799668.131668377 Balloon:               0 kB
1776799668.131668377 HugePages_Total:     512
1776799668.131668377 HugePages_Free:      469
1776799668.131668377 HugePages_Rsvd:        0
1776799668.131668377 HugePages_Surp:        0
1776799668.131668377 Hugepagesize:       2048 kB
1776799668.131668377 Hugetlb:         1048576 kB
1776799669.142651617 MemTotal:        8124504 kB
1776799669.142651617 MemFree:         6355512 kB
1776799669.142651617 MemAvailable:    6638168 kB
1776799669.142651617 Buffers:           32908 kB
1776799669.142651617 Cached:           378572 kB
1776799669.142651617 SwapCached:            0 kB
1776799669.142651617 Active:           402248 kB
1776799669.142651617 Inactive:         112400 kB
1776799669.142651617 Active(anon):     108320 kB
1776799669.142651617 Inactive(anon):        0 kB
1776799669.142651617 Active(file):     293928 kB
1776799669.142651617 Inactive(file):   112400 kB
1776799669.142651617 Unevictable:           0 kB
1776799669.142651617 Mlocked:               0 kB
1776799669.142651617 SwapTotal:             0 kB
1776799669.142651617 SwapFree:              0 kB
1776799669.142651617 Zswap:                 0 kB
1776799669.142651617 Zswapped:              0 kB
1776799669.142651617 Dirty:               148 kB
1776799669.142651617 Writeback:             0 kB
1776799669.142651617 AnonPages:        103196 kB
1776799669.142651617 Mapped:           105396 kB
1776799669.142651617 Shmem:              5248 kB
1776799669.142651617 KReclaimable:      32176 kB
1776799669.142651617 Slab:             123888 kB
1776799669.142651617 SReclaimable:      32176 kB
1776799669.142651617 SUnreclaim:        91712 kB
1776799669.142651617 KernelStack:        3168 kB
1776799669.142651617 PageTables:         4216 kB
1776799669.142651617 SecPageTables:         0 kB
1776799669.142651617 NFS_Unstable:          0 kB
1776799669.142651617 Bounce:                0 kB
1776799669.142651617 WritebackTmp:          0 kB
1776799669.142651617 CommitLimit:     3537964 kB
1776799669.142651617 Committed_AS:     508684 kB
1776799669.142651617 VmallocTotal:   135288315904 kB
1776799669.142651617 VmallocUsed:       25812 kB
1776799669.142651617 VmallocChunk:          0 kB
1776799669.142651617 Percpu:             1600 kB
1776799669.142651617 AnonHugePages:         0 kB
1776799669.142651617 ShmemHugePages:        0 kB
1776799669.142651617 ShmemPmdMapped:        0 kB
1776799669.142651617 FileHugePages:         0 kB
1776799669.142651617 FilePmdMapped:         0 kB
1776799669.142651617 CmaTotal:          65536 kB
1776799669.142651617 CmaFree:           49104 kB
1776799669.142651617 Balloon:               0 kB
1776799669.142651617 HugePages_Total:     512
1776799669.142651617 HugePages_Free:      469
1776799669.142651617 HugePages_Rsvd:        0
1776799669.142651617 HugePages_Surp:        0
1776799669.142651617 Hugepagesize:       2048 kB
1776799669.142651617 Hugetlb:         1048576 kB
1776799670.153819895 MemTotal:        8124504 kB
1776799670.153819895 MemFree:         6355008 kB
1776799670.153819895 MemAvailable:    6637660 kB
1776799670.153819895 Buffers:           32908 kB
1776799670.153819895 Cached:           378580 kB
1776799670.153819895 SwapCached:            0 kB
1776799670.153819895 Active:           402060 kB
1776799670.153819895 Inactive:         112404 kB
1776799670.153819895 Active(anon):     108140 kB
1776799670.153819895 Inactive(anon):        0 kB
1776799670.153819895 Active(file):     293920 kB
1776799670.153819895 Inactive(file):   112404 kB
1776799670.153819895 Unevictable:           0 kB
1776799670.153819895 Mlocked:               0 kB
1776799670.153819895 SwapTotal:             0 kB
1776799670.153819895 SwapFree:              0 kB
1776799670.153819895 Zswap:                 0 kB
1776799670.153819895 Zswapped:              0 kB
1776799670.153819895 Dirty:               156 kB
1776799670.153819895 Writeback:             0 kB
1776799670.153819895 AnonPages:        103108 kB
1776799670.153819895 Mapped:           105396 kB
1776799670.153819895 Shmem:              5248 kB
1776799670.153819895 KReclaimable:      32176 kB
1776799670.153819895 Slab:             123988 kB
1776799670.153819895 SReclaimable:      32176 kB
1776799670.153819895 SUnreclaim:        91812 kB
1776799670.153819895 KernelStack:        3152 kB
1776799670.153819895 PageTables:         4224 kB
1776799670.153819895 SecPageTables:         0 kB
1776799670.153819895 NFS_Unstable:          0 kB
1776799670.153819895 Bounce:                0 kB
1776799670.153819895 WritebackTmp:          0 kB
1776799670.153819895 CommitLimit:     3537964 kB
1776799670.153819895 Committed_AS:     508684 kB
1776799670.153819895 VmallocTotal:   135288315904 kB
1776799670.153819895 VmallocUsed:       25796 kB
1776799670.153819895 VmallocChunk:          0 kB
1776799670.153819895 Percpu:             1600 kB
1776799670.153819895 AnonHugePages:         0 kB
1776799670.153819895 ShmemHugePages:        0 kB
1776799670.153819895 ShmemPmdMapped:        0 kB
1776799670.153819895 FileHugePages:         0 kB
1776799670.153819895 FilePmdMapped:         0 kB
1776799670.153819895 CmaTotal:          65536 kB
1776799670.153819895 CmaFree:           49104 kB
1776799670.153819895 Balloon:               0 kB
1776799670.153819895 HugePages_Total:     512
1776799670.153819895 HugePages_Free:      469
1776799670.153819895 HugePages_Rsvd:        0
1776799670.153819895 HugePages_Surp:        0
1776799670.153819895 Hugepagesize:       2048 kB
1776799670.153819895 Hugetlb:         1048576 kB
1776799671.163342760 MemTotal:        8124504 kB
1776799671.163342760 MemFree:         6348708 kB
1776799671.163342760 MemAvailable:    6631372 kB
1776799671.163342760 Buffers:           32908 kB
1776799671.163342760 Cached:           378580 kB
1776799671.163342760 SwapCached:            0 kB
1776799671.163342760 Active:           402208 kB
1776799671.163342760 Inactive:         112408 kB
1776799671.163342760 Active(anon):     108280 kB
1776799671.163342760 Inactive(anon):        0 kB
1776799671.163342760 Active(file):     293928 kB
1776799671.163342760 Inactive(file):   112408 kB
1776799671.163342760 Unevictable:           0 kB
1776799671.163342760 Mlocked:               0 kB
1776799671.163342760 SwapTotal:             0 kB
1776799671.163342760 SwapFree:              0 kB
1776799671.163342760 Zswap:                 0 kB
1776799671.163342760 Zswapped:              0 kB
1776799671.163342760 Dirty:               156 kB
1776799671.163342760 Writeback:             0 kB
1776799671.163342760 AnonPages:        103200 kB
1776799671.163342760 Mapped:           105396 kB
1776799671.163342760 Shmem:              5248 kB
1776799671.163342760 KReclaimable:      32176 kB
1776799671.163342760 Slab:             124064 kB
1776799671.163342760 SReclaimable:      32176 kB
1776799671.163342760 SUnreclaim:        91888 kB
1776799671.163342760 KernelStack:        3168 kB
1776799671.163342760 PageTables:         4236 kB
1776799671.163342760 SecPageTables:         0 kB
1776799671.163342760 NFS_Unstable:          0 kB
1776799671.163342760 Bounce:                0 kB
1776799671.163342760 WritebackTmp:          0 kB
1776799671.163342760 CommitLimit:     3537964 kB
1776799671.163342760 Committed_AS:     508684 kB
1776799671.163342760 VmallocTotal:   135288315904 kB
1776799671.163342760 VmallocUsed:       25812 kB
1776799671.163342760 VmallocChunk:          0 kB
1776799671.163342760 Percpu:             1600 kB
1776799671.163342760 AnonHugePages:         0 kB
1776799671.163342760 ShmemHugePages:        0 kB
1776799671.163342760 ShmemPmdMapped:        0 kB
1776799671.163342760 FileHugePages:         0 kB
1776799671.163342760 FilePmdMapped:         0 kB
1776799671.163342760 CmaTotal:          65536 kB
1776799671.163342760 CmaFree:           49104 kB
1776799671.163342760 Balloon:               0 kB
1776799671.163342760 HugePages_Total:     512
1776799671.163342760 HugePages_Free:      469
1776799671.163342760 HugePages_Rsvd:        0
1776799671.163342760 HugePages_Surp:        0
1776799671.163342760 Hugepagesize:       2048 kB
1776799671.163342760 Hugetlb:         1048576 kB
1776799672.172893682 MemTotal:        8124504 kB
1776799672.172893682 MemFree:         6350520 kB
1776799672.172893682 MemAvailable:    6633184 kB
1776799672.172893682 Buffers:           32912 kB
1776799672.172893682 Cached:           378584 kB
1776799672.172893682 SwapCached:            0 kB
1776799672.172893682 Active:           402104 kB
1776799672.172893682 Inactive:         112412 kB
1776799672.172893682 Active(anon):     108180 kB
1776799672.172893682 Inactive(anon):        0 kB
1776799672.172893682 Active(file):     293924 kB
1776799672.172893682 Inactive(file):   112412 kB
1776799672.172893682 Unevictable:           0 kB
1776799672.172893682 Mlocked:               0 kB
1776799672.172893682 SwapTotal:             0 kB
1776799672.172893682 SwapFree:              0 kB
1776799672.172893682 Zswap:                 0 kB
1776799672.172893682 Zswapped:              0 kB
1776799672.172893682 Dirty:               164 kB
1776799672.172893682 Writeback:             0 kB
1776799672.172893682 AnonPages:        103112 kB
1776799672.172893682 Mapped:           105396 kB
1776799672.172893682 Shmem:              5248 kB
1776799672.172893682 KReclaimable:      32176 kB
1776799672.172893682 Slab:             124016 kB
1776799672.172893682 SReclaimable:      32176 kB
1776799672.172893682 SUnreclaim:        91840 kB
1776799672.172893682 KernelStack:        3168 kB
1776799672.172893682 PageTables:         4228 kB
1776799672.172893682 SecPageTables:         0 kB
1776799672.172893682 NFS_Unstable:          0 kB
1776799672.172893682 Bounce:                0 kB
1776799672.172893682 WritebackTmp:          0 kB
1776799672.172893682 CommitLimit:     3537964 kB
1776799672.172893682 Committed_AS:     508684 kB
1776799672.172893682 VmallocTotal:   135288315904 kB
1776799672.172893682 VmallocUsed:       25812 kB
1776799672.172893682 VmallocChunk:          0 kB
1776799672.172893682 Percpu:             1600 kB
1776799672.172893682 AnonHugePages:         0 kB
1776799672.172893682 ShmemHugePages:        0 kB
1776799672.172893682 ShmemPmdMapped:        0 kB
1776799672.172893682 FileHugePages:         0 kB
1776799672.172893682 FilePmdMapped:         0 kB
1776799672.172893682 CmaTotal:          65536 kB
1776799672.172893682 CmaFree:           49104 kB
1776799672.172893682 Balloon:               0 kB
1776799672.172893682 HugePages_Total:     512
1776799672.172893682 HugePages_Free:      469
1776799672.172893682 HugePages_Rsvd:        0
1776799672.172893682 HugePages_Surp:        0
1776799672.172893682 Hugepagesize:       2048 kB
1776799672.172893682 Hugetlb:         1048576 kB
1776799673.183546643 MemTotal:        8124504 kB
1776799673.183546643 MemFree:         6350008 kB
1776799673.183546643 MemAvailable:    6632684 kB
1776799673.183546643 Buffers:           32916 kB
1776799673.183546643 Cached:           378588 kB
1776799673.183546643 SwapCached:            0 kB
1776799673.183546643 Active:           402128 kB
1776799673.183546643 Inactive:         112424 kB
1776799673.183546643 Active(anon):     108204 kB
1776799673.183546643 Inactive(anon):        0 kB
1776799673.183546643 Active(file):     293924 kB
1776799673.183546643 Inactive(file):   112424 kB
1776799673.183546643 Unevictable:           0 kB
1776799673.183546643 Mlocked:               0 kB
1776799673.183546643 SwapTotal:             0 kB
1776799673.183546643 SwapFree:              0 kB
1776799673.183546643 Zswap:                 0 kB
1776799673.183546643 Zswapped:              0 kB
1776799673.183546643 Dirty:               164 kB
1776799673.183546643 Writeback:             0 kB
1776799673.183546643 AnonPages:        103196 kB
1776799673.183546643 Mapped:           105396 kB
1776799673.183546643 Shmem:              5248 kB
1776799673.183546643 KReclaimable:      32176 kB
1776799673.183546643 Slab:             123980 kB
1776799673.183546643 SReclaimable:      32176 kB
1776799673.183546643 SUnreclaim:        91804 kB
1776799673.183546643 KernelStack:        3168 kB
1776799673.183546643 PageTables:         4240 kB
1776799673.183546643 SecPageTables:         0 kB
1776799673.183546643 NFS_Unstable:          0 kB
1776799673.183546643 Bounce:                0 kB
1776799673.183546643 WritebackTmp:          0 kB
1776799673.183546643 CommitLimit:     3537964 kB
1776799673.183546643 Committed_AS:     508684 kB
1776799673.183546643 VmallocTotal:   135288315904 kB
1776799673.183546643 VmallocUsed:       25828 kB
1776799673.183546643 VmallocChunk:          0 kB
1776799673.183546643 Percpu:             1600 kB
1776799673.183546643 AnonHugePages:         0 kB
1776799673.183546643 ShmemHugePages:        0 kB
1776799673.183546643 ShmemPmdMapped:        0 kB
1776799673.183546643 FileHugePages:         0 kB
1776799673.183546643 FilePmdMapped:         0 kB
1776799673.183546643 CmaTotal:          65536 kB
1776799673.183546643 CmaFree:           49104 kB
1776799673.183546643 Balloon:               0 kB
1776799673.183546643 HugePages_Total:     512
1776799673.183546643 HugePages_Free:      469
1776799673.183546643 HugePages_Rsvd:        0
1776799673.183546643 HugePages_Surp:        0
1776799673.183546643 Hugepagesize:       2048 kB
1776799673.183546643 Hugetlb:         1048576 kB
1776799674.192860471 MemTotal:        8124504 kB
1776799674.192860471 MemFree:         6350432 kB
1776799674.192860471 MemAvailable:    6633108 kB
1776799674.192860471 Buffers:           32916 kB
1776799674.192860471 Cached:           378592 kB
1776799674.192860471 SwapCached:            0 kB
1776799674.192860471 Active:           402180 kB
1776799674.192860471 Inactive:         112428 kB
1776799674.192860471 Active(anon):     108260 kB
1776799674.192860471 Inactive(anon):        0 kB
1776799674.192860471 Active(file):     293920 kB
1776799674.192860471 Inactive(file):   112428 kB
1776799674.192860471 Unevictable:           0 kB
1776799674.192860471 Mlocked:               0 kB
1776799674.192860471 SwapTotal:             0 kB
1776799674.192860471 SwapFree:              0 kB
1776799674.192860471 Zswap:                 0 kB
1776799674.192860471 Zswapped:              0 kB
1776799674.192860471 Dirty:               168 kB
1776799674.192860471 Writeback:             0 kB
1776799674.192860471 AnonPages:        103112 kB
1776799674.192860471 Mapped:           105396 kB
1776799674.192860471 Shmem:              5248 kB
1776799674.192860471 KReclaimable:      32176 kB
1776799674.192860471 Slab:             123976 kB
1776799674.192860471 SReclaimable:      32176 kB
1776799674.192860471 SUnreclaim:        91800 kB
1776799674.192860471 KernelStack:        3152 kB
1776799674.192860471 PageTables:         4224 kB
1776799674.192860471 SecPageTables:         0 kB
1776799674.192860471 NFS_Unstable:          0 kB
1776799674.192860471 Bounce:                0 kB
1776799674.192860471 WritebackTmp:          0 kB
1776799674.192860471 CommitLimit:     3537964 kB
1776799674.192860471 Committed_AS:     508684 kB
1776799674.192860471 VmallocTotal:   135288315904 kB
1776799674.192860471 VmallocUsed:       25828 kB
1776799674.192860471 VmallocChunk:          0 kB
1776799674.192860471 Percpu:             1600 kB
1776799674.192860471 AnonHugePages:         0 kB
1776799674.192860471 ShmemHugePages:        0 kB
1776799674.192860471 ShmemPmdMapped:        0 kB
1776799674.192860471 FileHugePages:         0 kB
1776799674.192860471 FilePmdMapped:         0 kB
1776799674.192860471 CmaTotal:          65536 kB
1776799674.192860471 CmaFree:           49104 kB
1776799674.192860471 Balloon:               0 kB
1776799674.192860471 HugePages_Total:     512
1776799674.192860471 HugePages_Free:      469
1776799674.192860471 HugePages_Rsvd:        0
1776799674.192860471 HugePages_Surp:        0
1776799674.192860471 Hugepagesize:       2048 kB
1776799674.192860471 Hugetlb:         1048576 kB
1776799675.202762431 MemTotal:        8124504 kB
1776799675.202762431 MemFree:         6350364 kB
1776799675.202762431 MemAvailable:    6633052 kB
1776799675.202762431 Buffers:           32916 kB
1776799675.202762431 Cached:           378604 kB
1776799675.202762431 SwapCached:            0 kB
1776799675.202762431 Active:           402280 kB
1776799675.202762431 Inactive:         112436 kB
1776799675.202762431 Active(anon):     108356 kB
1776799675.202762431 Inactive(anon):        0 kB
1776799675.202762431 Active(file):     293924 kB
1776799675.202762431 Inactive(file):   112436 kB
1776799675.202762431 Unevictable:           0 kB
1776799675.202762431 Mlocked:               0 kB
1776799675.202762431 SwapTotal:             0 kB
1776799675.202762431 SwapFree:              0 kB
1776799675.202762431 Zswap:                 0 kB
1776799675.202762431 Zswapped:              0 kB
1776799675.202762431 Dirty:                20 kB
1776799675.202762431 Writeback:             0 kB
1776799675.202762431 AnonPages:        103196 kB
1776799675.202762431 Mapped:           105436 kB
1776799675.202762431 Shmem:              5248 kB
1776799675.202762431 KReclaimable:      32176 kB
1776799675.202762431 Slab:             124028 kB
1776799675.202762431 SReclaimable:      32176 kB
1776799675.202762431 SUnreclaim:        91852 kB
1776799675.202762431 KernelStack:        3168 kB
1776799675.202762431 PageTables:         4228 kB
1776799675.202762431 SecPageTables:         0 kB
1776799675.202762431 NFS_Unstable:          0 kB
1776799675.202762431 Bounce:                0 kB
1776799675.202762431 WritebackTmp:          0 kB
1776799675.202762431 CommitLimit:     3537964 kB
1776799675.202762431 Committed_AS:     508684 kB
1776799675.202762431 VmallocTotal:   135288315904 kB
1776799675.202762431 VmallocUsed:       25828 kB
1776799675.202762431 VmallocChunk:          0 kB
1776799675.202762431 Percpu:             1600 kB
1776799675.202762431 AnonHugePages:         0 kB
1776799675.202762431 ShmemHugePages:        0 kB
1776799675.202762431 ShmemPmdMapped:        0 kB
1776799675.202762431 FileHugePages:         0 kB
1776799675.202762431 FilePmdMapped:         0 kB
1776799675.202762431 CmaTotal:          65536 kB
1776799675.202762431 CmaFree:           49104 kB
1776799675.202762431 Balloon:               0 kB
1776799675.202762431 HugePages_Total:     512
1776799675.202762431 HugePages_Free:      469
1776799675.202762431 HugePages_Rsvd:        0
1776799675.202762431 HugePages_Surp:        0
1776799675.202762431 Hugepagesize:       2048 kB
1776799675.202762431 Hugetlb:         1048576 kB
1776799676.213533596 MemTotal:        8124504 kB
1776799676.213533596 MemFree:         6352248 kB
1776799676.213533596 MemAvailable:    6634936 kB
1776799676.213533596 Buffers:           32916 kB
1776799676.213533596 Cached:           378604 kB
1776799676.213533596 SwapCached:            0 kB
1776799676.213533596 Active:           402152 kB
1776799676.213533596 Inactive:         112440 kB
1776799676.213533596 Active(anon):     108232 kB
1776799676.213533596 Inactive(anon):        0 kB
1776799676.213533596 Active(file):     293920 kB
1776799676.213533596 Inactive(file):   112440 kB
1776799676.213533596 Unevictable:           0 kB
1776799676.213533596 Mlocked:               0 kB
1776799676.213533596 SwapTotal:             0 kB
1776799676.213533596 SwapFree:              0 kB
1776799676.213533596 Zswap:                 0 kB
1776799676.213533596 Zswapped:              0 kB
1776799676.213533596 Dirty:                28 kB
1776799676.213533596 Writeback:             0 kB
1776799676.213533596 AnonPages:        103112 kB
1776799676.213533596 Mapped:           105396 kB
1776799676.213533596 Shmem:              5248 kB
1776799676.213533596 KReclaimable:      32176 kB
1776799676.213533596 Slab:             123960 kB
1776799676.213533596 SReclaimable:      32176 kB
1776799676.213533596 SUnreclaim:        91784 kB
1776799676.213533596 KernelStack:        3152 kB
1776799676.213533596 PageTables:         4232 kB
1776799676.213533596 SecPageTables:         0 kB
1776799676.213533596 NFS_Unstable:          0 kB
1776799676.213533596 Bounce:                0 kB
1776799676.213533596 WritebackTmp:          0 kB
1776799676.213533596 CommitLimit:     3537964 kB
1776799676.213533596 Committed_AS:     508684 kB
1776799676.213533596 VmallocTotal:   135288315904 kB
1776799676.213533596 VmallocUsed:       25812 kB
1776799676.213533596 VmallocChunk:          0 kB
1776799676.213533596 Percpu:             1600 kB
1776799676.213533596 AnonHugePages:         0 kB
1776799676.213533596 ShmemHugePages:        0 kB
1776799676.213533596 ShmemPmdMapped:        0 kB
1776799676.213533596 FileHugePages:         0 kB
1776799676.213533596 FilePmdMapped:         0 kB
1776799676.213533596 CmaTotal:          65536 kB
1776799676.213533596 CmaFree:           49104 kB
1776799676.213533596 Balloon:               0 kB
1776799676.213533596 HugePages_Total:     512
1776799676.213533596 HugePages_Free:      469
1776799676.213533596 HugePages_Rsvd:        0
1776799676.213533596 HugePages_Surp:        0
1776799676.213533596 Hugepagesize:       2048 kB
1776799676.213533596 Hugetlb:         1048576 kB
