# timestamp field value_kB
1776966794.070148828 MemTotal:        8124504 kB
1776966794.070148828 MemFree:         6366752 kB
1776966794.070148828 MemAvailable:    6646392 kB
1776966794.070148828 Buffers:           30984 kB
1776966794.070148828 Cached:           378452 kB
1776966794.070148828 SwapCached:            0 kB
1776966794.070148828 Active:           405372 kB
1776966794.070148828 Inactive:         101520 kB
1776966794.070148828 Active(anon):     102624 kB
1776966794.070148828 Inactive(anon):        0 kB
1776966794.070148828 Active(file):     302748 kB
1776966794.070148828 Inactive(file):   101520 kB
1776966794.070148828 Unevictable:           0 kB
1776966794.070148828 Mlocked:               0 kB
1776966794.070148828 SwapTotal:             0 kB
1776966794.070148828 SwapFree:              0 kB
1776966794.070148828 Zswap:                 0 kB
1776966794.070148828 Zswapped:              0 kB
1776966794.070148828 Dirty:               280 kB
1776966794.070148828 Writeback:             0 kB
1776966794.070148828 AnonPages:         97624 kB
1776966794.070148828 Mapped:           106216 kB
1776966794.070148828 Shmem:              5248 kB
1776966794.070148828 KReclaimable:      30264 kB
1776966794.070148828 Slab:             119388 kB
1776966794.070148828 SReclaimable:      30264 kB
1776966794.070148828 SUnreclaim:        89124 kB
1776966794.070148828 KernelStack:        3328 kB
1776966794.070148828 PageTables:         4672 kB
1776966794.070148828 SecPageTables:         0 kB
1776966794.070148828 NFS_Unstable:          0 kB
1776966794.070148828 Bounce:                0 kB
1776966794.070148828 WritebackTmp:          0 kB
1776966794.070148828 CommitLimit:     3537964 kB
1776966794.070148828 Committed_AS:     512616 kB
1776966794.070148828 VmallocTotal:   135288315904 kB
1776966794.070148828 VmallocUsed:       25808 kB
1776966794.070148828 VmallocChunk:          0 kB
1776966794.070148828 Percpu:             1504 kB
1776966794.070148828 AnonHugePages:         0 kB
1776966794.070148828 ShmemHugePages:        0 kB
1776966794.070148828 ShmemPmdMapped:        0 kB
1776966794.070148828 FileHugePages:         0 kB
1776966794.070148828 FilePmdMapped:         0 kB
1776966794.070148828 CmaTotal:          65536 kB
1776966794.070148828 CmaFree:           49104 kB
1776966794.070148828 Balloon:               0 kB
1776966794.070148828 HugePages_Total:     512
1776966794.070148828 HugePages_Free:      469
1776966794.070148828 HugePages_Rsvd:        0
1776966794.070148828 HugePages_Surp:        0
1776966794.070148828 Hugepagesize:       2048 kB
1776966794.070148828 Hugetlb:         1048576 kB
1776966795.079119015 MemTotal:        8124504 kB
1776966795.079119015 MemFree:         6365340 kB
1776966795.079119015 MemAvailable:    6644840 kB
1776966795.079119015 Buffers:           30984 kB
1776966795.079119015 Cached:           378300 kB
1776966795.079119015 SwapCached:            0 kB
1776966795.079119015 Active:           405376 kB
1776966795.079119015 Inactive:         101368 kB
1776966795.079119015 Active(anon):     102616 kB
1776966795.079119015 Inactive(anon):        0 kB
1776966795.079119015 Active(file):     302760 kB
1776966795.079119015 Inactive(file):   101368 kB
1776966795.079119015 Unevictable:           0 kB
1776966795.079119015 Mlocked:               0 kB
1776966795.079119015 SwapTotal:             0 kB
1776966795.079119015 SwapFree:              0 kB
1776966795.079119015 Zswap:                 0 kB
1776966795.079119015 Zswapped:              0 kB
1776966795.079119015 Dirty:               300 kB
1776966795.079119015 Writeback:             0 kB
1776966795.079119015 AnonPages:         97528 kB
1776966795.079119015 Mapped:           106208 kB
1776966795.079119015 Shmem:              5248 kB
1776966795.079119015 KReclaimable:      30264 kB
1776966795.079119015 Slab:             119572 kB
1776966795.079119015 SReclaimable:      30264 kB
1776966795.079119015 SUnreclaim:        89308 kB
1776966795.079119015 KernelStack:        3232 kB
1776966795.079119015 PageTables:         4280 kB
1776966795.079119015 SecPageTables:         0 kB
1776966795.079119015 NFS_Unstable:          0 kB
1776966795.079119015 Bounce:                0 kB
1776966795.079119015 WritebackTmp:          0 kB
1776966795.079119015 CommitLimit:     3537964 kB
1776966795.079119015 Committed_AS:     510192 kB
1776966795.079119015 VmallocTotal:   135288315904 kB
1776966795.079119015 VmallocUsed:       25792 kB
1776966795.079119015 VmallocChunk:          0 kB
1776966795.079119015 Percpu:             1504 kB
1776966795.079119015 AnonHugePages:         0 kB
1776966795.079119015 ShmemHugePages:        0 kB
1776966795.079119015 ShmemPmdMapped:        0 kB
1776966795.079119015 FileHugePages:         0 kB
1776966795.079119015 FilePmdMapped:         0 kB
1776966795.079119015 CmaTotal:          65536 kB
1776966795.079119015 CmaFree:           49104 kB
1776966795.079119015 Balloon:               0 kB
1776966795.079119015 HugePages_Total:     512
1776966795.079119015 HugePages_Free:      469
1776966795.079119015 HugePages_Rsvd:        0
1776966795.079119015 HugePages_Surp:        0
1776966795.079119015 Hugepagesize:       2048 kB
1776966795.079119015 Hugetlb:         1048576 kB
1776966796.085912713 MemTotal:        8124504 kB
1776966796.085912713 MemFree:         6364584 kB
1776966796.085912713 MemAvailable:    6644084 kB
1776966796.085912713 Buffers:           30984 kB
1776966796.085912713 Cached:           378304 kB
1776966796.085912713 SwapCached:            0 kB
1776966796.085912713 Active:           405296 kB
1776966796.085912713 Inactive:         101372 kB
1776966796.085912713 Active(anon):     102540 kB
1776966796.085912713 Inactive(anon):        0 kB
1776966796.085912713 Active(file):     302756 kB
1776966796.085912713 Inactive(file):   101372 kB
1776966796.085912713 Unevictable:           0 kB
1776966796.085912713 Mlocked:               0 kB
1776966796.085912713 SwapTotal:             0 kB
1776966796.085912713 SwapFree:              0 kB
1776966796.085912713 Zswap:                 0 kB
1776966796.085912713 Zswapped:              0 kB
1776966796.085912713 Dirty:               304 kB
1776966796.085912713 Writeback:             0 kB
1776966796.085912713 AnonPages:         97532 kB
1776966796.085912713 Mapped:           106208 kB
1776966796.085912713 Shmem:              5248 kB
1776966796.085912713 KReclaimable:      30264 kB
1776966796.085912713 Slab:             119596 kB
1776966796.085912713 SReclaimable:      30264 kB
1776966796.085912713 SUnreclaim:        89332 kB
1776966796.085912713 KernelStack:        3232 kB
1776966796.085912713 PageTables:         4280 kB
1776966796.085912713 SecPageTables:         0 kB
1776966796.085912713 NFS_Unstable:          0 kB
1776966796.085912713 Bounce:                0 kB
1776966796.085912713 WritebackTmp:          0 kB
1776966796.085912713 CommitLimit:     3537964 kB
1776966796.085912713 Committed_AS:     510192 kB
1776966796.085912713 VmallocTotal:   135288315904 kB
1776966796.085912713 VmallocUsed:       25792 kB
1776966796.085912713 VmallocChunk:          0 kB
1776966796.085912713 Percpu:             1504 kB
1776966796.085912713 AnonHugePages:         0 kB
1776966796.085912713 ShmemHugePages:        0 kB
1776966796.085912713 ShmemPmdMapped:        0 kB
1776966796.085912713 FileHugePages:         0 kB
1776966796.085912713 FilePmdMapped:         0 kB
1776966796.085912713 CmaTotal:          65536 kB
1776966796.085912713 CmaFree:           49104 kB
1776966796.085912713 Balloon:               0 kB
1776966796.085912713 HugePages_Total:     512
1776966796.085912713 HugePages_Free:      469
1776966796.085912713 HugePages_Rsvd:        0
1776966796.085912713 HugePages_Surp:        0
1776966796.085912713 Hugepagesize:       2048 kB
1776966796.085912713 Hugetlb:         1048576 kB
1776966797.092651039 MemTotal:        8124504 kB
1776966797.092651039 MemFree:         6363412 kB
1776966797.092651039 MemAvailable:    6642916 kB
1776966797.092651039 Buffers:           30984 kB
1776966797.092651039 Cached:           378308 kB
1776966797.092651039 SwapCached:            0 kB
1776966797.092651039 Active:           405384 kB
1776966797.092651039 Inactive:         101372 kB
1776966797.092651039 Active(anon):     102624 kB
1776966797.092651039 Inactive(anon):        0 kB
1776966797.092651039 Active(file):     302760 kB
1776966797.092651039 Inactive(file):   101372 kB
1776966797.092651039 Unevictable:           0 kB
1776966797.092651039 Mlocked:               0 kB
1776966797.092651039 SwapTotal:             0 kB
1776966797.092651039 SwapFree:              0 kB
1776966797.092651039 Zswap:                 0 kB
1776966797.092651039 Zswapped:              0 kB
1776966797.092651039 Dirty:               308 kB
1776966797.092651039 Writeback:             0 kB
1776966797.092651039 AnonPages:         97540 kB
1776966797.092651039 Mapped:           106208 kB
1776966797.092651039 Shmem:              5248 kB
1776966797.092651039 KReclaimable:      30264 kB
1776966797.092651039 Slab:             119588 kB
1776966797.092651039 SReclaimable:      30264 kB
1776966797.092651039 SUnreclaim:        89324 kB
1776966797.092651039 KernelStack:        3232 kB
1776966797.092651039 PageTables:         4276 kB
1776966797.092651039 SecPageTables:         0 kB
1776966797.092651039 NFS_Unstable:          0 kB
1776966797.092651039 Bounce:                0 kB
1776966797.092651039 WritebackTmp:          0 kB
1776966797.092651039 CommitLimit:     3537964 kB
1776966797.092651039 Committed_AS:     510192 kB
1776966797.092651039 VmallocTotal:   135288315904 kB
1776966797.092651039 VmallocUsed:       25792 kB
1776966797.092651039 VmallocChunk:          0 kB
1776966797.092651039 Percpu:             1504 kB
1776966797.092651039 AnonHugePages:         0 kB
1776966797.092651039 ShmemHugePages:        0 kB
1776966797.092651039 ShmemPmdMapped:        0 kB
1776966797.092651039 FileHugePages:         0 kB
1776966797.092651039 FilePmdMapped:         0 kB
1776966797.092651039 CmaTotal:          65536 kB
1776966797.092651039 CmaFree:           49104 kB
1776966797.092651039 Balloon:               0 kB
1776966797.092651039 HugePages_Total:     512
1776966797.092651039 HugePages_Free:      469
1776966797.092651039 HugePages_Rsvd:        0
1776966797.092651039 HugePages_Surp:        0
1776966797.092651039 Hugepagesize:       2048 kB
1776966797.092651039 Hugetlb:         1048576 kB
1776966798.099346273 MemTotal:        8124504 kB
1776966798.099346273 MemFree:         6363488 kB
1776966798.099346273 MemAvailable:    6642992 kB
1776966798.099346273 Buffers:           30984 kB
1776966798.099346273 Cached:           378312 kB
1776966798.099346273 SwapCached:            0 kB
1776966798.099346273 Active:           405372 kB
1776966798.099346273 Inactive:         101380 kB
1776966798.099346273 Active(anon):     102620 kB
1776966798.099346273 Inactive(anon):        0 kB
1776966798.099346273 Active(file):     302752 kB
1776966798.099346273 Inactive(file):   101380 kB
1776966798.099346273 Unevictable:           0 kB
1776966798.099346273 Mlocked:               0 kB
1776966798.099346273 SwapTotal:             0 kB
1776966798.099346273 SwapFree:              0 kB
1776966798.099346273 Zswap:                 0 kB
1776966798.099346273 Zswapped:              0 kB
1776966798.099346273 Dirty:               312 kB
1776966798.099346273 Writeback:             0 kB
1776966798.099346273 AnonPages:         97524 kB
1776966798.099346273 Mapped:           106208 kB
1776966798.099346273 Shmem:              5248 kB
1776966798.099346273 KReclaimable:      30264 kB
1776966798.099346273 Slab:             119584 kB
1776966798.099346273 SReclaimable:      30264 kB
1776966798.099346273 SUnreclaim:        89320 kB
1776966798.099346273 KernelStack:        3216 kB
1776966798.099346273 PageTables:         4296 kB
1776966798.099346273 SecPageTables:         0 kB
1776966798.099346273 NFS_Unstable:          0 kB
1776966798.099346273 Bounce:                0 kB
1776966798.099346273 WritebackTmp:          0 kB
1776966798.099346273 CommitLimit:     3537964 kB
1776966798.099346273 Committed_AS:     510192 kB
1776966798.099346273 VmallocTotal:   135288315904 kB
1776966798.099346273 VmallocUsed:       25792 kB
1776966798.099346273 VmallocChunk:          0 kB
1776966798.099346273 Percpu:             1504 kB
1776966798.099346273 AnonHugePages:         0 kB
1776966798.099346273 ShmemHugePages:        0 kB
1776966798.099346273 ShmemPmdMapped:        0 kB
1776966798.099346273 FileHugePages:         0 kB
1776966798.099346273 FilePmdMapped:         0 kB
1776966798.099346273 CmaTotal:          65536 kB
1776966798.099346273 CmaFree:           49104 kB
1776966798.099346273 Balloon:               0 kB
1776966798.099346273 HugePages_Total:     512
1776966798.099346273 HugePages_Free:      469
1776966798.099346273 HugePages_Rsvd:        0
1776966798.099346273 HugePages_Surp:        0
1776966798.099346273 Hugepagesize:       2048 kB
1776966798.099346273 Hugetlb:         1048576 kB
1776966799.106243508 MemTotal:        8124504 kB
1776966799.106243508 MemFree:         6362456 kB
1776966799.106243508 MemAvailable:    6641972 kB
1776966799.106243508 Buffers:           30992 kB
1776966799.106243508 Cached:           378316 kB
1776966799.106243508 SwapCached:            0 kB
1776966799.106243508 Active:           405436 kB
1776966799.106243508 Inactive:         101384 kB
1776966799.106243508 Active(anon):     102676 kB
1776966799.106243508 Inactive(anon):        0 kB
1776966799.106243508 Active(file):     302760 kB
1776966799.106243508 Inactive(file):   101384 kB
1776966799.106243508 Unevictable:           0 kB
1776966799.106243508 Mlocked:               0 kB
1776966799.106243508 SwapTotal:             0 kB
1776966799.106243508 SwapFree:              0 kB
1776966799.106243508 Zswap:                 0 kB
1776966799.106243508 Zswapped:              0 kB
1776966799.106243508 Dirty:               344 kB
1776966799.106243508 Writeback:             0 kB
1776966799.106243508 AnonPages:         97540 kB
1776966799.106243508 Mapped:           106208 kB
1776966799.106243508 Shmem:              5248 kB
1776966799.106243508 KReclaimable:      30264 kB
1776966799.106243508 Slab:             119628 kB
1776966799.106243508 SReclaimable:      30264 kB
1776966799.106243508 SUnreclaim:        89364 kB
1776966799.106243508 KernelStack:        3232 kB
1776966799.106243508 PageTables:         4280 kB
1776966799.106243508 SecPageTables:         0 kB
1776966799.106243508 NFS_Unstable:          0 kB
1776966799.106243508 Bounce:                0 kB
1776966799.106243508 WritebackTmp:          0 kB
1776966799.106243508 CommitLimit:     3537964 kB
1776966799.106243508 Committed_AS:     510192 kB
1776966799.106243508 VmallocTotal:   135288315904 kB
1776966799.106243508 VmallocUsed:       25776 kB
1776966799.106243508 VmallocChunk:          0 kB
1776966799.106243508 Percpu:             1504 kB
1776966799.106243508 AnonHugePages:         0 kB
1776966799.106243508 ShmemHugePages:        0 kB
1776966799.106243508 ShmemPmdMapped:        0 kB
1776966799.106243508 FileHugePages:         0 kB
1776966799.106243508 FilePmdMapped:         0 kB
1776966799.106243508 CmaTotal:          65536 kB
1776966799.106243508 CmaFree:           49104 kB
1776966799.106243508 Balloon:               0 kB
1776966799.106243508 HugePages_Total:     512
1776966799.106243508 HugePages_Free:      469
1776966799.106243508 HugePages_Rsvd:        0
1776966799.106243508 HugePages_Surp:        0
1776966799.106243508 Hugepagesize:       2048 kB
1776966799.106243508 Hugetlb:         1048576 kB
1776966800.113000224 MemTotal:        8124504 kB
1776966800.113000224 MemFree:         6362456 kB
1776966800.113000224 MemAvailable:    6641984 kB
1776966800.113000224 Buffers:           30992 kB
1776966800.113000224 Cached:           378320 kB
1776966800.113000224 SwapCached:            0 kB
1776966800.113000224 Active:           405332 kB
1776966800.113000224 Inactive:         101396 kB
1776966800.113000224 Active(anon):     102572 kB
1776966800.113000224 Inactive(anon):        0 kB
1776966800.113000224 Active(file):     302760 kB
1776966800.113000224 Inactive(file):   101396 kB
1776966800.113000224 Unevictable:           0 kB
1776966800.113000224 Mlocked:               0 kB
1776966800.113000224 SwapTotal:             0 kB
1776966800.113000224 SwapFree:              0 kB
1776966800.113000224 Zswap:                 0 kB
1776966800.113000224 Zswapped:              0 kB
1776966800.113000224 Dirty:               348 kB
1776966800.113000224 Writeback:             0 kB
1776966800.113000224 AnonPages:         97568 kB
1776966800.113000224 Mapped:           106208 kB
1776966800.113000224 Shmem:              5248 kB
1776966800.113000224 KReclaimable:      30264 kB
1776966800.113000224 Slab:             119632 kB
1776966800.113000224 SReclaimable:      30264 kB
1776966800.113000224 SUnreclaim:        89368 kB
1776966800.113000224 KernelStack:        3248 kB
1776966800.113000224 PageTables:         4320 kB
1776966800.113000224 SecPageTables:         0 kB
1776966800.113000224 NFS_Unstable:          0 kB
1776966800.113000224 Bounce:                0 kB
1776966800.113000224 WritebackTmp:          0 kB
1776966800.113000224 CommitLimit:     3537964 kB
1776966800.113000224 Committed_AS:     510192 kB
1776966800.113000224 VmallocTotal:   135288315904 kB
1776966800.113000224 VmallocUsed:       25792 kB
1776966800.113000224 VmallocChunk:          0 kB
1776966800.113000224 Percpu:             1504 kB
1776966800.113000224 AnonHugePages:         0 kB
1776966800.113000224 ShmemHugePages:        0 kB
1776966800.113000224 ShmemPmdMapped:        0 kB
1776966800.113000224 FileHugePages:         0 kB
1776966800.113000224 FilePmdMapped:         0 kB
1776966800.113000224 CmaTotal:          65536 kB
1776966800.113000224 CmaFree:           49104 kB
1776966800.113000224 Balloon:               0 kB
1776966800.113000224 HugePages_Total:     512
1776966800.113000224 HugePages_Free:      469
1776966800.113000224 HugePages_Rsvd:        0
1776966800.113000224 HugePages_Surp:        0
1776966800.113000224 Hugepagesize:       2048 kB
1776966800.113000224 Hugetlb:         1048576 kB
1776966801.119749755 MemTotal:        8124504 kB
1776966801.119749755 MemFree:         6363200 kB
1776966801.119749755 MemAvailable:    6642736 kB
1776966801.119749755 Buffers:           30992 kB
1776966801.119749755 Cached:           378332 kB
1776966801.119749755 SwapCached:            0 kB
1776966801.119749755 Active:           405340 kB
1776966801.119749755 Inactive:         101400 kB
1776966801.119749755 Active(anon):     102580 kB
1776966801.119749755 Inactive(anon):        0 kB
1776966801.119749755 Active(file):     302760 kB
1776966801.119749755 Inactive(file):   101400 kB
1776966801.119749755 Unevictable:           0 kB
1776966801.119749755 Mlocked:               0 kB
1776966801.119749755 SwapTotal:             0 kB
1776966801.119749755 SwapFree:              0 kB
1776966801.119749755 Zswap:                 0 kB
1776966801.119749755 Zswapped:              0 kB
1776966801.119749755 Dirty:               360 kB
1776966801.119749755 Writeback:             0 kB
1776966801.119749755 AnonPages:         97540 kB
1776966801.119749755 Mapped:           106208 kB
1776966801.119749755 Shmem:              5248 kB
1776966801.119749755 KReclaimable:      30268 kB
1776966801.119749755 Slab:             119608 kB
1776966801.119749755 SReclaimable:      30268 kB
1776966801.119749755 SUnreclaim:        89340 kB
1776966801.119749755 KernelStack:        3232 kB
1776966801.119749755 PageTables:         4272 kB
1776966801.119749755 SecPageTables:         0 kB
1776966801.119749755 NFS_Unstable:          0 kB
1776966801.119749755 Bounce:                0 kB
1776966801.119749755 WritebackTmp:          0 kB
1776966801.119749755 CommitLimit:     3537964 kB
1776966801.119749755 Committed_AS:     510192 kB
1776966801.119749755 VmallocTotal:   135288315904 kB
1776966801.119749755 VmallocUsed:       25792 kB
1776966801.119749755 VmallocChunk:          0 kB
1776966801.119749755 Percpu:             1504 kB
1776966801.119749755 AnonHugePages:         0 kB
1776966801.119749755 ShmemHugePages:        0 kB
1776966801.119749755 ShmemPmdMapped:        0 kB
1776966801.119749755 FileHugePages:         0 kB
1776966801.119749755 FilePmdMapped:         0 kB
1776966801.119749755 CmaTotal:          65536 kB
1776966801.119749755 CmaFree:           49104 kB
1776966801.119749755 Balloon:               0 kB
1776966801.119749755 HugePages_Total:     512
1776966801.119749755 HugePages_Free:      469
1776966801.119749755 HugePages_Rsvd:        0
1776966801.119749755 HugePages_Surp:        0
1776966801.119749755 Hugepagesize:       2048 kB
1776966801.119749755 Hugetlb:         1048576 kB
1776966802.128741987 MemTotal:        8124504 kB
1776966802.128741987 MemFree:         6364928 kB
1776966802.128741987 MemAvailable:    6644476 kB
1776966802.128741987 Buffers:           30992 kB
1776966802.128741987 Cached:           378336 kB
1776966802.128741987 SwapCached:            0 kB
1776966802.128741987 Active:           405416 kB
1776966802.128741987 Inactive:         101412 kB
1776966802.128741987 Active(anon):     102656 kB
1776966802.128741987 Inactive(anon):        0 kB
1776966802.128741987 Active(file):     302760 kB
1776966802.128741987 Inactive(file):   101412 kB
1776966802.128741987 Unevictable:           0 kB
1776966802.128741987 Mlocked:               0 kB
1776966802.128741987 SwapTotal:             0 kB
1776966802.128741987 SwapFree:              0 kB
1776966802.128741987 Zswap:                 0 kB
1776966802.128741987 Zswapped:              0 kB
1776966802.128741987 Dirty:                92 kB
1776966802.128741987 Writeback:             0 kB
1776966802.128741987 AnonPages:         97536 kB
1776966802.128741987 Mapped:           106208 kB
1776966802.128741987 Shmem:              5248 kB
1776966802.128741987 KReclaimable:      30268 kB
1776966802.128741987 Slab:             119640 kB
1776966802.128741987 SReclaimable:      30268 kB
1776966802.128741987 SUnreclaim:        89372 kB
1776966802.128741987 KernelStack:        3232 kB
1776966802.128741987 PageTables:         4280 kB
1776966802.128741987 SecPageTables:         0 kB
1776966802.128741987 NFS_Unstable:          0 kB
1776966802.128741987 Bounce:                0 kB
1776966802.128741987 WritebackTmp:          0 kB
1776966802.128741987 CommitLimit:     3537964 kB
1776966802.128741987 Committed_AS:     510192 kB
1776966802.128741987 VmallocTotal:   135288315904 kB
1776966802.128741987 VmallocUsed:       25792 kB
1776966802.128741987 VmallocChunk:          0 kB
1776966802.128741987 Percpu:             1504 kB
1776966802.128741987 AnonHugePages:         0 kB
1776966802.128741987 ShmemHugePages:        0 kB
1776966802.128741987 ShmemPmdMapped:        0 kB
1776966802.128741987 FileHugePages:         0 kB
1776966802.128741987 FilePmdMapped:         0 kB
1776966802.128741987 CmaTotal:          65536 kB
1776966802.128741987 CmaFree:           49104 kB
1776966802.128741987 Balloon:               0 kB
1776966802.128741987 HugePages_Total:     512
1776966802.128741987 HugePages_Free:      469
1776966802.128741987 HugePages_Rsvd:        0
1776966802.128741987 HugePages_Surp:        0
1776966802.128741987 Hugepagesize:       2048 kB
1776966802.128741987 Hugetlb:         1048576 kB
1776966803.139839626 MemTotal:        8124504 kB
1776966803.139839626 MemFree:         6361636 kB
1776966803.139839626 MemAvailable:    6641180 kB
1776966803.139839626 Buffers:           30992 kB
1776966803.139839626 Cached:           378336 kB
1776966803.139839626 SwapCached:            0 kB
1776966803.139839626 Active:           405340 kB
1776966803.139839626 Inactive:         101412 kB
1776966803.139839626 Active(anon):     102584 kB
1776966803.139839626 Inactive(anon):        0 kB
1776966803.139839626 Active(file):     302756 kB
1776966803.139839626 Inactive(file):   101412 kB
1776966803.139839626 Unevictable:           0 kB
1776966803.139839626 Mlocked:               0 kB
1776966803.139839626 SwapTotal:             0 kB
1776966803.139839626 SwapFree:              0 kB
1776966803.139839626 Zswap:                 0 kB
1776966803.139839626 Zswapped:              0 kB
1776966803.139839626 Dirty:                92 kB
1776966803.139839626 Writeback:             0 kB
1776966803.139839626 AnonPages:         97544 kB
1776966803.139839626 Mapped:           106208 kB
1776966803.139839626 Shmem:              5248 kB
1776966803.139839626 KReclaimable:      30268 kB
1776966803.139839626 Slab:             119672 kB
1776966803.139839626 SReclaimable:      30268 kB
1776966803.139839626 SUnreclaim:        89404 kB
1776966803.139839626 KernelStack:        3248 kB
1776966803.139839626 PageTables:         4272 kB
1776966803.139839626 SecPageTables:         0 kB
1776966803.139839626 NFS_Unstable:          0 kB
1776966803.139839626 Bounce:                0 kB
1776966803.139839626 WritebackTmp:          0 kB
1776966803.139839626 CommitLimit:     3537964 kB
1776966803.139839626 Committed_AS:     510192 kB
1776966803.139839626 VmallocTotal:   135288315904 kB
1776966803.139839626 VmallocUsed:       25792 kB
1776966803.139839626 VmallocChunk:          0 kB
1776966803.139839626 Percpu:             1504 kB
1776966803.139839626 AnonHugePages:         0 kB
1776966803.139839626 ShmemHugePages:        0 kB
1776966803.139839626 ShmemPmdMapped:        0 kB
1776966803.139839626 FileHugePages:         0 kB
1776966803.139839626 FilePmdMapped:         0 kB
1776966803.139839626 CmaTotal:          65536 kB
1776966803.139839626 CmaFree:           49104 kB
1776966803.139839626 Balloon:               0 kB
1776966803.139839626 HugePages_Total:     512
1776966803.139839626 HugePages_Free:      469
1776966803.139839626 HugePages_Rsvd:        0
1776966803.139839626 HugePages_Surp:        0
1776966803.139839626 Hugepagesize:       2048 kB
1776966803.139839626 Hugetlb:         1048576 kB
1776966804.150849949 MemTotal:        8124504 kB
1776966804.150849949 MemFree:         6359748 kB
1776966804.150849949 MemAvailable:    6639300 kB
1776966804.150849949 Buffers:           31000 kB
1776966804.150849949 Cached:           378340 kB
1776966804.150849949 SwapCached:            0 kB
1776966804.150849949 Active:           405388 kB
1776966804.150849949 Inactive:         101416 kB
1776966804.150849949 Active(anon):     102628 kB
1776966804.150849949 Inactive(anon):        0 kB
1776966804.150849949 Active(file):     302760 kB
1776966804.150849949 Inactive(file):   101416 kB
1776966804.150849949 Unevictable:           0 kB
1776966804.150849949 Mlocked:               0 kB
1776966804.150849949 SwapTotal:             0 kB
1776966804.150849949 SwapFree:              0 kB
1776966804.150849949 Zswap:                 0 kB
1776966804.150849949 Zswapped:              0 kB
1776966804.150849949 Dirty:               100 kB
1776966804.150849949 Writeback:             0 kB
1776966804.150849949 AnonPages:         97576 kB
1776966804.150849949 Mapped:           106208 kB
1776966804.150849949 Shmem:              5248 kB
1776966804.150849949 KReclaimable:      30268 kB
1776966804.150849949 Slab:             119672 kB
1776966804.150849949 SReclaimable:      30268 kB
1776966804.150849949 SUnreclaim:        89404 kB
1776966804.150849949 KernelStack:        3264 kB
1776966804.150849949 PageTables:         4316 kB
1776966804.150849949 SecPageTables:         0 kB
1776966804.150849949 NFS_Unstable:          0 kB
1776966804.150849949 Bounce:                0 kB
1776966804.150849949 WritebackTmp:          0 kB
1776966804.150849949 CommitLimit:     3537964 kB
1776966804.150849949 Committed_AS:     510192 kB
1776966804.150849949 VmallocTotal:   135288315904 kB
1776966804.150849949 VmallocUsed:       25792 kB
1776966804.150849949 VmallocChunk:          0 kB
1776966804.150849949 Percpu:             1504 kB
1776966804.150849949 AnonHugePages:         0 kB
1776966804.150849949 ShmemHugePages:        0 kB
1776966804.150849949 ShmemPmdMapped:        0 kB
1776966804.150849949 FileHugePages:         0 kB
1776966804.150849949 FilePmdMapped:         0 kB
1776966804.150849949 CmaTotal:          65536 kB
1776966804.150849949 CmaFree:           49104 kB
1776966804.150849949 Balloon:               0 kB
1776966804.150849949 HugePages_Total:     512
1776966804.150849949 HugePages_Free:      469
1776966804.150849949 HugePages_Rsvd:        0
1776966804.150849949 HugePages_Surp:        0
1776966804.150849949 Hugepagesize:       2048 kB
1776966804.150849949 Hugetlb:         1048576 kB
1776966805.161764939 MemTotal:        8124504 kB
1776966805.161764939 MemFree:         6363348 kB
1776966805.161764939 MemAvailable:    6642908 kB
1776966805.161764939 Buffers:           31000 kB
1776966805.161764939 Cached:           378344 kB
1776966805.161764939 SwapCached:            0 kB
1776966805.161764939 Active:           405424 kB
1776966805.161764939 Inactive:         101424 kB
1776966805.161764939 Active(anon):     102664 kB
1776966805.161764939 Inactive(anon):        0 kB
1776966805.161764939 Active(file):     302760 kB
1776966805.161764939 Inactive(file):   101424 kB
1776966805.161764939 Unevictable:           0 kB
1776966805.161764939 Mlocked:               0 kB
1776966805.161764939 SwapTotal:             0 kB
1776966805.161764939 SwapFree:              0 kB
1776966805.161764939 Zswap:                 0 kB
1776966805.161764939 Zswapped:              0 kB
1776966805.161764939 Dirty:               104 kB
1776966805.161764939 Writeback:             0 kB
1776966805.161764939 AnonPages:         97532 kB
1776966805.161764939 Mapped:           106208 kB
1776966805.161764939 Shmem:              5248 kB
1776966805.161764939 KReclaimable:      30268 kB
1776966805.161764939 Slab:             119608 kB
1776966805.161764939 SReclaimable:      30268 kB
1776966805.161764939 SUnreclaim:        89340 kB
1776966805.161764939 KernelStack:        3248 kB
1776966805.161764939 PageTables:         4284 kB
1776966805.161764939 SecPageTables:         0 kB
1776966805.161764939 NFS_Unstable:          0 kB
1776966805.161764939 Bounce:                0 kB
1776966805.161764939 WritebackTmp:          0 kB
1776966805.161764939 CommitLimit:     3537964 kB
1776966805.161764939 Committed_AS:     510192 kB
1776966805.161764939 VmallocTotal:   135288315904 kB
1776966805.161764939 VmallocUsed:       25808 kB
1776966805.161764939 VmallocChunk:          0 kB
1776966805.161764939 Percpu:             1504 kB
1776966805.161764939 AnonHugePages:         0 kB
1776966805.161764939 ShmemHugePages:        0 kB
1776966805.161764939 ShmemPmdMapped:        0 kB
1776966805.161764939 FileHugePages:         0 kB
1776966805.161764939 FilePmdMapped:         0 kB
1776966805.161764939 CmaTotal:          65536 kB
1776966805.161764939 CmaFree:           49104 kB
1776966805.161764939 Balloon:               0 kB
1776966805.161764939 HugePages_Total:     512
1776966805.161764939 HugePages_Free:      469
1776966805.161764939 HugePages_Rsvd:        0
1776966805.161764939 HugePages_Surp:        0
1776966805.161764939 Hugepagesize:       2048 kB
1776966805.161764939 Hugetlb:         1048576 kB
1776966806.171575962 MemTotal:        8124504 kB
1776966806.171575962 MemFree:         6362340 kB
1776966806.171575962 MemAvailable:    6641908 kB
1776966806.171575962 Buffers:           31000 kB
1776966806.171575962 Cached:           378352 kB
1776966806.171575962 SwapCached:            0 kB
1776966806.171575962 Active:           405340 kB
1776966806.171575962 Inactive:         101436 kB
1776966806.171575962 Active(anon):     102584 kB
1776966806.171575962 Inactive(anon):        0 kB
1776966806.171575962 Active(file):     302756 kB
1776966806.171575962 Inactive(file):   101436 kB
1776966806.171575962 Unevictable:           0 kB
1776966806.171575962 Mlocked:               0 kB
1776966806.171575962 SwapTotal:             0 kB
1776966806.171575962 SwapFree:              0 kB
1776966806.171575962 Zswap:                 0 kB
1776966806.171575962 Zswapped:              0 kB
1776966806.171575962 Dirty:               112 kB
1776966806.171575962 Writeback:             0 kB
1776966806.171575962 AnonPages:         97540 kB
1776966806.171575962 Mapped:           106208 kB
1776966806.171575962 Shmem:              5248 kB
1776966806.171575962 KReclaimable:      30268 kB
1776966806.171575962 Slab:             119568 kB
1776966806.171575962 SReclaimable:      30268 kB
1776966806.171575962 SUnreclaim:        89300 kB
1776966806.171575962 KernelStack:        3248 kB
1776966806.171575962 PageTables:         4284 kB
1776966806.171575962 SecPageTables:         0 kB
1776966806.171575962 NFS_Unstable:          0 kB
1776966806.171575962 Bounce:                0 kB
1776966806.171575962 WritebackTmp:          0 kB
1776966806.171575962 CommitLimit:     3537964 kB
1776966806.171575962 Committed_AS:     510192 kB
1776966806.171575962 VmallocTotal:   135288315904 kB
1776966806.171575962 VmallocUsed:       25808 kB
1776966806.171575962 VmallocChunk:          0 kB
1776966806.171575962 Percpu:             1504 kB
1776966806.171575962 AnonHugePages:         0 kB
1776966806.171575962 ShmemHugePages:        0 kB
1776966806.171575962 ShmemPmdMapped:        0 kB
1776966806.171575962 FileHugePages:         0 kB
1776966806.171575962 FilePmdMapped:         0 kB
1776966806.171575962 CmaTotal:          65536 kB
1776966806.171575962 CmaFree:           49104 kB
1776966806.171575962 Balloon:               0 kB
1776966806.171575962 HugePages_Total:     512
1776966806.171575962 HugePages_Free:      469
1776966806.171575962 HugePages_Rsvd:        0
1776966806.171575962 HugePages_Surp:        0
1776966806.171575962 Hugepagesize:       2048 kB
1776966806.171575962 Hugetlb:         1048576 kB
1776966807.181885302 MemTotal:        8124504 kB
1776966807.181885302 MemFree:         6367068 kB
1776966807.181885302 MemAvailable:    6646644 kB
1776966807.181885302 Buffers:           31000 kB
1776966807.181885302 Cached:           378356 kB
1776966807.181885302 SwapCached:            0 kB
1776966807.181885302 Active:           405360 kB
1776966807.181885302 Inactive:         101440 kB
1776966807.181885302 Active(anon):     102600 kB
1776966807.181885302 Inactive(anon):        0 kB
1776966807.181885302 Active(file):     302760 kB
1776966807.181885302 Inactive(file):   101440 kB
1776966807.181885302 Unevictable:           0 kB
1776966807.181885302 Mlocked:               0 kB
1776966807.181885302 SwapTotal:             0 kB
1776966807.181885302 SwapFree:              0 kB
1776966807.181885302 Zswap:                 0 kB
1776966807.181885302 Zswapped:              0 kB
1776966807.181885302 Dirty:               116 kB
1776966807.181885302 Writeback:             0 kB
1776966807.181885302 AnonPages:         97544 kB
1776966807.181885302 Mapped:           106248 kB
1776966807.181885302 Shmem:              5248 kB
1776966807.181885302 KReclaimable:      30268 kB
1776966807.181885302 Slab:             119584 kB
1776966807.181885302 SReclaimable:      30268 kB
1776966807.181885302 SUnreclaim:        89316 kB
1776966807.181885302 KernelStack:        3248 kB
1776966807.181885302 PageTables:         4288 kB
1776966807.181885302 SecPageTables:         0 kB
1776966807.181885302 NFS_Unstable:          0 kB
1776966807.181885302 Bounce:                0 kB
1776966807.181885302 WritebackTmp:          0 kB
1776966807.181885302 CommitLimit:     3537964 kB
1776966807.181885302 Committed_AS:     510192 kB
1776966807.181885302 VmallocTotal:   135288315904 kB
1776966807.181885302 VmallocUsed:       25808 kB
1776966807.181885302 VmallocChunk:          0 kB
1776966807.181885302 Percpu:             1504 kB
1776966807.181885302 AnonHugePages:         0 kB
1776966807.181885302 ShmemHugePages:        0 kB
1776966807.181885302 ShmemPmdMapped:        0 kB
1776966807.181885302 FileHugePages:         0 kB
1776966807.181885302 FilePmdMapped:         0 kB
1776966807.181885302 CmaTotal:          65536 kB
1776966807.181885302 CmaFree:           49104 kB
1776966807.181885302 Balloon:               0 kB
1776966807.181885302 HugePages_Total:     512
1776966807.181885302 HugePages_Free:      469
1776966807.181885302 HugePages_Rsvd:        0
1776966807.181885302 HugePages_Surp:        0
1776966807.181885302 Hugepagesize:       2048 kB
1776966807.181885302 Hugetlb:         1048576 kB
1776966808.192998403 MemTotal:        8124504 kB
1776966808.192998403 MemFree:         6359652 kB
1776966808.192998403 MemAvailable:    6639224 kB
1776966808.192998403 Buffers:           31000 kB
1776966808.192998403 Cached:           378364 kB
1776966808.192998403 SwapCached:            0 kB
1776966808.192998403 Active:           405328 kB
1776966808.192998403 Inactive:         101440 kB
1776966808.192998403 Active(anon):     102572 kB
1776966808.192998403 Inactive(anon):        0 kB
1776966808.192998403 Active(file):     302756 kB
1776966808.192998403 Inactive(file):   101440 kB
1776966808.192998403 Unevictable:           0 kB
1776966808.192998403 Mlocked:               0 kB
1776966808.192998403 SwapTotal:             0 kB
1776966808.192998403 SwapFree:              0 kB
1776966808.192998403 Zswap:                 0 kB
1776966808.192998403 Zswapped:              0 kB
1776966808.192998403 Dirty:               124 kB
1776966808.192998403 Writeback:             0 kB
1776966808.192998403 AnonPages:         97540 kB
1776966808.192998403 Mapped:           106208 kB
1776966808.192998403 Shmem:              5248 kB
1776966808.192998403 KReclaimable:      30268 kB
1776966808.192998403 Slab:             119596 kB
1776966808.192998403 SReclaimable:      30268 kB
1776966808.192998403 SUnreclaim:        89328 kB
1776966808.192998403 KernelStack:        3248 kB
1776966808.192998403 PageTables:         4288 kB
1776966808.192998403 SecPageTables:         0 kB
1776966808.192998403 NFS_Unstable:          0 kB
1776966808.192998403 Bounce:                0 kB
1776966808.192998403 WritebackTmp:          0 kB
1776966808.192998403 CommitLimit:     3537964 kB
1776966808.192998403 Committed_AS:     510192 kB
1776966808.192998403 VmallocTotal:   135288315904 kB
1776966808.192998403 VmallocUsed:       25808 kB
1776966808.192998403 VmallocChunk:          0 kB
1776966808.192998403 Percpu:             1504 kB
1776966808.192998403 AnonHugePages:         0 kB
1776966808.192998403 ShmemHugePages:        0 kB
1776966808.192998403 ShmemPmdMapped:        0 kB
1776966808.192998403 FileHugePages:         0 kB
1776966808.192998403 FilePmdMapped:         0 kB
1776966808.192998403 CmaTotal:          65536 kB
1776966808.192998403 CmaFree:           49104 kB
1776966808.192998403 Balloon:               0 kB
1776966808.192998403 HugePages_Total:     512
1776966808.192998403 HugePages_Free:      469
1776966808.192998403 HugePages_Rsvd:        0
1776966808.192998403 HugePages_Surp:        0
1776966808.192998403 Hugepagesize:       2048 kB
1776966808.192998403 Hugetlb:         1048576 kB
1776966809.204524784 MemTotal:        8124504 kB
1776966809.204524784 MemFree:         6354744 kB
1776966809.204524784 MemAvailable:    6634332 kB
1776966809.204524784 Buffers:           31004 kB
1776966809.204524784 Cached:           378364 kB
1776966809.204524784 SwapCached:            0 kB
1776966809.204524784 Active:           405368 kB
1776966809.204524784 Inactive:         101452 kB
1776966809.204524784 Active(anon):     102608 kB
1776966809.204524784 Inactive(anon):        0 kB
1776966809.204524784 Active(file):     302760 kB
1776966809.204524784 Inactive(file):   101452 kB
1776966809.204524784 Unevictable:           0 kB
1776966809.204524784 Mlocked:               0 kB
1776966809.204524784 SwapTotal:             0 kB
1776966809.204524784 SwapFree:              0 kB
1776966809.204524784 Zswap:                 0 kB
1776966809.204524784 Zswapped:              0 kB
1776966809.204524784 Dirty:               128 kB
1776966809.204524784 Writeback:             0 kB
1776966809.204524784 AnonPages:         97536 kB
1776966809.204524784 Mapped:           106208 kB
1776966809.204524784 Shmem:              5248 kB
1776966809.204524784 KReclaimable:      30268 kB
1776966809.204524784 Slab:             119556 kB
1776966809.204524784 SReclaimable:      30268 kB
1776966809.204524784 SUnreclaim:        89288 kB
1776966809.204524784 KernelStack:        3248 kB
1776966809.204524784 PageTables:         4276 kB
1776966809.204524784 SecPageTables:         0 kB
1776966809.204524784 NFS_Unstable:          0 kB
1776966809.204524784 Bounce:                0 kB
1776966809.204524784 WritebackTmp:          0 kB
1776966809.204524784 CommitLimit:     3537964 kB
1776966809.204524784 Committed_AS:     510192 kB
1776966809.204524784 VmallocTotal:   135288315904 kB
1776966809.204524784 VmallocUsed:       25792 kB
1776966809.204524784 VmallocChunk:          0 kB
1776966809.204524784 Percpu:             1504 kB
1776966809.204524784 AnonHugePages:         0 kB
1776966809.204524784 ShmemHugePages:        0 kB
1776966809.204524784 ShmemPmdMapped:        0 kB
1776966809.204524784 FileHugePages:         0 kB
1776966809.204524784 FilePmdMapped:         0 kB
1776966809.204524784 CmaTotal:          65536 kB
1776966809.204524784 CmaFree:           49104 kB
1776966809.204524784 Balloon:               0 kB
1776966809.204524784 HugePages_Total:     512
1776966809.204524784 HugePages_Free:      469
1776966809.204524784 HugePages_Rsvd:        0
1776966809.204524784 HugePages_Surp:        0
1776966809.204524784 Hugepagesize:       2048 kB
1776966809.204524784 Hugetlb:         1048576 kB
1776966810.217953061 MemTotal:        8124504 kB
1776966810.217953061 MemFree:         6360356 kB
1776966810.217953061 MemAvailable:    6639952 kB
1776966810.217953061 Buffers:           31008 kB
1776966810.217953061 Cached:           378372 kB
1776966810.217953061 SwapCached:            0 kB
1776966810.217953061 Active:           405304 kB
1776966810.217953061 Inactive:         101464 kB
1776966810.217953061 Active(anon):     102548 kB
1776966810.217953061 Inactive(anon):        0 kB
1776966810.217953061 Active(file):     302756 kB
1776966810.217953061 Inactive(file):   101464 kB
1776966810.217953061 Unevictable:           0 kB
1776966810.217953061 Mlocked:               0 kB
1776966810.217953061 SwapTotal:             0 kB
1776966810.217953061 SwapFree:              0 kB
1776966810.217953061 Zswap:                 0 kB
1776966810.217953061 Zswapped:              0 kB
1776966810.217953061 Dirty:               132 kB
1776966810.217953061 Writeback:             0 kB
1776966810.217953061 AnonPages:         97536 kB
1776966810.217953061 Mapped:           106208 kB
1776966810.217953061 Shmem:              5248 kB
1776966810.217953061 KReclaimable:      30268 kB
1776966810.217953061 Slab:             119496 kB
1776966810.217953061 SReclaimable:      30268 kB
1776966810.217953061 SUnreclaim:        89228 kB
1776966810.217953061 KernelStack:        3248 kB
1776966810.217953061 PageTables:         4280 kB
1776966810.217953061 SecPageTables:         0 kB
1776966810.217953061 NFS_Unstable:          0 kB
1776966810.217953061 Bounce:                0 kB
1776966810.217953061 WritebackTmp:          0 kB
1776966810.217953061 CommitLimit:     3537964 kB
1776966810.217953061 Committed_AS:     510192 kB
1776966810.217953061 VmallocTotal:   135288315904 kB
1776966810.217953061 VmallocUsed:       25808 kB
1776966810.217953061 VmallocChunk:          0 kB
1776966810.217953061 Percpu:             1504 kB
1776966810.217953061 AnonHugePages:         0 kB
1776966810.217953061 ShmemHugePages:        0 kB
1776966810.217953061 ShmemPmdMapped:        0 kB
1776966810.217953061 FileHugePages:         0 kB
1776966810.217953061 FilePmdMapped:         0 kB
1776966810.217953061 CmaTotal:          65536 kB
1776966810.217953061 CmaFree:           49104 kB
1776966810.217953061 Balloon:               0 kB
1776966810.217953061 HugePages_Total:     512
1776966810.217953061 HugePages_Free:      469
1776966810.217953061 HugePages_Rsvd:        0
1776966810.217953061 HugePages_Surp:        0
1776966810.217953061 Hugepagesize:       2048 kB
1776966810.217953061 Hugetlb:         1048576 kB
1776966811.229383368 MemTotal:        8124504 kB
1776966811.229383368 MemFree:         6364164 kB
1776966811.229383368 MemAvailable:    6643764 kB
1776966811.229383368 Buffers:           31008 kB
1776966811.229383368 Cached:           378376 kB
1776966811.229383368 SwapCached:            0 kB
1776966811.229383368 Active:           405316 kB
1776966811.229383368 Inactive:         101468 kB
1776966811.229383368 Active(anon):     102560 kB
1776966811.229383368 Inactive(anon):        0 kB
1776966811.229383368 Active(file):     302756 kB
1776966811.229383368 Inactive(file):   101468 kB
1776966811.229383368 Unevictable:           0 kB
1776966811.229383368 Mlocked:               0 kB
1776966811.229383368 SwapTotal:             0 kB
1776966811.229383368 SwapFree:              0 kB
1776966811.229383368 Zswap:                 0 kB
1776966811.229383368 Zswapped:              0 kB
1776966811.229383368 Dirty:               136 kB
1776966811.229383368 Writeback:             0 kB
1776966811.229383368 AnonPages:         97540 kB
1776966811.229383368 Mapped:           106208 kB
1776966811.229383368 Shmem:              5248 kB
1776966811.229383368 KReclaimable:      30268 kB
1776966811.229383368 Slab:             119496 kB
1776966811.229383368 SReclaimable:      30268 kB
1776966811.229383368 SUnreclaim:        89228 kB
1776966811.229383368 KernelStack:        3248 kB
1776966811.229383368 PageTables:         4272 kB
1776966811.229383368 SecPageTables:         0 kB
1776966811.229383368 NFS_Unstable:          0 kB
1776966811.229383368 Bounce:                0 kB
1776966811.229383368 WritebackTmp:          0 kB
1776966811.229383368 CommitLimit:     3537964 kB
1776966811.229383368 Committed_AS:     510192 kB
1776966811.229383368 VmallocTotal:   135288315904 kB
1776966811.229383368 VmallocUsed:       25792 kB
1776966811.229383368 VmallocChunk:          0 kB
1776966811.229383368 Percpu:             1504 kB
1776966811.229383368 AnonHugePages:         0 kB
1776966811.229383368 ShmemHugePages:        0 kB
1776966811.229383368 ShmemPmdMapped:        0 kB
1776966811.229383368 FileHugePages:         0 kB
1776966811.229383368 FilePmdMapped:         0 kB
1776966811.229383368 CmaTotal:          65536 kB
1776966811.229383368 CmaFree:           49104 kB
1776966811.229383368 Balloon:               0 kB
1776966811.229383368 HugePages_Total:     512
1776966811.229383368 HugePages_Free:      469
1776966811.229383368 HugePages_Rsvd:        0
1776966811.229383368 HugePages_Surp:        0
1776966811.229383368 Hugepagesize:       2048 kB
1776966811.229383368 Hugetlb:         1048576 kB
1776966812.241050786 MemTotal:        8124504 kB
1776966812.241050786 MemFree:         6361604 kB
1776966812.241050786 MemAvailable:    6641208 kB
1776966812.241050786 Buffers:           31008 kB
1776966812.241050786 Cached:           378384 kB
1776966812.241050786 SwapCached:            0 kB
1776966812.241050786 Active:           405308 kB
1776966812.241050786 Inactive:         101472 kB
1776966812.241050786 Active(anon):     102552 kB
1776966812.241050786 Inactive(anon):        0 kB
1776966812.241050786 Active(file):     302756 kB
1776966812.241050786 Inactive(file):   101472 kB
1776966812.241050786 Unevictable:           0 kB
1776966812.241050786 Mlocked:               0 kB
1776966812.241050786 SwapTotal:             0 kB
1776966812.241050786 SwapFree:              0 kB
1776966812.241050786 Zswap:                 0 kB
1776966812.241050786 Zswapped:              0 kB
1776966812.241050786 Dirty:               144 kB
1776966812.241050786 Writeback:             0 kB
1776966812.241050786 AnonPages:         97540 kB
1776966812.241050786 Mapped:           106208 kB
1776966812.241050786 Shmem:              5248 kB
1776966812.241050786 KReclaimable:      30268 kB
1776966812.241050786 Slab:             119560 kB
1776966812.241050786 SReclaimable:      30268 kB
1776966812.241050786 SUnreclaim:        89292 kB
1776966812.241050786 KernelStack:        3248 kB
1776966812.241050786 PageTables:         4284 kB
1776966812.241050786 SecPageTables:         0 kB
1776966812.241050786 NFS_Unstable:          0 kB
1776966812.241050786 Bounce:                0 kB
1776966812.241050786 WritebackTmp:          0 kB
1776966812.241050786 CommitLimit:     3537964 kB
1776966812.241050786 Committed_AS:     510192 kB
1776966812.241050786 VmallocTotal:   135288315904 kB
1776966812.241050786 VmallocUsed:       25808 kB
1776966812.241050786 VmallocChunk:          0 kB
1776966812.241050786 Percpu:             1504 kB
1776966812.241050786 AnonHugePages:         0 kB
1776966812.241050786 ShmemHugePages:        0 kB
1776966812.241050786 ShmemPmdMapped:        0 kB
1776966812.241050786 FileHugePages:         0 kB
1776966812.241050786 FilePmdMapped:         0 kB
1776966812.241050786 CmaTotal:          65536 kB
1776966812.241050786 CmaFree:           49104 kB
1776966812.241050786 Balloon:               0 kB
1776966812.241050786 HugePages_Total:     512
1776966812.241050786 HugePages_Free:      469
1776966812.241050786 HugePages_Rsvd:        0
1776966812.241050786 HugePages_Surp:        0
1776966812.241050786 Hugepagesize:       2048 kB
1776966812.241050786 Hugetlb:         1048576 kB
1776966813.252453944 MemTotal:        8124504 kB
1776966813.252453944 MemFree:         6361876 kB
1776966813.252453944 MemAvailable:    6641488 kB
1776966813.252453944 Buffers:           31008 kB
1776966813.252453944 Cached:           378388 kB
1776966813.252453944 SwapCached:            0 kB
1776966813.252453944 Active:           405344 kB
1776966813.252453944 Inactive:         101480 kB
1776966813.252453944 Active(anon):     102588 kB
1776966813.252453944 Inactive(anon):        0 kB
1776966813.252453944 Active(file):     302756 kB
1776966813.252453944 Inactive(file):   101480 kB
1776966813.252453944 Unevictable:           0 kB
1776966813.252453944 Mlocked:               0 kB
1776966813.252453944 SwapTotal:             0 kB
1776966813.252453944 SwapFree:              0 kB
1776966813.252453944 Zswap:                 0 kB
1776966813.252453944 Zswapped:              0 kB
1776966813.252453944 Dirty:               148 kB
1776966813.252453944 Writeback:             0 kB
1776966813.252453944 AnonPages:         97540 kB
1776966813.252453944 Mapped:           106208 kB
1776966813.252453944 Shmem:              5248 kB
1776966813.252453944 KReclaimable:      30268 kB
1776966813.252453944 Slab:             119512 kB
1776966813.252453944 SReclaimable:      30268 kB
1776966813.252453944 SUnreclaim:        89392 kB
1776966813.252453944 KernelStack:        3248 kB
1776966813.252453944 PageTables:         4284 kB
1776966813.252453944 SecPageTables:         0 kB
1776966813.252453944 NFS_Unstable:          0 kB
1776966813.252453944 Bounce:                0 kB
1776966813.252453944 WritebackTmp:          0 kB
1776966813.252453944 CommitLimit:     3537964 kB
1776966813.252453944 Committed_AS:     510192 kB
1776966813.252453944 VmallocTotal:   135288315904 kB
1776966813.252453944 VmallocUsed:       25792 kB
1776966813.252453944 VmallocChunk:          0 kB
1776966813.252453944 Percpu:             1504 kB
1776966813.252453944 AnonHugePages:         0 kB
1776966813.252453944 ShmemHugePages:        0 kB
1776966813.252453944 ShmemPmdMapped:        0 kB
1776966813.252453944 FileHugePages:         0 kB
1776966813.252453944 FilePmdMapped:         0 kB
1776966813.252453944 CmaTotal:          65536 kB
1776966813.252453944 CmaFree:           49104 kB
1776966813.252453944 Balloon:               0 kB
1776966813.252453944 HugePages_Total:     512
1776966813.252453944 HugePages_Free:      469
1776966813.252453944 HugePages_Rsvd:        0
1776966813.252453944 HugePages_Surp:        0
1776966813.252453944 Hugepagesize:       2048 kB
1776966813.252453944 Hugetlb:         1048576 kB
1776966814.264125122 MemTotal:        8124504 kB
1776966814.264125122 MemFree:         6354952 kB
1776966814.264125122 MemAvailable:    6634564 kB
1776966814.264125122 Buffers:           31012 kB
1776966814.264125122 Cached:           378384 kB
1776966814.264125122 SwapCached:            0 kB
1776966814.264125122 Active:           405308 kB
1776966814.264125122 Inactive:         101480 kB
1776966814.264125122 Active(anon):     102552 kB
1776966814.264125122 Inactive(anon):        0 kB
1776966814.264125122 Active(file):     302756 kB
1776966814.264125122 Inactive(file):   101480 kB
1776966814.264125122 Unevictable:           0 kB
1776966814.264125122 Mlocked:               0 kB
1776966814.264125122 SwapTotal:             0 kB
1776966814.264125122 SwapFree:              0 kB
1776966814.264125122 Zswap:                 0 kB
1776966814.264125122 Zswapped:              0 kB
1776966814.264125122 Dirty:               148 kB
1776966814.264125122 Writeback:             0 kB
1776966814.264125122 AnonPages:         97540 kB
1776966814.264125122 Mapped:           106208 kB
1776966814.264125122 Shmem:              5248 kB
1776966814.264125122 KReclaimable:      30268 kB
1776966814.264125122 Slab:             119600 kB
1776966814.264125122 SReclaimable:      30268 kB
1776966814.264125122 SUnreclaim:        89332 kB
1776966814.264125122 KernelStack:        3248 kB
1776966814.264125122 PageTables:         4272 kB
1776966814.264125122 SecPageTables:         0 kB
1776966814.264125122 NFS_Unstable:          0 kB
1776966814.264125122 Bounce:                0 kB
1776966814.264125122 WritebackTmp:          0 kB
1776966814.264125122 CommitLimit:     3537964 kB
1776966814.264125122 Committed_AS:     510192 kB
1776966814.264125122 VmallocTotal:   135288315904 kB
1776966814.264125122 VmallocUsed:       25792 kB
1776966814.264125122 VmallocChunk:          0 kB
1776966814.264125122 Percpu:             1504 kB
1776966814.264125122 AnonHugePages:         0 kB
1776966814.264125122 ShmemHugePages:        0 kB
1776966814.264125122 ShmemPmdMapped:        0 kB
1776966814.264125122 FileHugePages:         0 kB
1776966814.264125122 FilePmdMapped:         0 kB
1776966814.264125122 CmaTotal:          65536 kB
1776966814.264125122 CmaFree:           49104 kB
1776966814.264125122 Balloon:               0 kB
1776966814.264125122 HugePages_Total:     512
1776966814.264125122 HugePages_Free:      469
1776966814.264125122 HugePages_Rsvd:        0
1776966814.264125122 HugePages_Surp:        0
1776966814.264125122 Hugepagesize:       2048 kB
1776966814.264125122 Hugetlb:         1048576 kB
1776966815.277722326 MemTotal:        8124504 kB
1776966815.277722326 MemFree:         6355760 kB
1776966815.277722326 MemAvailable:    6635384 kB
1776966815.277722326 Buffers:           31016 kB
1776966815.277722326 Cached:           378392 kB
1776966815.277722326 SwapCached:            0 kB
1776966815.277722326 Active:           405336 kB
1776966815.277722326 Inactive:         101492 kB
1776966815.277722326 Active(anon):     102580 kB
1776966815.277722326 Inactive(anon):        0 kB
1776966815.277722326 Active(file):     302756 kB
1776966815.277722326 Inactive(file):   101492 kB
1776966815.277722326 Unevictable:           0 kB
1776966815.277722326 Mlocked:               0 kB
1776966815.277722326 SwapTotal:             0 kB
1776966815.277722326 SwapFree:              0 kB
1776966815.277722326 Zswap:                 0 kB
1776966815.277722326 Zswapped:              0 kB
1776966815.277722326 Dirty:               152 kB
1776966815.277722326 Writeback:             0 kB
1776966815.277722326 AnonPages:         97540 kB
1776966815.277722326 Mapped:           106332 kB
1776966815.277722326 Shmem:              5248 kB
1776966815.277722326 KReclaimable:      30268 kB
1776966815.277722326 Slab:             119660 kB
1776966815.277722326 SReclaimable:      30268 kB
1776966815.277722326 SUnreclaim:        89392 kB
1776966815.277722326 KernelStack:        3256 kB
1776966815.277722326 PageTables:         4368 kB
1776966815.277722326 SecPageTables:         0 kB
1776966815.277722326 NFS_Unstable:          0 kB
1776966815.277722326 Bounce:                0 kB
1776966815.277722326 WritebackTmp:          0 kB
1776966815.277722326 CommitLimit:     3537964 kB
1776966815.277722326 Committed_AS:     510192 kB
1776966815.277722326 VmallocTotal:   135288315904 kB
1776966815.277722326 VmallocUsed:       25808 kB
1776966815.277722326 VmallocChunk:          0 kB
1776966815.277722326 Percpu:             1504 kB
1776966815.277722326 AnonHugePages:         0 kB
1776966815.277722326 ShmemHugePages:        0 kB
1776966815.277722326 ShmemPmdMapped:        0 kB
1776966815.277722326 FileHugePages:         0 kB
1776966815.277722326 FilePmdMapped:         0 kB
1776966815.277722326 CmaTotal:          65536 kB
1776966815.277722326 CmaFree:           49104 kB
1776966815.277722326 Balloon:               0 kB
1776966815.277722326 HugePages_Total:     512
1776966815.277722326 HugePages_Free:      469
1776966815.277722326 HugePages_Rsvd:        0
1776966815.277722326 HugePages_Surp:        0
1776966815.277722326 Hugepagesize:       2048 kB
1776966815.277722326 Hugetlb:         1048576 kB
1776966816.289082354 MemTotal:        8124504 kB
1776966816.289082354 MemFree:         6356836 kB
1776966816.289082354 MemAvailable:    6636468 kB
1776966816.289082354 Buffers:           31016 kB
1776966816.289082354 Cached:           378400 kB
1776966816.289082354 SwapCached:            0 kB
1776966816.289082354 Active:           405364 kB
1776966816.289082354 Inactive:         101496 kB
1776966816.289082354 Active(anon):     102604 kB
1776966816.289082354 Inactive(anon):        0 kB
1776966816.289082354 Active(file):     302760 kB
1776966816.289082354 Inactive(file):   101496 kB
1776966816.289082354 Unevictable:           0 kB
1776966816.289082354 Mlocked:               0 kB
1776966816.289082354 SwapTotal:             0 kB
1776966816.289082354 SwapFree:              0 kB
1776966816.289082354 Zswap:                 0 kB
1776966816.289082354 Zswapped:              0 kB
1776966816.289082354 Dirty:               160 kB
1776966816.289082354 Writeback:             0 kB
1776966816.289082354 AnonPages:         97536 kB
1776966816.289082354 Mapped:           106208 kB
1776966816.289082354 Shmem:              5248 kB
1776966816.289082354 KReclaimable:      30268 kB
1776966816.289082354 Slab:             119628 kB
1776966816.289082354 SReclaimable:      30268 kB
1776966816.289082354 SUnreclaim:        89360 kB
1776966816.289082354 KernelStack:        3248 kB
1776966816.289082354 PageTables:         4280 kB
1776966816.289082354 SecPageTables:         0 kB
1776966816.289082354 NFS_Unstable:          0 kB
1776966816.289082354 Bounce:                0 kB
1776966816.289082354 WritebackTmp:          0 kB
1776966816.289082354 CommitLimit:     3537964 kB
1776966816.289082354 Committed_AS:     510192 kB
1776966816.289082354 VmallocTotal:   135288315904 kB
1776966816.289082354 VmallocUsed:       25808 kB
1776966816.289082354 VmallocChunk:          0 kB
1776966816.289082354 Percpu:             1504 kB
1776966816.289082354 AnonHugePages:         0 kB
1776966816.289082354 ShmemHugePages:        0 kB
1776966816.289082354 ShmemPmdMapped:        0 kB
1776966816.289082354 FileHugePages:         0 kB
1776966816.289082354 FilePmdMapped:         0 kB
1776966816.289082354 CmaTotal:          65536 kB
1776966816.289082354 CmaFree:           49104 kB
1776966816.289082354 Balloon:               0 kB
1776966816.289082354 HugePages_Total:     512
1776966816.289082354 HugePages_Free:      469
1776966816.289082354 HugePages_Rsvd:        0
1776966816.289082354 HugePages_Surp:        0
1776966816.289082354 Hugepagesize:       2048 kB
1776966816.289082354 Hugetlb:         1048576 kB
1776966817.300528494 MemTotal:        8124504 kB
1776966817.300528494 MemFree:         6360664 kB
1776966817.300528494 MemAvailable:    6640304 kB
1776966817.300528494 Buffers:           31016 kB
1776966817.300528494 Cached:           378408 kB
1776966817.300528494 SwapCached:            0 kB
1776966817.300528494 Active:           405328 kB
1776966817.300528494 Inactive:         101508 kB
1776966817.300528494 Active(anon):     102572 kB
1776966817.300528494 Inactive(anon):        0 kB
1776966817.300528494 Active(file):     302756 kB
1776966817.300528494 Inactive(file):   101508 kB
1776966817.300528494 Unevictable:           0 kB
1776966817.300528494 Mlocked:               0 kB
1776966817.300528494 SwapTotal:             0 kB
1776966817.300528494 SwapFree:              0 kB
1776966817.300528494 Zswap:                 0 kB
1776966817.300528494 Zswapped:              0 kB
1776966817.300528494 Dirty:               168 kB
1776966817.300528494 Writeback:             0 kB
1776966817.300528494 AnonPages:         97544 kB
1776966817.300528494 Mapped:           106208 kB
1776966817.300528494 Shmem:              5248 kB
1776966817.300528494 KReclaimable:      30268 kB
1776966817.300528494 Slab:             119588 kB
1776966817.300528494 SReclaimable:      30268 kB
1776966817.300528494 SUnreclaim:        89320 kB
1776966817.300528494 KernelStack:        3248 kB
1776966817.300528494 PageTables:         4276 kB
1776966817.300528494 SecPageTables:         0 kB
1776966817.300528494 NFS_Unstable:          0 kB
1776966817.300528494 Bounce:                0 kB
1776966817.300528494 WritebackTmp:          0 kB
1776966817.300528494 CommitLimit:     3537964 kB
1776966817.300528494 Committed_AS:     510192 kB
1776966817.300528494 VmallocTotal:   135288315904 kB
1776966817.300528494 VmallocUsed:       25792 kB
1776966817.300528494 VmallocChunk:          0 kB
1776966817.300528494 Percpu:             1504 kB
1776966817.300528494 AnonHugePages:         0 kB
1776966817.300528494 ShmemHugePages:        0 kB
1776966817.300528494 ShmemPmdMapped:        0 kB
1776966817.300528494 FileHugePages:         0 kB
1776966817.300528494 FilePmdMapped:         0 kB
1776966817.300528494 CmaTotal:          65536 kB
1776966817.300528494 CmaFree:           49104 kB
1776966817.300528494 Balloon:               0 kB
1776966817.300528494 HugePages_Total:     512
1776966817.300528494 HugePages_Free:      469
1776966817.300528494 HugePages_Rsvd:        0
1776966817.300528494 HugePages_Surp:        0
1776966817.300528494 Hugepagesize:       2048 kB
1776966817.300528494 Hugetlb:         1048576 kB
1776966818.312252839 MemTotal:        8124504 kB
1776966818.312252839 MemFree:         6361704 kB
1776966818.312252839 MemAvailable:    6641348 kB
1776966818.312252839 Buffers:           31016 kB
1776966818.312252839 Cached:           378412 kB
1776966818.312252839 SwapCached:            0 kB
1776966818.312252839 Active:           405284 kB
1776966818.312252839 Inactive:         101512 kB
1776966818.312252839 Active(anon):     102528 kB
1776966818.312252839 Inactive(anon):        0 kB
1776966818.312252839 Active(file):     302756 kB
1776966818.312252839 Inactive(file):   101512 kB
1776966818.312252839 Unevictable:           0 kB
1776966818.312252839 Mlocked:               0 kB
1776966818.312252839 SwapTotal:             0 kB
1776966818.312252839 SwapFree:              0 kB
1776966818.312252839 Zswap:                 0 kB
1776966818.312252839 Zswapped:              0 kB
1776966818.312252839 Dirty:               172 kB
1776966818.312252839 Writeback:             0 kB
1776966818.312252839 AnonPages:         97532 kB
1776966818.312252839 Mapped:           106208 kB
1776966818.312252839 Shmem:              5248 kB
1776966818.312252839 KReclaimable:      30268 kB
1776966818.312252839 Slab:             119612 kB
1776966818.312252839 SReclaimable:      30268 kB
1776966818.312252839 SUnreclaim:        89344 kB
1776966818.312252839 KernelStack:        3248 kB
1776966818.312252839 PageTables:         4276 kB
1776966818.312252839 SecPageTables:         0 kB
1776966818.312252839 NFS_Unstable:          0 kB
1776966818.312252839 Bounce:                0 kB
1776966818.312252839 WritebackTmp:          0 kB
1776966818.312252839 CommitLimit:     3537964 kB
1776966818.312252839 Committed_AS:     510192 kB
1776966818.312252839 VmallocTotal:   135288315904 kB
1776966818.312252839 VmallocUsed:       25808 kB
1776966818.312252839 VmallocChunk:          0 kB
1776966818.312252839 Percpu:             1504 kB
1776966818.312252839 AnonHugePages:         0 kB
1776966818.312252839 ShmemHugePages:        0 kB
1776966818.312252839 ShmemPmdMapped:        0 kB
1776966818.312252839 FileHugePages:         0 kB
1776966818.312252839 FilePmdMapped:         0 kB
1776966818.312252839 CmaTotal:          65536 kB
1776966818.312252839 CmaFree:           49104 kB
1776966818.312252839 Balloon:               0 kB
1776966818.312252839 HugePages_Total:     512
1776966818.312252839 HugePages_Free:      469
1776966818.312252839 HugePages_Rsvd:        0
1776966818.312252839 HugePages_Surp:        0
1776966818.312252839 Hugepagesize:       2048 kB
1776966818.312252839 Hugetlb:         1048576 kB
1776966819.323927591 MemTotal:        8124504 kB
1776966819.323927591 MemFree:         6355692 kB
1776966819.323927591 MemAvailable:    6635336 kB
1776966819.323927591 Buffers:           31016 kB
1776966819.323927591 Cached:           378408 kB
1776966819.323927591 SwapCached:            0 kB
1776966819.323927591 Active:           405340 kB
1776966819.323927591 Inactive:         101512 kB
1776966819.323927591 Active(anon):     102584 kB
1776966819.323927591 Inactive(anon):        0 kB
1776966819.323927591 Active(file):     302756 kB
1776966819.323927591 Inactive(file):   101512 kB
1776966819.323927591 Unevictable:           0 kB
1776966819.323927591 Mlocked:               0 kB
1776966819.323927591 SwapTotal:             0 kB
1776966819.323927591 SwapFree:              0 kB
1776966819.323927591 Zswap:                 0 kB
1776966819.323927591 Zswapped:              0 kB
1776966819.323927591 Dirty:               172 kB
1776966819.323927591 Writeback:             0 kB
1776966819.323927591 AnonPages:         97484 kB
1776966819.323927591 Mapped:           106332 kB
1776966819.323927591 Shmem:              5248 kB
1776966819.323927591 KReclaimable:      30268 kB
1776966819.323927591 Slab:             119652 kB
1776966819.323927591 SReclaimable:      30268 kB
1776966819.323927591 SUnreclaim:        89384 kB
1776966819.323927591 KernelStack:        3248 kB
1776966819.323927591 PageTables:         4344 kB
1776966819.323927591 SecPageTables:         0 kB
1776966819.323927591 NFS_Unstable:          0 kB
1776966819.323927591 Bounce:                0 kB
1776966819.323927591 WritebackTmp:          0 kB
1776966819.323927591 CommitLimit:     3537964 kB
1776966819.323927591 Committed_AS:     510192 kB
1776966819.323927591 VmallocTotal:   135288315904 kB
1776966819.323927591 VmallocUsed:       25792 kB
1776966819.323927591 VmallocChunk:          0 kB
1776966819.323927591 Percpu:             1504 kB
1776966819.323927591 AnonHugePages:         0 kB
1776966819.323927591 ShmemHugePages:        0 kB
1776966819.323927591 ShmemPmdMapped:        0 kB
1776966819.323927591 FileHugePages:         0 kB
1776966819.323927591 FilePmdMapped:         0 kB
1776966819.323927591 CmaTotal:          65536 kB
1776966819.323927591 CmaFree:           49104 kB
1776966819.323927591 Balloon:               0 kB
1776966819.323927591 HugePages_Total:     512
1776966819.323927591 HugePages_Free:      469
1776966819.323927591 HugePages_Rsvd:        0
1776966819.323927591 HugePages_Surp:        0
1776966819.323927591 Hugepagesize:       2048 kB
1776966819.323927591 Hugetlb:         1048576 kB
1776966820.335567880 MemTotal:        8124504 kB
1776966820.335567880 MemFree:         6359948 kB
1776966820.335567880 MemAvailable:    6639608 kB
1776966820.335567880 Buffers:           31024 kB
1776966820.335567880 Cached:           378420 kB
1776966820.335567880 SwapCached:            0 kB
1776966820.335567880 Active:           405304 kB
1776966820.335567880 Inactive:         101528 kB
1776966820.335567880 Active(anon):     102548 kB
1776966820.335567880 Inactive(anon):        0 kB
1776966820.335567880 Active(file):     302756 kB
1776966820.335567880 Inactive(file):   101528 kB
1776966820.335567880 Unevictable:           0 kB
1776966820.335567880 Mlocked:               0 kB
1776966820.335567880 SwapTotal:             0 kB
1776966820.335567880 SwapFree:              0 kB
1776966820.335567880 Zswap:                 0 kB
1776966820.335567880 Zswapped:              0 kB
1776966820.335567880 Dirty:               180 kB
1776966820.335567880 Writeback:             0 kB
1776966820.335567880 AnonPages:         97540 kB
1776966820.335567880 Mapped:           106208 kB
1776966820.335567880 Shmem:              5248 kB
1776966820.335567880 KReclaimable:      30268 kB
1776966820.335567880 Slab:             119708 kB
1776966820.335567880 SReclaimable:      30268 kB
1776966820.335567880 SUnreclaim:        89440 kB
1776966820.335567880 KernelStack:        3248 kB
1776966820.335567880 PageTables:         4280 kB
1776966820.335567880 SecPageTables:         0 kB
1776966820.335567880 NFS_Unstable:          0 kB
1776966820.335567880 Bounce:                0 kB
1776966820.335567880 WritebackTmp:          0 kB
1776966820.335567880 CommitLimit:     3537964 kB
1776966820.335567880 Committed_AS:     510192 kB
1776966820.335567880 VmallocTotal:   135288315904 kB
1776966820.335567880 VmallocUsed:       25808 kB
1776966820.335567880 VmallocChunk:          0 kB
1776966820.335567880 Percpu:             1504 kB
1776966820.335567880 AnonHugePages:         0 kB
1776966820.335567880 ShmemHugePages:        0 kB
1776966820.335567880 ShmemPmdMapped:        0 kB
1776966820.335567880 FileHugePages:         0 kB
1776966820.335567880 FilePmdMapped:         0 kB
1776966820.335567880 CmaTotal:          65536 kB
1776966820.335567880 CmaFree:           49104 kB
1776966820.335567880 Balloon:               0 kB
1776966820.335567880 HugePages_Total:     512
1776966820.335567880 HugePages_Free:      469
1776966820.335567880 HugePages_Rsvd:        0
1776966820.335567880 HugePages_Surp:        0
1776966820.335567880 Hugepagesize:       2048 kB
1776966820.335567880 Hugetlb:         1048576 kB
1776966821.346982668 MemTotal:        8124504 kB
1776966821.346982668 MemFree:         6354268 kB
1776966821.346982668 MemAvailable:    6633936 kB
1776966821.346982668 Buffers:           31024 kB
1776966821.346982668 Cached:           378424 kB
1776966821.346982668 SwapCached:            0 kB
1776966821.346982668 Active:           405376 kB
1776966821.346982668 Inactive:         101532 kB
1776966821.346982668 Active(anon):     102616 kB
1776966821.346982668 Inactive(anon):        0 kB
1776966821.346982668 Active(file):     302760 kB
1776966821.346982668 Inactive(file):   101532 kB
1776966821.346982668 Unevictable:           0 kB
1776966821.346982668 Mlocked:               0 kB
1776966821.346982668 SwapTotal:             0 kB
1776966821.346982668 SwapFree:              0 kB
1776966821.346982668 Zswap:                 0 kB
1776966821.346982668 Zswapped:              0 kB
1776966821.346982668 Dirty:               184 kB
1776966821.346982668 Writeback:             0 kB
1776966821.346982668 AnonPages:         97424 kB
1776966821.346982668 Mapped:           106268 kB
1776966821.346982668 Shmem:              5248 kB
1776966821.346982668 KReclaimable:      30268 kB
1776966821.346982668 Slab:             119748 kB
1776966821.346982668 SReclaimable:      30268 kB
1776966821.346982668 SUnreclaim:        89480 kB
1776966821.346982668 KernelStack:        3224 kB
1776966821.346982668 PageTables:         4468 kB
1776966821.346982668 SecPageTables:         0 kB
1776966821.346982668 NFS_Unstable:          0 kB
1776966821.346982668 Bounce:                0 kB
1776966821.346982668 WritebackTmp:          0 kB
1776966821.346982668 CommitLimit:     3537964 kB
1776966821.346982668 Committed_AS:     510192 kB
1776966821.346982668 VmallocTotal:   135288315904 kB
1776966821.346982668 VmallocUsed:       25792 kB
1776966821.346982668 VmallocChunk:          0 kB
1776966821.346982668 Percpu:             1504 kB
1776966821.346982668 AnonHugePages:         0 kB
1776966821.346982668 ShmemHugePages:        0 kB
1776966821.346982668 ShmemPmdMapped:        0 kB
1776966821.346982668 FileHugePages:         0 kB
1776966821.346982668 FilePmdMapped:         0 kB
1776966821.346982668 CmaTotal:          65536 kB
1776966821.346982668 CmaFree:           49104 kB
1776966821.346982668 Balloon:               0 kB
1776966821.346982668 HugePages_Total:     512
1776966821.346982668 HugePages_Free:      469
1776966821.346982668 HugePages_Rsvd:        0
1776966821.346982668 HugePages_Surp:        0
1776966821.346982668 Hugepagesize:       2048 kB
1776966821.346982668 Hugetlb:         1048576 kB
1776966822.359465237 MemTotal:        8124504 kB
1776966822.359465237 MemFree:         6361612 kB
1776966822.359465237 MemAvailable:    6641288 kB
1776966822.359465237 Buffers:           31024 kB
1776966822.359465237 Cached:           378432 kB
1776966822.359465237 SwapCached:            0 kB
1776966822.359465237 Active:           404800 kB
1776966822.359465237 Inactive:         101540 kB
1776966822.359465237 Active(anon):     102040 kB
1776966822.359465237 Inactive(anon):        0 kB
1776966822.359465237 Active(file):     302760 kB
1776966822.359465237 Inactive(file):   101540 kB
1776966822.359465237 Unevictable:           0 kB
1776966822.359465237 Mlocked:               0 kB
1776966822.359465237 SwapTotal:             0 kB
1776966822.359465237 SwapFree:              0 kB
1776966822.359465237 Zswap:                 0 kB
1776966822.359465237 Zswapped:              0 kB
1776966822.359465237 Dirty:               192 kB
1776966822.359465237 Writeback:             0 kB
1776966822.359465237 AnonPages:         96800 kB
1776966822.359465237 Mapped:           106268 kB
1776966822.359465237 Shmem:              5248 kB
1776966822.359465237 KReclaimable:      30268 kB
1776966822.359465237 Slab:             119672 kB
1776966822.359465237 SReclaimable:      30268 kB
1776966822.359465237 SUnreclaim:        89404 kB
1776966822.359465237 KernelStack:        3288 kB
1776966822.359465237 PageTables:         4572 kB
1776966822.359465237 SecPageTables:         0 kB
1776966822.359465237 NFS_Unstable:          0 kB
1776966822.359465237 Bounce:                0 kB
1776966822.359465237 WritebackTmp:          0 kB
1776966822.359465237 CommitLimit:     3537964 kB
1776966822.359465237 Committed_AS:     510524 kB
1776966822.359465237 VmallocTotal:   135288315904 kB
1776966822.359465237 VmallocUsed:       25824 kB
1776966822.359465237 VmallocChunk:          0 kB
1776966822.359465237 Percpu:             1504 kB
1776966822.359465237 AnonHugePages:         0 kB
1776966822.359465237 ShmemHugePages:        0 kB
1776966822.359465237 ShmemPmdMapped:        0 kB
1776966822.359465237 FileHugePages:         0 kB
1776966822.359465237 FilePmdMapped:         0 kB
1776966822.359465237 CmaTotal:          65536 kB
1776966822.359465237 CmaFree:           49104 kB
1776966822.359465237 Balloon:               0 kB
1776966822.359465237 HugePages_Total:     512
1776966822.359465237 HugePages_Free:      469
1776966822.359465237 HugePages_Rsvd:        0
1776966822.359465237 HugePages_Surp:        0
1776966822.359465237 Hugepagesize:       2048 kB
1776966822.359465237 Hugetlb:         1048576 kB
1776966823.370255041 MemTotal:        8124504 kB
1776966823.370255041 MemFree:         6362980 kB
1776966823.370255041 MemAvailable:    6642660 kB
1776966823.370255041 Buffers:           31024 kB
1776966823.370255041 Cached:           378440 kB
1776966823.370255041 SwapCached:            0 kB
1776966823.370255041 Active:           405396 kB
1776966823.370255041 Inactive:         101544 kB
1776966823.370255041 Active(anon):     102636 kB
1776966823.370255041 Inactive(anon):        0 kB
1776966823.370255041 Active(file):     302760 kB
1776966823.370255041 Inactive(file):   101544 kB
1776966823.370255041 Unevictable:           0 kB
1776966823.370255041 Mlocked:               0 kB
1776966823.370255041 SwapTotal:             0 kB
1776966823.370255041 SwapFree:              0 kB
1776966823.370255041 Zswap:                 0 kB
1776966823.370255041 Zswapped:              0 kB
1776966823.370255041 Dirty:               200 kB
1776966823.370255041 Writeback:             0 kB
1776966823.370255041 AnonPages:         97544 kB
1776966823.370255041 Mapped:           106208 kB
1776966823.370255041 Shmem:              5248 kB
1776966823.370255041 KReclaimable:      30268 kB
1776966823.370255041 Slab:             119600 kB
1776966823.370255041 SReclaimable:      30268 kB
1776966823.370255041 SUnreclaim:        89332 kB
1776966823.370255041 KernelStack:        3248 kB
1776966823.370255041 PageTables:         4280 kB
1776966823.370255041 SecPageTables:         0 kB
1776966823.370255041 NFS_Unstable:          0 kB
1776966823.370255041 Bounce:                0 kB
1776966823.370255041 WritebackTmp:          0 kB
1776966823.370255041 CommitLimit:     3537964 kB
1776966823.370255041 Committed_AS:     510192 kB
1776966823.370255041 VmallocTotal:   135288315904 kB
1776966823.370255041 VmallocUsed:       25792 kB
1776966823.370255041 VmallocChunk:          0 kB
1776966823.370255041 Percpu:             1504 kB
1776966823.370255041 AnonHugePages:         0 kB
1776966823.370255041 ShmemHugePages:        0 kB
1776966823.370255041 ShmemPmdMapped:        0 kB
1776966823.370255041 FileHugePages:         0 kB
1776966823.370255041 FilePmdMapped:         0 kB
1776966823.370255041 CmaTotal:          65536 kB
1776966823.370255041 CmaFree:           49104 kB
1776966823.370255041 Balloon:               0 kB
1776966823.370255041 HugePages_Total:     512
1776966823.370255041 HugePages_Free:      469
1776966823.370255041 HugePages_Rsvd:        0
1776966823.370255041 HugePages_Surp:        0
1776966823.370255041 Hugepagesize:       2048 kB
1776966823.370255041 Hugetlb:         1048576 kB
1776966824.380638881 MemTotal:        8124504 kB
1776966824.380638881 MemFree:         6360292 kB
1776966824.380638881 MemAvailable:    6639972 kB
1776966824.380638881 Buffers:           31024 kB
1776966824.380638881 Cached:           378440 kB
1776966824.380638881 SwapCached:            0 kB
1776966824.380638881 Active:           405304 kB
1776966824.380638881 Inactive:         101548 kB
1776966824.380638881 Active(anon):     102548 kB
1776966824.380638881 Inactive(anon):        0 kB
1776966824.380638881 Active(file):     302756 kB
1776966824.380638881 Inactive(file):   101548 kB
1776966824.380638881 Unevictable:           0 kB
1776966824.380638881 Mlocked:               0 kB
1776966824.380638881 SwapTotal:             0 kB
1776966824.380638881 SwapFree:              0 kB
1776966824.380638881 Zswap:                 0 kB
1776966824.380638881 Zswapped:              0 kB
1776966824.380638881 Dirty:               200 kB
1776966824.380638881 Writeback:             0 kB
1776966824.380638881 AnonPages:         97540 kB
1776966824.380638881 Mapped:           106208 kB
1776966824.380638881 Shmem:              5248 kB
1776966824.380638881 KReclaimable:      30268 kB
1776966824.380638881 Slab:             119516 kB
1776966824.380638881 SReclaimable:      30268 kB
1776966824.380638881 SUnreclaim:        89248 kB
1776966824.380638881 KernelStack:        3248 kB
1776966824.380638881 PageTables:         4272 kB
1776966824.380638881 SecPageTables:         0 kB
1776966824.380638881 NFS_Unstable:          0 kB
1776966824.380638881 Bounce:                0 kB
1776966824.380638881 WritebackTmp:          0 kB
1776966824.380638881 CommitLimit:     3537964 kB
1776966824.380638881 Committed_AS:     510192 kB
1776966824.380638881 VmallocTotal:   135288315904 kB
1776966824.380638881 VmallocUsed:       25792 kB
1776966824.380638881 VmallocChunk:          0 kB
1776966824.380638881 Percpu:             1504 kB
1776966824.380638881 AnonHugePages:         0 kB
1776966824.380638881 ShmemHugePages:        0 kB
1776966824.380638881 ShmemPmdMapped:        0 kB
1776966824.380638881 FileHugePages:         0 kB
1776966824.380638881 FilePmdMapped:         0 kB
1776966824.380638881 CmaTotal:          65536 kB
1776966824.380638881 CmaFree:           49104 kB
1776966824.380638881 Balloon:               0 kB
1776966824.380638881 HugePages_Total:     512
1776966824.380638881 HugePages_Free:      469
1776966824.380638881 HugePages_Rsvd:        0
1776966824.380638881 HugePages_Surp:        0
1776966824.380638881 Hugepagesize:       2048 kB
1776966824.380638881 Hugetlb:         1048576 kB
1776966825.390844498 MemTotal:        8124504 kB
1776966825.390844498 MemFree:         6364180 kB
1776966825.390844498 MemAvailable:    6643876 kB
1776966825.390844498 Buffers:           31032 kB
1776966825.390844498 Cached:           378444 kB
1776966825.390844498 SwapCached:            0 kB
1776966825.390844498 Active:           405444 kB
1776966825.390844498 Inactive:         101560 kB
1776966825.390844498 Active(anon):     102684 kB
1776966825.390844498 Inactive(anon):        0 kB
1776966825.390844498 Active(file):     302760 kB
1776966825.390844498 Inactive(file):   101560 kB
1776966825.390844498 Unevictable:           0 kB
1776966825.390844498 Mlocked:               0 kB
1776966825.390844498 SwapTotal:             0 kB
1776966825.390844498 SwapFree:              0 kB
1776966825.390844498 Zswap:                 0 kB
1776966825.390844498 Zswapped:              0 kB
1776966825.390844498 Dirty:                48 kB
1776966825.390844498 Writeback:             0 kB
1776966825.390844498 AnonPages:         97544 kB
1776966825.390844498 Mapped:           106208 kB
1776966825.390844498 Shmem:              5248 kB
1776966825.390844498 KReclaimable:      30268 kB
1776966825.390844498 Slab:             119608 kB
1776966825.390844498 SReclaimable:      30268 kB
1776966825.390844498 SUnreclaim:        89340 kB
1776966825.390844498 KernelStack:        3248 kB
1776966825.390844498 PageTables:         4288 kB
1776966825.390844498 SecPageTables:         0 kB
1776966825.390844498 NFS_Unstable:          0 kB
1776966825.390844498 Bounce:                0 kB
1776966825.390844498 WritebackTmp:          0 kB
1776966825.390844498 CommitLimit:     3537964 kB
1776966825.390844498 Committed_AS:     510192 kB
1776966825.390844498 VmallocTotal:   135288315904 kB
1776966825.390844498 VmallocUsed:       25792 kB
1776966825.390844498 VmallocChunk:          0 kB
1776966825.390844498 Percpu:             1504 kB
1776966825.390844498 AnonHugePages:         0 kB
1776966825.390844498 ShmemHugePages:        0 kB
1776966825.390844498 ShmemPmdMapped:        0 kB
1776966825.390844498 FileHugePages:         0 kB
1776966825.390844498 FilePmdMapped:         0 kB
1776966825.390844498 CmaTotal:          65536 kB
1776966825.390844498 CmaFree:           49104 kB
1776966825.390844498 Balloon:               0 kB
1776966825.390844498 HugePages_Total:     512
1776966825.390844498 HugePages_Free:      469
1776966825.390844498 HugePages_Rsvd:        0
1776966825.390844498 HugePages_Surp:        0
1776966825.390844498 Hugepagesize:       2048 kB
1776966825.390844498 Hugetlb:         1048576 kB
1776966826.400936430 MemTotal:        8124504 kB
1776966826.400936430 MemFree:         6361416 kB
1776966826.400936430 MemAvailable:    6641112 kB
1776966826.400936430 Buffers:           31032 kB
1776966826.400936430 Cached:           378448 kB
1776966826.400936430 SwapCached:            0 kB
1776966826.400936430 Active:           405332 kB
1776966826.400936430 Inactive:         101564 kB
1776966826.400936430 Active(anon):     102576 kB
1776966826.400936430 Inactive(anon):        0 kB
1776966826.400936430 Active(file):     302756 kB
1776966826.400936430 Inactive(file):   101564 kB
1776966826.400936430 Unevictable:           0 kB
1776966826.400936430 Mlocked:               0 kB
1776966826.400936430 SwapTotal:             0 kB
1776966826.400936430 SwapFree:              0 kB
1776966826.400936430 Zswap:                 0 kB
1776966826.400936430 Zswapped:              0 kB
1776966826.400936430 Dirty:                64 kB
1776966826.400936430 Writeback:             0 kB
1776966826.400936430 AnonPages:         97540 kB
1776966826.400936430 Mapped:           106208 kB
1776966826.400936430 Shmem:              5248 kB
1776966826.400936430 KReclaimable:      30268 kB
1776966826.400936430 Slab:             119540 kB
1776966826.400936430 SReclaimable:      30268 kB
1776966826.400936430 SUnreclaim:        89272 kB
1776966826.400936430 KernelStack:        3248 kB
1776966826.400936430 PageTables:         4296 kB
1776966826.400936430 SecPageTables:         0 kB
1776966826.400936430 NFS_Unstable:          0 kB
1776966826.400936430 Bounce:                0 kB
1776966826.400936430 WritebackTmp:          0 kB
1776966826.400936430 CommitLimit:     3537964 kB
1776966826.400936430 Committed_AS:     510192 kB
1776966826.400936430 VmallocTotal:   135288315904 kB
1776966826.400936430 VmallocUsed:       25808 kB
1776966826.400936430 VmallocChunk:          0 kB
1776966826.400936430 Percpu:             1504 kB
1776966826.400936430 AnonHugePages:         0 kB
1776966826.400936430 ShmemHugePages:        0 kB
1776966826.400936430 ShmemPmdMapped:        0 kB
1776966826.400936430 FileHugePages:         0 kB
1776966826.400936430 FilePmdMapped:         0 kB
1776966826.400936430 CmaTotal:          65536 kB
1776966826.400936430 CmaFree:           49104 kB
1776966826.400936430 Balloon:               0 kB
1776966826.400936430 HugePages_Total:     512
1776966826.400936430 HugePages_Free:      469
1776966826.400936430 HugePages_Rsvd:        0
1776966826.400936430 HugePages_Surp:        0
1776966826.400936430 Hugepagesize:       2048 kB
1776966826.400936430 Hugetlb:         1048576 kB
1776966827.411082713 MemTotal:        8124504 kB
1776966827.411082713 MemFree:         6366408 kB
1776966827.411082713 MemAvailable:    6646104 kB
1776966827.411082713 Buffers:           31032 kB
1776966827.411082713 Cached:           378452 kB
1776966827.411082713 SwapCached:            0 kB
1776966827.411082713 Active:           405316 kB
1776966827.411082713 Inactive:         101564 kB
1776966827.411082713 Active(anon):     102560 kB
1776966827.411082713 Inactive(anon):        0 kB
1776966827.411082713 Active(file):     302756 kB
1776966827.411082713 Inactive(file):   101564 kB
1776966827.411082713 Unevictable:           0 kB
1776966827.411082713 Mlocked:               0 kB
1776966827.411082713 SwapTotal:             0 kB
1776966827.411082713 SwapFree:              0 kB
1776966827.411082713 Zswap:                 0 kB
1776966827.411082713 Zswapped:              0 kB
1776966827.411082713 Dirty:                68 kB
1776966827.411082713 Writeback:             0 kB
1776966827.411082713 AnonPages:         97548 kB
1776966827.411082713 Mapped:           106208 kB
1776966827.411082713 Shmem:              5248 kB
1776966827.411082713 KReclaimable:      30268 kB
1776966827.411082713 Slab:             119596 kB
1776966827.411082713 SReclaimable:      30268 kB
1776966827.411082713 SUnreclaim:        89328 kB
1776966827.411082713 KernelStack:        3248 kB
1776966827.411082713 PageTables:         4280 kB
1776966827.411082713 SecPageTables:         0 kB
1776966827.411082713 NFS_Unstable:          0 kB
1776966827.411082713 Bounce:                0 kB
1776966827.411082713 WritebackTmp:          0 kB
1776966827.411082713 CommitLimit:     3537964 kB
1776966827.411082713 Committed_AS:     510192 kB
1776966827.411082713 VmallocTotal:   135288315904 kB
1776966827.411082713 VmallocUsed:       25808 kB
1776966827.411082713 VmallocChunk:          0 kB
1776966827.411082713 Percpu:             1504 kB
1776966827.411082713 AnonHugePages:         0 kB
1776966827.411082713 ShmemHugePages:        0 kB
1776966827.411082713 ShmemPmdMapped:        0 kB
1776966827.411082713 FileHugePages:         0 kB
1776966827.411082713 FilePmdMapped:         0 kB
1776966827.411082713 CmaTotal:          65536 kB
1776966827.411082713 CmaFree:           49104 kB
1776966827.411082713 Balloon:               0 kB
1776966827.411082713 HugePages_Total:     512
1776966827.411082713 HugePages_Free:      469
1776966827.411082713 HugePages_Rsvd:        0
1776966827.411082713 HugePages_Surp:        0
1776966827.411082713 Hugepagesize:       2048 kB
1776966827.411082713 Hugetlb:         1048576 kB
1776966828.421114051 MemTotal:        8124504 kB
1776966828.421114051 MemFree:         6357504 kB
1776966828.421114051 MemAvailable:    6637216 kB
1776966828.421114051 Buffers:           31032 kB
1776966828.421114051 Cached:           378460 kB
1776966828.421114051 SwapCached:            0 kB
1776966828.421114051 Active:           405416 kB
1776966828.421114051 Inactive:         101576 kB
1776966828.421114051 Active(anon):     102656 kB
1776966828.421114051 Inactive(anon):        0 kB
1776966828.421114051 Active(file):     302760 kB
1776966828.421114051 Inactive(file):   101576 kB
1776966828.421114051 Unevictable:           0 kB
1776966828.421114051 Mlocked:               0 kB
1776966828.421114051 SwapTotal:             0 kB
1776966828.421114051 SwapFree:              0 kB
1776966828.421114051 Zswap:                 0 kB
1776966828.421114051 Zswapped:              0 kB
1776966828.421114051 Dirty:                76 kB
1776966828.421114051 Writeback:             0 kB
1776966828.421114051 AnonPages:         97548 kB
1776966828.421114051 Mapped:           106208 kB
1776966828.421114051 Shmem:              5248 kB
1776966828.421114051 KReclaimable:      30268 kB
1776966828.421114051 Slab:             119620 kB
1776966828.421114051 SReclaimable:      30268 kB
1776966828.421114051 SUnreclaim:        89352 kB
1776966828.421114051 KernelStack:        3264 kB
1776966828.421114051 PageTables:         4280 kB
1776966828.421114051 SecPageTables:         0 kB
1776966828.421114051 NFS_Unstable:          0 kB
1776966828.421114051 Bounce:                0 kB
1776966828.421114051 WritebackTmp:          0 kB
1776966828.421114051 CommitLimit:     3537964 kB
1776966828.421114051 Committed_AS:     510192 kB
1776966828.421114051 VmallocTotal:   135288315904 kB
1776966828.421114051 VmallocUsed:       25808 kB
1776966828.421114051 VmallocChunk:          0 kB
1776966828.421114051 Percpu:             1504 kB
1776966828.421114051 AnonHugePages:         0 kB
1776966828.421114051 ShmemHugePages:        0 kB
1776966828.421114051 ShmemPmdMapped:        0 kB
1776966828.421114051 FileHugePages:         0 kB
1776966828.421114051 FilePmdMapped:         0 kB
1776966828.421114051 CmaTotal:          65536 kB
1776966828.421114051 CmaFree:           49104 kB
1776966828.421114051 Balloon:               0 kB
1776966828.421114051 HugePages_Total:     512
1776966828.421114051 HugePages_Free:      469
1776966828.421114051 HugePages_Rsvd:        0
1776966828.421114051 HugePages_Surp:        0
1776966828.421114051 Hugepagesize:       2048 kB
1776966828.421114051 Hugetlb:         1048576 kB
1776966829.431272816 MemTotal:        8124504 kB
1776966829.431272816 MemFree:         6359152 kB
1776966829.431272816 MemAvailable:    6638864 kB
1776966829.431272816 Buffers:           31032 kB
1776966829.431272816 Cached:           378464 kB
1776966829.431272816 SwapCached:            0 kB
1776966829.431272816 Active:           405316 kB
1776966829.431272816 Inactive:         101580 kB
1776966829.431272816 Active(anon):     102560 kB
1776966829.431272816 Inactive(anon):        0 kB
1776966829.431272816 Active(file):     302756 kB
1776966829.431272816 Inactive(file):   101580 kB
1776966829.431272816 Unevictable:           0 kB
1776966829.431272816 Mlocked:               0 kB
1776966829.431272816 SwapTotal:             0 kB
1776966829.431272816 SwapFree:              0 kB
1776966829.431272816 Zswap:                 0 kB
1776966829.431272816 Zswapped:              0 kB
1776966829.431272816 Dirty:                80 kB
1776966829.431272816 Writeback:             0 kB
1776966829.431272816 AnonPages:         97552 kB
1776966829.431272816 Mapped:           106208 kB
1776966829.431272816 Shmem:              5248 kB
1776966829.431272816 KReclaimable:      30268 kB
1776966829.431272816 Slab:             119648 kB
1776966829.431272816 SReclaimable:      30268 kB
1776966829.431272816 SUnreclaim:        89380 kB
1776966829.431272816 KernelStack:        3264 kB
1776966829.431272816 PageTables:         4280 kB
1776966829.431272816 SecPageTables:         0 kB
1776966829.431272816 NFS_Unstable:          0 kB
1776966829.431272816 Bounce:                0 kB
1776966829.431272816 WritebackTmp:          0 kB
1776966829.431272816 CommitLimit:     3537964 kB
1776966829.431272816 Committed_AS:     510192 kB
1776966829.431272816 VmallocTotal:   135288315904 kB
1776966829.431272816 VmallocUsed:       25808 kB
1776966829.431272816 VmallocChunk:          0 kB
1776966829.431272816 Percpu:             1504 kB
1776966829.431272816 AnonHugePages:         0 kB
1776966829.431272816 ShmemHugePages:        0 kB
1776966829.431272816 ShmemPmdMapped:        0 kB
1776966829.431272816 FileHugePages:         0 kB
1776966829.431272816 FilePmdMapped:         0 kB
1776966829.431272816 CmaTotal:          65536 kB
1776966829.431272816 CmaFree:           49104 kB
1776966829.431272816 Balloon:               0 kB
1776966829.431272816 HugePages_Total:     512
1776966829.431272816 HugePages_Free:      469
1776966829.431272816 HugePages_Rsvd:        0
1776966829.431272816 HugePages_Surp:        0
1776966829.431272816 Hugepagesize:       2048 kB
1776966829.431272816 Hugetlb:         1048576 kB
1776966830.441347470 MemTotal:        8124504 kB
1776966830.441347470 MemFree:         6356456 kB
1776966830.441347470 MemAvailable:    6636192 kB
1776966830.441347470 Buffers:           31048 kB
1776966830.441347470 Cached:           378468 kB
1776966830.441347470 SwapCached:            0 kB
1776966830.441347470 Active:           405464 kB
1776966830.441347470 Inactive:         101600 kB
1776966830.441347470 Active(anon):     102704 kB
1776966830.441347470 Inactive(anon):        0 kB
1776966830.441347470 Active(file):     302760 kB
1776966830.441347470 Inactive(file):   101600 kB
1776966830.441347470 Unevictable:           0 kB
1776966830.441347470 Mlocked:               0 kB
1776966830.441347470 SwapTotal:             0 kB
1776966830.441347470 SwapFree:              0 kB
1776966830.441347470 Zswap:                 0 kB
1776966830.441347470 Zswapped:              0 kB
1776966830.441347470 Dirty:                44 kB
1776966830.441347470 Writeback:             0 kB
1776966830.441347470 AnonPages:         97548 kB
1776966830.441347470 Mapped:           106208 kB
1776966830.441347470 Shmem:              5248 kB
1776966830.441347470 KReclaimable:      30268 kB
1776966830.441347470 Slab:             119592 kB
1776966830.441347470 SReclaimable:      30268 kB
1776966830.441347470 SUnreclaim:        89324 kB
1776966830.441347470 KernelStack:        3264 kB
1776966830.441347470 PageTables:         4292 kB
1776966830.441347470 SecPageTables:         0 kB
1776966830.441347470 NFS_Unstable:          0 kB
1776966830.441347470 Bounce:                0 kB
1776966830.441347470 WritebackTmp:          0 kB
1776966830.441347470 CommitLimit:     3537964 kB
1776966830.441347470 Committed_AS:     510192 kB
1776966830.441347470 VmallocTotal:   135288315904 kB
1776966830.441347470 VmallocUsed:       25808 kB
1776966830.441347470 VmallocChunk:          0 kB
1776966830.441347470 Percpu:             1504 kB
1776966830.441347470 AnonHugePages:         0 kB
1776966830.441347470 ShmemHugePages:        0 kB
1776966830.441347470 ShmemPmdMapped:        0 kB
1776966830.441347470 FileHugePages:         0 kB
1776966830.441347470 FilePmdMapped:         0 kB
1776966830.441347470 CmaTotal:          65536 kB
1776966830.441347470 CmaFree:           49104 kB
1776966830.441347470 Balloon:               0 kB
1776966830.441347470 HugePages_Total:     512
1776966830.441347470 HugePages_Free:      469
1776966830.441347470 HugePages_Rsvd:        0
1776966830.441347470 HugePages_Surp:        0
1776966830.441347470 Hugepagesize:       2048 kB
1776966830.441347470 Hugetlb:         1048576 kB
1776966831.451319845 MemTotal:        8124504 kB
1776966831.451319845 MemFree:         6358136 kB
1776966831.451319845 MemAvailable:    6637872 kB
1776966831.451319845 Buffers:           31048 kB
1776966831.451319845 Cached:           378476 kB
1776966831.451319845 SwapCached:            0 kB
1776966831.451319845 Active:           405320 kB
1776966831.451319845 Inactive:         101604 kB
1776966831.451319845 Active(anon):     102564 kB
1776966831.451319845 Inactive(anon):        0 kB
1776966831.451319845 Active(file):     302756 kB
1776966831.451319845 Inactive(file):   101604 kB
1776966831.451319845 Unevictable:           0 kB
1776966831.451319845 Mlocked:               0 kB
1776966831.451319845 SwapTotal:             0 kB
1776966831.451319845 SwapFree:              0 kB
1776966831.451319845 Zswap:                 0 kB
1776966831.451319845 Zswapped:              0 kB
1776966831.451319845 Dirty:                52 kB
1776966831.451319845 Writeback:             0 kB
1776966831.451319845 AnonPages:         97552 kB
1776966831.451319845 Mapped:           106208 kB
1776966831.451319845 Shmem:              5248 kB
1776966831.451319845 KReclaimable:      30268 kB
1776966831.451319845 Slab:             119596 kB
1776966831.451319845 SReclaimable:      30268 kB
1776966831.451319845 SUnreclaim:        89328 kB
1776966831.451319845 KernelStack:        3264 kB
1776966831.451319845 PageTables:         4276 kB
1776966831.451319845 SecPageTables:         0 kB
1776966831.451319845 NFS_Unstable:          0 kB
1776966831.451319845 Bounce:                0 kB
1776966831.451319845 WritebackTmp:          0 kB
1776966831.451319845 CommitLimit:     3537964 kB
1776966831.451319845 Committed_AS:     510192 kB
1776966831.451319845 VmallocTotal:   135288315904 kB
1776966831.451319845 VmallocUsed:       25824 kB
1776966831.451319845 VmallocChunk:          0 kB
1776966831.451319845 Percpu:             1504 kB
1776966831.451319845 AnonHugePages:         0 kB
1776966831.451319845 ShmemHugePages:        0 kB
1776966831.451319845 ShmemPmdMapped:        0 kB
1776966831.451319845 FileHugePages:         0 kB
1776966831.451319845 FilePmdMapped:         0 kB
1776966831.451319845 CmaTotal:          65536 kB
1776966831.451319845 CmaFree:           49104 kB
1776966831.451319845 Balloon:               0 kB
1776966831.451319845 HugePages_Total:     512
1776966831.451319845 HugePages_Free:      469
1776966831.451319845 HugePages_Rsvd:        0
1776966831.451319845 HugePages_Surp:        0
1776966831.451319845 Hugepagesize:       2048 kB
1776966831.451319845 Hugetlb:         1048576 kB
1776966832.461451592 MemTotal:        8124504 kB
1776966832.461451592 MemFree:         6354020 kB
1776966832.461451592 MemAvailable:    6633764 kB
1776966832.461451592 Buffers:           31048 kB
1776966832.461451592 Cached:           378480 kB
1776966832.461451592 SwapCached:            0 kB
1776966832.461451592 Active:           405292 kB
1776966832.461451592 Inactive:         101612 kB
1776966832.461451592 Active(anon):     102536 kB
1776966832.461451592 Inactive(anon):        0 kB
1776966832.461451592 Active(file):     302756 kB
1776966832.461451592 Inactive(file):   101612 kB
1776966832.461451592 Unevictable:           0 kB
1776966832.461451592 Mlocked:               0 kB
1776966832.461451592 SwapTotal:             0 kB
1776966832.461451592 SwapFree:              0 kB
1776966832.461451592 Zswap:                 0 kB
1776966832.461451592 Zswapped:              0 kB
1776966832.461451592 Dirty:                56 kB
1776966832.461451592 Writeback:             0 kB
1776966832.461451592 AnonPages:         97552 kB
1776966832.461451592 Mapped:           106208 kB
1776966832.461451592 Shmem:              5248 kB
1776966832.461451592 KReclaimable:      30268 kB
1776966832.461451592 Slab:             119556 kB
1776966832.461451592 SReclaimable:      30268 kB
1776966832.461451592 SUnreclaim:        89288 kB
1776966832.461451592 KernelStack:        3232 kB
1776966832.461451592 PageTables:         4272 kB
1776966832.461451592 SecPageTables:         0 kB
1776966832.461451592 NFS_Unstable:          0 kB
1776966832.461451592 Bounce:                0 kB
1776966832.461451592 WritebackTmp:          0 kB
1776966832.461451592 CommitLimit:     3537964 kB
1776966832.461451592 Committed_AS:     510192 kB
1776966832.461451592 VmallocTotal:   135288315904 kB
1776966832.461451592 VmallocUsed:       25792 kB
1776966832.461451592 VmallocChunk:          0 kB
1776966832.461451592 Percpu:             1504 kB
1776966832.461451592 AnonHugePages:         0 kB
1776966832.461451592 ShmemHugePages:        0 kB
1776966832.461451592 ShmemPmdMapped:        0 kB
1776966832.461451592 FileHugePages:         0 kB
1776966832.461451592 FilePmdMapped:         0 kB
1776966832.461451592 CmaTotal:          65536 kB
1776966832.461451592 CmaFree:           49104 kB
1776966832.461451592 Balloon:               0 kB
1776966832.461451592 HugePages_Total:     512
1776966832.461451592 HugePages_Free:      469
1776966832.461451592 HugePages_Rsvd:        0
1776966832.461451592 HugePages_Surp:        0
1776966832.461451592 Hugepagesize:       2048 kB
1776966832.461451592 Hugetlb:         1048576 kB
1776966833.471441430 MemTotal:        8124504 kB
1776966833.471441430 MemFree:         6361428 kB
1776966833.471441430 MemAvailable:    6641172 kB
1776966833.471441430 Buffers:           31048 kB
1776966833.471441430 Cached:           378480 kB
1776966833.471441430 SwapCached:            0 kB
1776966833.471441430 Active:           405336 kB
1776966833.471441430 Inactive:         101612 kB
1776966833.471441430 Active(anon):     102580 kB
1776966833.471441430 Inactive(anon):        0 kB
1776966833.471441430 Active(file):     302756 kB
1776966833.471441430 Inactive(file):   101612 kB
1776966833.471441430 Unevictable:           0 kB
1776966833.471441430 Mlocked:               0 kB
1776966833.471441430 SwapTotal:             0 kB
1776966833.471441430 SwapFree:              0 kB
1776966833.471441430 Zswap:                 0 kB
1776966833.471441430 Zswapped:              0 kB
1776966833.471441430 Dirty:                56 kB
1776966833.471441430 Writeback:             0 kB
1776966833.471441430 AnonPages:         97548 kB
1776966833.471441430 Mapped:           106208 kB
1776966833.471441430 Shmem:              5248 kB
1776966833.471441430 KReclaimable:      30268 kB
1776966833.471441430 Slab:             119660 kB
1776966833.471441430 SReclaimable:      30268 kB
1776966833.471441430 SUnreclaim:        89392 kB
1776966833.471441430 KernelStack:        3248 kB
1776966833.471441430 PageTables:         4284 kB
1776966833.471441430 SecPageTables:         0 kB
1776966833.471441430 NFS_Unstable:          0 kB
1776966833.471441430 Bounce:                0 kB
1776966833.471441430 WritebackTmp:          0 kB
1776966833.471441430 CommitLimit:     3537964 kB
1776966833.471441430 Committed_AS:     510192 kB
1776966833.471441430 VmallocTotal:   135288315904 kB
1776966833.471441430 VmallocUsed:       25792 kB
1776966833.471441430 VmallocChunk:          0 kB
1776966833.471441430 Percpu:             1504 kB
1776966833.471441430 AnonHugePages:         0 kB
1776966833.471441430 ShmemHugePages:        0 kB
1776966833.471441430 ShmemPmdMapped:        0 kB
1776966833.471441430 FileHugePages:         0 kB
1776966833.471441430 FilePmdMapped:         0 kB
1776966833.471441430 CmaTotal:          65536 kB
1776966833.471441430 CmaFree:           49104 kB
1776966833.471441430 Balloon:               0 kB
1776966833.471441430 HugePages_Total:     512
1776966833.471441430 HugePages_Free:      469
1776966833.471441430 HugePages_Rsvd:        0
1776966833.471441430 HugePages_Surp:        0
1776966833.471441430 Hugepagesize:       2048 kB
1776966833.471441430 Hugetlb:         1048576 kB
1776966834.481563639 MemTotal:        8124504 kB
1776966834.481563639 MemFree:         6356144 kB
1776966834.481563639 MemAvailable:    6635896 kB
1776966834.481563639 Buffers:           31048 kB
1776966834.481563639 Cached:           378492 kB
1776966834.481563639 SwapCached:            0 kB
1776966834.481563639 Active:           405324 kB
1776966834.481563639 Inactive:         101620 kB
1776966834.481563639 Active(anon):     102568 kB
1776966834.481563639 Inactive(anon):        0 kB
1776966834.481563639 Active(file):     302756 kB
1776966834.481563639 Inactive(file):   101620 kB
1776966834.481563639 Unevictable:           0 kB
1776966834.481563639 Mlocked:               0 kB
1776966834.481563639 SwapTotal:             0 kB
1776966834.481563639 SwapFree:              0 kB
1776966834.481563639 Zswap:                 0 kB
1776966834.481563639 Zswapped:              0 kB
1776966834.481563639 Dirty:                68 kB
1776966834.481563639 Writeback:             0 kB
1776966834.481563639 AnonPages:         97556 kB
1776966834.481563639 Mapped:           106208 kB
1776966834.481563639 Shmem:              5248 kB
1776966834.481563639 KReclaimable:      30268 kB
1776966834.481563639 Slab:             119708 kB
1776966834.481563639 SReclaimable:      30268 kB
1776966834.481563639 SUnreclaim:        89440 kB
1776966834.481563639 KernelStack:        3248 kB
1776966834.481563639 PageTables:         4284 kB
1776966834.481563639 SecPageTables:         0 kB
1776966834.481563639 NFS_Unstable:          0 kB
1776966834.481563639 Bounce:                0 kB
1776966834.481563639 WritebackTmp:          0 kB
1776966834.481563639 CommitLimit:     3537964 kB
1776966834.481563639 Committed_AS:     510192 kB
1776966834.481563639 VmallocTotal:   135288315904 kB
1776966834.481563639 VmallocUsed:       25808 kB
1776966834.481563639 VmallocChunk:          0 kB
1776966834.481563639 Percpu:             1504 kB
1776966834.481563639 AnonHugePages:         0 kB
1776966834.481563639 ShmemHugePages:        0 kB
1776966834.481563639 ShmemPmdMapped:        0 kB
1776966834.481563639 FileHugePages:         0 kB
1776966834.481563639 FilePmdMapped:         0 kB
1776966834.481563639 CmaTotal:          65536 kB
1776966834.481563639 CmaFree:           49104 kB
1776966834.481563639 Balloon:               0 kB
1776966834.481563639 HugePages_Total:     512
1776966834.481563639 HugePages_Free:      469
1776966834.481563639 HugePages_Rsvd:        0
1776966834.481563639 HugePages_Surp:        0
1776966834.481563639 Hugepagesize:       2048 kB
1776966834.481563639 Hugetlb:         1048576 kB
1776966835.491876590 MemTotal:        8124504 kB
1776966835.491876590 MemFree:         6361220 kB
1776966835.491876590 MemAvailable:    6640976 kB
1776966835.491876590 Buffers:           31056 kB
1776966835.491876590 Cached:           378492 kB
1776966835.491876590 SwapCached:            0 kB
1776966835.491876590 Active:           405336 kB
1776966835.491876590 Inactive:         101624 kB
1776966835.491876590 Active(anon):     102580 kB
1776966835.491876590 Inactive(anon):        0 kB
1776966835.491876590 Active(file):     302756 kB
1776966835.491876590 Inactive(file):   101624 kB
1776966835.491876590 Unevictable:           0 kB
1776966835.491876590 Mlocked:               0 kB
1776966835.491876590 SwapTotal:             0 kB
1776966835.491876590 SwapFree:              0 kB
1776966835.491876590 Zswap:                 0 kB
1776966835.491876590 Zswapped:              0 kB
1776966835.491876590 Dirty:                68 kB
1776966835.491876590 Writeback:             0 kB
1776966835.491876590 AnonPages:         97556 kB
1776966835.491876590 Mapped:           106208 kB
1776966835.491876590 Shmem:              5248 kB
1776966835.491876590 KReclaimable:      30268 kB
1776966835.491876590 Slab:             119592 kB
1776966835.491876590 SReclaimable:      30268 kB
1776966835.491876590 SUnreclaim:        89324 kB
1776966835.491876590 KernelStack:        3248 kB
1776966835.491876590 PageTables:         4276 kB
1776966835.491876590 SecPageTables:         0 kB
1776966835.491876590 NFS_Unstable:          0 kB
1776966835.491876590 Bounce:                0 kB
1776966835.491876590 WritebackTmp:          0 kB
1776966835.491876590 CommitLimit:     3537964 kB
1776966835.491876590 Committed_AS:     510192 kB
1776966835.491876590 VmallocTotal:   135288315904 kB
1776966835.491876590 VmallocUsed:       25808 kB
1776966835.491876590 VmallocChunk:          0 kB
1776966835.491876590 Percpu:             1504 kB
1776966835.491876590 AnonHugePages:         0 kB
1776966835.491876590 ShmemHugePages:        0 kB
1776966835.491876590 ShmemPmdMapped:        0 kB
1776966835.491876590 FileHugePages:         0 kB
1776966835.491876590 FilePmdMapped:         0 kB
1776966835.491876590 CmaTotal:          65536 kB
1776966835.491876590 CmaFree:           49104 kB
1776966835.491876590 Balloon:               0 kB
1776966835.491876590 HugePages_Total:     512
1776966835.491876590 HugePages_Free:      469
1776966835.491876590 HugePages_Rsvd:        0
1776966835.491876590 HugePages_Surp:        0
1776966835.491876590 Hugepagesize:       2048 kB
1776966835.491876590 Hugetlb:         1048576 kB
1776966836.502211263 MemTotal:        8124504 kB
1776966836.502211263 MemFree:         6359172 kB
1776966836.502211263 MemAvailable:    6638936 kB
1776966836.502211263 Buffers:           31056 kB
1776966836.502211263 Cached:           378496 kB
1776966836.502211263 SwapCached:            0 kB
1776966836.502211263 Active:           405268 kB
1776966836.502211263 Inactive:         101636 kB
1776966836.502211263 Active(anon):     102516 kB
1776966836.502211263 Inactive(anon):        0 kB
1776966836.502211263 Active(file):     302752 kB
1776966836.502211263 Inactive(file):   101636 kB
1776966836.502211263 Unevictable:           0 kB
1776966836.502211263 Mlocked:               0 kB
1776966836.502211263 SwapTotal:             0 kB
1776966836.502211263 SwapFree:              0 kB
1776966836.502211263 Zswap:                 0 kB
1776966836.502211263 Zswapped:              0 kB
1776966836.502211263 Dirty:                72 kB
1776966836.502211263 Writeback:             0 kB
1776966836.502211263 AnonPages:         97464 kB
1776966836.502211263 Mapped:           106208 kB
1776966836.502211263 Shmem:              5248 kB
1776966836.502211263 KReclaimable:      30268 kB
1776966836.502211263 Slab:             119728 kB
1776966836.502211263 SReclaimable:      30268 kB
1776966836.502211263 SUnreclaim:        89460 kB
1776966836.502211263 KernelStack:        3232 kB
1776966836.502211263 PageTables:         4276 kB
1776966836.502211263 SecPageTables:         0 kB
1776966836.502211263 NFS_Unstable:          0 kB
1776966836.502211263 Bounce:                0 kB
1776966836.502211263 WritebackTmp:          0 kB
1776966836.502211263 CommitLimit:     3537964 kB
1776966836.502211263 Committed_AS:     510192 kB
1776966836.502211263 VmallocTotal:   135288315904 kB
1776966836.502211263 VmallocUsed:       25808 kB
1776966836.502211263 VmallocChunk:          0 kB
1776966836.502211263 Percpu:             1504 kB
1776966836.502211263 AnonHugePages:         0 kB
1776966836.502211263 ShmemHugePages:        0 kB
1776966836.502211263 ShmemPmdMapped:        0 kB
1776966836.502211263 FileHugePages:         0 kB
1776966836.502211263 FilePmdMapped:         0 kB
1776966836.502211263 CmaTotal:          65536 kB
1776966836.502211263 CmaFree:           49104 kB
1776966836.502211263 Balloon:               0 kB
1776966836.502211263 HugePages_Total:     512
1776966836.502211263 HugePages_Free:      469
1776966836.502211263 HugePages_Rsvd:        0
1776966836.502211263 HugePages_Surp:        0
1776966836.502211263 Hugepagesize:       2048 kB
1776966836.502211263 Hugetlb:         1048576 kB
1776966837.512447732 MemTotal:        8124504 kB
1776966837.512447732 MemFree:         6358132 kB
1776966837.512447732 MemAvailable:    6637904 kB
1776966837.512447732 Buffers:           31056 kB
1776966837.512447732 Cached:           378504 kB
1776966837.512447732 SwapCached:            0 kB
1776966837.512447732 Active:           405388 kB
1776966837.512447732 Inactive:         101644 kB
1776966837.512447732 Active(anon):     102636 kB
1776966837.512447732 Inactive(anon):        0 kB
1776966837.512447732 Active(file):     302752 kB
1776966837.512447732 Inactive(file):   101644 kB
1776966837.512447732 Unevictable:           0 kB
1776966837.512447732 Mlocked:               0 kB
1776966837.512447732 SwapTotal:             0 kB
1776966837.512447732 SwapFree:              0 kB
1776966837.512447732 Zswap:                 0 kB
1776966837.512447732 Zswapped:              0 kB
1776966837.512447732 Dirty:                80 kB
1776966837.512447732 Writeback:             0 kB
1776966837.512447732 AnonPages:         97488 kB
1776966837.512447732 Mapped:           106208 kB
1776966837.512447732 Shmem:              5248 kB
1776966837.512447732 KReclaimable:      30268 kB
1776966837.512447732 Slab:             119624 kB
1776966837.512447732 SReclaimable:      30268 kB
1776966837.512447732 SUnreclaim:        89356 kB
1776966837.512447732 KernelStack:        3232 kB
1776966837.512447732 PageTables:         4324 kB
1776966837.512447732 SecPageTables:         0 kB
1776966837.512447732 NFS_Unstable:          0 kB
1776966837.512447732 Bounce:                0 kB
1776966837.512447732 WritebackTmp:          0 kB
1776966837.512447732 CommitLimit:     3537964 kB
1776966837.512447732 Committed_AS:     510192 kB
1776966837.512447732 VmallocTotal:   135288315904 kB
1776966837.512447732 VmallocUsed:       25776 kB
1776966837.512447732 VmallocChunk:          0 kB
1776966837.512447732 Percpu:             1504 kB
1776966837.512447732 AnonHugePages:         0 kB
1776966837.512447732 ShmemHugePages:        0 kB
1776966837.512447732 ShmemPmdMapped:        0 kB
1776966837.512447732 FileHugePages:         0 kB
1776966837.512447732 FilePmdMapped:         0 kB
1776966837.512447732 CmaTotal:          65536 kB
1776966837.512447732 CmaFree:           49104 kB
1776966837.512447732 Balloon:               0 kB
1776966837.512447732 HugePages_Total:     512
1776966837.512447732 HugePages_Free:      469
1776966837.512447732 HugePages_Rsvd:        0
1776966837.512447732 HugePages_Surp:        0
1776966837.512447732 Hugepagesize:       2048 kB
1776966837.512447732 Hugetlb:         1048576 kB
1776966838.522523996 MemTotal:        8124504 kB
1776966838.522523996 MemFree:         6362816 kB
1776966838.522523996 MemAvailable:    6642596 kB
1776966838.522523996 Buffers:           31056 kB
1776966838.522523996 Cached:           378508 kB
1776966838.522523996 SwapCached:            0 kB
1776966838.522523996 Active:           405412 kB
1776966838.522523996 Inactive:         101648 kB
1776966838.522523996 Active(anon):     102656 kB
1776966838.522523996 Inactive(anon):        0 kB
1776966838.522523996 Active(file):     302756 kB
1776966838.522523996 Inactive(file):   101648 kB
1776966838.522523996 Unevictable:           0 kB
1776966838.522523996 Mlocked:               0 kB
1776966838.522523996 SwapTotal:             0 kB
1776966838.522523996 SwapFree:              0 kB
1776966838.522523996 Zswap:                 0 kB
1776966838.522523996 Zswapped:              0 kB
1776966838.522523996 Dirty:                84 kB
1776966838.522523996 Writeback:             0 kB
1776966838.522523996 AnonPages:         97460 kB
1776966838.522523996 Mapped:           106208 kB
1776966838.522523996 Shmem:              5248 kB
1776966838.522523996 KReclaimable:      30268 kB
1776966838.522523996 Slab:             119600 kB
1776966838.522523996 SReclaimable:      30268 kB
1776966838.522523996 SUnreclaim:        89332 kB
1776966838.522523996 KernelStack:        3232 kB
1776966838.522523996 PageTables:         4292 kB
1776966838.522523996 SecPageTables:         0 kB
1776966838.522523996 NFS_Unstable:          0 kB
1776966838.522523996 Bounce:                0 kB
1776966838.522523996 WritebackTmp:          0 kB
1776966838.522523996 CommitLimit:     3537964 kB
1776966838.522523996 Committed_AS:     510192 kB
1776966838.522523996 VmallocTotal:   135288315904 kB
1776966838.522523996 VmallocUsed:       25792 kB
1776966838.522523996 VmallocChunk:          0 kB
1776966838.522523996 Percpu:             1504 kB
1776966838.522523996 AnonHugePages:         0 kB
1776966838.522523996 ShmemHugePages:        0 kB
1776966838.522523996 ShmemPmdMapped:        0 kB
1776966838.522523996 FileHugePages:         0 kB
1776966838.522523996 FilePmdMapped:         0 kB
1776966838.522523996 CmaTotal:          65536 kB
1776966838.522523996 CmaFree:           49104 kB
1776966838.522523996 Balloon:               0 kB
1776966838.522523996 HugePages_Total:     512
1776966838.522523996 HugePages_Free:      469
1776966838.522523996 HugePages_Rsvd:        0
1776966838.522523996 HugePages_Surp:        0
1776966838.522523996 Hugepagesize:       2048 kB
1776966838.522523996 Hugetlb:         1048576 kB
1776966839.532538872 MemTotal:        8124504 kB
1776966839.532538872 MemFree:         6360776 kB
1776966839.532538872 MemAvailable:    6640560 kB
1776966839.532538872 Buffers:           31056 kB
1776966839.532538872 Cached:           378516 kB
1776966839.532538872 SwapCached:            0 kB
1776966839.532538872 Active:           405384 kB
1776966839.532538872 Inactive:         101656 kB
1776966839.532538872 Active(anon):     102632 kB
1776966839.532538872 Inactive(anon):        0 kB
1776966839.532538872 Active(file):     302752 kB
1776966839.532538872 Inactive(file):   101656 kB
1776966839.532538872 Unevictable:           0 kB
1776966839.532538872 Mlocked:               0 kB
1776966839.532538872 SwapTotal:             0 kB
1776966839.532538872 SwapFree:              0 kB
1776966839.532538872 Zswap:                 0 kB
1776966839.532538872 Zswapped:              0 kB
1776966839.532538872 Dirty:                92 kB
1776966839.532538872 Writeback:             0 kB
1776966839.532538872 AnonPages:         97464 kB
1776966839.532538872 Mapped:           106208 kB
1776966839.532538872 Shmem:              5248 kB
1776966839.532538872 KReclaimable:      30268 kB
1776966839.532538872 Slab:             119572 kB
1776966839.532538872 SReclaimable:      30268 kB
1776966839.532538872 SUnreclaim:        89304 kB
1776966839.532538872 KernelStack:        3232 kB
1776966839.532538872 PageTables:         4280 kB
1776966839.532538872 SecPageTables:         0 kB
1776966839.532538872 NFS_Unstable:          0 kB
1776966839.532538872 Bounce:                0 kB
1776966839.532538872 WritebackTmp:          0 kB
1776966839.532538872 CommitLimit:     3537964 kB
1776966839.532538872 Committed_AS:     510192 kB
1776966839.532538872 VmallocTotal:   135288315904 kB
1776966839.532538872 VmallocUsed:       25792 kB
1776966839.532538872 VmallocChunk:          0 kB
1776966839.532538872 Percpu:             1504 kB
1776966839.532538872 AnonHugePages:         0 kB
1776966839.532538872 ShmemHugePages:        0 kB
1776966839.532538872 ShmemPmdMapped:        0 kB
1776966839.532538872 FileHugePages:         0 kB
1776966839.532538872 FilePmdMapped:         0 kB
1776966839.532538872 CmaTotal:          65536 kB
1776966839.532538872 CmaFree:           49104 kB
1776966839.532538872 Balloon:               0 kB
1776966839.532538872 HugePages_Total:     512
1776966839.532538872 HugePages_Free:      469
1776966839.532538872 HugePages_Rsvd:        0
1776966839.532538872 HugePages_Surp:        0
1776966839.532538872 Hugepagesize:       2048 kB
1776966839.532538872 Hugetlb:         1048576 kB
1776966840.542630414 MemTotal:        8124504 kB
1776966840.542630414 MemFree:         6358428 kB
1776966840.542630414 MemAvailable:    6638224 kB
1776966840.542630414 Buffers:           31064 kB
1776966840.542630414 Cached:           378520 kB
1776966840.542630414 SwapCached:            0 kB
1776966840.542630414 Active:           405416 kB
1776966840.542630414 Inactive:         101668 kB
1776966840.542630414 Active(anon):     102664 kB
1776966840.542630414 Inactive(anon):        0 kB
1776966840.542630414 Active(file):     302752 kB
1776966840.542630414 Inactive(file):   101668 kB
1776966840.542630414 Unevictable:           0 kB
1776966840.542630414 Mlocked:               0 kB
1776966840.542630414 SwapTotal:             0 kB
1776966840.542630414 SwapFree:              0 kB
1776966840.542630414 Zswap:                 0 kB
1776966840.542630414 Zswapped:              0 kB
1776966840.542630414 Dirty:                96 kB
1776966840.542630414 Writeback:             0 kB
1776966840.542630414 AnonPages:         97464 kB
1776966840.542630414 Mapped:           106208 kB
1776966840.542630414 Shmem:              5248 kB
1776966840.542630414 KReclaimable:      30268 kB
1776966840.542630414 Slab:             119608 kB
1776966840.542630414 SReclaimable:      30268 kB
1776966840.542630414 SUnreclaim:        89340 kB
1776966840.542630414 KernelStack:        3232 kB
1776966840.542630414 PageTables:         4272 kB
1776966840.542630414 SecPageTables:         0 kB
1776966840.542630414 NFS_Unstable:          0 kB
1776966840.542630414 Bounce:                0 kB
1776966840.542630414 WritebackTmp:          0 kB
1776966840.542630414 CommitLimit:     3537964 kB
1776966840.542630414 Committed_AS:     510192 kB
1776966840.542630414 VmallocTotal:   135288315904 kB
1776966840.542630414 VmallocUsed:       25792 kB
1776966840.542630414 VmallocChunk:          0 kB
1776966840.542630414 Percpu:             1504 kB
1776966840.542630414 AnonHugePages:         0 kB
1776966840.542630414 ShmemHugePages:        0 kB
1776966840.542630414 ShmemPmdMapped:        0 kB
1776966840.542630414 FileHugePages:         0 kB
1776966840.542630414 FilePmdMapped:         0 kB
1776966840.542630414 CmaTotal:          65536 kB
1776966840.542630414 CmaFree:           49104 kB
1776966840.542630414 Balloon:               0 kB
1776966840.542630414 HugePages_Total:     512
1776966840.542630414 HugePages_Free:      469
1776966840.542630414 HugePages_Rsvd:        0
1776966840.542630414 HugePages_Surp:        0
1776966840.542630414 Hugepagesize:       2048 kB
1776966840.542630414 Hugetlb:         1048576 kB
1776966841.552614753 MemTotal:        8124504 kB
1776966841.552614753 MemFree:         6356592 kB
1776966841.552614753 MemAvailable:    6636388 kB
1776966841.552614753 Buffers:           31064 kB
1776966841.552614753 Cached:           378520 kB
1776966841.552614753 SwapCached:            0 kB
1776966841.552614753 Active:           405376 kB
1776966841.552614753 Inactive:         101668 kB
1776966841.552614753 Active(anon):     102624 kB
1776966841.552614753 Inactive(anon):        0 kB
1776966841.552614753 Active(file):     302752 kB
1776966841.552614753 Inactive(file):   101668 kB
1776966841.552614753 Unevictable:           0 kB
1776966841.552614753 Mlocked:               0 kB
1776966841.552614753 SwapTotal:             0 kB
1776966841.552614753 SwapFree:              0 kB
1776966841.552614753 Zswap:                 0 kB
1776966841.552614753 Zswapped:              0 kB
1776966841.552614753 Dirty:                96 kB
1776966841.552614753 Writeback:             0 kB
1776966841.552614753 AnonPages:         97472 kB
1776966841.552614753 Mapped:           106208 kB
1776966841.552614753 Shmem:              5248 kB
1776966841.552614753 KReclaimable:      30268 kB
1776966841.552614753 Slab:             119604 kB
1776966841.552614753 SReclaimable:      30268 kB
1776966841.552614753 SUnreclaim:        89336 kB
1776966841.552614753 KernelStack:        3232 kB
1776966841.552614753 PageTables:         4280 kB
1776966841.552614753 SecPageTables:         0 kB
1776966841.552614753 NFS_Unstable:          0 kB
1776966841.552614753 Bounce:                0 kB
1776966841.552614753 WritebackTmp:          0 kB
1776966841.552614753 CommitLimit:     3537964 kB
1776966841.552614753 Committed_AS:     510192 kB
1776966841.552614753 VmallocTotal:   135288315904 kB
1776966841.552614753 VmallocUsed:       25760 kB
1776966841.552614753 VmallocChunk:          0 kB
1776966841.552614753 Percpu:             1504 kB
1776966841.552614753 AnonHugePages:         0 kB
1776966841.552614753 ShmemHugePages:        0 kB
1776966841.552614753 ShmemPmdMapped:        0 kB
1776966841.552614753 FileHugePages:         0 kB
1776966841.552614753 FilePmdMapped:         0 kB
1776966841.552614753 CmaTotal:          65536 kB
1776966841.552614753 CmaFree:           49104 kB
1776966841.552614753 Balloon:               0 kB
1776966841.552614753 HugePages_Total:     512
1776966841.552614753 HugePages_Free:      469
1776966841.552614753 HugePages_Rsvd:        0
1776966841.552614753 HugePages_Surp:        0
1776966841.552614753 Hugepagesize:       2048 kB
1776966841.552614753 Hugetlb:         1048576 kB
1776966842.562717462 MemTotal:        8124504 kB
1776966842.562717462 MemFree:         6357464 kB
1776966842.562717462 MemAvailable:    6637272 kB
1776966842.562717462 Buffers:           31064 kB
1776966842.562717462 Cached:           378528 kB
1776966842.562717462 SwapCached:            0 kB
1776966842.562717462 Active:           405316 kB
1776966842.562717462 Inactive:         101676 kB
1776966842.562717462 Active(anon):     102560 kB
1776966842.562717462 Inactive(anon):        0 kB
1776966842.562717462 Active(file):     302756 kB
1776966842.562717462 Inactive(file):   101676 kB
1776966842.562717462 Unevictable:           0 kB
1776966842.562717462 Mlocked:               0 kB
1776966842.562717462 SwapTotal:             0 kB
1776966842.562717462 SwapFree:              0 kB
1776966842.562717462 Zswap:                 0 kB
1776966842.562717462 Zswapped:              0 kB
1776966842.562717462 Dirty:               104 kB
1776966842.562717462 Writeback:             0 kB
1776966842.562717462 AnonPages:         97560 kB
1776966842.562717462 Mapped:           106208 kB
1776966842.562717462 Shmem:              5248 kB
1776966842.562717462 KReclaimable:      30268 kB
1776966842.562717462 Slab:             119560 kB
1776966842.562717462 SReclaimable:      30268 kB
1776966842.562717462 SUnreclaim:        89292 kB
1776966842.562717462 KernelStack:        3232 kB
1776966842.562717462 PageTables:         4272 kB
1776966842.562717462 SecPageTables:         0 kB
1776966842.562717462 NFS_Unstable:          0 kB
1776966842.562717462 Bounce:                0 kB
1776966842.562717462 WritebackTmp:          0 kB
1776966842.562717462 CommitLimit:     3537964 kB
1776966842.562717462 Committed_AS:     510192 kB
1776966842.562717462 VmallocTotal:   135288315904 kB
1776966842.562717462 VmallocUsed:       25792 kB
1776966842.562717462 VmallocChunk:          0 kB
1776966842.562717462 Percpu:             1504 kB
1776966842.562717462 AnonHugePages:         0 kB
1776966842.562717462 ShmemHugePages:        0 kB
1776966842.562717462 ShmemPmdMapped:        0 kB
1776966842.562717462 FileHugePages:         0 kB
1776966842.562717462 FilePmdMapped:         0 kB
1776966842.562717462 CmaTotal:          65536 kB
1776966842.562717462 CmaFree:           49104 kB
1776966842.562717462 Balloon:               0 kB
1776966842.562717462 HugePages_Total:     512
1776966842.562717462 HugePages_Free:      469
1776966842.562717462 HugePages_Rsvd:        0
1776966842.562717462 HugePages_Surp:        0
1776966842.562717462 Hugepagesize:       2048 kB
1776966842.562717462 Hugetlb:         1048576 kB
1776966843.572809671 MemTotal:        8124504 kB
1776966843.572809671 MemFree:         6358612 kB
1776966843.572809671 MemAvailable:    6638420 kB
1776966843.572809671 Buffers:           31064 kB
1776966843.572809671 Cached:           378528 kB
1776966843.572809671 SwapCached:            0 kB
1776966843.572809671 Active:           405368 kB
1776966843.572809671 Inactive:         101676 kB
1776966843.572809671 Active(anon):     102612 kB
1776966843.572809671 Inactive(anon):        0 kB
1776966843.572809671 Active(file):     302756 kB
1776966843.572809671 Inactive(file):   101676 kB
1776966843.572809671 Unevictable:           0 kB
1776966843.572809671 Mlocked:               0 kB
1776966843.572809671 SwapTotal:             0 kB
1776966843.572809671 SwapFree:              0 kB
1776966843.572809671 Zswap:                 0 kB
1776966843.572809671 Zswapped:              0 kB
1776966843.572809671 Dirty:               104 kB
1776966843.572809671 Writeback:             0 kB
1776966843.572809671 AnonPages:         97508 kB
1776966843.572809671 Mapped:           106208 kB
1776966843.572809671 Shmem:              5248 kB
1776966843.572809671 KReclaimable:      30268 kB
1776966843.572809671 Slab:             119556 kB
1776966843.572809671 SReclaimable:      30268 kB
1776966843.572809671 SUnreclaim:        89288 kB
1776966843.572809671 KernelStack:        3232 kB
1776966843.572809671 PageTables:         4312 kB
1776966843.572809671 SecPageTables:         0 kB
1776966843.572809671 NFS_Unstable:          0 kB
1776966843.572809671 Bounce:                0 kB
1776966843.572809671 WritebackTmp:          0 kB
1776966843.572809671 CommitLimit:     3537964 kB
1776966843.572809671 Committed_AS:     510192 kB
1776966843.572809671 VmallocTotal:   135288315904 kB
1776966843.572809671 VmallocUsed:       25776 kB
1776966843.572809671 VmallocChunk:          0 kB
1776966843.572809671 Percpu:             1504 kB
1776966843.572809671 AnonHugePages:         0 kB
1776966843.572809671 ShmemHugePages:        0 kB
1776966843.572809671 ShmemPmdMapped:        0 kB
1776966843.572809671 FileHugePages:         0 kB
1776966843.572809671 FilePmdMapped:         0 kB
1776966843.572809671 CmaTotal:          65536 kB
1776966843.572809671 CmaFree:           49104 kB
1776966843.572809671 Balloon:               0 kB
1776966843.572809671 HugePages_Total:     512
1776966843.572809671 HugePages_Free:      469
1776966843.572809671 HugePages_Rsvd:        0
1776966843.572809671 HugePages_Surp:        0
1776966843.572809671 Hugepagesize:       2048 kB
1776966843.572809671 Hugetlb:         1048576 kB
1776966844.583631957 MemTotal:        8124504 kB
1776966844.583631957 MemFree:         6360848 kB
1776966844.583631957 MemAvailable:    6640660 kB
1776966844.583631957 Buffers:           31064 kB
1776966844.583631957 Cached:           378536 kB
1776966844.583631957 SwapCached:            0 kB
1776966844.583631957 Active:           405412 kB
1776966844.583631957 Inactive:         101684 kB
1776966844.583631957 Active(anon):     102660 kB
1776966844.583631957 Inactive(anon):        0 kB
1776966844.583631957 Active(file):     302752 kB
1776966844.583631957 Inactive(file):   101684 kB
1776966844.583631957 Unevictable:           0 kB
1776966844.583631957 Mlocked:               0 kB
1776966844.583631957 SwapTotal:             0 kB
1776966844.583631957 SwapFree:              0 kB
1776966844.583631957 Zswap:                 0 kB
1776966844.583631957 Zswapped:              0 kB
1776966844.583631957 Dirty:               112 kB
1776966844.583631957 Writeback:             0 kB
1776966844.583631957 AnonPages:         97540 kB
1776966844.583631957 Mapped:           106208 kB
1776966844.583631957 Shmem:              5248 kB
1776966844.583631957 KReclaimable:      30268 kB
1776966844.583631957 Slab:             119600 kB
1776966844.583631957 SReclaimable:      30268 kB
1776966844.583631957 SUnreclaim:        89332 kB
1776966844.583631957 KernelStack:        3200 kB
1776966844.583631957 PageTables:         4240 kB
1776966844.583631957 SecPageTables:         0 kB
1776966844.583631957 NFS_Unstable:          0 kB
1776966844.583631957 Bounce:                0 kB
1776966844.583631957 WritebackTmp:          0 kB
1776966844.583631957 CommitLimit:     3537964 kB
1776966844.583631957 Committed_AS:     510192 kB
1776966844.583631957 VmallocTotal:   135288315904 kB
1776966844.583631957 VmallocUsed:       25760 kB
1776966844.583631957 VmallocChunk:          0 kB
1776966844.583631957 Percpu:             1504 kB
1776966844.583631957 AnonHugePages:         0 kB
1776966844.583631957 ShmemHugePages:        0 kB
1776966844.583631957 ShmemPmdMapped:        0 kB
1776966844.583631957 FileHugePages:         0 kB
1776966844.583631957 FilePmdMapped:         0 kB
1776966844.583631957 CmaTotal:          65536 kB
1776966844.583631957 CmaFree:           49104 kB
1776966844.583631957 Balloon:               0 kB
1776966844.583631957 HugePages_Total:     512
1776966844.583631957 HugePages_Free:      469
1776966844.583631957 HugePages_Rsvd:        0
1776966844.583631957 HugePages_Surp:        0
1776966844.583631957 Hugepagesize:       2048 kB
1776966844.583631957 Hugetlb:         1048576 kB
1776966845.593996519 MemTotal:        8124504 kB
1776966845.593996519 MemFree:         6358592 kB
1776966845.593996519 MemAvailable:    6638428 kB
1776966845.593996519 Buffers:           31072 kB
1776966845.593996519 Cached:           378548 kB
1776966845.593996519 SwapCached:            0 kB
1776966845.593996519 Active:           405388 kB
1776966845.593996519 Inactive:         101704 kB
1776966845.593996519 Active(anon):     102632 kB
1776966845.593996519 Inactive(anon):        0 kB
1776966845.593996519 Active(file):     302756 kB
1776966845.593996519 Inactive(file):   101704 kB
1776966845.593996519 Unevictable:           0 kB
1776966845.593996519 Mlocked:               0 kB
1776966845.593996519 SwapTotal:             0 kB
1776966845.593996519 SwapFree:              0 kB
1776966845.593996519 Zswap:                 0 kB
1776966845.593996519 Zswapped:              0 kB
1776966845.593996519 Dirty:               124 kB
1776966845.593996519 Writeback:             0 kB
1776966845.593996519 AnonPages:         97548 kB
1776966845.593996519 Mapped:           106208 kB
1776966845.593996519 Shmem:              5248 kB
1776966845.593996519 KReclaimable:      30268 kB
1776966845.593996519 Slab:             119628 kB
1776966845.593996519 SReclaimable:      30268 kB
1776966845.593996519 SUnreclaim:        89360 kB
1776966845.593996519 KernelStack:        3216 kB
1776966845.593996519 PageTables:         4284 kB
1776966845.593996519 SecPageTables:         0 kB
1776966845.593996519 NFS_Unstable:          0 kB
1776966845.593996519 Bounce:                0 kB
1776966845.593996519 WritebackTmp:          0 kB
1776966845.593996519 CommitLimit:     3537964 kB
1776966845.593996519 Committed_AS:     510192 kB
1776966845.593996519 VmallocTotal:   135288315904 kB
1776966845.593996519 VmallocUsed:       25760 kB
1776966845.593996519 VmallocChunk:          0 kB
1776966845.593996519 Percpu:             1504 kB
1776966845.593996519 AnonHugePages:         0 kB
1776966845.593996519 ShmemHugePages:        0 kB
1776966845.593996519 ShmemPmdMapped:        0 kB
1776966845.593996519 FileHugePages:         0 kB
1776966845.593996519 FilePmdMapped:         0 kB
1776966845.593996519 CmaTotal:          65536 kB
1776966845.593996519 CmaFree:           49104 kB
1776966845.593996519 Balloon:               0 kB
1776966845.593996519 HugePages_Total:     512
1776966845.593996519 HugePages_Free:      469
1776966845.593996519 HugePages_Rsvd:        0
1776966845.593996519 HugePages_Surp:        0
1776966845.593996519 Hugepagesize:       2048 kB
1776966845.593996519 Hugetlb:         1048576 kB
1776966846.603766264 MemTotal:        8124504 kB
1776966846.603766264 MemFree:         6359600 kB
1776966846.603766264 MemAvailable:    6639440 kB
1776966846.603766264 Buffers:           31072 kB
1776966846.603766264 Cached:           378548 kB
1776966846.603766264 SwapCached:            0 kB
1776966846.603766264 Active:           405408 kB
1776966846.603766264 Inactive:         101704 kB
1776966846.603766264 Active(anon):     102648 kB
1776966846.603766264 Inactive(anon):        0 kB
1776966846.603766264 Active(file):     302760 kB
1776966846.603766264 Inactive(file):   101704 kB
1776966846.603766264 Unevictable:           0 kB
1776966846.603766264 Mlocked:               0 kB
1776966846.603766264 SwapTotal:             0 kB
1776966846.603766264 SwapFree:              0 kB
1776966846.603766264 Zswap:                 0 kB
1776966846.603766264 Zswapped:              0 kB
1776966846.603766264 Dirty:               124 kB
1776966846.603766264 Writeback:             0 kB
1776966846.603766264 AnonPages:         97596 kB
1776966846.603766264 Mapped:           106144 kB
1776966846.603766264 Shmem:              5248 kB
1776966846.603766264 KReclaimable:      30268 kB
1776966846.603766264 Slab:             119620 kB
1776966846.603766264 SReclaimable:      30268 kB
1776966846.603766264 SUnreclaim:        89352 kB
1776966846.603766264 KernelStack:        3192 kB
1776966846.603766264 PageTables:         4464 kB
1776966846.603766264 SecPageTables:         0 kB
1776966846.603766264 NFS_Unstable:          0 kB
1776966846.603766264 Bounce:                0 kB
1776966846.603766264 WritebackTmp:          0 kB
1776966846.603766264 CommitLimit:     3537964 kB
1776966846.603766264 Committed_AS:     510192 kB
1776966846.603766264 VmallocTotal:   135288315904 kB
1776966846.603766264 VmallocUsed:       25776 kB
1776966846.603766264 VmallocChunk:          0 kB
1776966846.603766264 Percpu:             1504 kB
1776966846.603766264 AnonHugePages:         0 kB
1776966846.603766264 ShmemHugePages:        0 kB
1776966846.603766264 ShmemPmdMapped:        0 kB
1776966846.603766264 FileHugePages:         0 kB
1776966846.603766264 FilePmdMapped:         0 kB
1776966846.603766264 CmaTotal:          65536 kB
1776966846.603766264 CmaFree:           49104 kB
1776966846.603766264 Balloon:               0 kB
1776966846.603766264 HugePages_Total:     512
1776966846.603766264 HugePages_Free:      469
1776966846.603766264 HugePages_Rsvd:        0
1776966846.603766264 HugePages_Surp:        0
1776966846.603766264 Hugepagesize:       2048 kB
1776966846.603766264 Hugetlb:         1048576 kB
1776966847.614033696 MemTotal:        8124504 kB
1776966847.614033696 MemFree:         6356292 kB
1776966847.614033696 MemAvailable:    6636132 kB
1776966847.614033696 Buffers:           31072 kB
1776966847.614033696 Cached:           378552 kB
1776966847.614033696 SwapCached:            0 kB
1776966847.614033696 Active:           405588 kB
1776966847.614033696 Inactive:         101708 kB
1776966847.614033696 Active(anon):     102832 kB
1776966847.614033696 Inactive(anon):        0 kB
1776966847.614033696 Active(file):     302756 kB
1776966847.614033696 Inactive(file):   101708 kB
1776966847.614033696 Unevictable:           0 kB
1776966847.614033696 Mlocked:               0 kB
1776966847.614033696 SwapTotal:             0 kB
1776966847.614033696 SwapFree:              0 kB
1776966847.614033696 Zswap:                 0 kB
1776966847.614033696 Zswapped:              0 kB
1776966847.614033696 Dirty:               128 kB
1776966847.614033696 Writeback:             0 kB
1776966847.614033696 AnonPages:         97704 kB
1776966847.614033696 Mapped:           107172 kB
1776966847.614033696 Shmem:              5248 kB
1776966847.614033696 KReclaimable:      30268 kB
1776966847.614033696 Slab:             119600 kB
1776966847.614033696 SReclaimable:      30268 kB
1776966847.614033696 SUnreclaim:        89332 kB
1776966847.614033696 KernelStack:        3216 kB
1776966847.614033696 PageTables:         4576 kB
1776966847.614033696 SecPageTables:         0 kB
1776966847.614033696 NFS_Unstable:          0 kB
1776966847.614033696 Bounce:                0 kB
1776966847.614033696 WritebackTmp:          0 kB
1776966847.614033696 CommitLimit:     3537964 kB
1776966847.614033696 Committed_AS:     511520 kB
1776966847.614033696 VmallocTotal:   135288315904 kB
1776966847.614033696 VmallocUsed:       25792 kB
1776966847.614033696 VmallocChunk:          0 kB
1776966847.614033696 Percpu:             1504 kB
1776966847.614033696 AnonHugePages:         0 kB
1776966847.614033696 ShmemHugePages:        0 kB
1776966847.614033696 ShmemPmdMapped:        0 kB
1776966847.614033696 FileHugePages:         0 kB
1776966847.614033696 FilePmdMapped:         0 kB
1776966847.614033696 CmaTotal:          65536 kB
1776966847.614033696 CmaFree:           49104 kB
1776966847.614033696 Balloon:               0 kB
1776966847.614033696 HugePages_Total:     512
1776966847.614033696 HugePages_Free:      469
1776966847.614033696 HugePages_Rsvd:        0
1776966847.614033696 HugePages_Surp:        0
1776966847.614033696 Hugepagesize:       2048 kB
1776966847.614033696 Hugetlb:         1048576 kB
1776966848.626625599 MemTotal:        8124504 kB
1776966848.626625599 MemFree:         6358268 kB
1776966848.626625599 MemAvailable:    6638112 kB
1776966848.626625599 Buffers:           31072 kB
1776966848.626625599 Cached:           378556 kB
1776966848.626625599 SwapCached:            0 kB
1776966848.626625599 Active:           405376 kB
1776966848.626625599 Inactive:         101712 kB
1776966848.626625599 Active(anon):     102620 kB
1776966848.626625599 Inactive(anon):        0 kB
1776966848.626625599 Active(file):     302756 kB
1776966848.626625599 Inactive(file):   101712 kB
1776966848.626625599 Unevictable:           0 kB
1776966848.626625599 Mlocked:               0 kB
1776966848.626625599 SwapTotal:             0 kB
1776966848.626625599 SwapFree:              0 kB
1776966848.626625599 Zswap:                 0 kB
1776966848.626625599 Zswapped:              0 kB
1776966848.626625599 Dirty:               132 kB
1776966848.626625599 Writeback:             0 kB
1776966848.626625599 AnonPages:         97464 kB
1776966848.626625599 Mapped:           106208 kB
1776966848.626625599 Shmem:              5248 kB
1776966848.626625599 KReclaimable:      30268 kB
1776966848.626625599 Slab:             119600 kB
1776966848.626625599 SReclaimable:      30268 kB
1776966848.626625599 SUnreclaim:        89332 kB
1776966848.626625599 KernelStack:        3216 kB
1776966848.626625599 PageTables:         4276 kB
1776966848.626625599 SecPageTables:         0 kB
1776966848.626625599 NFS_Unstable:          0 kB
1776966848.626625599 Bounce:                0 kB
1776966848.626625599 WritebackTmp:          0 kB
1776966848.626625599 CommitLimit:     3537964 kB
1776966848.626625599 Committed_AS:     510192 kB
1776966848.626625599 VmallocTotal:   135288315904 kB
1776966848.626625599 VmallocUsed:       25760 kB
1776966848.626625599 VmallocChunk:          0 kB
1776966848.626625599 Percpu:             1504 kB
1776966848.626625599 AnonHugePages:         0 kB
1776966848.626625599 ShmemHugePages:        0 kB
1776966848.626625599 ShmemPmdMapped:        0 kB
1776966848.626625599 FileHugePages:         0 kB
1776966848.626625599 FilePmdMapped:         0 kB
1776966848.626625599 CmaTotal:          65536 kB
1776966848.626625599 CmaFree:           49104 kB
1776966848.626625599 Balloon:               0 kB
1776966848.626625599 HugePages_Total:     512
1776966848.626625599 HugePages_Free:      469
1776966848.626625599 HugePages_Rsvd:        0
1776966848.626625599 HugePages_Surp:        0
1776966848.626625599 Hugepagesize:       2048 kB
1776966848.626625599 Hugetlb:         1048576 kB
1776966849.635069950 MemTotal:        8124504 kB
1776966849.635069950 MemFree:         6359228 kB
1776966849.635069950 MemAvailable:    6639072 kB
1776966849.635069950 Buffers:           31072 kB
1776966849.635069950 Cached:           378560 kB
1776966849.635069950 SwapCached:            0 kB
1776966849.635069950 Active:           405512 kB
1776966849.635069950 Inactive:         101712 kB
1776966849.635069950 Active(anon):     102756 kB
1776966849.635069950 Inactive(anon):        0 kB
1776966849.635069950 Active(file):     302756 kB
1776966849.635069950 Inactive(file):   101712 kB
1776966849.635069950 Unevictable:           0 kB
1776966849.635069950 Mlocked:               0 kB
1776966849.635069950 SwapTotal:             0 kB
1776966849.635069950 SwapFree:              0 kB
1776966849.635069950 Zswap:                 0 kB
1776966849.635069950 Zswapped:              0 kB
1776966849.635069950 Dirty:               136 kB
1776966849.635069950 Writeback:             0 kB
1776966849.635069950 AnonPages:         97512 kB
1776966849.635069950 Mapped:           106208 kB
1776966849.635069950 Shmem:              5248 kB
1776966849.635069950 KReclaimable:      30268 kB
1776966849.635069950 Slab:             119640 kB
1776966849.635069950 SReclaimable:      30268 kB
1776966849.635069950 SUnreclaim:        89372 kB
1776966849.635069950 KernelStack:        3232 kB
1776966849.635069950 PageTables:         4312 kB
1776966849.635069950 SecPageTables:         0 kB
1776966849.635069950 NFS_Unstable:          0 kB
1776966849.635069950 Bounce:                0 kB
1776966849.635069950 WritebackTmp:          0 kB
1776966849.635069950 CommitLimit:     3537964 kB
1776966849.635069950 Committed_AS:     510192 kB
1776966849.635069950 VmallocTotal:   135288315904 kB
1776966849.635069950 VmallocUsed:       25760 kB
1776966849.635069950 VmallocChunk:          0 kB
1776966849.635069950 Percpu:             1504 kB
1776966849.635069950 AnonHugePages:         0 kB
1776966849.635069950 ShmemHugePages:        0 kB
1776966849.635069950 ShmemPmdMapped:        0 kB
1776966849.635069950 FileHugePages:         0 kB
1776966849.635069950 FilePmdMapped:         0 kB
1776966849.635069950 CmaTotal:          65536 kB
1776966849.635069950 CmaFree:           49104 kB
1776966849.635069950 Balloon:               0 kB
1776966849.635069950 HugePages_Total:     512
1776966849.635069950 HugePages_Free:      469
1776966849.635069950 HugePages_Rsvd:        0
1776966849.635069950 HugePages_Surp:        0
1776966849.635069950 Hugepagesize:       2048 kB
1776966849.635069950 Hugetlb:         1048576 kB
1776966850.641962907 MemTotal:        8124504 kB
1776966850.641962907 MemFree:         6358724 kB
1776966850.641962907 MemAvailable:    6638588 kB
1776966850.641962907 Buffers:           31080 kB
1776966850.641962907 Cached:           378568 kB
1776966850.641962907 SwapCached:            0 kB
1776966850.641962907 Active:           405408 kB
1776966850.641962907 Inactive:         101732 kB
1776966850.641962907 Active(anon):     102652 kB
1776966850.641962907 Inactive(anon):        0 kB
1776966850.641962907 Active(file):     302756 kB
1776966850.641962907 Inactive(file):   101732 kB
1776966850.641962907 Unevictable:           0 kB
1776966850.641962907 Mlocked:               0 kB
1776966850.641962907 SwapTotal:             0 kB
1776966850.641962907 SwapFree:              0 kB
1776966850.641962907 Zswap:                 0 kB
1776966850.641962907 Zswapped:              0 kB
1776966850.641962907 Dirty:               148 kB
1776966850.641962907 Writeback:             0 kB
1776966850.641962907 AnonPages:         97504 kB
1776966850.641962907 Mapped:           106208 kB
1776966850.641962907 Shmem:              5248 kB
1776966850.641962907 KReclaimable:      30268 kB
1776966850.641962907 Slab:             119660 kB
1776966850.641962907 SReclaimable:      30268 kB
1776966850.641962907 SUnreclaim:        89392 kB
1776966850.641962907 KernelStack:        3216 kB
1776966850.641962907 PageTables:         4316 kB
1776966850.641962907 SecPageTables:         0 kB
1776966850.641962907 NFS_Unstable:          0 kB
1776966850.641962907 Bounce:                0 kB
1776966850.641962907 WritebackTmp:          0 kB
1776966850.641962907 CommitLimit:     3537964 kB
1776966850.641962907 Committed_AS:     510192 kB
1776966850.641962907 VmallocTotal:   135288315904 kB
1776966850.641962907 VmallocUsed:       25760 kB
1776966850.641962907 VmallocChunk:          0 kB
1776966850.641962907 Percpu:             1504 kB
1776966850.641962907 AnonHugePages:         0 kB
1776966850.641962907 ShmemHugePages:        0 kB
1776966850.641962907 ShmemPmdMapped:        0 kB
1776966850.641962907 FileHugePages:         0 kB
1776966850.641962907 FilePmdMapped:         0 kB
1776966850.641962907 CmaTotal:          65536 kB
1776966850.641962907 CmaFree:           49104 kB
1776966850.641962907 Balloon:               0 kB
1776966850.641962907 HugePages_Total:     512
1776966850.641962907 HugePages_Free:      469
1776966850.641962907 HugePages_Rsvd:        0
1776966850.641962907 HugePages_Surp:        0
1776966850.641962907 Hugepagesize:       2048 kB
1776966850.641962907 Hugetlb:         1048576 kB
1776966851.648811845 MemTotal:        8124504 kB
1776966851.648811845 MemFree:         6360128 kB
1776966851.648811845 MemAvailable:    6639996 kB
1776966851.648811845 Buffers:           31080 kB
1776966851.648811845 Cached:           378576 kB
1776966851.648811845 SwapCached:            0 kB
1776966851.648811845 Active:           405488 kB
1776966851.648811845 Inactive:         101736 kB
1776966851.648811845 Active(anon):     102732 kB
1776966851.648811845 Inactive(anon):        0 kB
1776966851.648811845 Active(file):     302756 kB
1776966851.648811845 Inactive(file):   101736 kB
1776966851.648811845 Unevictable:           0 kB
1776966851.648811845 Mlocked:               0 kB
1776966851.648811845 SwapTotal:             0 kB
1776966851.648811845 SwapFree:              0 kB
1776966851.648811845 Zswap:                 0 kB
1776966851.648811845 Zswapped:              0 kB
1776966851.648811845 Dirty:               156 kB
1776966851.648811845 Writeback:             0 kB
1776966851.648811845 AnonPages:         97508 kB
1776966851.648811845 Mapped:           106208 kB
1776966851.648811845 Shmem:              5248 kB
1776966851.648811845 KReclaimable:      30268 kB
1776966851.648811845 Slab:             119648 kB
1776966851.648811845 SReclaimable:      30268 kB
1776966851.648811845 SUnreclaim:        89380 kB
1776966851.648811845 KernelStack:        3216 kB
1776966851.648811845 PageTables:         4316 kB
1776966851.648811845 SecPageTables:         0 kB
1776966851.648811845 NFS_Unstable:          0 kB
1776966851.648811845 Bounce:                0 kB
1776966851.648811845 WritebackTmp:          0 kB
1776966851.648811845 CommitLimit:     3537964 kB
1776966851.648811845 Committed_AS:     510192 kB
1776966851.648811845 VmallocTotal:   135288315904 kB
1776966851.648811845 VmallocUsed:       25744 kB
1776966851.648811845 VmallocChunk:          0 kB
1776966851.648811845 Percpu:             1504 kB
1776966851.648811845 AnonHugePages:         0 kB
1776966851.648811845 ShmemHugePages:        0 kB
1776966851.648811845 ShmemPmdMapped:        0 kB
1776966851.648811845 FileHugePages:         0 kB
1776966851.648811845 FilePmdMapped:         0 kB
1776966851.648811845 CmaTotal:          65536 kB
1776966851.648811845 CmaFree:           49104 kB
1776966851.648811845 Balloon:               0 kB
1776966851.648811845 HugePages_Total:     512
1776966851.648811845 HugePages_Free:      469
1776966851.648811845 HugePages_Rsvd:        0
1776966851.648811845 HugePages_Surp:        0
1776966851.648811845 Hugepagesize:       2048 kB
1776966851.648811845 Hugetlb:         1048576 kB
1776966852.655734561 MemTotal:        8124504 kB
1776966852.655734561 MemFree:         6358896 kB
1776966852.655734561 MemAvailable:    6638768 kB
1776966852.655734561 Buffers:           31080 kB
1776966852.655734561 Cached:           378576 kB
1776966852.655734561 SwapCached:            0 kB
1776966852.655734561 Active:           405496 kB
1776966852.655734561 Inactive:         101740 kB
1776966852.655734561 Active(anon):     102740 kB
1776966852.655734561 Inactive(anon):        0 kB
1776966852.655734561 Active(file):     302756 kB
1776966852.655734561 Inactive(file):   101740 kB
1776966852.655734561 Unevictable:           0 kB
1776966852.655734561 Mlocked:               0 kB
1776966852.655734561 SwapTotal:             0 kB
1776966852.655734561 SwapFree:              0 kB
1776966852.655734561 Zswap:                 0 kB
1776966852.655734561 Zswapped:              0 kB
1776966852.655734561 Dirty:               156 kB
1776966852.655734561 Writeback:             0 kB
1776966852.655734561 AnonPages:         97584 kB
1776966852.655734561 Mapped:           106208 kB
1776966852.655734561 Shmem:              5248 kB
1776966852.655734561 KReclaimable:      30268 kB
1776966852.655734561 Slab:             119648 kB
1776966852.655734561 SReclaimable:      30268 kB
1776966852.655734561 SUnreclaim:        89380 kB
1776966852.655734561 KernelStack:        3216 kB
1776966852.655734561 PageTables:         4332 kB
1776966852.655734561 SecPageTables:         0 kB
1776966852.655734561 NFS_Unstable:          0 kB
1776966852.655734561 Bounce:                0 kB
1776966852.655734561 WritebackTmp:          0 kB
1776966852.655734561 CommitLimit:     3537964 kB
1776966852.655734561 Committed_AS:     510192 kB
1776966852.655734561 VmallocTotal:   135288315904 kB
1776966852.655734561 VmallocUsed:       25760 kB
1776966852.655734561 VmallocChunk:          0 kB
1776966852.655734561 Percpu:             1504 kB
1776966852.655734561 AnonHugePages:         0 kB
1776966852.655734561 ShmemHugePages:        0 kB
1776966852.655734561 ShmemPmdMapped:        0 kB
1776966852.655734561 FileHugePages:         0 kB
1776966852.655734561 FilePmdMapped:         0 kB
1776966852.655734561 CmaTotal:          65536 kB
1776966852.655734561 CmaFree:           49104 kB
1776966852.655734561 Balloon:               0 kB
1776966852.655734561 HugePages_Total:     512
1776966852.655734561 HugePages_Free:      469
1776966852.655734561 HugePages_Rsvd:        0
1776966852.655734561 HugePages_Surp:        0
1776966852.655734561 Hugepagesize:       2048 kB
1776966852.655734561 Hugetlb:         1048576 kB
1776966853.662645759 MemTotal:        8124504 kB
1776966853.662645759 MemFree:         6358668 kB
1776966853.662645759 MemAvailable:    6638548 kB
1776966853.662645759 Buffers:           31080 kB
1776966853.662645759 Cached:           378584 kB
1776966853.662645759 SwapCached:            0 kB
1776966853.662645759 Active:           405416 kB
1776966853.662645759 Inactive:         101748 kB
1776966853.662645759 Active(anon):     102660 kB
1776966853.662645759 Inactive(anon):        0 kB
1776966853.662645759 Active(file):     302756 kB
1776966853.662645759 Inactive(file):   101748 kB
1776966853.662645759 Unevictable:           0 kB
1776966853.662645759 Mlocked:               0 kB
1776966853.662645759 SwapTotal:             0 kB
1776966853.662645759 SwapFree:              0 kB
1776966853.662645759 Zswap:                 0 kB
1776966853.662645759 Zswapped:              0 kB
1776966853.662645759 Dirty:               164 kB
1776966853.662645759 Writeback:             0 kB
1776966853.662645759 AnonPages:         97556 kB
1776966853.662645759 Mapped:           106208 kB
1776966853.662645759 Shmem:              5248 kB
1776966853.662645759 KReclaimable:      30268 kB
1776966853.662645759 Slab:             119664 kB
1776966853.662645759 SReclaimable:      30268 kB
1776966853.662645759 SUnreclaim:        89396 kB
1776966853.662645759 KernelStack:        3216 kB
1776966853.662645759 PageTables:         4316 kB
1776966853.662645759 SecPageTables:         0 kB
1776966853.662645759 NFS_Unstable:          0 kB
1776966853.662645759 Bounce:                0 kB
1776966853.662645759 WritebackTmp:          0 kB
1776966853.662645759 CommitLimit:     3537964 kB
1776966853.662645759 Committed_AS:     510192 kB
1776966853.662645759 VmallocTotal:   135288315904 kB
1776966853.662645759 VmallocUsed:       25760 kB
1776966853.662645759 VmallocChunk:          0 kB
1776966853.662645759 Percpu:             1504 kB
1776966853.662645759 AnonHugePages:         0 kB
1776966853.662645759 ShmemHugePages:        0 kB
1776966853.662645759 ShmemPmdMapped:        0 kB
1776966853.662645759 FileHugePages:         0 kB
1776966853.662645759 FilePmdMapped:         0 kB
1776966853.662645759 CmaTotal:          65536 kB
1776966853.662645759 CmaFree:           49104 kB
1776966853.662645759 Balloon:               0 kB
1776966853.662645759 HugePages_Total:     512
1776966853.662645759 HugePages_Free:      469
1776966853.662645759 HugePages_Rsvd:        0
1776966853.662645759 HugePages_Surp:        0
1776966853.662645759 Hugepagesize:       2048 kB
1776966853.662645759 Hugetlb:         1048576 kB
1776966854.670873609 MemTotal:        8124504 kB
1776966854.670873609 MemFree:         6358104 kB
1776966854.670873609 MemAvailable:    6637984 kB
1776966854.670873609 Buffers:           31080 kB
1776966854.670873609 Cached:           378584 kB
1776966854.670873609 SwapCached:            0 kB
1776966854.670873609 Active:           405408 kB
1776966854.670873609 Inactive:         101748 kB
1776966854.670873609 Active(anon):     102652 kB
1776966854.670873609 Inactive(anon):        0 kB
1776966854.670873609 Active(file):     302756 kB
1776966854.670873609 Inactive(file):   101748 kB
1776966854.670873609 Unevictable:           0 kB
1776966854.670873609 Mlocked:               0 kB
1776966854.670873609 SwapTotal:             0 kB
1776966854.670873609 SwapFree:              0 kB
1776966854.670873609 Zswap:                 0 kB
1776966854.670873609 Zswapped:              0 kB
1776966854.670873609 Dirty:               164 kB
1776966854.670873609 Writeback:             0 kB
1776966854.670873609 AnonPages:         97472 kB
1776966854.670873609 Mapped:           106208 kB
1776966854.670873609 Shmem:              5248 kB
1776966854.670873609 KReclaimable:      30268 kB
1776966854.670873609 Slab:             119540 kB
1776966854.670873609 SReclaimable:      30268 kB
1776966854.670873609 SUnreclaim:        89272 kB
1776966854.670873609 KernelStack:        3200 kB
1776966854.670873609 PageTables:         4272 kB
1776966854.670873609 SecPageTables:         0 kB
1776966854.670873609 NFS_Unstable:          0 kB
1776966854.670873609 Bounce:                0 kB
1776966854.670873609 WritebackTmp:          0 kB
1776966854.670873609 CommitLimit:     3537964 kB
1776966854.670873609 Committed_AS:     510192 kB
1776966854.670873609 VmallocTotal:   135288315904 kB
1776966854.670873609 VmallocUsed:       25760 kB
1776966854.670873609 VmallocChunk:          0 kB
1776966854.670873609 Percpu:             1504 kB
1776966854.670873609 AnonHugePages:         0 kB
1776966854.670873609 ShmemHugePages:        0 kB
1776966854.670873609 ShmemPmdMapped:        0 kB
1776966854.670873609 FileHugePages:         0 kB
1776966854.670873609 FilePmdMapped:         0 kB
1776966854.670873609 CmaTotal:          65536 kB
1776966854.670873609 CmaFree:           49104 kB
1776966854.670873609 Balloon:               0 kB
1776966854.670873609 HugePages_Total:     512
1776966854.670873609 HugePages_Free:      469
1776966854.670873609 HugePages_Rsvd:        0
1776966854.670873609 HugePages_Surp:        0
1776966854.670873609 Hugepagesize:       2048 kB
1776966854.670873609 Hugetlb:         1048576 kB
1776966855.681133763 MemTotal:        8124504 kB
1776966855.681133763 MemFree:         6357312 kB
1776966855.681133763 MemAvailable:    6637196 kB
1776966855.681133763 Buffers:           31084 kB
1776966855.681133763 Cached:           378584 kB
1776966855.681133763 SwapCached:            0 kB
1776966855.681133763 Active:           405284 kB
1776966855.681133763 Inactive:         101752 kB
1776966855.681133763 Active(anon):     102528 kB
1776966855.681133763 Inactive(anon):        0 kB
1776966855.681133763 Active(file):     302756 kB
1776966855.681133763 Inactive(file):   101752 kB
1776966855.681133763 Unevictable:           0 kB
1776966855.681133763 Mlocked:               0 kB
1776966855.681133763 SwapTotal:             0 kB
1776966855.681133763 SwapFree:              0 kB
1776966855.681133763 Zswap:                 0 kB
1776966855.681133763 Zswapped:              0 kB
1776966855.681133763 Dirty:               168 kB
1776966855.681133763 Writeback:             0 kB
1776966855.681133763 AnonPages:         97468 kB
1776966855.681133763 Mapped:           106208 kB
1776966855.681133763 Shmem:              5248 kB
1776966855.681133763 KReclaimable:      30268 kB
1776966855.681133763 Slab:             119564 kB
1776966855.681133763 SReclaimable:      30268 kB
1776966855.681133763 SUnreclaim:        89296 kB
1776966855.681133763 KernelStack:        3200 kB
1776966855.681133763 PageTables:         4276 kB
1776966855.681133763 SecPageTables:         0 kB
1776966855.681133763 NFS_Unstable:          0 kB
1776966855.681133763 Bounce:                0 kB
1776966855.681133763 WritebackTmp:          0 kB
1776966855.681133763 CommitLimit:     3537964 kB
1776966855.681133763 Committed_AS:     510192 kB
1776966855.681133763 VmallocTotal:   135288315904 kB
1776966855.681133763 VmallocUsed:       25760 kB
1776966855.681133763 VmallocChunk:          0 kB
1776966855.681133763 Percpu:             1504 kB
1776966855.681133763 AnonHugePages:         0 kB
1776966855.681133763 ShmemHugePages:        0 kB
1776966855.681133763 ShmemPmdMapped:        0 kB
1776966855.681133763 FileHugePages:         0 kB
1776966855.681133763 FilePmdMapped:         0 kB
1776966855.681133763 CmaTotal:          65536 kB
1776966855.681133763 CmaFree:           49104 kB
1776966855.681133763 Balloon:               0 kB
1776966855.681133763 HugePages_Total:     512
1776966855.681133763 HugePages_Free:      469
1776966855.681133763 HugePages_Rsvd:        0
1776966855.681133763 HugePages_Surp:        0
1776966855.681133763 Hugepagesize:       2048 kB
1776966855.681133763 Hugetlb:         1048576 kB
1776966856.691501733 MemTotal:        8124504 kB
1776966856.691501733 MemFree:         6357136 kB
1776966856.691501733 MemAvailable:    6637032 kB
1776966856.691501733 Buffers:           31088 kB
1776966856.691501733 Cached:           378600 kB
1776966856.691501733 SwapCached:            0 kB
1776966856.691501733 Active:           405380 kB
1776966856.691501733 Inactive:         101768 kB
1776966856.691501733 Active(anon):     102624 kB
1776966856.691501733 Inactive(anon):        0 kB
1776966856.691501733 Active(file):     302756 kB
1776966856.691501733 Inactive(file):   101768 kB
1776966856.691501733 Unevictable:           0 kB
1776966856.691501733 Mlocked:               0 kB
1776966856.691501733 SwapTotal:             0 kB
1776966856.691501733 SwapFree:              0 kB
1776966856.691501733 Zswap:                 0 kB
1776966856.691501733 Zswapped:              0 kB
1776966856.691501733 Dirty:                28 kB
1776966856.691501733 Writeback:             0 kB
1776966856.691501733 AnonPages:         97584 kB
1776966856.691501733 Mapped:           106208 kB
1776966856.691501733 Shmem:              5248 kB
1776966856.691501733 KReclaimable:      30264 kB
1776966856.691501733 Slab:             119660 kB
1776966856.691501733 SReclaimable:      30264 kB
1776966856.691501733 SUnreclaim:        89396 kB
1776966856.691501733 KernelStack:        3232 kB
1776966856.691501733 PageTables:         4340 kB
1776966856.691501733 SecPageTables:         0 kB
1776966856.691501733 NFS_Unstable:          0 kB
1776966856.691501733 Bounce:                0 kB
1776966856.691501733 WritebackTmp:          0 kB
1776966856.691501733 CommitLimit:     3537964 kB
1776966856.691501733 Committed_AS:     510192 kB
1776966856.691501733 VmallocTotal:   135288315904 kB
1776966856.691501733 VmallocUsed:       25792 kB
1776966856.691501733 VmallocChunk:          0 kB
1776966856.691501733 Percpu:             1504 kB
1776966856.691501733 AnonHugePages:         0 kB
1776966856.691501733 ShmemHugePages:        0 kB
1776966856.691501733 ShmemPmdMapped:        0 kB
1776966856.691501733 FileHugePages:         0 kB
1776966856.691501733 FilePmdMapped:         0 kB
1776966856.691501733 CmaTotal:          65536 kB
1776966856.691501733 CmaFree:           49104 kB
1776966856.691501733 Balloon:               0 kB
1776966856.691501733 HugePages_Total:     512
1776966856.691501733 HugePages_Free:      469
1776966856.691501733 HugePages_Rsvd:        0
1776966856.691501733 HugePages_Surp:        0
1776966856.691501733 Hugepagesize:       2048 kB
1776966856.691501733 Hugetlb:         1048576 kB
1776966857.698492616 MemTotal:        8124504 kB
1776966857.698492616 MemFree:         6358484 kB
1776966857.698492616 MemAvailable:    6638384 kB
1776966857.698492616 Buffers:           31088 kB
1776966857.698492616 Cached:           378600 kB
1776966857.698492616 SwapCached:            0 kB
1776966857.698492616 Active:           405336 kB
1776966857.698492616 Inactive:         101772 kB
1776966857.698492616 Active(anon):     102580 kB
1776966857.698492616 Inactive(anon):        0 kB
1776966857.698492616 Active(file):     302756 kB
1776966857.698492616 Inactive(file):   101772 kB
1776966857.698492616 Unevictable:           0 kB
1776966857.698492616 Mlocked:               0 kB
1776966857.698492616 SwapTotal:             0 kB
1776966857.698492616 SwapFree:              0 kB
1776966857.698492616 Zswap:                 0 kB
1776966857.698492616 Zswapped:              0 kB
1776966857.698492616 Dirty:                32 kB
1776966857.698492616 Writeback:             0 kB
1776966857.698492616 AnonPages:         97580 kB
1776966857.698492616 Mapped:           106208 kB
1776966857.698492616 Shmem:              5248 kB
1776966857.698492616 KReclaimable:      30264 kB
1776966857.698492616 Slab:             119656 kB
1776966857.698492616 SReclaimable:      30264 kB
1776966857.698492616 SUnreclaim:        89392 kB
1776966857.698492616 KernelStack:        3232 kB
1776966857.698492616 PageTables:         4340 kB
1776966857.698492616 SecPageTables:         0 kB
1776966857.698492616 NFS_Unstable:          0 kB
1776966857.698492616 Bounce:                0 kB
1776966857.698492616 WritebackTmp:          0 kB
1776966857.698492616 CommitLimit:     3537964 kB
1776966857.698492616 Committed_AS:     510192 kB
1776966857.698492616 VmallocTotal:   135288315904 kB
1776966857.698492616 VmallocUsed:       25792 kB
1776966857.698492616 VmallocChunk:          0 kB
1776966857.698492616 Percpu:             1504 kB
1776966857.698492616 AnonHugePages:         0 kB
1776966857.698492616 ShmemHugePages:        0 kB
1776966857.698492616 ShmemPmdMapped:        0 kB
1776966857.698492616 FileHugePages:         0 kB
1776966857.698492616 FilePmdMapped:         0 kB
1776966857.698492616 CmaTotal:          65536 kB
1776966857.698492616 CmaFree:           49104 kB
1776966857.698492616 Balloon:               0 kB
1776966857.698492616 HugePages_Total:     512
1776966857.698492616 HugePages_Free:      469
1776966857.698492616 HugePages_Rsvd:        0
1776966857.698492616 HugePages_Surp:        0
1776966857.698492616 Hugepagesize:       2048 kB
1776966857.698492616 Hugetlb:         1048576 kB
1776966858.705274257 MemTotal:        8124504 kB
1776966858.705274257 MemFree:         6357980 kB
1776966858.705274257 MemAvailable:    6637892 kB
1776966858.705274257 Buffers:           31088 kB
1776966858.705274257 Cached:           378608 kB
1776966858.705274257 SwapCached:            0 kB
1776966858.705274257 Active:           405240 kB
1776966858.705274257 Inactive:         101780 kB
1776966858.705274257 Active(anon):     102480 kB
1776966858.705274257 Inactive(anon):        0 kB
1776966858.705274257 Active(file):     302760 kB
1776966858.705274257 Inactive(file):   101780 kB
1776966858.705274257 Unevictable:           0 kB
1776966858.705274257 Mlocked:               0 kB
1776966858.705274257 SwapTotal:             0 kB
1776966858.705274257 SwapFree:              0 kB
1776966858.705274257 Zswap:                 0 kB
1776966858.705274257 Zswapped:              0 kB
1776966858.705274257 Dirty:                32 kB
1776966858.705274257 Writeback:             0 kB
1776966858.705274257 AnonPages:         97348 kB
1776966858.705274257 Mapped:           106164 kB
1776966858.705274257 Shmem:              5248 kB
1776966858.705274257 KReclaimable:      30264 kB
1776966858.705274257 Slab:             119676 kB
1776966858.705274257 SReclaimable:      30264 kB
1776966858.705274257 SUnreclaim:        89412 kB
1776966858.705274257 KernelStack:        3216 kB
1776966858.705274257 PageTables:         4328 kB
1776966858.705274257 SecPageTables:         0 kB
1776966858.705274257 NFS_Unstable:          0 kB
1776966858.705274257 Bounce:                0 kB
1776966858.705274257 WritebackTmp:          0 kB
1776966858.705274257 CommitLimit:     3537964 kB
1776966858.705274257 Committed_AS:     509804 kB
1776966858.705274257 VmallocTotal:   135288315904 kB
1776966858.705274257 VmallocUsed:       25776 kB
1776966858.705274257 VmallocChunk:          0 kB
1776966858.705274257 Percpu:             1504 kB
1776966858.705274257 AnonHugePages:         0 kB
1776966858.705274257 ShmemHugePages:        0 kB
1776966858.705274257 ShmemPmdMapped:        0 kB
1776966858.705274257 FileHugePages:         0 kB
1776966858.705274257 FilePmdMapped:         0 kB
1776966858.705274257 CmaTotal:          65536 kB
1776966858.705274257 CmaFree:           49104 kB
1776966858.705274257 Balloon:               0 kB
1776966858.705274257 HugePages_Total:     512
1776966858.705274257 HugePages_Free:      469
1776966858.705274257 HugePages_Rsvd:        0
1776966858.705274257 HugePages_Surp:        0
1776966858.705274257 Hugepagesize:       2048 kB
1776966858.705274257 Hugetlb:         1048576 kB
