# timestamp field value_kB
1776797072.900044298 MemTotal:        8124504 kB
1776797072.900044298 MemFree:         6425440 kB
1776797072.900044298 MemAvailable:    6663296 kB
1776797072.900044298 Buffers:           29316 kB
1776797072.900044298 Cached:           336980 kB
1776797072.900044298 SwapCached:            0 kB
1776797072.900044298 Active:           357224 kB
1776797072.900044298 Inactive:         101588 kB
1776797072.900044298 Active(anon):      95908 kB
1776797072.900044298 Inactive(anon):        0 kB
1776797072.900044298 Active(file):     261316 kB
1776797072.900044298 Inactive(file):   101588 kB
1776797072.900044298 Unevictable:           0 kB
1776797072.900044298 Mlocked:               0 kB
1776797072.900044298 SwapTotal:             0 kB
1776797072.900044298 SwapFree:              0 kB
1776797072.900044298 Zswap:                 0 kB
1776797072.900044298 Zswapped:              0 kB
1776797072.900044298 Dirty:                 0 kB
1776797072.900044298 Writeback:             0 kB
1776797072.900044298 AnonPages:         92672 kB
1776797072.900044298 Mapped:           109500 kB
1776797072.900044298 Shmem:              3460 kB
1776797072.900044298 KReclaimable:      29420 kB
1776797072.900044298 Slab:             118468 kB
1776797072.900044298 SReclaimable:      29420 kB
1776797072.900044298 SUnreclaim:        89048 kB
1776797072.900044298 KernelStack:        3040 kB
1776797072.900044298 PageTables:         4368 kB
1776797072.900044298 SecPageTables:         0 kB
1776797072.900044298 NFS_Unstable:          0 kB
1776797072.900044298 Bounce:                0 kB
1776797072.900044298 WritebackTmp:          0 kB
1776797072.900044298 CommitLimit:     3537964 kB
1776797072.900044298 Committed_AS:     560448 kB
1776797072.900044298 VmallocTotal:   135288315904 kB
1776797072.900044298 VmallocUsed:       19000 kB
1776797072.900044298 VmallocChunk:          0 kB
1776797072.900044298 Percpu:             1504 kB
1776797072.900044298 AnonHugePages:         0 kB
1776797072.900044298 ShmemHugePages:        0 kB
1776797072.900044298 ShmemPmdMapped:        0 kB
1776797072.900044298 FileHugePages:         0 kB
1776797072.900044298 FilePmdMapped:         0 kB
1776797072.900044298 CmaTotal:          65536 kB
1776797072.900044298 CmaFree:           49104 kB
1776797072.900044298 Balloon:               0 kB
1776797072.900044298 HugePages_Total:     512
1776797072.900044298 HugePages_Free:      512
1776797072.900044298 HugePages_Rsvd:        0
1776797072.900044298 HugePages_Surp:        0
1776797072.900044298 Hugepagesize:       2048 kB
1776797072.900044298 Hugetlb:         1048576 kB
1776797073.909475369 MemTotal:        8124504 kB
1776797073.909475369 MemFree:         6425168 kB
1776797073.909475369 MemAvailable:    6663084 kB
1776797073.909475369 Buffers:           29316 kB
1776797073.909475369 Cached:           337004 kB
1776797073.909475369 SwapCached:            0 kB
1776797073.909475369 Active:           358536 kB
1776797073.909475369 Inactive:         101620 kB
1776797073.909475369 Active(anon):      97208 kB
1776797073.909475369 Inactive(anon):        0 kB
1776797073.909475369 Active(file):     261328 kB
1776797073.909475369 Inactive(file):   101620 kB
1776797073.909475369 Unevictable:           0 kB
1776797073.909475369 Mlocked:               0 kB
1776797073.909475369 SwapTotal:             0 kB
1776797073.909475369 SwapFree:              0 kB
1776797073.909475369 Zswap:                 0 kB
1776797073.909475369 Zswapped:              0 kB
1776797073.909475369 Dirty:                20 kB
1776797073.909475369 Writeback:             0 kB
1776797073.909475369 AnonPages:         93920 kB
1776797073.909475369 Mapped:           112688 kB
1776797073.909475369 Shmem:              3460 kB
1776797073.909475369 KReclaimable:      29456 kB
1776797073.909475369 Slab:             118528 kB
1776797073.909475369 SReclaimable:      29456 kB
1776797073.909475369 SUnreclaim:        89072 kB
1776797073.909475369 KernelStack:        3024 kB
1776797073.909475369 PageTables:         3860 kB
1776797073.909475369 SecPageTables:         0 kB
1776797073.909475369 NFS_Unstable:          0 kB
1776797073.909475369 Bounce:                0 kB
1776797073.909475369 WritebackTmp:          0 kB
1776797073.909475369 CommitLimit:     3537964 kB
1776797073.909475369 Committed_AS:     560172 kB
1776797073.909475369 VmallocTotal:   135288315904 kB
1776797073.909475369 VmallocUsed:       18984 kB
1776797073.909475369 VmallocChunk:          0 kB
1776797073.909475369 Percpu:             1504 kB
1776797073.909475369 AnonHugePages:         0 kB
1776797073.909475369 ShmemHugePages:        0 kB
1776797073.909475369 ShmemPmdMapped:        0 kB
1776797073.909475369 FileHugePages:         0 kB
1776797073.909475369 FilePmdMapped:         0 kB
1776797073.909475369 CmaTotal:          65536 kB
1776797073.909475369 CmaFree:           49104 kB
1776797073.909475369 Balloon:               0 kB
1776797073.909475369 HugePages_Total:     512
1776797073.909475369 HugePages_Free:      512
1776797073.909475369 HugePages_Rsvd:        0
1776797073.909475369 HugePages_Surp:        0
1776797073.909475369 Hugepagesize:       2048 kB
1776797073.909475369 Hugetlb:         1048576 kB
1776797074.918356214 MemTotal:        8124504 kB
1776797074.918356214 MemFree:         6424664 kB
1776797074.918356214 MemAvailable:    6662584 kB
1776797074.918356214 Buffers:           29316 kB
1776797074.918356214 Cached:           337008 kB
1776797074.918356214 SwapCached:            0 kB
1776797074.918356214 Active:           358528 kB
1776797074.918356214 Inactive:         101624 kB
1776797074.918356214 Active(anon):      97200 kB
1776797074.918356214 Inactive(anon):        0 kB
1776797074.918356214 Active(file):     261328 kB
1776797074.918356214 Inactive(file):   101624 kB
1776797074.918356214 Unevictable:           0 kB
1776797074.918356214 Mlocked:               0 kB
1776797074.918356214 SwapTotal:             0 kB
1776797074.918356214 SwapFree:              0 kB
1776797074.918356214 Zswap:                 0 kB
1776797074.918356214 Zswapped:              0 kB
1776797074.918356214 Dirty:                24 kB
1776797074.918356214 Writeback:             0 kB
1776797074.918356214 AnonPages:         93920 kB
1776797074.918356214 Mapped:           112688 kB
1776797074.918356214 Shmem:              3460 kB
1776797074.918356214 KReclaimable:      29456 kB
1776797074.918356214 Slab:             118548 kB
1776797074.918356214 SReclaimable:      29456 kB
1776797074.918356214 SUnreclaim:        89092 kB
1776797074.918356214 KernelStack:        3024 kB
1776797074.918356214 PageTables:         3848 kB
1776797074.918356214 SecPageTables:         0 kB
1776797074.918356214 NFS_Unstable:          0 kB
1776797074.918356214 Bounce:                0 kB
1776797074.918356214 WritebackTmp:          0 kB
1776797074.918356214 CommitLimit:     3537964 kB
1776797074.918356214 Committed_AS:     560172 kB
1776797074.918356214 VmallocTotal:   135288315904 kB
1776797074.918356214 VmallocUsed:       18984 kB
1776797074.918356214 VmallocChunk:          0 kB
1776797074.918356214 Percpu:             1504 kB
1776797074.918356214 AnonHugePages:         0 kB
1776797074.918356214 ShmemHugePages:        0 kB
1776797074.918356214 ShmemPmdMapped:        0 kB
1776797074.918356214 FileHugePages:         0 kB
1776797074.918356214 FilePmdMapped:         0 kB
1776797074.918356214 CmaTotal:          65536 kB
1776797074.918356214 CmaFree:           49104 kB
1776797074.918356214 Balloon:               0 kB
1776797074.918356214 HugePages_Total:     512
1776797074.918356214 HugePages_Free:      512
1776797074.918356214 HugePages_Rsvd:        0
1776797074.918356214 HugePages_Surp:        0
1776797074.918356214 Hugepagesize:       2048 kB
1776797074.918356214 Hugetlb:         1048576 kB
1776797075.927022874 MemTotal:        8124504 kB
1776797075.927022874 MemFree:         6424664 kB
1776797075.927022874 MemAvailable:    6662584 kB
1776797075.927022874 Buffers:           29316 kB
1776797075.927022874 Cached:           337012 kB
1776797075.927022874 SwapCached:            0 kB
1776797075.927022874 Active:           358672 kB
1776797075.927022874 Inactive:         101624 kB
1776797075.927022874 Active(anon):      97344 kB
1776797075.927022874 Inactive(anon):        0 kB
1776797075.927022874 Active(file):     261328 kB
1776797075.927022874 Inactive(file):   101624 kB
1776797075.927022874 Unevictable:           0 kB
1776797075.927022874 Mlocked:               0 kB
1776797075.927022874 SwapTotal:             0 kB
1776797075.927022874 SwapFree:              0 kB
1776797075.927022874 Zswap:                 0 kB
1776797075.927022874 Zswapped:              0 kB
1776797075.927022874 Dirty:                28 kB
1776797075.927022874 Writeback:             0 kB
1776797075.927022874 AnonPages:         93924 kB
1776797075.927022874 Mapped:           112688 kB
1776797075.927022874 Shmem:              3460 kB
1776797075.927022874 KReclaimable:      29456 kB
1776797075.927022874 Slab:             118552 kB
1776797075.927022874 SReclaimable:      29456 kB
1776797075.927022874 SUnreclaim:        89096 kB
1776797075.927022874 KernelStack:        3024 kB
1776797075.927022874 PageTables:         3864 kB
1776797075.927022874 SecPageTables:         0 kB
1776797075.927022874 NFS_Unstable:          0 kB
1776797075.927022874 Bounce:                0 kB
1776797075.927022874 WritebackTmp:          0 kB
1776797075.927022874 CommitLimit:     3537964 kB
1776797075.927022874 Committed_AS:     560172 kB
1776797075.927022874 VmallocTotal:   135288315904 kB
1776797075.927022874 VmallocUsed:       18968 kB
1776797075.927022874 VmallocChunk:          0 kB
1776797075.927022874 Percpu:             1504 kB
1776797075.927022874 AnonHugePages:         0 kB
1776797075.927022874 ShmemHugePages:        0 kB
1776797075.927022874 ShmemPmdMapped:        0 kB
1776797075.927022874 FileHugePages:         0 kB
1776797075.927022874 FilePmdMapped:         0 kB
1776797075.927022874 CmaTotal:          65536 kB
1776797075.927022874 CmaFree:           49104 kB
1776797075.927022874 Balloon:               0 kB
1776797075.927022874 HugePages_Total:     512
1776797075.927022874 HugePages_Free:      512
1776797075.927022874 HugePages_Rsvd:        0
1776797075.927022874 HugePages_Surp:        0
1776797075.927022874 Hugepagesize:       2048 kB
1776797075.927022874 Hugetlb:         1048576 kB
1776797076.935474940 MemTotal:        8124504 kB
1776797076.935474940 MemFree:         6424664 kB
1776797076.935474940 MemAvailable:    6662592 kB
1776797076.935474940 Buffers:           29316 kB
1776797076.935474940 Cached:           337016 kB
1776797076.935474940 SwapCached:            0 kB
1776797076.935474940 Active:           358588 kB
1776797076.935474940 Inactive:         101632 kB
1776797076.935474940 Active(anon):      97260 kB
1776797076.935474940 Inactive(anon):        0 kB
1776797076.935474940 Active(file):     261328 kB
1776797076.935474940 Inactive(file):   101632 kB
1776797076.935474940 Unevictable:           0 kB
1776797076.935474940 Mlocked:               0 kB
1776797076.935474940 SwapTotal:             0 kB
1776797076.935474940 SwapFree:              0 kB
1776797076.935474940 Zswap:                 0 kB
1776797076.935474940 Zswapped:              0 kB
1776797076.935474940 Dirty:                32 kB
1776797076.935474940 Writeback:             0 kB
1776797076.935474940 AnonPages:         93928 kB
1776797076.935474940 Mapped:           112688 kB
1776797076.935474940 Shmem:              3460 kB
1776797076.935474940 KReclaimable:      29456 kB
1776797076.935474940 Slab:             118552 kB
1776797076.935474940 SReclaimable:      29456 kB
1776797076.935474940 SUnreclaim:        89096 kB
1776797076.935474940 KernelStack:        3024 kB
1776797076.935474940 PageTables:         3852 kB
1776797076.935474940 SecPageTables:         0 kB
1776797076.935474940 NFS_Unstable:          0 kB
1776797076.935474940 Bounce:                0 kB
1776797076.935474940 WritebackTmp:          0 kB
1776797076.935474940 CommitLimit:     3537964 kB
1776797076.935474940 Committed_AS:     560172 kB
1776797076.935474940 VmallocTotal:   135288315904 kB
1776797076.935474940 VmallocUsed:       18968 kB
1776797076.935474940 VmallocChunk:          0 kB
1776797076.935474940 Percpu:             1504 kB
1776797076.935474940 AnonHugePages:         0 kB
1776797076.935474940 ShmemHugePages:        0 kB
1776797076.935474940 ShmemPmdMapped:        0 kB
1776797076.935474940 FileHugePages:         0 kB
1776797076.935474940 FilePmdMapped:         0 kB
1776797076.935474940 CmaTotal:          65536 kB
1776797076.935474940 CmaFree:           49104 kB
1776797076.935474940 Balloon:               0 kB
1776797076.935474940 HugePages_Total:     512
1776797076.935474940 HugePages_Free:      512
1776797076.935474940 HugePages_Rsvd:        0
1776797076.935474940 HugePages_Surp:        0
1776797076.935474940 Hugepagesize:       2048 kB
1776797076.935474940 Hugetlb:         1048576 kB
1776797077.943631542 MemTotal:        8124504 kB
1776797077.943631542 MemFree:         6424664 kB
1776797077.943631542 MemAvailable:    6662596 kB
1776797077.943631542 Buffers:           29324 kB
1776797077.943631542 Cached:           337020 kB
1776797077.943631542 SwapCached:            0 kB
1776797077.943631542 Active:           358608 kB
1776797077.943631542 Inactive:         101636 kB
1776797077.943631542 Active(anon):      97280 kB
1776797077.943631542 Inactive(anon):        0 kB
1776797077.943631542 Active(file):     261328 kB
1776797077.943631542 Inactive(file):   101636 kB
1776797077.943631542 Unevictable:           0 kB
1776797077.943631542 Mlocked:               0 kB
1776797077.943631542 SwapTotal:             0 kB
1776797077.943631542 SwapFree:              0 kB
1776797077.943631542 Zswap:                 0 kB
1776797077.943631542 Zswapped:              0 kB
1776797077.943631542 Dirty:                72 kB
1776797077.943631542 Writeback:             0 kB
1776797077.943631542 AnonPages:         93928 kB
1776797077.943631542 Mapped:           112688 kB
1776797077.943631542 Shmem:              3460 kB
1776797077.943631542 KReclaimable:      29456 kB
1776797077.943631542 Slab:             118568 kB
1776797077.943631542 SReclaimable:      29456 kB
1776797077.943631542 SUnreclaim:        89112 kB
1776797077.943631542 KernelStack:        3024 kB
1776797077.943631542 PageTables:         3860 kB
1776797077.943631542 SecPageTables:         0 kB
1776797077.943631542 NFS_Unstable:          0 kB
1776797077.943631542 Bounce:                0 kB
1776797077.943631542 WritebackTmp:          0 kB
1776797077.943631542 CommitLimit:     3537964 kB
1776797077.943631542 Committed_AS:     560172 kB
1776797077.943631542 VmallocTotal:   135288315904 kB
1776797077.943631542 VmallocUsed:       19000 kB
1776797077.943631542 VmallocChunk:          0 kB
1776797077.943631542 Percpu:             1504 kB
1776797077.943631542 AnonHugePages:         0 kB
1776797077.943631542 ShmemHugePages:        0 kB
1776797077.943631542 ShmemPmdMapped:        0 kB
1776797077.943631542 FileHugePages:         0 kB
1776797077.943631542 FilePmdMapped:         0 kB
1776797077.943631542 CmaTotal:          65536 kB
1776797077.943631542 CmaFree:           49104 kB
1776797077.943631542 Balloon:               0 kB
1776797077.943631542 HugePages_Total:     512
1776797077.943631542 HugePages_Free:      512
1776797077.943631542 HugePages_Rsvd:        0
1776797077.943631542 HugePages_Surp:        0
1776797077.943631542 Hugepagesize:       2048 kB
1776797077.943631542 Hugetlb:         1048576 kB
1776797078.952205683 MemTotal:        8124504 kB
1776797078.952205683 MemFree:         6424664 kB
1776797078.952205683 MemAvailable:    6662608 kB
1776797078.952205683 Buffers:           29324 kB
1776797078.952205683 Cached:           337024 kB
1776797078.952205683 SwapCached:            0 kB
1776797078.952205683 Active:           358608 kB
1776797078.952205683 Inactive:         101648 kB
1776797078.952205683 Active(anon):      97280 kB
1776797078.952205683 Inactive(anon):        0 kB
1776797078.952205683 Active(file):     261328 kB
1776797078.952205683 Inactive(file):   101648 kB
1776797078.952205683 Unevictable:           0 kB
1776797078.952205683 Mlocked:               0 kB
1776797078.952205683 SwapTotal:             0 kB
1776797078.952205683 SwapFree:              0 kB
1776797078.952205683 Zswap:                 0 kB
1776797078.952205683 Zswapped:              0 kB
1776797078.952205683 Dirty:                76 kB
1776797078.952205683 Writeback:             0 kB
1776797078.952205683 AnonPages:         93928 kB
1776797078.952205683 Mapped:           112688 kB
1776797078.952205683 Shmem:              3460 kB
1776797078.952205683 KReclaimable:      29456 kB
1776797078.952205683 Slab:             118568 kB
1776797078.952205683 SReclaimable:      29456 kB
1776797078.952205683 SUnreclaim:        89112 kB
1776797078.952205683 KernelStack:        3024 kB
1776797078.952205683 PageTables:         3864 kB
1776797078.952205683 SecPageTables:         0 kB
1776797078.952205683 NFS_Unstable:          0 kB
1776797078.952205683 Bounce:                0 kB
1776797078.952205683 WritebackTmp:          0 kB
1776797078.952205683 CommitLimit:     3537964 kB
1776797078.952205683 Committed_AS:     560172 kB
1776797078.952205683 VmallocTotal:   135288315904 kB
1776797078.952205683 VmallocUsed:       18968 kB
1776797078.952205683 VmallocChunk:          0 kB
1776797078.952205683 Percpu:             1504 kB
1776797078.952205683 AnonHugePages:         0 kB
1776797078.952205683 ShmemHugePages:        0 kB
1776797078.952205683 ShmemPmdMapped:        0 kB
1776797078.952205683 FileHugePages:         0 kB
1776797078.952205683 FilePmdMapped:         0 kB
1776797078.952205683 CmaTotal:          65536 kB
1776797078.952205683 CmaFree:           49104 kB
1776797078.952205683 Balloon:               0 kB
1776797078.952205683 HugePages_Total:     512
1776797078.952205683 HugePages_Free:      512
1776797078.952205683 HugePages_Rsvd:        0
1776797078.952205683 HugePages_Surp:        0
1776797078.952205683 Hugepagesize:       2048 kB
1776797078.952205683 Hugetlb:         1048576 kB
1776797079.960700935 MemTotal:        8124504 kB
1776797079.960700935 MemFree:         6424664 kB
1776797079.960700935 MemAvailable:    6662608 kB
1776797079.960700935 Buffers:           29324 kB
1776797079.960700935 Cached:           337032 kB
1776797079.960700935 SwapCached:            0 kB
1776797079.960700935 Active:           358472 kB
1776797079.960700935 Inactive:         101652 kB
1776797079.960700935 Active(anon):      97148 kB
1776797079.960700935 Inactive(anon):        0 kB
1776797079.960700935 Active(file):     261324 kB
1776797079.960700935 Inactive(file):   101652 kB
1776797079.960700935 Unevictable:           0 kB
1776797079.960700935 Mlocked:               0 kB
1776797079.960700935 SwapTotal:             0 kB
1776797079.960700935 SwapFree:              0 kB
1776797079.960700935 Zswap:                 0 kB
1776797079.960700935 Zswapped:              0 kB
1776797079.960700935 Dirty:                84 kB
1776797079.960700935 Writeback:             0 kB
1776797079.960700935 AnonPages:         93840 kB
1776797079.960700935 Mapped:           112688 kB
1776797079.960700935 Shmem:              3460 kB
1776797079.960700935 KReclaimable:      29456 kB
1776797079.960700935 Slab:             118564 kB
1776797079.960700935 SReclaimable:      29456 kB
1776797079.960700935 SUnreclaim:        89108 kB
1776797079.960700935 KernelStack:        3008 kB
1776797079.960700935 PageTables:         3860 kB
1776797079.960700935 SecPageTables:         0 kB
1776797079.960700935 NFS_Unstable:          0 kB
1776797079.960700935 Bounce:                0 kB
1776797079.960700935 WritebackTmp:          0 kB
1776797079.960700935 CommitLimit:     3537964 kB
1776797079.960700935 Committed_AS:     560172 kB
1776797079.960700935 VmallocTotal:   135288315904 kB
1776797079.960700935 VmallocUsed:       18984 kB
1776797079.960700935 VmallocChunk:          0 kB
1776797079.960700935 Percpu:             1504 kB
1776797079.960700935 AnonHugePages:         0 kB
1776797079.960700935 ShmemHugePages:        0 kB
1776797079.960700935 ShmemPmdMapped:        0 kB
1776797079.960700935 FileHugePages:         0 kB
1776797079.960700935 FilePmdMapped:         0 kB
1776797079.960700935 CmaTotal:          65536 kB
1776797079.960700935 CmaFree:           49104 kB
1776797079.960700935 Balloon:               0 kB
1776797079.960700935 HugePages_Total:     512
1776797079.960700935 HugePages_Free:      512
1776797079.960700935 HugePages_Rsvd:        0
1776797079.960700935 HugePages_Surp:        0
1776797079.960700935 Hugepagesize:       2048 kB
1776797079.960700935 Hugetlb:         1048576 kB
1776797080.969649133 MemTotal:        8124504 kB
1776797080.969649133 MemFree:         6425072 kB
1776797080.969649133 MemAvailable:    6663032 kB
1776797080.969649133 Buffers:           29324 kB
1776797080.969649133 Cached:           337040 kB
1776797080.969649133 SwapCached:            0 kB
1776797080.969649133 Active:           358668 kB
1776797080.969649133 Inactive:         101664 kB
1776797080.969649133 Active(anon):      97340 kB
1776797080.969649133 Inactive(anon):        0 kB
1776797080.969649133 Active(file):     261328 kB
1776797080.969649133 Inactive(file):   101664 kB
1776797080.969649133 Unevictable:           0 kB
1776797080.969649133 Mlocked:               0 kB
1776797080.969649133 SwapTotal:             0 kB
1776797080.969649133 SwapFree:              0 kB
1776797080.969649133 Zswap:                 0 kB
1776797080.969649133 Zswapped:              0 kB
1776797080.969649133 Dirty:                92 kB
1776797080.969649133 Writeback:             0 kB
1776797080.969649133 AnonPages:         93924 kB
1776797080.969649133 Mapped:           112688 kB
1776797080.969649133 Shmem:              3460 kB
1776797080.969649133 KReclaimable:      29456 kB
1776797080.969649133 Slab:             118552 kB
1776797080.969649133 SReclaimable:      29456 kB
1776797080.969649133 SUnreclaim:        89096 kB
1776797080.969649133 KernelStack:        3024 kB
1776797080.969649133 PageTables:         3856 kB
1776797080.969649133 SecPageTables:         0 kB
1776797080.969649133 NFS_Unstable:          0 kB
1776797080.969649133 Bounce:                0 kB
1776797080.969649133 WritebackTmp:          0 kB
1776797080.969649133 CommitLimit:     3537964 kB
1776797080.969649133 Committed_AS:     560172 kB
1776797080.969649133 VmallocTotal:   135288315904 kB
1776797080.969649133 VmallocUsed:       18952 kB
1776797080.969649133 VmallocChunk:          0 kB
1776797080.969649133 Percpu:             1504 kB
1776797080.969649133 AnonHugePages:         0 kB
1776797080.969649133 ShmemHugePages:        0 kB
1776797080.969649133 ShmemPmdMapped:        0 kB
1776797080.969649133 FileHugePages:         0 kB
1776797080.969649133 FilePmdMapped:         0 kB
1776797080.969649133 CmaTotal:          65536 kB
1776797080.969649133 CmaFree:           49104 kB
1776797080.969649133 Balloon:               0 kB
1776797080.969649133 HugePages_Total:     512
1776797080.969649133 HugePages_Free:      512
1776797080.969649133 HugePages_Rsvd:        0
1776797080.969649133 HugePages_Surp:        0
1776797080.969649133 Hugepagesize:       2048 kB
1776797080.969649133 Hugetlb:         1048576 kB
1776797081.978210570 MemTotal:        8124504 kB
1776797081.978210570 MemFree:         6424820 kB
1776797081.978210570 MemAvailable:    6662780 kB
1776797081.978210570 Buffers:           29324 kB
1776797081.978210570 Cached:           337040 kB
1776797081.978210570 SwapCached:            0 kB
1776797081.978210570 Active:           358588 kB
1776797081.978210570 Inactive:         101664 kB
1776797081.978210570 Active(anon):      97260 kB
1776797081.978210570 Inactive(anon):        0 kB
1776797081.978210570 Active(file):     261328 kB
1776797081.978210570 Inactive(file):   101664 kB
1776797081.978210570 Unevictable:           0 kB
1776797081.978210570 Mlocked:               0 kB
1776797081.978210570 SwapTotal:             0 kB
1776797081.978210570 SwapFree:              0 kB
1776797081.978210570 Zswap:                 0 kB
1776797081.978210570 Zswapped:              0 kB
1776797081.978210570 Dirty:                92 kB
1776797081.978210570 Writeback:             0 kB
1776797081.978210570 AnonPages:         93924 kB
1776797081.978210570 Mapped:           112688 kB
1776797081.978210570 Shmem:              3460 kB
1776797081.978210570 KReclaimable:      29456 kB
1776797081.978210570 Slab:             118556 kB
1776797081.978210570 SReclaimable:      29456 kB
1776797081.978210570 SUnreclaim:        89100 kB
1776797081.978210570 KernelStack:        3024 kB
1776797081.978210570 PageTables:         3852 kB
1776797081.978210570 SecPageTables:         0 kB
1776797081.978210570 NFS_Unstable:          0 kB
1776797081.978210570 Bounce:                0 kB
1776797081.978210570 WritebackTmp:          0 kB
1776797081.978210570 CommitLimit:     3537964 kB
1776797081.978210570 Committed_AS:     560172 kB
1776797081.978210570 VmallocTotal:   135288315904 kB
1776797081.978210570 VmallocUsed:       18968 kB
1776797081.978210570 VmallocChunk:          0 kB
1776797081.978210570 Percpu:             1504 kB
1776797081.978210570 AnonHugePages:         0 kB
1776797081.978210570 ShmemHugePages:        0 kB
1776797081.978210570 ShmemPmdMapped:        0 kB
1776797081.978210570 FileHugePages:         0 kB
1776797081.978210570 FilePmdMapped:         0 kB
1776797081.978210570 CmaTotal:          65536 kB
1776797081.978210570 CmaFree:           49104 kB
1776797081.978210570 Balloon:               0 kB
1776797081.978210570 HugePages_Total:     512
1776797081.978210570 HugePages_Free:      512
1776797081.978210570 HugePages_Rsvd:        0
1776797081.978210570 HugePages_Surp:        0
1776797081.978210570 Hugepagesize:       2048 kB
1776797081.978210570 Hugetlb:         1048576 kB
1776797082.986816952 MemTotal:        8124504 kB
1776797082.986816952 MemFree:         6424820 kB
1776797082.986816952 MemAvailable:    6662784 kB
1776797082.986816952 Buffers:           29332 kB
1776797082.986816952 Cached:           337044 kB
1776797082.986816952 SwapCached:            0 kB
1776797082.986816952 Active:           358700 kB
1776797082.986816952 Inactive:         101668 kB
1776797082.986816952 Active(anon):      97372 kB
1776797082.986816952 Inactive(anon):        0 kB
1776797082.986816952 Active(file):     261328 kB
1776797082.986816952 Inactive(file):   101668 kB
1776797082.986816952 Unevictable:           0 kB
1776797082.986816952 Mlocked:               0 kB
1776797082.986816952 SwapTotal:             0 kB
1776797082.986816952 SwapFree:              0 kB
1776797082.986816952 Zswap:                 0 kB
1776797082.986816952 Zswapped:              0 kB
1776797082.986816952 Dirty:               104 kB
1776797082.986816952 Writeback:             0 kB
1776797082.986816952 AnonPages:         93932 kB
1776797082.986816952 Mapped:           112688 kB
1776797082.986816952 Shmem:              3460 kB
1776797082.986816952 KReclaimable:      29456 kB
1776797082.986816952 Slab:             118548 kB
1776797082.986816952 SReclaimable:      29456 kB
1776797082.986816952 SUnreclaim:        89092 kB
1776797082.986816952 KernelStack:        3024 kB
1776797082.986816952 PageTables:         3856 kB
1776797082.986816952 SecPageTables:         0 kB
1776797082.986816952 NFS_Unstable:          0 kB
1776797082.986816952 Bounce:                0 kB
1776797082.986816952 WritebackTmp:          0 kB
1776797082.986816952 CommitLimit:     3537964 kB
1776797082.986816952 Committed_AS:     560172 kB
1776797082.986816952 VmallocTotal:   135288315904 kB
1776797082.986816952 VmallocUsed:       18984 kB
1776797082.986816952 VmallocChunk:          0 kB
1776797082.986816952 Percpu:             1504 kB
1776797082.986816952 AnonHugePages:         0 kB
1776797082.986816952 ShmemHugePages:        0 kB
1776797082.986816952 ShmemPmdMapped:        0 kB
1776797082.986816952 FileHugePages:         0 kB
1776797082.986816952 FilePmdMapped:         0 kB
1776797082.986816952 CmaTotal:          65536 kB
1776797082.986816952 CmaFree:           49104 kB
1776797082.986816952 Balloon:               0 kB
1776797082.986816952 HugePages_Total:     512
1776797082.986816952 HugePages_Free:      512
1776797082.986816952 HugePages_Rsvd:        0
1776797082.986816952 HugePages_Surp:        0
1776797082.986816952 Hugepagesize:       2048 kB
1776797082.986816952 Hugetlb:         1048576 kB
1776797083.995862706 MemTotal:        8124504 kB
1776797083.995862706 MemFree:         6424568 kB
1776797083.995862706 MemAvailable:    6662532 kB
1776797083.995862706 Buffers:           29332 kB
1776797083.995862706 Cached:           337048 kB
1776797083.995862706 SwapCached:            0 kB
1776797083.995862706 Active:           358428 kB
1776797083.995862706 Inactive:         101676 kB
1776797083.995862706 Active(anon):      97108 kB
1776797083.995862706 Inactive(anon):        0 kB
1776797083.995862706 Active(file):     261320 kB
1776797083.995862706 Inactive(file):   101676 kB
1776797083.995862706 Unevictable:           0 kB
1776797083.995862706 Mlocked:               0 kB
1776797083.995862706 SwapTotal:             0 kB
1776797083.995862706 SwapFree:              0 kB
1776797083.995862706 Zswap:                 0 kB
1776797083.995862706 Zswapped:              0 kB
1776797083.995862706 Dirty:               108 kB
1776797083.995862706 Writeback:             0 kB
1776797083.995862706 AnonPages:         93844 kB
1776797083.995862706 Mapped:           112688 kB
1776797083.995862706 Shmem:              3460 kB
1776797083.995862706 KReclaimable:      29456 kB
1776797083.995862706 Slab:             118560 kB
1776797083.995862706 SReclaimable:      29456 kB
1776797083.995862706 SUnreclaim:        89104 kB
1776797083.995862706 KernelStack:        2992 kB
1776797083.995862706 PageTables:         3860 kB
1776797083.995862706 SecPageTables:         0 kB
1776797083.995862706 NFS_Unstable:          0 kB
1776797083.995862706 Bounce:                0 kB
1776797083.995862706 WritebackTmp:          0 kB
1776797083.995862706 CommitLimit:     3537964 kB
1776797083.995862706 Committed_AS:     560172 kB
1776797083.995862706 VmallocTotal:   135288315904 kB
1776797083.995862706 VmallocUsed:       18936 kB
1776797083.995862706 VmallocChunk:          0 kB
1776797083.995862706 Percpu:             1504 kB
1776797083.995862706 AnonHugePages:         0 kB
1776797083.995862706 ShmemHugePages:        0 kB
1776797083.995862706 ShmemPmdMapped:        0 kB
1776797083.995862706 FileHugePages:         0 kB
1776797083.995862706 FilePmdMapped:         0 kB
1776797083.995862706 CmaTotal:          65536 kB
1776797083.995862706 CmaFree:           49104 kB
1776797083.995862706 Balloon:               0 kB
1776797083.995862706 HugePages_Total:     512
1776797083.995862706 HugePages_Free:      512
1776797083.995862706 HugePages_Rsvd:        0
1776797083.995862706 HugePages_Surp:        0
1776797083.995862706 Hugepagesize:       2048 kB
1776797083.995862706 Hugetlb:         1048576 kB
1776797085.003834511 MemTotal:        8124504 kB
1776797085.003834511 MemFree:         6424568 kB
1776797085.003834511 MemAvailable:    6662556 kB
1776797085.003834511 Buffers:           29332 kB
1776797085.003834511 Cached:           337056 kB
1776797085.003834511 SwapCached:            0 kB
1776797085.003834511 Active:           358680 kB
1776797085.003834511 Inactive:         101688 kB
1776797085.003834511 Active(anon):      97348 kB
1776797085.003834511 Inactive(anon):        0 kB
1776797085.003834511 Active(file):     261332 kB
1776797085.003834511 Inactive(file):   101688 kB
1776797085.003834511 Unevictable:           0 kB
1776797085.003834511 Mlocked:               0 kB
1776797085.003834511 SwapTotal:             0 kB
1776797085.003834511 SwapFree:              0 kB
1776797085.003834511 Zswap:                 0 kB
1776797085.003834511 Zswapped:              0 kB
1776797085.003834511 Dirty:               116 kB
1776797085.003834511 Writeback:             0 kB
1776797085.003834511 AnonPages:         93888 kB
1776797085.003834511 Mapped:           112772 kB
1776797085.003834511 Shmem:              3460 kB
1776797085.003834511 KReclaimable:      29456 kB
1776797085.003834511 Slab:             118568 kB
1776797085.003834511 SReclaimable:      29456 kB
1776797085.003834511 SUnreclaim:        89112 kB
1776797085.003834511 KernelStack:        3024 kB
1776797085.003834511 PageTables:         3928 kB
1776797085.003834511 SecPageTables:         0 kB
1776797085.003834511 NFS_Unstable:          0 kB
1776797085.003834511 Bounce:                0 kB
1776797085.003834511 WritebackTmp:          0 kB
1776797085.003834511 CommitLimit:     3537964 kB
1776797085.003834511 Committed_AS:     560172 kB
1776797085.003834511 VmallocTotal:   135288315904 kB
1776797085.003834511 VmallocUsed:       19000 kB
1776797085.003834511 VmallocChunk:          0 kB
1776797085.003834511 Percpu:             1504 kB
1776797085.003834511 AnonHugePages:         0 kB
1776797085.003834511 ShmemHugePages:        0 kB
1776797085.003834511 ShmemPmdMapped:        0 kB
1776797085.003834511 FileHugePages:         0 kB
1776797085.003834511 FilePmdMapped:         0 kB
1776797085.003834511 CmaTotal:          65536 kB
1776797085.003834511 CmaFree:           49104 kB
1776797085.003834511 Balloon:               0 kB
1776797085.003834511 HugePages_Total:     512
1776797085.003834511 HugePages_Free:      512
1776797085.003834511 HugePages_Rsvd:        0
1776797085.003834511 HugePages_Surp:        0
1776797085.003834511 Hugepagesize:       2048 kB
1776797085.003834511 Hugetlb:         1048576 kB
1776797086.011867020 MemTotal:        8124504 kB
1776797086.011867020 MemFree:         6424568 kB
1776797086.011867020 MemAvailable:    6662556 kB
1776797086.011867020 Buffers:           29332 kB
1776797086.011867020 Cached:           337060 kB
1776797086.011867020 SwapCached:            0 kB
1776797086.011867020 Active:           358600 kB
1776797086.011867020 Inactive:         101692 kB
1776797086.011867020 Active(anon):      97272 kB
1776797086.011867020 Inactive(anon):        0 kB
1776797086.011867020 Active(file):     261328 kB
1776797086.011867020 Inactive(file):   101692 kB
1776797086.011867020 Unevictable:           0 kB
1776797086.011867020 Mlocked:               0 kB
1776797086.011867020 SwapTotal:             0 kB
1776797086.011867020 SwapFree:              0 kB
1776797086.011867020 Zswap:                 0 kB
1776797086.011867020 Zswapped:              0 kB
1776797086.011867020 Dirty:               120 kB
1776797086.011867020 Writeback:             0 kB
1776797086.011867020 AnonPages:         93932 kB
1776797086.011867020 Mapped:           112688 kB
1776797086.011867020 Shmem:              3460 kB
1776797086.011867020 KReclaimable:      29456 kB
1776797086.011867020 Slab:             118584 kB
1776797086.011867020 SReclaimable:      29456 kB
1776797086.011867020 SUnreclaim:        89128 kB
1776797086.011867020 KernelStack:        3024 kB
1776797086.011867020 PageTables:         3856 kB
1776797086.011867020 SecPageTables:         0 kB
1776797086.011867020 NFS_Unstable:          0 kB
1776797086.011867020 Bounce:                0 kB
1776797086.011867020 WritebackTmp:          0 kB
1776797086.011867020 CommitLimit:     3537964 kB
1776797086.011867020 Committed_AS:     560172 kB
1776797086.011867020 VmallocTotal:   135288315904 kB
1776797086.011867020 VmallocUsed:       18984 kB
1776797086.011867020 VmallocChunk:          0 kB
1776797086.011867020 Percpu:             1504 kB
1776797086.011867020 AnonHugePages:         0 kB
1776797086.011867020 ShmemHugePages:        0 kB
1776797086.011867020 ShmemPmdMapped:        0 kB
1776797086.011867020 FileHugePages:         0 kB
1776797086.011867020 FilePmdMapped:         0 kB
1776797086.011867020 CmaTotal:          65536 kB
1776797086.011867020 CmaFree:           49104 kB
1776797086.011867020 Balloon:               0 kB
1776797086.011867020 HugePages_Total:     512
1776797086.011867020 HugePages_Free:      512
1776797086.011867020 HugePages_Rsvd:        0
1776797086.011867020 HugePages_Surp:        0
1776797086.011867020 Hugepagesize:       2048 kB
1776797086.011867020 Hugetlb:         1048576 kB
1776797087.019708992 MemTotal:        8124504 kB
1776797087.019708992 MemFree:         6424064 kB
1776797087.019708992 MemAvailable:    6662052 kB
1776797087.019708992 Buffers:           29332 kB
1776797087.019708992 Cached:           337068 kB
1776797087.019708992 SwapCached:            0 kB
1776797087.019708992 Active:           358528 kB
1776797087.019708992 Inactive:         101696 kB
1776797087.019708992 Active(anon):      97204 kB
1776797087.019708992 Inactive(anon):        0 kB
1776797087.019708992 Active(file):     261324 kB
1776797087.019708992 Inactive(file):   101696 kB
1776797087.019708992 Unevictable:           0 kB
1776797087.019708992 Mlocked:               0 kB
1776797087.019708992 SwapTotal:             0 kB
1776797087.019708992 SwapFree:              0 kB
1776797087.019708992 Zswap:                 0 kB
1776797087.019708992 Zswapped:              0 kB
1776797087.019708992 Dirty:               128 kB
1776797087.019708992 Writeback:             0 kB
1776797087.019708992 AnonPages:         93900 kB
1776797087.019708992 Mapped:           112688 kB
1776797087.019708992 Shmem:              3460 kB
1776797087.019708992 KReclaimable:      29456 kB
1776797087.019708992 Slab:             118564 kB
1776797087.019708992 SReclaimable:      29456 kB
1776797087.019708992 SUnreclaim:        89108 kB
1776797087.019708992 KernelStack:        3024 kB
1776797087.019708992 PageTables:         3940 kB
1776797087.019708992 SecPageTables:         0 kB
1776797087.019708992 NFS_Unstable:          0 kB
1776797087.019708992 Bounce:                0 kB
1776797087.019708992 WritebackTmp:          0 kB
1776797087.019708992 CommitLimit:     3537964 kB
1776797087.019708992 Committed_AS:     560172 kB
1776797087.019708992 VmallocTotal:   135288315904 kB
1776797087.019708992 VmallocUsed:       19000 kB
1776797087.019708992 VmallocChunk:          0 kB
1776797087.019708992 Percpu:             1504 kB
1776797087.019708992 AnonHugePages:         0 kB
1776797087.019708992 ShmemHugePages:        0 kB
1776797087.019708992 ShmemPmdMapped:        0 kB
1776797087.019708992 FileHugePages:         0 kB
1776797087.019708992 FilePmdMapped:         0 kB
1776797087.019708992 CmaTotal:          65536 kB
1776797087.019708992 CmaFree:           49104 kB
1776797087.019708992 Balloon:               0 kB
1776797087.019708992 HugePages_Total:     512
1776797087.019708992 HugePages_Free:      512
1776797087.019708992 HugePages_Rsvd:        0
1776797087.019708992 HugePages_Surp:        0
1776797087.019708992 Hugepagesize:       2048 kB
1776797087.019708992 Hugetlb:         1048576 kB
1776797088.027616278 MemTotal:        8124504 kB
1776797088.027616278 MemFree:         6424064 kB
1776797088.027616278 MemAvailable:    6662060 kB
1776797088.027616278 Buffers:           29336 kB
1776797088.027616278 Cached:           337068 kB
1776797088.027616278 SwapCached:            0 kB
1776797088.027616278 Active:           358596 kB
1776797088.027616278 Inactive:         101704 kB
1776797088.027616278 Active(anon):      97272 kB
1776797088.027616278 Inactive(anon):        0 kB
1776797088.027616278 Active(file):     261324 kB
1776797088.027616278 Inactive(file):   101704 kB
1776797088.027616278 Unevictable:           0 kB
1776797088.027616278 Mlocked:               0 kB
1776797088.027616278 SwapTotal:             0 kB
1776797088.027616278 SwapFree:              0 kB
1776797088.027616278 Zswap:                 0 kB
1776797088.027616278 Zswapped:              0 kB
1776797088.027616278 Dirty:               132 kB
1776797088.027616278 Writeback:             0 kB
1776797088.027616278 AnonPages:         93840 kB
1776797088.027616278 Mapped:           112688 kB
1776797088.027616278 Shmem:              3460 kB
1776797088.027616278 KReclaimable:      29456 kB
1776797088.027616278 Slab:             118600 kB
1776797088.027616278 SReclaimable:      29456 kB
1776797088.027616278 SUnreclaim:        89144 kB
1776797088.027616278 KernelStack:        3008 kB
1776797088.027616278 PageTables:         3792 kB
1776797088.027616278 SecPageTables:         0 kB
1776797088.027616278 NFS_Unstable:          0 kB
1776797088.027616278 Bounce:                0 kB
1776797088.027616278 WritebackTmp:          0 kB
1776797088.027616278 CommitLimit:     3537964 kB
1776797088.027616278 Committed_AS:     560172 kB
1776797088.027616278 VmallocTotal:   135288315904 kB
1776797088.027616278 VmallocUsed:       18952 kB
1776797088.027616278 VmallocChunk:          0 kB
1776797088.027616278 Percpu:             1504 kB
1776797088.027616278 AnonHugePages:         0 kB
1776797088.027616278 ShmemHugePages:        0 kB
1776797088.027616278 ShmemPmdMapped:        0 kB
1776797088.027616278 FileHugePages:         0 kB
1776797088.027616278 FilePmdMapped:         0 kB
1776797088.027616278 CmaTotal:          65536 kB
1776797088.027616278 CmaFree:           49104 kB
1776797088.027616278 Balloon:               0 kB
1776797088.027616278 HugePages_Total:     512
1776797088.027616278 HugePages_Free:      512
1776797088.027616278 HugePages_Rsvd:        0
1776797088.027616278 HugePages_Surp:        0
1776797088.027616278 Hugepagesize:       2048 kB
1776797088.027616278 Hugetlb:         1048576 kB
1776797089.042699945 MemTotal:        8124504 kB
1776797089.042699945 MemFree:         6423544 kB
1776797089.042699945 MemAvailable:    6661560 kB
1776797089.042699945 Buffers:           29340 kB
1776797089.042699945 Cached:           337076 kB
1776797089.042699945 SwapCached:            0 kB
1776797089.042699945 Active:           358708 kB
1776797089.042699945 Inactive:         101716 kB
1776797089.042699945 Active(anon):      97376 kB
1776797089.042699945 Inactive(anon):        0 kB
1776797089.042699945 Active(file):     261332 kB
1776797089.042699945 Inactive(file):   101716 kB
1776797089.042699945 Unevictable:           0 kB
1776797089.042699945 Mlocked:               0 kB
1776797089.042699945 SwapTotal:             0 kB
1776797089.042699945 SwapFree:              0 kB
1776797089.042699945 Zswap:                 0 kB
1776797089.042699945 Zswapped:              0 kB
1776797089.042699945 Dirty:               136 kB
1776797089.042699945 Writeback:             0 kB
1776797089.042699945 AnonPages:         93892 kB
1776797089.042699945 Mapped:           112772 kB
1776797089.042699945 Shmem:              3460 kB
1776797089.042699945 KReclaimable:      29456 kB
1776797089.042699945 Slab:             118576 kB
1776797089.042699945 SReclaimable:      29456 kB
1776797089.042699945 SUnreclaim:        89120 kB
1776797089.042699945 KernelStack:        3024 kB
1776797089.042699945 PageTables:         3940 kB
1776797089.042699945 SecPageTables:         0 kB
1776797089.042699945 NFS_Unstable:          0 kB
1776797089.042699945 Bounce:                0 kB
1776797089.042699945 WritebackTmp:          0 kB
1776797089.042699945 CommitLimit:     3537964 kB
1776797089.042699945 Committed_AS:     560172 kB
1776797089.042699945 VmallocTotal:   135288315904 kB
1776797089.042699945 VmallocUsed:       18984 kB
1776797089.042699945 VmallocChunk:          0 kB
1776797089.042699945 Percpu:             1504 kB
1776797089.042699945 AnonHugePages:         0 kB
1776797089.042699945 ShmemHugePages:        0 kB
1776797089.042699945 ShmemPmdMapped:        0 kB
1776797089.042699945 FileHugePages:         0 kB
1776797089.042699945 FilePmdMapped:         0 kB
1776797089.042699945 CmaTotal:          65536 kB
1776797089.042699945 CmaFree:           49104 kB
1776797089.042699945 Balloon:               0 kB
1776797089.042699945 HugePages_Total:     512
1776797089.042699945 HugePages_Free:      512
1776797089.042699945 HugePages_Rsvd:        0
1776797089.042699945 HugePages_Surp:        0
1776797089.042699945 Hugepagesize:       2048 kB
1776797089.042699945 Hugetlb:         1048576 kB
1776797090.050636935 MemTotal:        8124504 kB
1776797090.050636935 MemFree:         6423292 kB
1776797090.050636935 MemAvailable:    6661308 kB
1776797090.050636935 Buffers:           29340 kB
1776797090.050636935 Cached:           337080 kB
1776797090.050636935 SwapCached:            0 kB
1776797090.050636935 Active:           358648 kB
1776797090.050636935 Inactive:         101720 kB
1776797090.050636935 Active(anon):      97320 kB
1776797090.050636935 Inactive(anon):        0 kB
1776797090.050636935 Active(file):     261328 kB
1776797090.050636935 Inactive(file):   101720 kB
1776797090.050636935 Unevictable:           0 kB
1776797090.050636935 Mlocked:               0 kB
1776797090.050636935 SwapTotal:             0 kB
1776797090.050636935 SwapFree:              0 kB
1776797090.050636935 Zswap:                 0 kB
1776797090.050636935 Zswapped:              0 kB
1776797090.050636935 Dirty:               140 kB
1776797090.050636935 Writeback:             0 kB
1776797090.050636935 AnonPages:         93920 kB
1776797090.050636935 Mapped:           112688 kB
1776797090.050636935 Shmem:              3460 kB
1776797090.050636935 KReclaimable:      29456 kB
1776797090.050636935 Slab:             118584 kB
1776797090.050636935 SReclaimable:      29456 kB
1776797090.050636935 SUnreclaim:        89128 kB
1776797090.050636935 KernelStack:        3024 kB
1776797090.050636935 PageTables:         3872 kB
1776797090.050636935 SecPageTables:         0 kB
1776797090.050636935 NFS_Unstable:          0 kB
1776797090.050636935 Bounce:                0 kB
1776797090.050636935 WritebackTmp:          0 kB
1776797090.050636935 CommitLimit:     3537964 kB
1776797090.050636935 Committed_AS:     560172 kB
1776797090.050636935 VmallocTotal:   135288315904 kB
1776797090.050636935 VmallocUsed:       18984 kB
1776797090.050636935 VmallocChunk:          0 kB
1776797090.050636935 Percpu:             1504 kB
1776797090.050636935 AnonHugePages:         0 kB
1776797090.050636935 ShmemHugePages:        0 kB
1776797090.050636935 ShmemPmdMapped:        0 kB
1776797090.050636935 FileHugePages:         0 kB
1776797090.050636935 FilePmdMapped:         0 kB
1776797090.050636935 CmaTotal:          65536 kB
1776797090.050636935 CmaFree:           49104 kB
1776797090.050636935 Balloon:               0 kB
1776797090.050636935 HugePages_Total:     512
1776797090.050636935 HugePages_Free:      512
1776797090.050636935 HugePages_Rsvd:        0
1776797090.050636935 HugePages_Surp:        0
1776797090.050636935 Hugepagesize:       2048 kB
1776797090.050636935 Hugetlb:         1048576 kB
1776797091.058512980 MemTotal:        8124504 kB
1776797091.058512980 MemFree:         6423940 kB
1776797091.058512980 MemAvailable:    6661960 kB
1776797091.058512980 Buffers:           29340 kB
1776797091.058512980 Cached:           337088 kB
1776797091.058512980 SwapCached:            0 kB
1776797091.058512980 Active:           358712 kB
1776797091.058512980 Inactive:         101724 kB
1776797091.058512980 Active(anon):      97384 kB
1776797091.058512980 Inactive(anon):        0 kB
1776797091.058512980 Active(file):     261328 kB
1776797091.058512980 Inactive(file):   101724 kB
1776797091.058512980 Unevictable:           0 kB
1776797091.058512980 Mlocked:               0 kB
1776797091.058512980 SwapTotal:             0 kB
1776797091.058512980 SwapFree:              0 kB
1776797091.058512980 Zswap:                 0 kB
1776797091.058512980 Zswapped:              0 kB
1776797091.058512980 Dirty:               148 kB
1776797091.058512980 Writeback:             0 kB
1776797091.058512980 AnonPages:         93932 kB
1776797091.058512980 Mapped:           112688 kB
1776797091.058512980 Shmem:              3460 kB
1776797091.058512980 KReclaimable:      29456 kB
1776797091.058512980 Slab:             118584 kB
1776797091.058512980 SReclaimable:      29456 kB
1776797091.058512980 SUnreclaim:        89128 kB
1776797091.058512980 KernelStack:        3024 kB
1776797091.058512980 PageTables:         3868 kB
1776797091.058512980 SecPageTables:         0 kB
1776797091.058512980 NFS_Unstable:          0 kB
1776797091.058512980 Bounce:                0 kB
1776797091.058512980 WritebackTmp:          0 kB
1776797091.058512980 CommitLimit:     3537964 kB
1776797091.058512980 Committed_AS:     560172 kB
1776797091.058512980 VmallocTotal:   135288315904 kB
1776797091.058512980 VmallocUsed:       18952 kB
1776797091.058512980 VmallocChunk:          0 kB
1776797091.058512980 Percpu:             1504 kB
1776797091.058512980 AnonHugePages:         0 kB
1776797091.058512980 ShmemHugePages:        0 kB
1776797091.058512980 ShmemPmdMapped:        0 kB
1776797091.058512980 FileHugePages:         0 kB
1776797091.058512980 FilePmdMapped:         0 kB
1776797091.058512980 CmaTotal:          65536 kB
1776797091.058512980 CmaFree:           49104 kB
1776797091.058512980 Balloon:               0 kB
1776797091.058512980 HugePages_Total:     512
1776797091.058512980 HugePages_Free:      512
1776797091.058512980 HugePages_Rsvd:        0
1776797091.058512980 HugePages_Surp:        0
1776797091.058512980 Hugepagesize:       2048 kB
1776797091.058512980 Hugetlb:         1048576 kB
1776797092.071009526 MemTotal:        8124504 kB
1776797092.071009526 MemFree:         6424476 kB
1776797092.071009526 MemAvailable:    6662500 kB
1776797092.071009526 Buffers:           29340 kB
1776797092.071009526 Cached:           337092 kB
1776797092.071009526 SwapCached:            0 kB
1776797092.071009526 Active:           358460 kB
1776797092.071009526 Inactive:         101732 kB
1776797092.071009526 Active(anon):      97136 kB
1776797092.071009526 Inactive(anon):        0 kB
1776797092.071009526 Active(file):     261324 kB
1776797092.071009526 Inactive(file):   101732 kB
1776797092.071009526 Unevictable:           0 kB
1776797092.071009526 Mlocked:               0 kB
1776797092.071009526 SwapTotal:             0 kB
1776797092.071009526 SwapFree:              0 kB
1776797092.071009526 Zswap:                 0 kB
1776797092.071009526 Zswapped:              0 kB
1776797092.071009526 Dirty:               152 kB
1776797092.071009526 Writeback:             0 kB
1776797092.071009526 AnonPages:         93844 kB
1776797092.071009526 Mapped:           112688 kB
1776797092.071009526 Shmem:              3460 kB
1776797092.071009526 KReclaimable:      29456 kB
1776797092.071009526 Slab:             118576 kB
1776797092.071009526 SReclaimable:      29456 kB
1776797092.071009526 SUnreclaim:        89120 kB
1776797092.071009526 KernelStack:        3008 kB
1776797092.071009526 PageTables:         3796 kB
1776797092.071009526 SecPageTables:         0 kB
1776797092.071009526 NFS_Unstable:          0 kB
1776797092.071009526 Bounce:                0 kB
1776797092.071009526 WritebackTmp:          0 kB
1776797092.071009526 CommitLimit:     3537964 kB
1776797092.071009526 Committed_AS:     560172 kB
1776797092.071009526 VmallocTotal:   135288315904 kB
1776797092.071009526 VmallocUsed:       18952 kB
1776797092.071009526 VmallocChunk:          0 kB
1776797092.071009526 Percpu:             1504 kB
1776797092.071009526 AnonHugePages:         0 kB
1776797092.071009526 ShmemHugePages:        0 kB
1776797092.071009526 ShmemPmdMapped:        0 kB
1776797092.071009526 FileHugePages:         0 kB
1776797092.071009526 FilePmdMapped:         0 kB
1776797092.071009526 CmaTotal:          65536 kB
1776797092.071009526 CmaFree:           49104 kB
1776797092.071009526 Balloon:               0 kB
1776797092.071009526 HugePages_Total:     512
1776797092.071009526 HugePages_Free:      512
1776797092.071009526 HugePages_Rsvd:        0
1776797092.071009526 HugePages_Surp:        0
1776797092.071009526 Hugepagesize:       2048 kB
1776797092.071009526 Hugetlb:         1048576 kB
1776797093.080241484 MemTotal:        8124504 kB
1776797093.080241484 MemFree:         6424596 kB
1776797093.080241484 MemAvailable:    6662624 kB
1776797093.080241484 Buffers:           29344 kB
1776797093.080241484 Cached:           337088 kB
1776797093.080241484 SwapCached:            0 kB
1776797093.080241484 Active:           358580 kB
1776797093.080241484 Inactive:         101732 kB
1776797093.080241484 Active(anon):      97252 kB
1776797093.080241484 Inactive(anon):        0 kB
1776797093.080241484 Active(file):     261328 kB
1776797093.080241484 Inactive(file):   101732 kB
1776797093.080241484 Unevictable:           0 kB
1776797093.080241484 Mlocked:               0 kB
1776797093.080241484 SwapTotal:             0 kB
1776797093.080241484 SwapFree:              0 kB
1776797093.080241484 Zswap:                 0 kB
1776797093.080241484 Zswapped:              0 kB
1776797093.080241484 Dirty:               152 kB
1776797093.080241484 Writeback:             0 kB
1776797093.080241484 AnonPages:         93920 kB
1776797093.080241484 Mapped:           112688 kB
1776797093.080241484 Shmem:              3460 kB
1776797093.080241484 KReclaimable:      29456 kB
1776797093.080241484 Slab:             118580 kB
1776797093.080241484 SReclaimable:      29456 kB
1776797093.080241484 SUnreclaim:        89124 kB
1776797093.080241484 KernelStack:        3024 kB
1776797093.080241484 PageTables:         3872 kB
1776797093.080241484 SecPageTables:         0 kB
1776797093.080241484 NFS_Unstable:          0 kB
1776797093.080241484 Bounce:                0 kB
1776797093.080241484 WritebackTmp:          0 kB
1776797093.080241484 CommitLimit:     3537964 kB
1776797093.080241484 Committed_AS:     560172 kB
1776797093.080241484 VmallocTotal:   135288315904 kB
1776797093.080241484 VmallocUsed:       18984 kB
1776797093.080241484 VmallocChunk:          0 kB
1776797093.080241484 Percpu:             1504 kB
1776797093.080241484 AnonHugePages:         0 kB
1776797093.080241484 ShmemHugePages:        0 kB
1776797093.080241484 ShmemPmdMapped:        0 kB
1776797093.080241484 FileHugePages:         0 kB
1776797093.080241484 FilePmdMapped:         0 kB
1776797093.080241484 CmaTotal:          65536 kB
1776797093.080241484 CmaFree:           49104 kB
1776797093.080241484 Balloon:               0 kB
1776797093.080241484 HugePages_Total:     512
1776797093.080241484 HugePages_Free:      512
1776797093.080241484 HugePages_Rsvd:        0
1776797093.080241484 HugePages_Surp:        0
1776797093.080241484 Hugepagesize:       2048 kB
1776797093.080241484 Hugetlb:         1048576 kB
1776797094.090032963 MemTotal:        8124504 kB
1776797094.090032963 MemFree:         6425424 kB
1776797094.090032963 MemAvailable:    6663464 kB
1776797094.090032963 Buffers:           29348 kB
1776797094.090032963 Cached:           337100 kB
1776797094.090032963 SwapCached:            0 kB
1776797094.090032963 Active:           358584 kB
1776797094.090032963 Inactive:         101744 kB
1776797094.090032963 Active(anon):      97256 kB
1776797094.090032963 Inactive(anon):        0 kB
1776797094.090032963 Active(file):     261328 kB
1776797094.090032963 Inactive(file):   101744 kB
1776797094.090032963 Unevictable:           0 kB
1776797094.090032963 Mlocked:               0 kB
1776797094.090032963 SwapTotal:             0 kB
1776797094.090032963 SwapFree:              0 kB
1776797094.090032963 Zswap:                 0 kB
1776797094.090032963 Zswapped:              0 kB
1776797094.090032963 Dirty:               160 kB
1776797094.090032963 Writeback:             0 kB
1776797094.090032963 AnonPages:         93928 kB
1776797094.090032963 Mapped:           112688 kB
1776797094.090032963 Shmem:              3460 kB
1776797094.090032963 KReclaimable:      29456 kB
1776797094.090032963 Slab:             118580 kB
1776797094.090032963 SReclaimable:      29456 kB
1776797094.090032963 SUnreclaim:        89124 kB
1776797094.090032963 KernelStack:        3024 kB
1776797094.090032963 PageTables:         3868 kB
1776797094.090032963 SecPageTables:         0 kB
1776797094.090032963 NFS_Unstable:          0 kB
1776797094.090032963 Bounce:                0 kB
1776797094.090032963 WritebackTmp:          0 kB
1776797094.090032963 CommitLimit:     3537964 kB
1776797094.090032963 Committed_AS:     560172 kB
1776797094.090032963 VmallocTotal:   135288315904 kB
1776797094.090032963 VmallocUsed:       19000 kB
1776797094.090032963 VmallocChunk:          0 kB
1776797094.090032963 Percpu:             1504 kB
1776797094.090032963 AnonHugePages:         0 kB
1776797094.090032963 ShmemHugePages:        0 kB
1776797094.090032963 ShmemPmdMapped:        0 kB
1776797094.090032963 FileHugePages:         0 kB
1776797094.090032963 FilePmdMapped:         0 kB
1776797094.090032963 CmaTotal:          65536 kB
1776797094.090032963 CmaFree:           49104 kB
1776797094.090032963 Balloon:               0 kB
1776797094.090032963 HugePages_Total:     512
1776797094.090032963 HugePages_Free:      512
1776797094.090032963 HugePages_Rsvd:        0
1776797094.090032963 HugePages_Surp:        0
1776797094.090032963 Hugepagesize:       2048 kB
1776797094.090032963 Hugetlb:         1048576 kB
1776797095.097859694 MemTotal:        8124504 kB
1776797095.097859694 MemFree:         6425424 kB
1776797095.097859694 MemAvailable:    6663468 kB
1776797095.097859694 Buffers:           29348 kB
1776797095.097859694 Cached:           337104 kB
1776797095.097859694 SwapCached:            0 kB
1776797095.097859694 Active:           358556 kB
1776797095.097859694 Inactive:         101748 kB
1776797095.097859694 Active(anon):      97228 kB
1776797095.097859694 Inactive(anon):        0 kB
1776797095.097859694 Active(file):     261328 kB
1776797095.097859694 Inactive(file):   101748 kB
1776797095.097859694 Unevictable:           0 kB
1776797095.097859694 Mlocked:               0 kB
1776797095.097859694 SwapTotal:             0 kB
1776797095.097859694 SwapFree:              0 kB
1776797095.097859694 Zswap:                 0 kB
1776797095.097859694 Zswapped:              0 kB
1776797095.097859694 Dirty:               164 kB
1776797095.097859694 Writeback:             0 kB
1776797095.097859694 AnonPages:         93928 kB
1776797095.097859694 Mapped:           112688 kB
1776797095.097859694 Shmem:              3460 kB
1776797095.097859694 KReclaimable:      29456 kB
1776797095.097859694 Slab:             118600 kB
1776797095.097859694 SReclaimable:      29456 kB
1776797095.097859694 SUnreclaim:        89144 kB
1776797095.097859694 KernelStack:        3024 kB
1776797095.097859694 PageTables:         3864 kB
1776797095.097859694 SecPageTables:         0 kB
1776797095.097859694 NFS_Unstable:          0 kB
1776797095.097859694 Bounce:                0 kB
1776797095.097859694 WritebackTmp:          0 kB
1776797095.097859694 CommitLimit:     3537964 kB
1776797095.097859694 Committed_AS:     560172 kB
1776797095.097859694 VmallocTotal:   135288315904 kB
1776797095.097859694 VmallocUsed:       18984 kB
1776797095.097859694 VmallocChunk:          0 kB
1776797095.097859694 Percpu:             1504 kB
1776797095.097859694 AnonHugePages:         0 kB
1776797095.097859694 ShmemHugePages:        0 kB
1776797095.097859694 ShmemPmdMapped:        0 kB
1776797095.097859694 FileHugePages:         0 kB
1776797095.097859694 FilePmdMapped:         0 kB
1776797095.097859694 CmaTotal:          65536 kB
1776797095.097859694 CmaFree:           49104 kB
1776797095.097859694 Balloon:               0 kB
1776797095.097859694 HugePages_Total:     512
1776797095.097859694 HugePages_Free:      512
1776797095.097859694 HugePages_Rsvd:        0
1776797095.097859694 HugePages_Surp:        0
1776797095.097859694 Hugepagesize:       2048 kB
1776797095.097859694 Hugetlb:         1048576 kB
1776797096.105548331 MemTotal:        8124504 kB
1776797096.105548331 MemFree:         6425520 kB
1776797096.105548331 MemAvailable:    6663576 kB
1776797096.105548331 Buffers:           29348 kB
1776797096.105548331 Cached:           337112 kB
1776797096.105548331 SwapCached:            0 kB
1776797096.105548331 Active:           358584 kB
1776797096.105548331 Inactive:         101760 kB
1776797096.105548331 Active(anon):      97256 kB
1776797096.105548331 Inactive(anon):        0 kB
1776797096.105548331 Active(file):     261328 kB
1776797096.105548331 Inactive(file):   101760 kB
1776797096.105548331 Unevictable:           0 kB
1776797096.105548331 Mlocked:               0 kB
1776797096.105548331 SwapTotal:             0 kB
1776797096.105548331 SwapFree:              0 kB
1776797096.105548331 Zswap:                 0 kB
1776797096.105548331 Zswapped:              0 kB
1776797096.105548331 Dirty:               172 kB
1776797096.105548331 Writeback:             0 kB
1776797096.105548331 AnonPages:         93932 kB
1776797096.105548331 Mapped:           112688 kB
1776797096.105548331 Shmem:              3460 kB
1776797096.105548331 KReclaimable:      29456 kB
1776797096.105548331 Slab:             118608 kB
1776797096.105548331 SReclaimable:      29456 kB
1776797096.105548331 SUnreclaim:        89152 kB
1776797096.105548331 KernelStack:        3024 kB
1776797096.105548331 PageTables:         3880 kB
1776797096.105548331 SecPageTables:         0 kB
1776797096.105548331 NFS_Unstable:          0 kB
1776797096.105548331 Bounce:                0 kB
1776797096.105548331 WritebackTmp:          0 kB
1776797096.105548331 CommitLimit:     3537964 kB
1776797096.105548331 Committed_AS:     560172 kB
1776797096.105548331 VmallocTotal:   135288315904 kB
1776797096.105548331 VmallocUsed:       18984 kB
1776797096.105548331 VmallocChunk:          0 kB
1776797096.105548331 Percpu:             1504 kB
1776797096.105548331 AnonHugePages:         0 kB
1776797096.105548331 ShmemHugePages:        0 kB
1776797096.105548331 ShmemPmdMapped:        0 kB
1776797096.105548331 FileHugePages:         0 kB
1776797096.105548331 FilePmdMapped:         0 kB
1776797096.105548331 CmaTotal:          65536 kB
1776797096.105548331 CmaFree:           49104 kB
1776797096.105548331 Balloon:               0 kB
1776797096.105548331 HugePages_Total:     512
1776797096.105548331 HugePages_Free:      512
1776797096.105548331 HugePages_Rsvd:        0
1776797096.105548331 HugePages_Surp:        0
1776797096.105548331 Hugepagesize:       2048 kB
1776797096.105548331 Hugetlb:         1048576 kB
1776797097.113540451 MemTotal:        8124504 kB
1776797097.113540451 MemFree:         6425268 kB
1776797097.113540451 MemAvailable:    6663324 kB
1776797097.113540451 Buffers:           29348 kB
1776797097.113540451 Cached:           337116 kB
1776797097.113540451 SwapCached:            0 kB
1776797097.113540451 Active:           358468 kB
1776797097.113540451 Inactive:         101764 kB
1776797097.113540451 Active(anon):      97144 kB
1776797097.113540451 Inactive(anon):        0 kB
1776797097.113540451 Active(file):     261324 kB
1776797097.113540451 Inactive(file):   101764 kB
1776797097.113540451 Unevictable:           0 kB
1776797097.113540451 Mlocked:               0 kB
1776797097.113540451 SwapTotal:             0 kB
1776797097.113540451 SwapFree:              0 kB
1776797097.113540451 Zswap:                 0 kB
1776797097.113540451 Zswapped:              0 kB
1776797097.113540451 Dirty:               176 kB
1776797097.113540451 Writeback:             0 kB
1776797097.113540451 AnonPages:         93932 kB
1776797097.113540451 Mapped:           112688 kB
1776797097.113540451 Shmem:              3460 kB
1776797097.113540451 KReclaimable:      29456 kB
1776797097.113540451 Slab:             118604 kB
1776797097.113540451 SReclaimable:      29456 kB
1776797097.113540451 SUnreclaim:        89148 kB
1776797097.113540451 KernelStack:        3024 kB
1776797097.113540451 PageTables:         3872 kB
1776797097.113540451 SecPageTables:         0 kB
1776797097.113540451 NFS_Unstable:          0 kB
1776797097.113540451 Bounce:                0 kB
1776797097.113540451 WritebackTmp:          0 kB
1776797097.113540451 CommitLimit:     3537964 kB
1776797097.113540451 Committed_AS:     560172 kB
1776797097.113540451 VmallocTotal:   135288315904 kB
1776797097.113540451 VmallocUsed:       18968 kB
1776797097.113540451 VmallocChunk:          0 kB
1776797097.113540451 Percpu:             1504 kB
1776797097.113540451 AnonHugePages:         0 kB
1776797097.113540451 ShmemHugePages:        0 kB
1776797097.113540451 ShmemPmdMapped:        0 kB
1776797097.113540451 FileHugePages:         0 kB
1776797097.113540451 FilePmdMapped:         0 kB
1776797097.113540451 CmaTotal:          65536 kB
1776797097.113540451 CmaFree:           49104 kB
1776797097.113540451 Balloon:               0 kB
1776797097.113540451 HugePages_Total:     512
1776797097.113540451 HugePages_Free:      512
1776797097.113540451 HugePages_Rsvd:        0
1776797097.113540451 HugePages_Surp:        0
1776797097.113540451 Hugepagesize:       2048 kB
1776797097.113540451 Hugetlb:         1048576 kB
1776797098.121427293 MemTotal:        8124504 kB
1776797098.121427293 MemFree:         6425268 kB
1776797098.121427293 MemAvailable:    6663328 kB
1776797098.121427293 Buffers:           29352 kB
1776797098.121427293 Cached:           337116 kB
1776797098.121427293 SwapCached:            0 kB
1776797098.121427293 Active:           358584 kB
1776797098.121427293 Inactive:         101764 kB
1776797098.121427293 Active(anon):      97256 kB
1776797098.121427293 Inactive(anon):        0 kB
1776797098.121427293 Active(file):     261328 kB
1776797098.121427293 Inactive(file):   101764 kB
1776797098.121427293 Unevictable:           0 kB
1776797098.121427293 Mlocked:               0 kB
1776797098.121427293 SwapTotal:             0 kB
1776797098.121427293 SwapFree:              0 kB
1776797098.121427293 Zswap:                 0 kB
1776797098.121427293 Zswapped:              0 kB
1776797098.121427293 Dirty:               180 kB
1776797098.121427293 Writeback:             0 kB
1776797098.121427293 AnonPages:         93928 kB
1776797098.121427293 Mapped:           112688 kB
1776797098.121427293 Shmem:              3460 kB
1776797098.121427293 KReclaimable:      29456 kB
1776797098.121427293 Slab:             118588 kB
1776797098.121427293 SReclaimable:      29456 kB
1776797098.121427293 SUnreclaim:        89132 kB
1776797098.121427293 KernelStack:        3024 kB
1776797098.121427293 PageTables:         3864 kB
1776797098.121427293 SecPageTables:         0 kB
1776797098.121427293 NFS_Unstable:          0 kB
1776797098.121427293 Bounce:                0 kB
1776797098.121427293 WritebackTmp:          0 kB
1776797098.121427293 CommitLimit:     3537964 kB
1776797098.121427293 Committed_AS:     560172 kB
1776797098.121427293 VmallocTotal:   135288315904 kB
1776797098.121427293 VmallocUsed:       18952 kB
1776797098.121427293 VmallocChunk:          0 kB
1776797098.121427293 Percpu:             1504 kB
1776797098.121427293 AnonHugePages:         0 kB
1776797098.121427293 ShmemHugePages:        0 kB
1776797098.121427293 ShmemPmdMapped:        0 kB
1776797098.121427293 FileHugePages:         0 kB
1776797098.121427293 FilePmdMapped:         0 kB
1776797098.121427293 CmaTotal:          65536 kB
1776797098.121427293 CmaFree:           49104 kB
1776797098.121427293 Balloon:               0 kB
1776797098.121427293 HugePages_Total:     512
1776797098.121427293 HugePages_Free:      512
1776797098.121427293 HugePages_Rsvd:        0
1776797098.121427293 HugePages_Surp:        0
1776797098.121427293 Hugepagesize:       2048 kB
1776797098.121427293 Hugetlb:         1048576 kB
1776797099.131244661 MemTotal:        8124504 kB
1776797099.131244661 MemFree:         6424512 kB
1776797099.131244661 MemAvailable:    6662592 kB
1776797099.131244661 Buffers:           29356 kB
1776797099.131244661 Cached:           337124 kB
1776797099.131244661 SwapCached:            0 kB
1776797099.131244661 Active:           358664 kB
1776797099.131244661 Inactive:         101780 kB
1776797099.131244661 Active(anon):      97336 kB
1776797099.131244661 Inactive(anon):        0 kB
1776797099.131244661 Active(file):     261328 kB
1776797099.131244661 Inactive(file):   101780 kB
1776797099.131244661 Unevictable:           0 kB
1776797099.131244661 Mlocked:               0 kB
1776797099.131244661 SwapTotal:             0 kB
1776797099.131244661 SwapFree:              0 kB
1776797099.131244661 Zswap:                 0 kB
1776797099.131244661 Zswapped:              0 kB
1776797099.131244661 Dirty:               184 kB
1776797099.131244661 Writeback:             0 kB
1776797099.131244661 AnonPages:         93968 kB
1776797099.131244661 Mapped:           112824 kB
1776797099.131244661 Shmem:              3460 kB
1776797099.131244661 KReclaimable:      29460 kB
1776797099.131244661 Slab:             118588 kB
1776797099.131244661 SReclaimable:      29460 kB
1776797099.131244661 SUnreclaim:        89128 kB
1776797099.131244661 KernelStack:        3064 kB
1776797099.131244661 PageTables:         4280 kB
1776797099.131244661 SecPageTables:         0 kB
1776797099.131244661 NFS_Unstable:          0 kB
1776797099.131244661 Bounce:                0 kB
1776797099.131244661 WritebackTmp:          0 kB
1776797099.131244661 CommitLimit:     3537964 kB
1776797099.131244661 Committed_AS:     560172 kB
1776797099.131244661 VmallocTotal:   135288315904 kB
1776797099.131244661 VmallocUsed:       18968 kB
1776797099.131244661 VmallocChunk:          0 kB
1776797099.131244661 Percpu:             1504 kB
1776797099.131244661 AnonHugePages:         0 kB
1776797099.131244661 ShmemHugePages:        0 kB
1776797099.131244661 ShmemPmdMapped:        0 kB
1776797099.131244661 FileHugePages:         0 kB
1776797099.131244661 FilePmdMapped:         0 kB
1776797099.131244661 CmaTotal:          65536 kB
1776797099.131244661 CmaFree:           49104 kB
1776797099.131244661 Balloon:               0 kB
1776797099.131244661 HugePages_Total:     512
1776797099.131244661 HugePages_Free:      512
1776797099.131244661 HugePages_Rsvd:        0
1776797099.131244661 HugePages_Surp:        0
1776797099.131244661 Hugepagesize:       2048 kB
1776797099.131244661 Hugetlb:         1048576 kB
1776797100.143489705 MemTotal:        8124504 kB
1776797100.143489705 MemFree:         6424260 kB
1776797100.143489705 MemAvailable:    6662344 kB
1776797100.143489705 Buffers:           29356 kB
1776797100.143489705 Cached:           337128 kB
1776797100.143489705 SwapCached:            0 kB
1776797100.143489705 Active:           358572 kB
1776797100.143489705 Inactive:         101784 kB
1776797100.143489705 Active(anon):      97244 kB
1776797100.143489705 Inactive(anon):        0 kB
1776797100.143489705 Active(file):     261328 kB
1776797100.143489705 Inactive(file):   101784 kB
1776797100.143489705 Unevictable:           0 kB
1776797100.143489705 Mlocked:               0 kB
1776797100.143489705 SwapTotal:             0 kB
1776797100.143489705 SwapFree:              0 kB
1776797100.143489705 Zswap:                 0 kB
1776797100.143489705 Zswapped:              0 kB
1776797100.143489705 Dirty:               188 kB
1776797100.143489705 Writeback:             0 kB
1776797100.143489705 AnonPages:         93928 kB
1776797100.143489705 Mapped:           112688 kB
1776797100.143489705 Shmem:              3460 kB
1776797100.143489705 KReclaimable:      29460 kB
1776797100.143489705 Slab:             118600 kB
1776797100.143489705 SReclaimable:      29460 kB
1776797100.143489705 SUnreclaim:        89140 kB
1776797100.143489705 KernelStack:        3024 kB
1776797100.143489705 PageTables:         3880 kB
1776797100.143489705 SecPageTables:         0 kB
1776797100.143489705 NFS_Unstable:          0 kB
1776797100.143489705 Bounce:                0 kB
1776797100.143489705 WritebackTmp:          0 kB
1776797100.143489705 CommitLimit:     3537964 kB
1776797100.143489705 Committed_AS:     560172 kB
1776797100.143489705 VmallocTotal:   135288315904 kB
1776797100.143489705 VmallocUsed:       18968 kB
1776797100.143489705 VmallocChunk:          0 kB
1776797100.143489705 Percpu:             1504 kB
1776797100.143489705 AnonHugePages:         0 kB
1776797100.143489705 ShmemHugePages:        0 kB
1776797100.143489705 ShmemPmdMapped:        0 kB
1776797100.143489705 FileHugePages:         0 kB
1776797100.143489705 FilePmdMapped:         0 kB
1776797100.143489705 CmaTotal:          65536 kB
1776797100.143489705 CmaFree:           49104 kB
1776797100.143489705 Balloon:               0 kB
1776797100.143489705 HugePages_Total:     512
1776797100.143489705 HugePages_Free:      512
1776797100.143489705 HugePages_Rsvd:        0
1776797100.143489705 HugePages_Surp:        0
1776797100.143489705 Hugepagesize:       2048 kB
1776797100.143489705 Hugetlb:         1048576 kB
1776797101.154590041 MemTotal:        8124504 kB
1776797101.154590041 MemFree:         6424112 kB
1776797101.154590041 MemAvailable:    6662200 kB
1776797101.154590041 Buffers:           29356 kB
1776797101.154590041 Cached:           337136 kB
1776797101.154590041 SwapCached:            0 kB
1776797101.154590041 Active:           358384 kB
1776797101.154590041 Inactive:         101792 kB
1776797101.154590041 Active(anon):      97060 kB
1776797101.154590041 Inactive(anon):        0 kB
1776797101.154590041 Active(file):     261324 kB
1776797101.154590041 Inactive(file):   101792 kB
1776797101.154590041 Unevictable:           0 kB
1776797101.154590041 Mlocked:               0 kB
1776797101.154590041 SwapTotal:             0 kB
1776797101.154590041 SwapFree:              0 kB
1776797101.154590041 Zswap:                 0 kB
1776797101.154590041 Zswapped:              0 kB
1776797101.154590041 Dirty:               196 kB
1776797101.154590041 Writeback:             0 kB
1776797101.154590041 AnonPages:         93924 kB
1776797101.154590041 Mapped:           112756 kB
1776797101.154590041 Shmem:              3460 kB
1776797101.154590041 KReclaimable:      29460 kB
1776797101.154590041 Slab:             118596 kB
1776797101.154590041 SReclaimable:      29460 kB
1776797101.154590041 SUnreclaim:        89136 kB
1776797101.154590041 KernelStack:        3024 kB
1776797101.154590041 PageTables:         4144 kB
1776797101.154590041 SecPageTables:         0 kB
1776797101.154590041 NFS_Unstable:          0 kB
1776797101.154590041 Bounce:                0 kB
1776797101.154590041 WritebackTmp:          0 kB
1776797101.154590041 CommitLimit:     3537964 kB
1776797101.154590041 Committed_AS:     560172 kB
1776797101.154590041 VmallocTotal:   135288315904 kB
1776797101.154590041 VmallocUsed:       18984 kB
1776797101.154590041 VmallocChunk:          0 kB
1776797101.154590041 Percpu:             1504 kB
1776797101.154590041 AnonHugePages:         0 kB
1776797101.154590041 ShmemHugePages:        0 kB
1776797101.154590041 ShmemPmdMapped:        0 kB
1776797101.154590041 FileHugePages:         0 kB
1776797101.154590041 FilePmdMapped:         0 kB
1776797101.154590041 CmaTotal:          65536 kB
1776797101.154590041 CmaFree:           49104 kB
1776797101.154590041 Balloon:               0 kB
1776797101.154590041 HugePages_Total:     512
1776797101.154590041 HugePages_Free:      512
1776797101.154590041 HugePages_Rsvd:        0
1776797101.154590041 HugePages_Surp:        0
1776797101.154590041 Hugepagesize:       2048 kB
1776797101.154590041 Hugetlb:         1048576 kB
1776797102.166766845 MemTotal:        8124504 kB
1776797102.166766845 MemFree:         6423756 kB
1776797102.166766845 MemAvailable:    6661868 kB
1776797102.166766845 Buffers:           29364 kB
1776797102.166766845 Cached:           337144 kB
1776797102.166766845 SwapCached:            0 kB
1776797102.166766845 Active:           358612 kB
1776797102.166766845 Inactive:         101808 kB
1776797102.166766845 Active(anon):      97280 kB
1776797102.166766845 Inactive(anon):        0 kB
1776797102.166766845 Active(file):     261332 kB
1776797102.166766845 Inactive(file):   101808 kB
1776797102.166766845 Unevictable:           0 kB
1776797102.166766845 Mlocked:               0 kB
1776797102.166766845 SwapTotal:             0 kB
1776797102.166766845 SwapFree:              0 kB
1776797102.166766845 Zswap:                 0 kB
1776797102.166766845 Zswapped:              0 kB
1776797102.166766845 Dirty:              1660 kB
1776797102.166766845 Writeback:             0 kB
1776797102.166766845 AnonPages:         93940 kB
1776797102.166766845 Mapped:           112740 kB
1776797102.166766845 Shmem:              3460 kB
1776797102.166766845 KReclaimable:      29460 kB
1776797102.166766845 Slab:             118612 kB
1776797102.166766845 SReclaimable:      29460 kB
1776797102.166766845 SUnreclaim:        89152 kB
1776797102.166766845 KernelStack:        3032 kB
1776797102.166766845 PageTables:         3888 kB
1776797102.166766845 SecPageTables:         0 kB
1776797102.166766845 NFS_Unstable:          0 kB
1776797102.166766845 Bounce:                0 kB
1776797102.166766845 WritebackTmp:          0 kB
1776797102.166766845 CommitLimit:     3537964 kB
1776797102.166766845 Committed_AS:     560172 kB
1776797102.166766845 VmallocTotal:   135288315904 kB
1776797102.166766845 VmallocUsed:       19000 kB
1776797102.166766845 VmallocChunk:          0 kB
1776797102.166766845 Percpu:             1504 kB
1776797102.166766845 AnonHugePages:         0 kB
1776797102.166766845 ShmemHugePages:        0 kB
1776797102.166766845 ShmemPmdMapped:        0 kB
1776797102.166766845 FileHugePages:         0 kB
1776797102.166766845 FilePmdMapped:         0 kB
1776797102.166766845 CmaTotal:          65536 kB
1776797102.166766845 CmaFree:           49104 kB
1776797102.166766845 Balloon:               0 kB
1776797102.166766845 HugePages_Total:     512
1776797102.166766845 HugePages_Free:      512
1776797102.166766845 HugePages_Rsvd:        0
1776797102.166766845 HugePages_Surp:        0
1776797102.166766845 Hugepagesize:       2048 kB
1776797102.166766845 Hugetlb:         1048576 kB
1776797103.174659335 MemTotal:        8124504 kB
1776797103.174659335 MemFree:         6422748 kB
1776797103.174659335 MemAvailable:    6660852 kB
1776797103.174659335 Buffers:           29364 kB
1776797103.174659335 Cached:           337144 kB
1776797103.174659335 SwapCached:            0 kB
1776797103.174659335 Active:           358768 kB
1776797103.174659335 Inactive:         101808 kB
1776797103.174659335 Active(anon):      97444 kB
1776797103.174659335 Inactive(anon):        0 kB
1776797103.174659335 Active(file):     261324 kB
1776797103.174659335 Inactive(file):   101808 kB
1776797103.174659335 Unevictable:           0 kB
1776797103.174659335 Mlocked:               0 kB
1776797103.174659335 SwapTotal:             0 kB
1776797103.174659335 SwapFree:              0 kB
1776797103.174659335 Zswap:                 0 kB
1776797103.174659335 Zswapped:              0 kB
1776797103.174659335 Dirty:              1660 kB
1776797103.174659335 Writeback:             0 kB
1776797103.174659335 AnonPages:         94020 kB
1776797103.174659335 Mapped:           112800 kB
1776797103.174659335 Shmem:              3460 kB
1776797103.174659335 KReclaimable:      29460 kB
1776797103.174659335 Slab:             118616 kB
1776797103.174659335 SReclaimable:      29460 kB
1776797103.174659335 SUnreclaim:        89156 kB
1776797103.174659335 KernelStack:        3032 kB
1776797103.174659335 PageTables:         3984 kB
1776797103.174659335 SecPageTables:         0 kB
1776797103.174659335 NFS_Unstable:          0 kB
1776797103.174659335 Bounce:                0 kB
1776797103.174659335 WritebackTmp:          0 kB
1776797103.174659335 CommitLimit:     3537964 kB
1776797103.174659335 Committed_AS:     560172 kB
1776797103.174659335 VmallocTotal:   135288315904 kB
1776797103.174659335 VmallocUsed:       18968 kB
1776797103.174659335 VmallocChunk:          0 kB
1776797103.174659335 Percpu:             1504 kB
1776797103.174659335 AnonHugePages:         0 kB
1776797103.174659335 ShmemHugePages:        0 kB
1776797103.174659335 ShmemPmdMapped:        0 kB
1776797103.174659335 FileHugePages:         0 kB
1776797103.174659335 FilePmdMapped:         0 kB
1776797103.174659335 CmaTotal:          65536 kB
1776797103.174659335 CmaFree:           49104 kB
1776797103.174659335 Balloon:               0 kB
1776797103.174659335 HugePages_Total:     512
1776797103.174659335 HugePages_Free:      512
1776797103.174659335 HugePages_Rsvd:        0
1776797103.174659335 HugePages_Surp:        0
1776797103.174659335 Hugepagesize:       2048 kB
1776797103.174659335 Hugetlb:         1048576 kB
1776797104.187241529 MemTotal:        8124504 kB
1776797104.187241529 MemFree:         6422496 kB
1776797104.187241529 MemAvailable:    6660604 kB
1776797104.187241529 Buffers:           29364 kB
1776797104.187241529 Cached:           337148 kB
1776797104.187241529 SwapCached:            0 kB
1776797104.187241529 Active:           358532 kB
1776797104.187241529 Inactive:         101812 kB
1776797104.187241529 Active(anon):      97208 kB
1776797104.187241529 Inactive(anon):        0 kB
1776797104.187241529 Active(file):     261324 kB
1776797104.187241529 Inactive(file):   101812 kB
1776797104.187241529 Unevictable:           0 kB
1776797104.187241529 Mlocked:               0 kB
1776797104.187241529 SwapTotal:             0 kB
1776797104.187241529 SwapFree:              0 kB
1776797104.187241529 Zswap:                 0 kB
1776797104.187241529 Zswapped:              0 kB
1776797104.187241529 Dirty:              1512 kB
1776797104.187241529 Writeback:             0 kB
1776797104.187241529 AnonPages:         93892 kB
1776797104.187241529 Mapped:           112748 kB
1776797104.187241529 Shmem:              3460 kB
1776797104.187241529 KReclaimable:      29460 kB
1776797104.187241529 Slab:             118604 kB
1776797104.187241529 SReclaimable:      29460 kB
1776797104.187241529 SUnreclaim:        89144 kB
1776797104.187241529 KernelStack:        3040 kB
1776797104.187241529 PageTables:         3892 kB
1776797104.187241529 SecPageTables:         0 kB
1776797104.187241529 NFS_Unstable:          0 kB
1776797104.187241529 Bounce:                0 kB
1776797104.187241529 WritebackTmp:          0 kB
1776797104.187241529 CommitLimit:     3537964 kB
1776797104.187241529 Committed_AS:     560172 kB
1776797104.187241529 VmallocTotal:   135288315904 kB
1776797104.187241529 VmallocUsed:       18984 kB
1776797104.187241529 VmallocChunk:          0 kB
1776797104.187241529 Percpu:             1504 kB
1776797104.187241529 AnonHugePages:         0 kB
1776797104.187241529 ShmemHugePages:        0 kB
1776797104.187241529 ShmemPmdMapped:        0 kB
1776797104.187241529 FileHugePages:         0 kB
1776797104.187241529 FilePmdMapped:         0 kB
1776797104.187241529 CmaTotal:          65536 kB
1776797104.187241529 CmaFree:           49104 kB
1776797104.187241529 Balloon:               0 kB
1776797104.187241529 HugePages_Total:     512
1776797104.187241529 HugePages_Free:      512
1776797104.187241529 HugePages_Rsvd:        0
1776797104.187241529 HugePages_Surp:        0
1776797104.187241529 Hugepagesize:       2048 kB
1776797104.187241529 Hugetlb:         1048576 kB
1776797105.201271525 MemTotal:        8124504 kB
1776797105.201271525 MemFree:         6422496 kB
1776797105.201271525 MemAvailable:    6660612 kB
1776797105.201271525 Buffers:           29364 kB
1776797105.201271525 Cached:           337152 kB
1776797105.201271525 SwapCached:            0 kB
1776797105.201271525 Active:           358504 kB
1776797105.201271525 Inactive:         101816 kB
1776797105.201271525 Active(anon):      97176 kB
1776797105.201271525 Inactive(anon):        0 kB
1776797105.201271525 Active(file):     261328 kB
1776797105.201271525 Inactive(file):   101816 kB
1776797105.201271525 Unevictable:           0 kB
1776797105.201271525 Mlocked:               0 kB
1776797105.201271525 SwapTotal:             0 kB
1776797105.201271525 SwapFree:              0 kB
1776797105.201271525 Zswap:                 0 kB
1776797105.201271525 Zswapped:              0 kB
1776797105.201271525 Dirty:              1524 kB
1776797105.201271525 Writeback:             0 kB
1776797105.201271525 AnonPages:         93936 kB
1776797105.201271525 Mapped:           112816 kB
1776797105.201271525 Shmem:              3460 kB
1776797105.201271525 KReclaimable:      29460 kB
1776797105.201271525 Slab:             118600 kB
1776797105.201271525 SReclaimable:      29460 kB
1776797105.201271525 SUnreclaim:        89140 kB
1776797105.201271525 KernelStack:        3000 kB
1776797105.201271525 PageTables:         4064 kB
1776797105.201271525 SecPageTables:         0 kB
1776797105.201271525 NFS_Unstable:          0 kB
1776797105.201271525 Bounce:                0 kB
1776797105.201271525 WritebackTmp:          0 kB
1776797105.201271525 CommitLimit:     3537964 kB
1776797105.201271525 Committed_AS:     560172 kB
1776797105.201271525 VmallocTotal:   135288315904 kB
1776797105.201271525 VmallocUsed:       18968 kB
1776797105.201271525 VmallocChunk:          0 kB
1776797105.201271525 Percpu:             1504 kB
1776797105.201271525 AnonHugePages:         0 kB
1776797105.201271525 ShmemHugePages:        0 kB
1776797105.201271525 ShmemPmdMapped:        0 kB
1776797105.201271525 FileHugePages:         0 kB
1776797105.201271525 FilePmdMapped:         0 kB
1776797105.201271525 CmaTotal:          65536 kB
1776797105.201271525 CmaFree:           49104 kB
1776797105.201271525 Balloon:               0 kB
1776797105.201271525 HugePages_Total:     512
1776797105.201271525 HugePages_Free:      512
1776797105.201271525 HugePages_Rsvd:        0
1776797105.201271525 HugePages_Surp:        0
1776797105.201271525 Hugepagesize:       2048 kB
1776797105.201271525 Hugetlb:         1048576 kB
1776797106.210214871 MemTotal:        8124504 kB
1776797106.210214871 MemFree:         6422496 kB
1776797106.210214871 MemAvailable:    6660612 kB
1776797106.210214871 Buffers:           29364 kB
1776797106.210214871 Cached:           337152 kB
1776797106.210214871 SwapCached:            0 kB
1776797106.210214871 Active:           357796 kB
1776797106.210214871 Inactive:         101816 kB
1776797106.210214871 Active(anon):      96468 kB
1776797106.210214871 Inactive(anon):        0 kB
1776797106.210214871 Active(file):     261328 kB
1776797106.210214871 Inactive(file):   101816 kB
1776797106.210214871 Unevictable:           0 kB
1776797106.210214871 Mlocked:               0 kB
1776797106.210214871 SwapTotal:             0 kB
1776797106.210214871 SwapFree:              0 kB
1776797106.210214871 Zswap:                 0 kB
1776797106.210214871 Zswapped:              0 kB
1776797106.210214871 Dirty:              1524 kB
1776797106.210214871 Writeback:             0 kB
1776797106.210214871 AnonPages:         93192 kB
1776797106.210214871 Mapped:           113084 kB
1776797106.210214871 Shmem:              3460 kB
1776797106.210214871 KReclaimable:      29460 kB
1776797106.210214871 Slab:             118612 kB
1776797106.210214871 SReclaimable:      29460 kB
1776797106.210214871 SUnreclaim:        89152 kB
1776797106.210214871 KernelStack:        3064 kB
1776797106.210214871 PageTables:         4312 kB
1776797106.210214871 SecPageTables:         0 kB
1776797106.210214871 NFS_Unstable:          0 kB
1776797106.210214871 Bounce:                0 kB
1776797106.210214871 WritebackTmp:          0 kB
1776797106.210214871 CommitLimit:     3537964 kB
1776797106.210214871 Committed_AS:     559576 kB
1776797106.210214871 VmallocTotal:   135288315904 kB
1776797106.210214871 VmallocUsed:       19016 kB
1776797106.210214871 VmallocChunk:          0 kB
1776797106.210214871 Percpu:             1504 kB
1776797106.210214871 AnonHugePages:         0 kB
1776797106.210214871 ShmemHugePages:        0 kB
1776797106.210214871 ShmemPmdMapped:        0 kB
1776797106.210214871 FileHugePages:         0 kB
1776797106.210214871 FilePmdMapped:         0 kB
1776797106.210214871 CmaTotal:          65536 kB
1776797106.210214871 CmaFree:           49104 kB
1776797106.210214871 Balloon:               0 kB
1776797106.210214871 HugePages_Total:     512
1776797106.210214871 HugePages_Free:      512
1776797106.210214871 HugePages_Rsvd:        0
1776797106.210214871 HugePages_Surp:        0
1776797106.210214871 Hugepagesize:       2048 kB
1776797106.210214871 Hugetlb:         1048576 kB
1776797107.218449103 MemTotal:        8124504 kB
1776797107.218449103 MemFree:         6422356 kB
1776797107.218449103 MemAvailable:    6660476 kB
1776797107.218449103 Buffers:           29372 kB
1776797107.218449103 Cached:           337164 kB
1776797107.218449103 SwapCached:            0 kB
1776797107.218449103 Active:           358476 kB
1776797107.218449103 Inactive:         101824 kB
1776797107.218449103 Active(anon):      97152 kB
1776797107.218449103 Inactive(anon):        0 kB
1776797107.218449103 Active(file):     261324 kB
1776797107.218449103 Inactive(file):   101824 kB
1776797107.218449103 Unevictable:           0 kB
1776797107.218449103 Mlocked:               0 kB
1776797107.218449103 SwapTotal:             0 kB
1776797107.218449103 SwapFree:              0 kB
1776797107.218449103 Zswap:                 0 kB
1776797107.218449103 Zswapped:              0 kB
1776797107.218449103 Dirty:              1548 kB
1776797107.218449103 Writeback:             0 kB
1776797107.218449103 AnonPages:         93932 kB
1776797107.218449103 Mapped:           112692 kB
1776797107.218449103 Shmem:              3460 kB
1776797107.218449103 KReclaimable:      29464 kB
1776797107.218449103 Slab:             118608 kB
1776797107.218449103 SReclaimable:      29464 kB
1776797107.218449103 SUnreclaim:        89144 kB
1776797107.218449103 KernelStack:        3024 kB
1776797107.218449103 PageTables:         3880 kB
1776797107.218449103 SecPageTables:         0 kB
1776797107.218449103 NFS_Unstable:          0 kB
1776797107.218449103 Bounce:                0 kB
1776797107.218449103 WritebackTmp:          0 kB
1776797107.218449103 CommitLimit:     3537964 kB
1776797107.218449103 Committed_AS:     560172 kB
1776797107.218449103 VmallocTotal:   135288315904 kB
1776797107.218449103 VmallocUsed:       18952 kB
1776797107.218449103 VmallocChunk:          0 kB
1776797107.218449103 Percpu:             1504 kB
1776797107.218449103 AnonHugePages:         0 kB
1776797107.218449103 ShmemHugePages:        0 kB
1776797107.218449103 ShmemPmdMapped:        0 kB
1776797107.218449103 FileHugePages:         0 kB
1776797107.218449103 FilePmdMapped:         0 kB
1776797107.218449103 CmaTotal:          65536 kB
1776797107.218449103 CmaFree:           49104 kB
1776797107.218449103 Balloon:               0 kB
1776797107.218449103 HugePages_Total:     512
1776797107.218449103 HugePages_Free:      512
1776797107.218449103 HugePages_Rsvd:        0
1776797107.218449103 HugePages_Surp:        0
1776797107.218449103 Hugepagesize:       2048 kB
1776797107.218449103 Hugetlb:         1048576 kB
1776797108.226347815 MemTotal:        8124504 kB
1776797108.226347815 MemFree:         6422868 kB
1776797108.226347815 MemAvailable:    6661004 kB
1776797108.226347815 Buffers:           29372 kB
1776797108.226347815 Cached:           337168 kB
1776797108.226347815 SwapCached:            0 kB
1776797108.226347815 Active:           358540 kB
1776797108.226347815 Inactive:         101840 kB
1776797108.226347815 Active(anon):      97216 kB
1776797108.226347815 Inactive(anon):        0 kB
1776797108.226347815 Active(file):     261324 kB
1776797108.226347815 Inactive(file):   101840 kB
1776797108.226347815 Unevictable:           0 kB
1776797108.226347815 Mlocked:               0 kB
1776797108.226347815 SwapTotal:             0 kB
1776797108.226347815 SwapFree:              0 kB
1776797108.226347815 Zswap:                 0 kB
1776797108.226347815 Zswapped:              0 kB
1776797108.226347815 Dirty:              1552 kB
1776797108.226347815 Writeback:             0 kB
1776797108.226347815 AnonPages:         93848 kB
1776797108.226347815 Mapped:           112692 kB
1776797108.226347815 Shmem:              3460 kB
1776797108.226347815 KReclaimable:      29464 kB
1776797108.226347815 Slab:             118612 kB
1776797108.226347815 SReclaimable:      29464 kB
1776797108.226347815 SUnreclaim:        89148 kB
1776797108.226347815 KernelStack:        3024 kB
1776797108.226347815 PageTables:         3880 kB
1776797108.226347815 SecPageTables:         0 kB
1776797108.226347815 NFS_Unstable:          0 kB
1776797108.226347815 Bounce:                0 kB
1776797108.226347815 WritebackTmp:          0 kB
1776797108.226347815 CommitLimit:     3537964 kB
1776797108.226347815 Committed_AS:     560172 kB
1776797108.226347815 VmallocTotal:   135288315904 kB
1776797108.226347815 VmallocUsed:       18952 kB
1776797108.226347815 VmallocChunk:          0 kB
1776797108.226347815 Percpu:             1504 kB
1776797108.226347815 AnonHugePages:         0 kB
1776797108.226347815 ShmemHugePages:        0 kB
1776797108.226347815 ShmemPmdMapped:        0 kB
1776797108.226347815 FileHugePages:         0 kB
1776797108.226347815 FilePmdMapped:         0 kB
1776797108.226347815 CmaTotal:          65536 kB
1776797108.226347815 CmaFree:           49104 kB
1776797108.226347815 Balloon:               0 kB
1776797108.226347815 HugePages_Total:     512
1776797108.226347815 HugePages_Free:      512
1776797108.226347815 HugePages_Rsvd:        0
1776797108.226347815 HugePages_Surp:        0
1776797108.226347815 Hugepagesize:       2048 kB
1776797108.226347815 Hugetlb:         1048576 kB
1776797109.238591878 MemTotal:        8124504 kB
1776797109.238591878 MemFree:         6422112 kB
1776797109.238591878 MemAvailable:    6660248 kB
1776797109.238591878 Buffers:           29372 kB
1776797109.238591878 Cached:           337168 kB
1776797109.238591878 SwapCached:            0 kB
1776797109.238591878 Active:           358696 kB
1776797109.238591878 Inactive:         101840 kB
1776797109.238591878 Active(anon):      97372 kB
1776797109.238591878 Inactive(anon):        0 kB
1776797109.238591878 Active(file):     261324 kB
1776797109.238591878 Inactive(file):   101840 kB
1776797109.238591878 Unevictable:           0 kB
1776797109.238591878 Mlocked:               0 kB
1776797109.238591878 SwapTotal:             0 kB
1776797109.238591878 SwapFree:              0 kB
1776797109.238591878 Zswap:                 0 kB
1776797109.238591878 Zswapped:              0 kB
1776797109.238591878 Dirty:              1488 kB
1776797109.238591878 Writeback:            36 kB
1776797109.238591878 AnonPages:         93928 kB
1776797109.238591878 Mapped:           112692 kB
1776797109.238591878 Shmem:              3460 kB
1776797109.238591878 KReclaimable:      29464 kB
1776797109.238591878 Slab:             118612 kB
1776797109.238591878 SReclaimable:      29464 kB
1776797109.238591878 SUnreclaim:        89148 kB
1776797109.238591878 KernelStack:        3024 kB
1776797109.238591878 PageTables:         3892 kB
1776797109.238591878 SecPageTables:         0 kB
1776797109.238591878 NFS_Unstable:          0 kB
1776797109.238591878 Bounce:                0 kB
1776797109.238591878 WritebackTmp:          0 kB
1776797109.238591878 CommitLimit:     3537964 kB
1776797109.238591878 Committed_AS:     560172 kB
1776797109.238591878 VmallocTotal:   135288315904 kB
1776797109.238591878 VmallocUsed:       18968 kB
1776797109.238591878 VmallocChunk:          0 kB
1776797109.238591878 Percpu:             1504 kB
1776797109.238591878 AnonHugePages:         0 kB
1776797109.238591878 ShmemHugePages:        0 kB
1776797109.238591878 ShmemPmdMapped:        0 kB
1776797109.238591878 FileHugePages:         0 kB
1776797109.238591878 FilePmdMapped:         0 kB
1776797109.238591878 CmaTotal:          65536 kB
1776797109.238591878 CmaFree:           49104 kB
1776797109.238591878 Balloon:               0 kB
1776797109.238591878 HugePages_Total:     512
1776797109.238591878 HugePages_Free:      512
1776797109.238591878 HugePages_Rsvd:        0
1776797109.238591878 HugePages_Surp:        0
1776797109.238591878 Hugepagesize:       2048 kB
1776797109.238591878 Hugetlb:         1048576 kB
1776797110.246325793 MemTotal:        8124504 kB
1776797110.246325793 MemFree:         6423540 kB
1776797110.246325793 MemAvailable:    6661684 kB
1776797110.246325793 Buffers:           29372 kB
1776797110.246325793 Cached:           337176 kB
1776797110.246325793 SwapCached:            0 kB
1776797110.246325793 Active:           358540 kB
1776797110.246325793 Inactive:         101848 kB
1776797110.246325793 Active(anon):      97216 kB
1776797110.246325793 Inactive(anon):        0 kB
1776797110.246325793 Active(file):     261324 kB
1776797110.246325793 Inactive(file):   101848 kB
1776797110.246325793 Unevictable:           0 kB
1776797110.246325793 Mlocked:               0 kB
1776797110.246325793 SwapTotal:             0 kB
1776797110.246325793 SwapFree:              0 kB
1776797110.246325793 Zswap:                 0 kB
1776797110.246325793 Zswapped:              0 kB
1776797110.246325793 Dirty:              1496 kB
1776797110.246325793 Writeback:             0 kB
1776797110.246325793 AnonPages:         93928 kB
1776797110.246325793 Mapped:           112692 kB
1776797110.246325793 Shmem:              3460 kB
1776797110.246325793 KReclaimable:      29464 kB
1776797110.246325793 Slab:             118628 kB
1776797110.246325793 SReclaimable:      29464 kB
1776797110.246325793 SUnreclaim:        89164 kB
1776797110.246325793 KernelStack:        3024 kB
1776797110.246325793 PageTables:         3880 kB
1776797110.246325793 SecPageTables:         0 kB
1776797110.246325793 NFS_Unstable:          0 kB
1776797110.246325793 Bounce:                0 kB
1776797110.246325793 WritebackTmp:          0 kB
1776797110.246325793 CommitLimit:     3537964 kB
1776797110.246325793 Committed_AS:     560172 kB
1776797110.246325793 VmallocTotal:   135288315904 kB
1776797110.246325793 VmallocUsed:       18968 kB
1776797110.246325793 VmallocChunk:          0 kB
1776797110.246325793 Percpu:             1504 kB
1776797110.246325793 AnonHugePages:         0 kB
1776797110.246325793 ShmemHugePages:        0 kB
1776797110.246325793 ShmemPmdMapped:        0 kB
1776797110.246325793 FileHugePages:         0 kB
1776797110.246325793 FilePmdMapped:         0 kB
1776797110.246325793 CmaTotal:          65536 kB
1776797110.246325793 CmaFree:           49104 kB
1776797110.246325793 Balloon:               0 kB
1776797110.246325793 HugePages_Total:     512
1776797110.246325793 HugePages_Free:      512
1776797110.246325793 HugePages_Rsvd:        0
1776797110.246325793 HugePages_Surp:        0
1776797110.246325793 Hugepagesize:       2048 kB
1776797110.246325793 Hugetlb:         1048576 kB
1776797111.254210802 MemTotal:        8124504 kB
1776797111.254210802 MemFree:         6423744 kB
1776797111.254210802 MemAvailable:    6661896 kB
1776797111.254210802 Buffers:           29372 kB
1776797111.254210802 Cached:           337184 kB
1776797111.254210802 SwapCached:            0 kB
1776797111.254210802 Active:           358524 kB
1776797111.254210802 Inactive:         101856 kB
1776797111.254210802 Active(anon):      97200 kB
1776797111.254210802 Inactive(anon):        0 kB
1776797111.254210802 Active(file):     261324 kB
1776797111.254210802 Inactive(file):   101856 kB
1776797111.254210802 Unevictable:           0 kB
1776797111.254210802 Mlocked:               0 kB
1776797111.254210802 SwapTotal:             0 kB
1776797111.254210802 SwapFree:              0 kB
1776797111.254210802 Zswap:                 0 kB
1776797111.254210802 Zswapped:              0 kB
1776797111.254210802 Dirty:              1504 kB
1776797111.254210802 Writeback:             0 kB
1776797111.254210802 AnonPages:         93932 kB
1776797111.254210802 Mapped:           112692 kB
1776797111.254210802 Shmem:              3460 kB
1776797111.254210802 KReclaimable:      29464 kB
1776797111.254210802 Slab:             118644 kB
1776797111.254210802 SReclaimable:      29464 kB
1776797111.254210802 SUnreclaim:        89180 kB
1776797111.254210802 KernelStack:        3024 kB
1776797111.254210802 PageTables:         3876 kB
1776797111.254210802 SecPageTables:         0 kB
1776797111.254210802 NFS_Unstable:          0 kB
1776797111.254210802 Bounce:                0 kB
1776797111.254210802 WritebackTmp:          0 kB
1776797111.254210802 CommitLimit:     3537964 kB
1776797111.254210802 Committed_AS:     560172 kB
1776797111.254210802 VmallocTotal:   135288315904 kB
1776797111.254210802 VmallocUsed:       18968 kB
1776797111.254210802 VmallocChunk:          0 kB
1776797111.254210802 Percpu:             1504 kB
1776797111.254210802 AnonHugePages:         0 kB
1776797111.254210802 ShmemHugePages:        0 kB
1776797111.254210802 ShmemPmdMapped:        0 kB
1776797111.254210802 FileHugePages:         0 kB
1776797111.254210802 FilePmdMapped:         0 kB
1776797111.254210802 CmaTotal:          65536 kB
1776797111.254210802 CmaFree:           49104 kB
1776797111.254210802 Balloon:               0 kB
1776797111.254210802 HugePages_Total:     512
1776797111.254210802 HugePages_Free:      512
1776797111.254210802 HugePages_Rsvd:        0
1776797111.254210802 HugePages_Surp:        0
1776797111.254210802 Hugepagesize:       2048 kB
1776797111.254210802 Hugetlb:         1048576 kB
1776797112.266281716 MemTotal:        8124504 kB
1776797112.266281716 MemFree:         6423492 kB
1776797112.266281716 MemAvailable:    6661644 kB
1776797112.266281716 Buffers:           29380 kB
1776797112.266281716 Cached:           337180 kB
1776797112.266281716 SwapCached:            0 kB
1776797112.266281716 Active:           358516 kB
1776797112.266281716 Inactive:         101856 kB
1776797112.266281716 Active(anon):      97192 kB
1776797112.266281716 Inactive(anon):        0 kB
1776797112.266281716 Active(file):     261324 kB
1776797112.266281716 Inactive(file):   101856 kB
1776797112.266281716 Unevictable:           0 kB
1776797112.266281716 Mlocked:               0 kB
1776797112.266281716 SwapTotal:             0 kB
1776797112.266281716 SwapFree:              0 kB
1776797112.266281716 Zswap:                 0 kB
1776797112.266281716 Zswapped:              0 kB
1776797112.266281716 Dirty:              1504 kB
1776797112.266281716 Writeback:             0 kB
1776797112.266281716 AnonPages:         93924 kB
1776797112.266281716 Mapped:           112692 kB
1776797112.266281716 Shmem:              3460 kB
1776797112.266281716 KReclaimable:      29464 kB
1776797112.266281716 Slab:             118620 kB
1776797112.266281716 SReclaimable:      29464 kB
1776797112.266281716 SUnreclaim:        89156 kB
1776797112.266281716 KernelStack:        3024 kB
1776797112.266281716 PageTables:         3864 kB
1776797112.266281716 SecPageTables:         0 kB
1776797112.266281716 NFS_Unstable:          0 kB
1776797112.266281716 Bounce:                0 kB
1776797112.266281716 WritebackTmp:          0 kB
1776797112.266281716 CommitLimit:     3537964 kB
1776797112.266281716 Committed_AS:     560172 kB
1776797112.266281716 VmallocTotal:   135288315904 kB
1776797112.266281716 VmallocUsed:       18968 kB
1776797112.266281716 VmallocChunk:          0 kB
1776797112.266281716 Percpu:             1504 kB
1776797112.266281716 AnonHugePages:         0 kB
1776797112.266281716 ShmemHugePages:        0 kB
1776797112.266281716 ShmemPmdMapped:        0 kB
1776797112.266281716 FileHugePages:         0 kB
1776797112.266281716 FilePmdMapped:         0 kB
1776797112.266281716 CmaTotal:          65536 kB
1776797112.266281716 CmaFree:           49104 kB
1776797112.266281716 Balloon:               0 kB
1776797112.266281716 HugePages_Total:     512
1776797112.266281716 HugePages_Free:      512
1776797112.266281716 HugePages_Rsvd:        0
1776797112.266281716 HugePages_Surp:        0
1776797112.266281716 Hugepagesize:       2048 kB
1776797112.266281716 Hugetlb:         1048576 kB
1776797113.274191150 MemTotal:        8124504 kB
1776797113.274191150 MemFree:         6422988 kB
1776797113.274191150 MemAvailable:    6661160 kB
1776797113.274191150 Buffers:           29380 kB
1776797113.274191150 Cached:           337196 kB
1776797113.274191150 SwapCached:            0 kB
1776797113.274191150 Active:           358604 kB
1776797113.274191150 Inactive:         101872 kB
1776797113.274191150 Active(anon):      97276 kB
1776797113.274191150 Inactive(anon):        0 kB
1776797113.274191150 Active(file):     261328 kB
1776797113.274191150 Inactive(file):   101872 kB
1776797113.274191150 Unevictable:           0 kB
1776797113.274191150 Mlocked:               0 kB
1776797113.274191150 SwapTotal:             0 kB
1776797113.274191150 SwapFree:              0 kB
1776797113.274191150 Zswap:                 0 kB
1776797113.274191150 Zswapped:              0 kB
1776797113.274191150 Dirty:              1520 kB
1776797113.274191150 Writeback:             0 kB
1776797113.274191150 AnonPages:         93928 kB
1776797113.274191150 Mapped:           112692 kB
1776797113.274191150 Shmem:              3460 kB
1776797113.274191150 KReclaimable:      29464 kB
1776797113.274191150 Slab:             118616 kB
1776797113.274191150 SReclaimable:      29464 kB
1776797113.274191150 SUnreclaim:        89152 kB
1776797113.274191150 KernelStack:        3024 kB
1776797113.274191150 PageTables:         3884 kB
1776797113.274191150 SecPageTables:         0 kB
1776797113.274191150 NFS_Unstable:          0 kB
1776797113.274191150 Bounce:                0 kB
1776797113.274191150 WritebackTmp:          0 kB
1776797113.274191150 CommitLimit:     3537964 kB
1776797113.274191150 Committed_AS:     560172 kB
1776797113.274191150 VmallocTotal:   135288315904 kB
1776797113.274191150 VmallocUsed:       18968 kB
1776797113.274191150 VmallocChunk:          0 kB
1776797113.274191150 Percpu:             1504 kB
1776797113.274191150 AnonHugePages:         0 kB
1776797113.274191150 ShmemHugePages:        0 kB
1776797113.274191150 ShmemPmdMapped:        0 kB
1776797113.274191150 FileHugePages:         0 kB
1776797113.274191150 FilePmdMapped:         0 kB
1776797113.274191150 CmaTotal:          65536 kB
1776797113.274191150 CmaFree:           49104 kB
1776797113.274191150 Balloon:               0 kB
1776797113.274191150 HugePages_Total:     512
1776797113.274191150 HugePages_Free:      512
1776797113.274191150 HugePages_Rsvd:        0
1776797113.274191150 HugePages_Surp:        0
1776797113.274191150 Hugepagesize:       2048 kB
1776797113.274191150 Hugetlb:         1048576 kB
1776797114.282061418 MemTotal:        8124504 kB
1776797114.282061418 MemFree:         6420972 kB
1776797114.282061418 MemAvailable:    6659144 kB
1776797114.282061418 Buffers:           29380 kB
1776797114.282061418 Cached:           337196 kB
1776797114.282061418 SwapCached:            0 kB
1776797114.282061418 Active:           358616 kB
1776797114.282061418 Inactive:         101876 kB
1776797114.282061418 Active(anon):      97292 kB
1776797114.282061418 Inactive(anon):        0 kB
1776797114.282061418 Active(file):     261324 kB
1776797114.282061418 Inactive(file):   101876 kB
1776797114.282061418 Unevictable:           0 kB
1776797114.282061418 Mlocked:               0 kB
1776797114.282061418 SwapTotal:             0 kB
1776797114.282061418 SwapFree:              0 kB
1776797114.282061418 Zswap:                 0 kB
1776797114.282061418 Zswapped:              0 kB
1776797114.282061418 Dirty:              1520 kB
1776797114.282061418 Writeback:             0 kB
1776797114.282061418 AnonPages:         93936 kB
1776797114.282061418 Mapped:           112692 kB
1776797114.282061418 Shmem:              3460 kB
1776797114.282061418 KReclaimable:      29464 kB
1776797114.282061418 Slab:             118640 kB
1776797114.282061418 SReclaimable:      29464 kB
1776797114.282061418 SUnreclaim:        89176 kB
1776797114.282061418 KernelStack:        3024 kB
1776797114.282061418 PageTables:         3880 kB
1776797114.282061418 SecPageTables:         0 kB
1776797114.282061418 NFS_Unstable:          0 kB
1776797114.282061418 Bounce:                0 kB
1776797114.282061418 WritebackTmp:          0 kB
1776797114.282061418 CommitLimit:     3537964 kB
1776797114.282061418 Committed_AS:     560172 kB
1776797114.282061418 VmallocTotal:   135288315904 kB
1776797114.282061418 VmallocUsed:       18984 kB
1776797114.282061418 VmallocChunk:          0 kB
1776797114.282061418 Percpu:             1504 kB
1776797114.282061418 AnonHugePages:         0 kB
1776797114.282061418 ShmemHugePages:        0 kB
1776797114.282061418 ShmemPmdMapped:        0 kB
1776797114.282061418 FileHugePages:         0 kB
1776797114.282061418 FilePmdMapped:         0 kB
1776797114.282061418 CmaTotal:          65536 kB
1776797114.282061418 CmaFree:           49104 kB
1776797114.282061418 Balloon:               0 kB
1776797114.282061418 HugePages_Total:     512
1776797114.282061418 HugePages_Free:      512
1776797114.282061418 HugePages_Rsvd:        0
1776797114.282061418 HugePages_Surp:        0
1776797114.282061418 Hugepagesize:       2048 kB
1776797114.282061418 Hugetlb:         1048576 kB
1776797115.290023316 MemTotal:        8124504 kB
1776797115.290023316 MemFree:         6420396 kB
1776797115.290023316 MemAvailable:    6658576 kB
1776797115.290023316 Buffers:           29380 kB
1776797115.290023316 Cached:           337200 kB
1776797115.290023316 SwapCached:            0 kB
1776797115.290023316 Active:           358684 kB
1776797115.290023316 Inactive:         101880 kB
1776797115.290023316 Active(anon):      97356 kB
1776797115.290023316 Inactive(anon):        0 kB
1776797115.290023316 Active(file):     261328 kB
1776797115.290023316 Inactive(file):   101880 kB
1776797115.290023316 Unevictable:           0 kB
1776797115.290023316 Mlocked:               0 kB
1776797115.290023316 SwapTotal:             0 kB
1776797115.290023316 SwapFree:              0 kB
1776797115.290023316 Zswap:                 0 kB
1776797115.290023316 Zswapped:              0 kB
1776797115.290023316 Dirty:              1524 kB
1776797115.290023316 Writeback:             0 kB
1776797115.290023316 AnonPages:         93932 kB
1776797115.290023316 Mapped:           112692 kB
1776797115.290023316 Shmem:              3460 kB
1776797115.290023316 KReclaimable:      29464 kB
1776797115.290023316 Slab:             118620 kB
1776797115.290023316 SReclaimable:      29464 kB
1776797115.290023316 SUnreclaim:        89156 kB
1776797115.290023316 KernelStack:        3024 kB
1776797115.290023316 PageTables:         3880 kB
1776797115.290023316 SecPageTables:         0 kB
1776797115.290023316 NFS_Unstable:          0 kB
1776797115.290023316 Bounce:                0 kB
1776797115.290023316 WritebackTmp:          0 kB
1776797115.290023316 CommitLimit:     3537964 kB
1776797115.290023316 Committed_AS:     560172 kB
1776797115.290023316 VmallocTotal:   135288315904 kB
1776797115.290023316 VmallocUsed:       18968 kB
1776797115.290023316 VmallocChunk:          0 kB
1776797115.290023316 Percpu:             1504 kB
1776797115.290023316 AnonHugePages:         0 kB
1776797115.290023316 ShmemHugePages:        0 kB
1776797115.290023316 ShmemPmdMapped:        0 kB
1776797115.290023316 FileHugePages:         0 kB
1776797115.290023316 FilePmdMapped:         0 kB
1776797115.290023316 CmaTotal:          65536 kB
1776797115.290023316 CmaFree:           49104 kB
1776797115.290023316 Balloon:               0 kB
1776797115.290023316 HugePages_Total:     512
1776797115.290023316 HugePages_Free:      512
1776797115.290023316 HugePages_Rsvd:        0
1776797115.290023316 HugePages_Surp:        0
1776797115.290023316 Hugepagesize:       2048 kB
1776797115.290023316 Hugetlb:         1048576 kB
1776797116.297906269 MemTotal:        8124504 kB
1776797116.297906269 MemFree:         6420648 kB
1776797116.297906269 MemAvailable:    6658828 kB
1776797116.297906269 Buffers:           29380 kB
1776797116.297906269 Cached:           337208 kB
1776797116.297906269 SwapCached:            0 kB
1776797116.297906269 Active:           358504 kB
1776797116.297906269 Inactive:         101884 kB
1776797116.297906269 Active(anon):      97180 kB
1776797116.297906269 Inactive(anon):        0 kB
1776797116.297906269 Active(file):     261324 kB
1776797116.297906269 Inactive(file):   101884 kB
1776797116.297906269 Unevictable:           0 kB
1776797116.297906269 Mlocked:               0 kB
1776797116.297906269 SwapTotal:             0 kB
1776797116.297906269 SwapFree:              0 kB
1776797116.297906269 Zswap:                 0 kB
1776797116.297906269 Zswapped:              0 kB
1776797116.297906269 Dirty:              1532 kB
1776797116.297906269 Writeback:             0 kB
1776797116.297906269 AnonPages:         93936 kB
1776797116.297906269 Mapped:           112692 kB
1776797116.297906269 Shmem:              3460 kB
1776797116.297906269 KReclaimable:      29464 kB
1776797116.297906269 Slab:             118636 kB
1776797116.297906269 SReclaimable:      29464 kB
1776797116.297906269 SUnreclaim:        89172 kB
1776797116.297906269 KernelStack:        3024 kB
1776797116.297906269 PageTables:         3880 kB
1776797116.297906269 SecPageTables:         0 kB
1776797116.297906269 NFS_Unstable:          0 kB
1776797116.297906269 Bounce:                0 kB
1776797116.297906269 WritebackTmp:          0 kB
1776797116.297906269 CommitLimit:     3537964 kB
1776797116.297906269 Committed_AS:     560172 kB
1776797116.297906269 VmallocTotal:   135288315904 kB
1776797116.297906269 VmallocUsed:       18984 kB
1776797116.297906269 VmallocChunk:          0 kB
1776797116.297906269 Percpu:             1504 kB
1776797116.297906269 AnonHugePages:         0 kB
1776797116.297906269 ShmemHugePages:        0 kB
1776797116.297906269 ShmemPmdMapped:        0 kB
1776797116.297906269 FileHugePages:         0 kB
1776797116.297906269 FilePmdMapped:         0 kB
1776797116.297906269 CmaTotal:          65536 kB
1776797116.297906269 CmaFree:           49104 kB
1776797116.297906269 Balloon:               0 kB
1776797116.297906269 HugePages_Total:     512
1776797116.297906269 HugePages_Free:      512
1776797116.297906269 HugePages_Rsvd:        0
1776797116.297906269 HugePages_Surp:        0
1776797116.297906269 Hugepagesize:       2048 kB
1776797116.297906269 Hugetlb:         1048576 kB
1776797117.305731314 MemTotal:        8124504 kB
1776797117.305731314 MemFree:         6421460 kB
1776797117.305731314 MemAvailable:    6659648 kB
1776797117.305731314 Buffers:           29388 kB
1776797117.305731314 Cached:           337208 kB
1776797117.305731314 SwapCached:            0 kB
1776797117.305731314 Active:           358560 kB
1776797117.305731314 Inactive:         101888 kB
1776797117.305731314 Active(anon):      97232 kB
1776797117.305731314 Inactive(anon):        0 kB
1776797117.305731314 Active(file):     261328 kB
1776797117.305731314 Inactive(file):   101888 kB
1776797117.305731314 Unevictable:           0 kB
1776797117.305731314 Mlocked:               0 kB
1776797117.305731314 SwapTotal:             0 kB
1776797117.305731314 SwapFree:              0 kB
1776797117.305731314 Zswap:                 0 kB
1776797117.305731314 Zswapped:              0 kB
1776797117.305731314 Dirty:              1536 kB
1776797117.305731314 Writeback:             0 kB
1776797117.305731314 AnonPages:         93936 kB
1776797117.305731314 Mapped:           112692 kB
1776797117.305731314 Shmem:              3460 kB
1776797117.305731314 KReclaimable:      29464 kB
1776797117.305731314 Slab:             118620 kB
1776797117.305731314 SReclaimable:      29464 kB
1776797117.305731314 SUnreclaim:        89156 kB
1776797117.305731314 KernelStack:        3024 kB
1776797117.305731314 PageTables:         3888 kB
1776797117.305731314 SecPageTables:         0 kB
1776797117.305731314 NFS_Unstable:          0 kB
1776797117.305731314 Bounce:                0 kB
1776797117.305731314 WritebackTmp:          0 kB
1776797117.305731314 CommitLimit:     3537964 kB
1776797117.305731314 Committed_AS:     560172 kB
1776797117.305731314 VmallocTotal:   135288315904 kB
1776797117.305731314 VmallocUsed:       18968 kB
1776797117.305731314 VmallocChunk:          0 kB
1776797117.305731314 Percpu:             1504 kB
1776797117.305731314 AnonHugePages:         0 kB
1776797117.305731314 ShmemHugePages:        0 kB
1776797117.305731314 ShmemPmdMapped:        0 kB
1776797117.305731314 FileHugePages:         0 kB
1776797117.305731314 FilePmdMapped:         0 kB
1776797117.305731314 CmaTotal:          65536 kB
1776797117.305731314 CmaFree:           49104 kB
1776797117.305731314 Balloon:               0 kB
1776797117.305731314 HugePages_Total:     512
1776797117.305731314 HugePages_Free:      512
1776797117.305731314 HugePages_Rsvd:        0
1776797117.305731314 HugePages_Surp:        0
1776797117.305731314 Hugepagesize:       2048 kB
1776797117.305731314 Hugetlb:         1048576 kB
1776797118.313629026 MemTotal:        8124504 kB
1776797118.313629026 MemFree:         6421792 kB
1776797118.313629026 MemAvailable:    6659996 kB
1776797118.313629026 Buffers:           29388 kB
1776797118.313629026 Cached:           337220 kB
1776797118.313629026 SwapCached:            0 kB
1776797118.313629026 Active:           358528 kB
1776797118.313629026 Inactive:         101908 kB
1776797118.313629026 Active(anon):      97204 kB
1776797118.313629026 Inactive(anon):        0 kB
1776797118.313629026 Active(file):     261324 kB
1776797118.313629026 Inactive(file):   101908 kB
1776797118.313629026 Unevictable:           0 kB
1776797118.313629026 Mlocked:               0 kB
1776797118.313629026 SwapTotal:             0 kB
1776797118.313629026 SwapFree:              0 kB
1776797118.313629026 Zswap:                 0 kB
1776797118.313629026 Zswapped:              0 kB
1776797118.313629026 Dirty:              1548 kB
1776797118.313629026 Writeback:             0 kB
1776797118.313629026 AnonPages:         93924 kB
1776797118.313629026 Mapped:           112692 kB
1776797118.313629026 Shmem:              3460 kB
1776797118.313629026 KReclaimable:      29464 kB
1776797118.313629026 Slab:             118640 kB
1776797118.313629026 SReclaimable:      29464 kB
1776797118.313629026 SUnreclaim:        89176 kB
1776797118.313629026 KernelStack:        3024 kB
1776797118.313629026 PageTables:         3888 kB
1776797118.313629026 SecPageTables:         0 kB
1776797118.313629026 NFS_Unstable:          0 kB
1776797118.313629026 Bounce:                0 kB
1776797118.313629026 WritebackTmp:          0 kB
1776797118.313629026 CommitLimit:     3537964 kB
1776797118.313629026 Committed_AS:     560172 kB
1776797118.313629026 VmallocTotal:   135288315904 kB
1776797118.313629026 VmallocUsed:       18968 kB
1776797118.313629026 VmallocChunk:          0 kB
1776797118.313629026 Percpu:             1504 kB
1776797118.313629026 AnonHugePages:         0 kB
1776797118.313629026 ShmemHugePages:        0 kB
1776797118.313629026 ShmemPmdMapped:        0 kB
1776797118.313629026 FileHugePages:         0 kB
1776797118.313629026 FilePmdMapped:         0 kB
1776797118.313629026 CmaTotal:          65536 kB
1776797118.313629026 CmaFree:           49104 kB
1776797118.313629026 Balloon:               0 kB
1776797118.313629026 HugePages_Total:     512
1776797118.313629026 HugePages_Free:      512
1776797118.313629026 HugePages_Rsvd:        0
1776797118.313629026 HugePages_Surp:        0
1776797118.313629026 Hugepagesize:       2048 kB
1776797118.313629026 Hugetlb:         1048576 kB
1776797119.326079127 MemTotal:        8124504 kB
1776797119.326079127 MemFree:         6422828 kB
1776797119.326079127 MemAvailable:    6661036 kB
1776797119.326079127 Buffers:           29388 kB
1776797119.326079127 Cached:           337224 kB
1776797119.326079127 SwapCached:            0 kB
1776797119.326079127 Active:           358632 kB
1776797119.326079127 Inactive:         101912 kB
1776797119.326079127 Active(anon):      97308 kB
1776797119.326079127 Inactive(anon):        0 kB
1776797119.326079127 Active(file):     261324 kB
1776797119.326079127 Inactive(file):   101912 kB
1776797119.326079127 Unevictable:           0 kB
1776797119.326079127 Mlocked:               0 kB
1776797119.326079127 SwapTotal:             0 kB
1776797119.326079127 SwapFree:              0 kB
1776797119.326079127 Zswap:                 0 kB
1776797119.326079127 Zswapped:              0 kB
1776797119.326079127 Dirty:              1552 kB
1776797119.326079127 Writeback:             0 kB
1776797119.326079127 AnonPages:         93932 kB
1776797119.326079127 Mapped:           112692 kB
1776797119.326079127 Shmem:              3460 kB
1776797119.326079127 KReclaimable:      29464 kB
1776797119.326079127 Slab:             118656 kB
1776797119.326079127 SReclaimable:      29464 kB
1776797119.326079127 SUnreclaim:        89192 kB
1776797119.326079127 KernelStack:        3024 kB
1776797119.326079127 PageTables:         3876 kB
1776797119.326079127 SecPageTables:         0 kB
1776797119.326079127 NFS_Unstable:          0 kB
1776797119.326079127 Bounce:                0 kB
1776797119.326079127 WritebackTmp:          0 kB
1776797119.326079127 CommitLimit:     3537964 kB
1776797119.326079127 Committed_AS:     560172 kB
1776797119.326079127 VmallocTotal:   135288315904 kB
1776797119.326079127 VmallocUsed:       18968 kB
1776797119.326079127 VmallocChunk:          0 kB
1776797119.326079127 Percpu:             1504 kB
1776797119.326079127 AnonHugePages:         0 kB
1776797119.326079127 ShmemHugePages:        0 kB
1776797119.326079127 ShmemPmdMapped:        0 kB
1776797119.326079127 FileHugePages:         0 kB
1776797119.326079127 FilePmdMapped:         0 kB
1776797119.326079127 CmaTotal:          65536 kB
1776797119.326079127 CmaFree:           49104 kB
1776797119.326079127 Balloon:               0 kB
1776797119.326079127 HugePages_Total:     512
1776797119.326079127 HugePages_Free:      512
1776797119.326079127 HugePages_Rsvd:        0
1776797119.326079127 HugePages_Surp:        0
1776797119.326079127 Hugepagesize:       2048 kB
1776797119.326079127 Hugetlb:         1048576 kB
1776797120.333920376 MemTotal:        8124504 kB
1776797120.333920376 MemFree:         6424048 kB
1776797120.333920376 MemAvailable:    6662256 kB
1776797120.333920376 Buffers:           29388 kB
1776797120.333920376 Cached:           337224 kB
1776797120.333920376 SwapCached:            0 kB
1776797120.333920376 Active:           358592 kB
1776797120.333920376 Inactive:         101912 kB
1776797120.333920376 Active(anon):      97268 kB
1776797120.333920376 Inactive(anon):        0 kB
1776797120.333920376 Active(file):     261324 kB
1776797120.333920376 Inactive(file):   101912 kB
1776797120.333920376 Unevictable:           0 kB
1776797120.333920376 Mlocked:               0 kB
1776797120.333920376 SwapTotal:             0 kB
1776797120.333920376 SwapFree:              0 kB
1776797120.333920376 Zswap:                 0 kB
1776797120.333920376 Zswapped:              0 kB
1776797120.333920376 Dirty:              1552 kB
1776797120.333920376 Writeback:             0 kB
1776797120.333920376 AnonPages:         94076 kB
1776797120.333920376 Mapped:           112732 kB
1776797120.333920376 Shmem:              3460 kB
1776797120.333920376 KReclaimable:      29464 kB
1776797120.333920376 Slab:             118652 kB
1776797120.333920376 SReclaimable:      29464 kB
1776797120.333920376 SUnreclaim:        89188 kB
1776797120.333920376 KernelStack:        3056 kB
1776797120.333920376 PageTables:         3920 kB
1776797120.333920376 SecPageTables:         0 kB
1776797120.333920376 NFS_Unstable:          0 kB
1776797120.333920376 Bounce:                0 kB
1776797120.333920376 WritebackTmp:          0 kB
1776797120.333920376 CommitLimit:     3537964 kB
1776797120.333920376 Committed_AS:     560172 kB
1776797120.333920376 VmallocTotal:   135288315904 kB
1776797120.333920376 VmallocUsed:       18968 kB
1776797120.333920376 VmallocChunk:          0 kB
1776797120.333920376 Percpu:             1504 kB
1776797120.333920376 AnonHugePages:         0 kB
1776797120.333920376 ShmemHugePages:        0 kB
1776797120.333920376 ShmemPmdMapped:        0 kB
1776797120.333920376 FileHugePages:         0 kB
1776797120.333920376 FilePmdMapped:         0 kB
1776797120.333920376 CmaTotal:          65536 kB
1776797120.333920376 CmaFree:           49104 kB
1776797120.333920376 Balloon:               0 kB
1776797120.333920376 HugePages_Total:     512
1776797120.333920376 HugePages_Free:      512
1776797120.333920376 HugePages_Rsvd:        0
1776797120.333920376 HugePages_Surp:        0
1776797120.333920376 Hugepagesize:       2048 kB
1776797120.333920376 Hugetlb:         1048576 kB
1776797121.341751847 MemTotal:        8124504 kB
1776797121.341751847 MemFree:         6423096 kB
1776797121.341751847 MemAvailable:    6661316 kB
1776797121.341751847 Buffers:           29388 kB
1776797121.341751847 Cached:           337232 kB
1776797121.341751847 SwapCached:            0 kB
1776797121.341751847 Active:           358680 kB
1776797121.341751847 Inactive:         101920 kB
1776797121.341751847 Active(anon):      97352 kB
1776797121.341751847 Inactive(anon):        0 kB
1776797121.341751847 Active(file):     261328 kB
1776797121.341751847 Inactive(file):   101920 kB
1776797121.341751847 Unevictable:           0 kB
1776797121.341751847 Mlocked:               0 kB
1776797121.341751847 SwapTotal:             0 kB
1776797121.341751847 SwapFree:              0 kB
1776797121.341751847 Zswap:                 0 kB
1776797121.341751847 Zswapped:              0 kB
1776797121.341751847 Dirty:              1560 kB
1776797121.341751847 Writeback:             0 kB
1776797121.341751847 AnonPages:         93936 kB
1776797121.341751847 Mapped:           112692 kB
1776797121.341751847 Shmem:              3460 kB
1776797121.341751847 KReclaimable:      29464 kB
1776797121.341751847 Slab:             118632 kB
1776797121.341751847 SReclaimable:      29464 kB
1776797121.341751847 SUnreclaim:        89168 kB
1776797121.341751847 KernelStack:        3024 kB
1776797121.341751847 PageTables:         3884 kB
1776797121.341751847 SecPageTables:         0 kB
1776797121.341751847 NFS_Unstable:          0 kB
1776797121.341751847 Bounce:                0 kB
1776797121.341751847 WritebackTmp:          0 kB
1776797121.341751847 CommitLimit:     3537964 kB
1776797121.341751847 Committed_AS:     560172 kB
1776797121.341751847 VmallocTotal:   135288315904 kB
1776797121.341751847 VmallocUsed:       18984 kB
1776797121.341751847 VmallocChunk:          0 kB
1776797121.341751847 Percpu:             1504 kB
1776797121.341751847 AnonHugePages:         0 kB
1776797121.341751847 ShmemHugePages:        0 kB
1776797121.341751847 ShmemPmdMapped:        0 kB
1776797121.341751847 FileHugePages:         0 kB
1776797121.341751847 FilePmdMapped:         0 kB
1776797121.341751847 CmaTotal:          65536 kB
1776797121.341751847 CmaFree:           49104 kB
1776797121.341751847 Balloon:               0 kB
1776797121.341751847 HugePages_Total:     512
1776797121.341751847 HugePages_Free:      512
1776797121.341751847 HugePages_Rsvd:        0
1776797121.341751847 HugePages_Surp:        0
1776797121.341751847 Hugepagesize:       2048 kB
1776797121.341751847 Hugetlb:         1048576 kB
1776797122.349656652 MemTotal:        8124504 kB
1776797122.349656652 MemFree:         6424608 kB
1776797122.349656652 MemAvailable:    6662836 kB
1776797122.349656652 Buffers:           29396 kB
1776797122.349656652 Cached:           337232 kB
1776797122.349656652 SwapCached:            0 kB
1776797122.349656652 Active:           358572 kB
1776797122.349656652 Inactive:         101928 kB
1776797122.349656652 Active(anon):      97244 kB
1776797122.349656652 Inactive(anon):        0 kB
1776797122.349656652 Active(file):     261328 kB
1776797122.349656652 Inactive(file):   101928 kB
1776797122.349656652 Unevictable:           0 kB
1776797122.349656652 Mlocked:               0 kB
1776797122.349656652 SwapTotal:             0 kB
1776797122.349656652 SwapFree:              0 kB
1776797122.349656652 Zswap:                 0 kB
1776797122.349656652 Zswapped:              0 kB
1776797122.349656652 Dirty:              1564 kB
1776797122.349656652 Writeback:             0 kB
1776797122.349656652 AnonPages:         94032 kB
1776797122.349656652 Mapped:           112896 kB
1776797122.349656652 Shmem:              3460 kB
1776797122.349656652 KReclaimable:      29464 kB
1776797122.349656652 Slab:             118624 kB
1776797122.349656652 SReclaimable:      29464 kB
1776797122.349656652 SUnreclaim:        89160 kB
1776797122.349656652 KernelStack:        3040 kB
1776797122.349656652 PageTables:         4060 kB
1776797122.349656652 SecPageTables:         0 kB
1776797122.349656652 NFS_Unstable:          0 kB
1776797122.349656652 Bounce:                0 kB
1776797122.349656652 WritebackTmp:          0 kB
1776797122.349656652 CommitLimit:     3537964 kB
1776797122.349656652 Committed_AS:     560172 kB
1776797122.349656652 VmallocTotal:   135288315904 kB
1776797122.349656652 VmallocUsed:       18968 kB
1776797122.349656652 VmallocChunk:          0 kB
1776797122.349656652 Percpu:             1504 kB
1776797122.349656652 AnonHugePages:         0 kB
1776797122.349656652 ShmemHugePages:        0 kB
1776797122.349656652 ShmemPmdMapped:        0 kB
1776797122.349656652 FileHugePages:         0 kB
1776797122.349656652 FilePmdMapped:         0 kB
1776797122.349656652 CmaTotal:          65536 kB
1776797122.349656652 CmaFree:           49104 kB
1776797122.349656652 Balloon:               0 kB
1776797122.349656652 HugePages_Total:     512
1776797122.349656652 HugePages_Free:      512
1776797122.349656652 HugePages_Rsvd:        0
1776797122.349656652 HugePages_Surp:        0
1776797122.349656652 Hugepagesize:       2048 kB
1776797122.349656652 Hugetlb:         1048576 kB
1776797123.357533365 MemTotal:        8124504 kB
1776797123.357533365 MemFree:         6424736 kB
1776797123.357533365 MemAvailable:    6662972 kB
1776797123.357533365 Buffers:           29396 kB
1776797123.357533365 Cached:           337240 kB
1776797123.357533365 SwapCached:            0 kB
1776797123.357533365 Active:           358544 kB
1776797123.357533365 Inactive:         101936 kB
1776797123.357533365 Active(anon):      97216 kB
1776797123.357533365 Inactive(anon):        0 kB
1776797123.357533365 Active(file):     261328 kB
1776797123.357533365 Inactive(file):   101936 kB
1776797123.357533365 Unevictable:           0 kB
1776797123.357533365 Mlocked:               0 kB
1776797123.357533365 SwapTotal:             0 kB
1776797123.357533365 SwapFree:              0 kB
1776797123.357533365 Zswap:                 0 kB
1776797123.357533365 Zswapped:              0 kB
1776797123.357533365 Dirty:              1572 kB
1776797123.357533365 Writeback:             0 kB
1776797123.357533365 AnonPages:         93928 kB
1776797123.357533365 Mapped:           112692 kB
1776797123.357533365 Shmem:              3460 kB
1776797123.357533365 KReclaimable:      29464 kB
1776797123.357533365 Slab:             118652 kB
1776797123.357533365 SReclaimable:      29464 kB
1776797123.357533365 SUnreclaim:        89188 kB
1776797123.357533365 KernelStack:        3024 kB
1776797123.357533365 PageTables:         3884 kB
1776797123.357533365 SecPageTables:         0 kB
1776797123.357533365 NFS_Unstable:          0 kB
1776797123.357533365 Bounce:                0 kB
1776797123.357533365 WritebackTmp:          0 kB
1776797123.357533365 CommitLimit:     3537964 kB
1776797123.357533365 Committed_AS:     560172 kB
1776797123.357533365 VmallocTotal:   135288315904 kB
1776797123.357533365 VmallocUsed:       18984 kB
1776797123.357533365 VmallocChunk:          0 kB
1776797123.357533365 Percpu:             1504 kB
1776797123.357533365 AnonHugePages:         0 kB
1776797123.357533365 ShmemHugePages:        0 kB
1776797123.357533365 ShmemPmdMapped:        0 kB
1776797123.357533365 FileHugePages:         0 kB
1776797123.357533365 FilePmdMapped:         0 kB
1776797123.357533365 CmaTotal:          65536 kB
1776797123.357533365 CmaFree:           49104 kB
1776797123.357533365 Balloon:               0 kB
1776797123.357533365 HugePages_Total:     512
1776797123.357533365 HugePages_Free:      512
1776797123.357533365 HugePages_Rsvd:        0
1776797123.357533365 HugePages_Surp:        0
1776797123.357533365 Hugepagesize:       2048 kB
1776797123.357533365 Hugetlb:         1048576 kB
1776797124.365482503 MemTotal:        8124504 kB
1776797124.365482503 MemFree:         6424636 kB
1776797124.365482503 MemAvailable:    6662880 kB
1776797124.365482503 Buffers:           29396 kB
1776797124.365482503 Cached:           337252 kB
1776797124.365482503 SwapCached:            0 kB
1776797124.365482503 Active:           358692 kB
1776797124.365482503 Inactive:         101944 kB
1776797124.365482503 Active(anon):      97364 kB
1776797124.365482503 Inactive(anon):        0 kB
1776797124.365482503 Active(file):     261328 kB
1776797124.365482503 Inactive(file):   101944 kB
1776797124.365482503 Unevictable:           0 kB
1776797124.365482503 Mlocked:               0 kB
1776797124.365482503 SwapTotal:             0 kB
1776797124.365482503 SwapFree:              0 kB
1776797124.365482503 Zswap:                 0 kB
1776797124.365482503 Zswapped:              0 kB
1776797124.365482503 Dirty:              1584 kB
1776797124.365482503 Writeback:             0 kB
1776797124.365482503 AnonPages:         94068 kB
1776797124.365482503 Mapped:           112700 kB
1776797124.365482503 Shmem:              3460 kB
1776797124.365482503 KReclaimable:      29464 kB
1776797124.365482503 Slab:             118640 kB
1776797124.365482503 SReclaimable:      29464 kB
1776797124.365482503 SUnreclaim:        89176 kB
1776797124.365482503 KernelStack:        3056 kB
1776797124.365482503 PageTables:         4028 kB
1776797124.365482503 SecPageTables:         0 kB
1776797124.365482503 NFS_Unstable:          0 kB
1776797124.365482503 Bounce:                0 kB
1776797124.365482503 WritebackTmp:          0 kB
1776797124.365482503 CommitLimit:     3537964 kB
1776797124.365482503 Committed_AS:     560172 kB
1776797124.365482503 VmallocTotal:   135288315904 kB
1776797124.365482503 VmallocUsed:       18984 kB
1776797124.365482503 VmallocChunk:          0 kB
1776797124.365482503 Percpu:             1504 kB
1776797124.365482503 AnonHugePages:         0 kB
1776797124.365482503 ShmemHugePages:        0 kB
1776797124.365482503 ShmemPmdMapped:        0 kB
1776797124.365482503 FileHugePages:         0 kB
1776797124.365482503 FilePmdMapped:         0 kB
1776797124.365482503 CmaTotal:          65536 kB
1776797124.365482503 CmaFree:           49104 kB
1776797124.365482503 Balloon:               0 kB
1776797124.365482503 HugePages_Total:     512
1776797124.365482503 HugePages_Free:      512
1776797124.365482503 HugePages_Rsvd:        0
1776797124.365482503 HugePages_Surp:        0
1776797124.365482503 Hugepagesize:       2048 kB
1776797124.365482503 Hugetlb:         1048576 kB
1776797125.378088604 MemTotal:        8124504 kB
1776797125.378088604 MemFree:         6424384 kB
1776797125.378088604 MemAvailable:    6662628 kB
1776797125.378088604 Buffers:           29396 kB
1776797125.378088604 Cached:           337252 kB
1776797125.378088604 SwapCached:            0 kB
1776797125.378088604 Active:           358532 kB
1776797125.378088604 Inactive:         101948 kB
1776797125.378088604 Active(anon):      97208 kB
1776797125.378088604 Inactive(anon):        0 kB
1776797125.378088604 Active(file):     261324 kB
1776797125.378088604 Inactive(file):   101948 kB
1776797125.378088604 Unevictable:           0 kB
1776797125.378088604 Mlocked:               0 kB
1776797125.378088604 SwapTotal:             0 kB
1776797125.378088604 SwapFree:              0 kB
1776797125.378088604 Zswap:                 0 kB
1776797125.378088604 Zswapped:              0 kB
1776797125.378088604 Dirty:              1584 kB
1776797125.378088604 Writeback:             0 kB
1776797125.378088604 AnonPages:         93932 kB
1776797125.378088604 Mapped:           112692 kB
1776797125.378088604 Shmem:              3460 kB
1776797125.378088604 KReclaimable:      29464 kB
1776797125.378088604 Slab:             118644 kB
1776797125.378088604 SReclaimable:      29464 kB
1776797125.378088604 SUnreclaim:        89180 kB
1776797125.378088604 KernelStack:        3024 kB
1776797125.378088604 PageTables:         3892 kB
1776797125.378088604 SecPageTables:         0 kB
1776797125.378088604 NFS_Unstable:          0 kB
1776797125.378088604 Bounce:                0 kB
1776797125.378088604 WritebackTmp:          0 kB
1776797125.378088604 CommitLimit:     3537964 kB
1776797125.378088604 Committed_AS:     560172 kB
1776797125.378088604 VmallocTotal:   135288315904 kB
1776797125.378088604 VmallocUsed:       18952 kB
1776797125.378088604 VmallocChunk:          0 kB
1776797125.378088604 Percpu:             1504 kB
1776797125.378088604 AnonHugePages:         0 kB
1776797125.378088604 ShmemHugePages:        0 kB
1776797125.378088604 ShmemPmdMapped:        0 kB
1776797125.378088604 FileHugePages:         0 kB
1776797125.378088604 FilePmdMapped:         0 kB
1776797125.378088604 CmaTotal:          65536 kB
1776797125.378088604 CmaFree:           49104 kB
1776797125.378088604 Balloon:               0 kB
1776797125.378088604 HugePages_Total:     512
1776797125.378088604 HugePages_Free:      512
1776797125.378088604 HugePages_Rsvd:        0
1776797125.378088604 HugePages_Surp:        0
1776797125.378088604 Hugepagesize:       2048 kB
1776797125.378088604 Hugetlb:         1048576 kB
1776797126.386003650 MemTotal:        8124504 kB
1776797126.386003650 MemFree:         6426204 kB
1776797126.386003650 MemAvailable:    6664452 kB
1776797126.386003650 Buffers:           29396 kB
1776797126.386003650 Cached:           337256 kB
1776797126.386003650 SwapCached:            0 kB
1776797126.386003650 Active:           358444 kB
1776797126.386003650 Inactive:         101952 kB
1776797126.386003650 Active(anon):      97120 kB
1776797126.386003650 Inactive(anon):        0 kB
1776797126.386003650 Active(file):     261324 kB
1776797126.386003650 Inactive(file):   101952 kB
1776797126.386003650 Unevictable:           0 kB
1776797126.386003650 Mlocked:               0 kB
1776797126.386003650 SwapTotal:             0 kB
1776797126.386003650 SwapFree:              0 kB
1776797126.386003650 Zswap:                 0 kB
1776797126.386003650 Zswapped:              0 kB
1776797126.386003650 Dirty:              1588 kB
1776797126.386003650 Writeback:             0 kB
1776797126.386003650 AnonPages:         93996 kB
1776797126.386003650 Mapped:           112932 kB
1776797126.386003650 Shmem:              3460 kB
1776797126.386003650 KReclaimable:      29464 kB
1776797126.386003650 Slab:             118644 kB
1776797126.386003650 SReclaimable:      29464 kB
1776797126.386003650 SUnreclaim:        89180 kB
1776797126.386003650 KernelStack:        3096 kB
1776797126.386003650 PageTables:         4132 kB
1776797126.386003650 SecPageTables:         0 kB
1776797126.386003650 NFS_Unstable:          0 kB
1776797126.386003650 Bounce:                0 kB
1776797126.386003650 WritebackTmp:          0 kB
1776797126.386003650 CommitLimit:     3537964 kB
1776797126.386003650 Committed_AS:     560172 kB
1776797126.386003650 VmallocTotal:   135288315904 kB
1776797126.386003650 VmallocUsed:       18968 kB
1776797126.386003650 VmallocChunk:          0 kB
1776797126.386003650 Percpu:             1504 kB
1776797126.386003650 AnonHugePages:         0 kB
1776797126.386003650 ShmemHugePages:        0 kB
1776797126.386003650 ShmemPmdMapped:        0 kB
1776797126.386003650 FileHugePages:         0 kB
1776797126.386003650 FilePmdMapped:         0 kB
1776797126.386003650 CmaTotal:          65536 kB
1776797126.386003650 CmaFree:           49104 kB
1776797126.386003650 Balloon:               0 kB
1776797126.386003650 HugePages_Total:     512
1776797126.386003650 HugePages_Free:      512
1776797126.386003650 HugePages_Rsvd:        0
1776797126.386003650 HugePages_Surp:        0
1776797126.386003650 Hugepagesize:       2048 kB
1776797126.386003650 Hugetlb:         1048576 kB
1776797127.393938659 MemTotal:        8124504 kB
1776797127.393938659 MemFree:         6425588 kB
1776797127.393938659 MemAvailable:    6663844 kB
1776797127.393938659 Buffers:           29404 kB
1776797127.393938659 Cached:           337260 kB
1776797127.393938659 SwapCached:            0 kB
1776797127.393938659 Active:           358600 kB
1776797127.393938659 Inactive:         101956 kB
1776797127.393938659 Active(anon):      97272 kB
1776797127.393938659 Inactive(anon):        0 kB
1776797127.393938659 Active(file):     261328 kB
1776797127.393938659 Inactive(file):   101956 kB
1776797127.393938659 Unevictable:           0 kB
1776797127.393938659 Mlocked:               0 kB
1776797127.393938659 SwapTotal:             0 kB
1776797127.393938659 SwapFree:              0 kB
1776797127.393938659 Zswap:                 0 kB
1776797127.393938659 Zswapped:              0 kB
1776797127.393938659 Dirty:              1592 kB
1776797127.393938659 Writeback:             0 kB
1776797127.393938659 AnonPages:         93928 kB
1776797127.393938659 Mapped:           112692 kB
1776797127.393938659 Shmem:              3460 kB
1776797127.393938659 KReclaimable:      29464 kB
1776797127.393938659 Slab:             118648 kB
1776797127.393938659 SReclaimable:      29464 kB
1776797127.393938659 SUnreclaim:        89184 kB
1776797127.393938659 KernelStack:        3024 kB
1776797127.393938659 PageTables:         3888 kB
1776797127.393938659 SecPageTables:         0 kB
1776797127.393938659 NFS_Unstable:          0 kB
1776797127.393938659 Bounce:                0 kB
1776797127.393938659 WritebackTmp:          0 kB
1776797127.393938659 CommitLimit:     3537964 kB
1776797127.393938659 Committed_AS:     560172 kB
1776797127.393938659 VmallocTotal:   135288315904 kB
1776797127.393938659 VmallocUsed:       18984 kB
1776797127.393938659 VmallocChunk:          0 kB
1776797127.393938659 Percpu:             1504 kB
1776797127.393938659 AnonHugePages:         0 kB
1776797127.393938659 ShmemHugePages:        0 kB
1776797127.393938659 ShmemPmdMapped:        0 kB
1776797127.393938659 FileHugePages:         0 kB
1776797127.393938659 FilePmdMapped:         0 kB
1776797127.393938659 CmaTotal:          65536 kB
1776797127.393938659 CmaFree:           49104 kB
1776797127.393938659 Balloon:               0 kB
1776797127.393938659 HugePages_Total:     512
1776797127.393938659 HugePages_Free:      512
1776797127.393938659 HugePages_Rsvd:        0
1776797127.393938659 HugePages_Surp:        0
1776797127.393938659 Hugepagesize:       2048 kB
1776797127.393938659 Hugetlb:         1048576 kB
1776797128.406320000 MemTotal:        8124504 kB
1776797128.406320000 MemFree:         6426184 kB
1776797128.406320000 MemAvailable:    6664448 kB
1776797128.406320000 Buffers:           29404 kB
1776797128.406320000 Cached:           337264 kB
1776797128.406320000 SwapCached:            0 kB
1776797128.406320000 Active:           358600 kB
1776797128.406320000 Inactive:         101968 kB
1776797128.406320000 Active(anon):      97276 kB
1776797128.406320000 Inactive(anon):        0 kB
1776797128.406320000 Active(file):     261324 kB
1776797128.406320000 Inactive(file):   101968 kB
1776797128.406320000 Unevictable:           0 kB
1776797128.406320000 Mlocked:               0 kB
1776797128.406320000 SwapTotal:             0 kB
1776797128.406320000 SwapFree:              0 kB
1776797128.406320000 Zswap:                 0 kB
1776797128.406320000 Zswapped:              0 kB
1776797128.406320000 Dirty:              1596 kB
1776797128.406320000 Writeback:             0 kB
1776797128.406320000 AnonPages:         93928 kB
1776797128.406320000 Mapped:           112812 kB
1776797128.406320000 Shmem:              3460 kB
1776797128.406320000 KReclaimable:      29464 kB
1776797128.406320000 Slab:             118644 kB
1776797128.406320000 SReclaimable:      29464 kB
1776797128.406320000 SUnreclaim:        89180 kB
1776797128.406320000 KernelStack:        3024 kB
1776797128.406320000 PageTables:         4048 kB
1776797128.406320000 SecPageTables:         0 kB
1776797128.406320000 NFS_Unstable:          0 kB
1776797128.406320000 Bounce:                0 kB
1776797128.406320000 WritebackTmp:          0 kB
1776797128.406320000 CommitLimit:     3537964 kB
1776797128.406320000 Committed_AS:     560172 kB
1776797128.406320000 VmallocTotal:   135288315904 kB
1776797128.406320000 VmallocUsed:       19000 kB
1776797128.406320000 VmallocChunk:          0 kB
1776797128.406320000 Percpu:             1504 kB
1776797128.406320000 AnonHugePages:         0 kB
1776797128.406320000 ShmemHugePages:        0 kB
1776797128.406320000 ShmemPmdMapped:        0 kB
1776797128.406320000 FileHugePages:         0 kB
1776797128.406320000 FilePmdMapped:         0 kB
1776797128.406320000 CmaTotal:          65536 kB
1776797128.406320000 CmaFree:           49104 kB
1776797128.406320000 Balloon:               0 kB
1776797128.406320000 HugePages_Total:     512
1776797128.406320000 HugePages_Free:      512
1776797128.406320000 HugePages_Rsvd:        0
1776797128.406320000 HugePages_Surp:        0
1776797128.406320000 Hugepagesize:       2048 kB
1776797128.406320000 Hugetlb:         1048576 kB
1776797129.414232731 MemTotal:        8124504 kB
1776797129.414232731 MemFree:         6425584 kB
1776797129.414232731 MemAvailable:    6663860 kB
1776797129.414232731 Buffers:           29404 kB
1776797129.414232731 Cached:           337272 kB
1776797129.414232731 SwapCached:            0 kB
1776797129.414232731 Active:           358708 kB
1776797129.414232731 Inactive:         101972 kB
1776797129.414232731 Active(anon):      97376 kB
1776797129.414232731 Inactive(anon):        0 kB
1776797129.414232731 Active(file):     261332 kB
1776797129.414232731 Inactive(file):   101972 kB
1776797129.414232731 Unevictable:           0 kB
1776797129.414232731 Mlocked:               0 kB
1776797129.414232731 SwapTotal:             0 kB
1776797129.414232731 SwapFree:              0 kB
1776797129.414232731 Zswap:                 0 kB
1776797129.414232731 Zswapped:              0 kB
1776797129.414232731 Dirty:              1604 kB
1776797129.414232731 Writeback:             0 kB
1776797129.414232731 AnonPages:         93936 kB
1776797129.414232731 Mapped:           112716 kB
1776797129.414232731 Shmem:              3460 kB
1776797129.414232731 KReclaimable:      29464 kB
1776797129.414232731 Slab:             118620 kB
1776797129.414232731 SReclaimable:      29464 kB
1776797129.414232731 SUnreclaim:        89156 kB
1776797129.414232731 KernelStack:        3024 kB
1776797129.414232731 PageTables:         4000 kB
1776797129.414232731 SecPageTables:         0 kB
1776797129.414232731 NFS_Unstable:          0 kB
1776797129.414232731 Bounce:                0 kB
1776797129.414232731 WritebackTmp:          0 kB
1776797129.414232731 CommitLimit:     3537964 kB
1776797129.414232731 Committed_AS:     560172 kB
1776797129.414232731 VmallocTotal:   135288315904 kB
1776797129.414232731 VmallocUsed:       18984 kB
1776797129.414232731 VmallocChunk:          0 kB
1776797129.414232731 Percpu:             1504 kB
1776797129.414232731 AnonHugePages:         0 kB
1776797129.414232731 ShmemHugePages:        0 kB
1776797129.414232731 ShmemPmdMapped:        0 kB
1776797129.414232731 FileHugePages:         0 kB
1776797129.414232731 FilePmdMapped:         0 kB
1776797129.414232731 CmaTotal:          65536 kB
1776797129.414232731 CmaFree:           49104 kB
1776797129.414232731 Balloon:               0 kB
1776797129.414232731 HugePages_Total:     512
1776797129.414232731 HugePages_Free:      512
1776797129.414232731 HugePages_Rsvd:        0
1776797129.414232731 HugePages_Surp:        0
1776797129.414232731 Hugepagesize:       2048 kB
1776797129.414232731 Hugetlb:         1048576 kB
1776797130.422097961 MemTotal:        8124504 kB
1776797130.422097961 MemFree:         6436408 kB
1776797130.422097961 MemAvailable:    6674816 kB
1776797130.422097961 Buffers:           29404 kB
1776797130.422097961 Cached:           337404 kB
1776797130.422097961 SwapCached:            0 kB
1776797130.422097961 Active:           352256 kB
1776797130.422097961 Inactive:         101980 kB
1776797130.422097961 Active(anon):      90800 kB
1776797130.422097961 Inactive(anon):        0 kB
1776797130.422097961 Active(file):     261456 kB
1776797130.422097961 Inactive(file):   101980 kB
1776797130.422097961 Unevictable:           0 kB
1776797130.422097961 Mlocked:               0 kB
1776797130.422097961 SwapTotal:             0 kB
1776797130.422097961 SwapFree:              0 kB
1776797130.422097961 Zswap:                 0 kB
1776797130.422097961 Zswapped:              0 kB
1776797130.422097961 Dirty:              2120 kB
1776797130.422097961 Writeback:             0 kB
1776797130.422097961 AnonPages:         87584 kB
1776797130.422097961 Mapped:            88732 kB
1776797130.422097961 Shmem:              3460 kB
1776797130.422097961 KReclaimable:      29464 kB
1776797130.422097961 Slab:             118668 kB
1776797130.422097961 SReclaimable:      29464 kB
1776797130.422097961 SUnreclaim:        89204 kB
1776797130.422097961 KernelStack:        2976 kB
1776797130.422097961 PageTables:         3708 kB
1776797130.422097961 SecPageTables:         0 kB
1776797130.422097961 NFS_Unstable:          0 kB
1776797130.422097961 Bounce:                0 kB
1776797130.422097961 WritebackTmp:          0 kB
1776797130.422097961 CommitLimit:     3537964 kB
1776797130.422097961 Committed_AS:     400388 kB
1776797130.422097961 VmallocTotal:   135288315904 kB
1776797130.422097961 VmallocUsed:       18852 kB
1776797130.422097961 VmallocChunk:          0 kB
1776797130.422097961 Percpu:             1504 kB
1776797130.422097961 AnonHugePages:         0 kB
1776797130.422097961 ShmemHugePages:        0 kB
1776797130.422097961 ShmemPmdMapped:        0 kB
1776797130.422097961 FileHugePages:         0 kB
1776797130.422097961 FilePmdMapped:         0 kB
1776797130.422097961 CmaTotal:          65536 kB
1776797130.422097961 CmaFree:           49104 kB
1776797130.422097961 Balloon:               0 kB
1776797130.422097961 HugePages_Total:     512
1776797130.422097961 HugePages_Free:      512
1776797130.422097961 HugePages_Rsvd:        0
1776797130.422097961 HugePages_Surp:        0
1776797130.422097961 Hugepagesize:       2048 kB
1776797130.422097961 Hugetlb:         1048576 kB
1776797131.434231246 MemTotal:        8124504 kB
1776797131.434231246 MemFree:         6435044 kB
1776797131.434231246 MemAvailable:    6673452 kB
1776797131.434231246 Buffers:           29404 kB
1776797131.434231246 Cached:           337404 kB
1776797131.434231246 SwapCached:            0 kB
1776797131.434231246 Active:           352220 kB
1776797131.434231246 Inactive:         101984 kB
1776797131.434231246 Active(anon):      90768 kB
1776797131.434231246 Inactive(anon):        0 kB
1776797131.434231246 Active(file):     261452 kB
1776797131.434231246 Inactive(file):   101984 kB
1776797131.434231246 Unevictable:           0 kB
1776797131.434231246 Mlocked:               0 kB
1776797131.434231246 SwapTotal:             0 kB
1776797131.434231246 SwapFree:              0 kB
1776797131.434231246 Zswap:                 0 kB
1776797131.434231246 Zswapped:              0 kB
1776797131.434231246 Dirty:              2252 kB
1776797131.434231246 Writeback:             0 kB
1776797131.434231246 AnonPages:         87464 kB
1776797131.434231246 Mapped:            88540 kB
1776797131.434231246 Shmem:              3456 kB
1776797131.434231246 KReclaimable:      29464 kB
1776797131.434231246 Slab:             118552 kB
1776797131.434231246 SReclaimable:      29464 kB
1776797131.434231246 SUnreclaim:        89088 kB
1776797131.434231246 KernelStack:        2960 kB
1776797131.434231246 PageTables:         3428 kB
1776797131.434231246 SecPageTables:         0 kB
1776797131.434231246 NFS_Unstable:          0 kB
1776797131.434231246 Bounce:                0 kB
1776797131.434231246 WritebackTmp:          0 kB
1776797131.434231246 CommitLimit:     3537964 kB
1776797131.434231246 Committed_AS:     400388 kB
1776797131.434231246 VmallocTotal:   135288315904 kB
1776797131.434231246 VmallocUsed:       18852 kB
1776797131.434231246 VmallocChunk:          0 kB
1776797131.434231246 Percpu:             1504 kB
1776797131.434231246 AnonHugePages:         0 kB
1776797131.434231246 ShmemHugePages:        0 kB
1776797131.434231246 ShmemPmdMapped:        0 kB
1776797131.434231246 FileHugePages:         0 kB
1776797131.434231246 FilePmdMapped:         0 kB
1776797131.434231246 CmaTotal:          65536 kB
1776797131.434231246 CmaFree:           49104 kB
1776797131.434231246 Balloon:               0 kB
1776797131.434231246 HugePages_Total:     512
1776797131.434231246 HugePages_Free:      512
1776797131.434231246 HugePages_Rsvd:        0
1776797131.434231246 HugePages_Surp:        0
1776797131.434231246 Hugepagesize:       2048 kB
1776797131.434231246 Hugetlb:         1048576 kB
1776797132.441737957 MemTotal:        8124504 kB
1776797132.441737957 MemFree:         6435044 kB
1776797132.441737957 MemAvailable:    6673464 kB
1776797132.441737957 Buffers:           29416 kB
1776797132.441737957 Cached:           337400 kB
1776797132.441737957 SwapCached:            0 kB
1776797132.441737957 Active:           352496 kB
1776797132.441737957 Inactive:         101992 kB
1776797132.441737957 Active(anon):      91040 kB
1776797132.441737957 Inactive(anon):        0 kB
1776797132.441737957 Active(file):     261456 kB
1776797132.441737957 Inactive(file):   101992 kB
1776797132.441737957 Unevictable:           0 kB
1776797132.441737957 Mlocked:               0 kB
1776797132.441737957 SwapTotal:             0 kB
1776797132.441737957 SwapFree:              0 kB
1776797132.441737957 Zswap:                 0 kB
1776797132.441737957 Zswapped:              0 kB
1776797132.441737957 Dirty:               304 kB
1776797132.441737957 Writeback:             0 kB
1776797132.441737957 AnonPages:         87520 kB
1776797132.441737957 Mapped:            88808 kB
1776797132.441737957 Shmem:              3456 kB
1776797132.441737957 KReclaimable:      29464 kB
1776797132.441737957 Slab:             118548 kB
1776797132.441737957 SReclaimable:      29464 kB
1776797132.441737957 SUnreclaim:        89084 kB
1776797132.441737957 KernelStack:        3016 kB
1776797132.441737957 PageTables:         3800 kB
1776797132.441737957 SecPageTables:         0 kB
1776797132.441737957 NFS_Unstable:          0 kB
1776797132.441737957 Bounce:                0 kB
1776797132.441737957 WritebackTmp:          0 kB
1776797132.441737957 CommitLimit:     3537964 kB
1776797132.441737957 Committed_AS:     400388 kB
1776797132.441737957 VmallocTotal:   135288315904 kB
1776797132.441737957 VmallocUsed:       18836 kB
1776797132.441737957 VmallocChunk:          0 kB
1776797132.441737957 Percpu:             1504 kB
1776797132.441737957 AnonHugePages:         0 kB
1776797132.441737957 ShmemHugePages:        0 kB
1776797132.441737957 ShmemPmdMapped:        0 kB
1776797132.441737957 FileHugePages:         0 kB
1776797132.441737957 FilePmdMapped:         0 kB
1776797132.441737957 CmaTotal:          65536 kB
1776797132.441737957 CmaFree:           49104 kB
1776797132.441737957 Balloon:               0 kB
1776797132.441737957 HugePages_Total:     512
1776797132.441737957 HugePages_Free:      512
1776797132.441737957 HugePages_Rsvd:        0
1776797132.441737957 HugePages_Surp:        0
1776797132.441737957 Hugepagesize:       2048 kB
1776797132.441737957 Hugetlb:         1048576 kB
1776797133.464239301 MemTotal:        8124504 kB
1776797133.464239301 MemFree:         6434348 kB
1776797133.464239301 MemAvailable:    6672772 kB
1776797133.464239301 Buffers:           29416 kB
1776797133.464239301 Cached:           337412 kB
1776797133.464239301 SwapCached:            0 kB
1776797133.464239301 Active:           352104 kB
1776797133.464239301 Inactive:         102004 kB
1776797133.464239301 Active(anon):      90656 kB
1776797133.464239301 Inactive(anon):        0 kB
1776797133.464239301 Active(file):     261448 kB
1776797133.464239301 Inactive(file):   102004 kB
1776797133.464239301 Unevictable:           0 kB
1776797133.464239301 Mlocked:               0 kB
1776797133.464239301 SwapTotal:             0 kB
1776797133.464239301 SwapFree:              0 kB
1776797133.464239301 Zswap:                 0 kB
1776797133.464239301 Zswapped:              0 kB
1776797133.464239301 Dirty:               212 kB
1776797133.464239301 Writeback:             0 kB
1776797133.464239301 AnonPages:         87312 kB
1776797133.464239301 Mapped:            88776 kB
1776797133.464239301 Shmem:              3456 kB
1776797133.464239301 KReclaimable:      29464 kB
1776797133.464239301 Slab:             118540 kB
1776797133.464239301 SReclaimable:      29464 kB
1776797133.464239301 SUnreclaim:        89076 kB
1776797133.464239301 KernelStack:        2984 kB
1776797133.464239301 PageTables:         3876 kB
1776797133.464239301 SecPageTables:         0 kB
1776797133.464239301 NFS_Unstable:          0 kB
1776797133.464239301 Bounce:                0 kB
1776797133.464239301 WritebackTmp:          0 kB
1776797133.464239301 CommitLimit:     3537964 kB
1776797133.464239301 Committed_AS:     400388 kB
1776797133.464239301 VmallocTotal:   135288315904 kB
1776797133.464239301 VmallocUsed:       18884 kB
1776797133.464239301 VmallocChunk:          0 kB
1776797133.464239301 Percpu:             1504 kB
1776797133.464239301 AnonHugePages:         0 kB
1776797133.464239301 ShmemHugePages:        0 kB
1776797133.464239301 ShmemPmdMapped:        0 kB
1776797133.464239301 FileHugePages:         0 kB
1776797133.464239301 FilePmdMapped:         0 kB
1776797133.464239301 CmaTotal:          65536 kB
1776797133.464239301 CmaFree:           49104 kB
1776797133.464239301 Balloon:               0 kB
1776797133.464239301 HugePages_Total:     512
1776797133.464239301 HugePages_Free:      512
1776797133.464239301 HugePages_Rsvd:        0
1776797133.464239301 HugePages_Surp:        0
1776797133.464239301 Hugepagesize:       2048 kB
1776797133.464239301 Hugetlb:         1048576 kB
1776797134.473904298 MemTotal:        8124504 kB
1776797134.473904298 MemFree:         6435748 kB
1776797134.473904298 MemAvailable:    6674176 kB
1776797134.473904298 Buffers:           29416 kB
1776797134.473904298 Cached:           337416 kB
1776797134.473904298 SwapCached:            0 kB
1776797134.473904298 Active:           351664 kB
1776797134.473904298 Inactive:         102008 kB
1776797134.473904298 Active(anon):      90216 kB
1776797134.473904298 Inactive(anon):        0 kB
1776797134.473904298 Active(file):     261448 kB
1776797134.473904298 Inactive(file):   102008 kB
1776797134.473904298 Unevictable:           0 kB
1776797134.473904298 Mlocked:               0 kB
1776797134.473904298 SwapTotal:             0 kB
1776797134.473904298 SwapFree:              0 kB
1776797134.473904298 Zswap:                 0 kB
1776797134.473904298 Zswapped:              0 kB
1776797134.473904298 Dirty:               216 kB
1776797134.473904298 Writeback:             0 kB
1776797134.473904298 AnonPages:         87020 kB
1776797134.473904298 Mapped:            88748 kB
1776797134.473904298 Shmem:              3456 kB
1776797134.473904298 KReclaimable:      29464 kB
1776797134.473904298 Slab:             118540 kB
1776797134.473904298 SReclaimable:      29464 kB
1776797134.473904298 SUnreclaim:        89076 kB
1776797134.473904298 KernelStack:        3016 kB
1776797134.473904298 PageTables:         3880 kB
1776797134.473904298 SecPageTables:         0 kB
1776797134.473904298 NFS_Unstable:          0 kB
1776797134.473904298 Bounce:                0 kB
1776797134.473904298 WritebackTmp:          0 kB
1776797134.473904298 CommitLimit:     3537964 kB
1776797134.473904298 Committed_AS:     400716 kB
1776797134.473904298 VmallocTotal:   135288315904 kB
1776797134.473904298 VmallocUsed:       18852 kB
1776797134.473904298 VmallocChunk:          0 kB
1776797134.473904298 Percpu:             1504 kB
1776797134.473904298 AnonHugePages:         0 kB
1776797134.473904298 ShmemHugePages:        0 kB
1776797134.473904298 ShmemPmdMapped:        0 kB
1776797134.473904298 FileHugePages:         0 kB
1776797134.473904298 FilePmdMapped:         0 kB
1776797134.473904298 CmaTotal:          65536 kB
1776797134.473904298 CmaFree:           49104 kB
1776797134.473904298 Balloon:               0 kB
1776797134.473904298 HugePages_Total:     512
1776797134.473904298 HugePages_Free:      512
1776797134.473904298 HugePages_Rsvd:        0
1776797134.473904298 HugePages_Surp:        0
1776797134.473904298 Hugepagesize:       2048 kB
1776797134.473904298 Hugetlb:         1048576 kB
1776797135.481905789 MemTotal:        8124504 kB
1776797135.481905789 MemFree:         6435248 kB
1776797135.481905789 MemAvailable:    6673684 kB
1776797135.481905789 Buffers:           29416 kB
1776797135.481905789 Cached:           337428 kB
1776797135.481905789 SwapCached:            0 kB
1776797135.481905789 Active:           352208 kB
1776797135.481905789 Inactive:         102012 kB
1776797135.481905789 Active(anon):      90756 kB
1776797135.481905789 Inactive(anon):        0 kB
1776797135.481905789 Active(file):     261452 kB
1776797135.481905789 Inactive(file):   102012 kB
1776797135.481905789 Unevictable:           0 kB
1776797135.481905789 Mlocked:               0 kB
1776797135.481905789 SwapTotal:             0 kB
1776797135.481905789 SwapFree:              0 kB
1776797135.481905789 Zswap:                 0 kB
1776797135.481905789 Zswapped:              0 kB
1776797135.481905789 Dirty:                52 kB
1776797135.481905789 Writeback:            56 kB
1776797135.481905789 AnonPages:         87464 kB
1776797135.481905789 Mapped:            88500 kB
1776797135.481905789 Shmem:              3456 kB
1776797135.481905789 KReclaimable:      29464 kB
1776797135.481905789 Slab:             118548 kB
1776797135.481905789 SReclaimable:      29464 kB
1776797135.481905789 SUnreclaim:        89084 kB
1776797135.481905789 KernelStack:        2992 kB
1776797135.481905789 PageTables:         3440 kB
1776797135.481905789 SecPageTables:         0 kB
1776797135.481905789 NFS_Unstable:          0 kB
1776797135.481905789 Bounce:                0 kB
1776797135.481905789 WritebackTmp:          0 kB
1776797135.481905789 CommitLimit:     3537964 kB
1776797135.481905789 Committed_AS:     400388 kB
1776797135.481905789 VmallocTotal:   135288315904 kB
1776797135.481905789 VmallocUsed:       18836 kB
1776797135.481905789 VmallocChunk:          0 kB
1776797135.481905789 Percpu:             1504 kB
1776797135.481905789 AnonHugePages:         0 kB
1776797135.481905789 ShmemHugePages:        0 kB
1776797135.481905789 ShmemPmdMapped:        0 kB
1776797135.481905789 FileHugePages:         0 kB
1776797135.481905789 FilePmdMapped:         0 kB
1776797135.481905789 CmaTotal:          65536 kB
1776797135.481905789 CmaFree:           49104 kB
1776797135.481905789 Balloon:               0 kB
1776797135.481905789 HugePages_Total:     512
1776797135.481905789 HugePages_Free:      512
1776797135.481905789 HugePages_Rsvd:        0
1776797135.481905789 HugePages_Surp:        0
1776797135.481905789 Hugepagesize:       2048 kB
1776797135.481905789 Hugetlb:         1048576 kB
1776797136.493962999 MemTotal:        8124504 kB
1776797136.493962999 MemFree:         6435076 kB
1776797136.493962999 MemAvailable:    6673520 kB
1776797136.493962999 Buffers:           29416 kB
1776797136.493962999 Cached:           337428 kB
1776797136.493962999 SwapCached:            0 kB
1776797136.493962999 Active:           352172 kB
1776797136.493962999 Inactive:         102020 kB
1776797136.493962999 Active(anon):      90720 kB
1776797136.493962999 Inactive(anon):        0 kB
1776797136.493962999 Active(file):     261452 kB
1776797136.493962999 Inactive(file):   102020 kB
1776797136.493962999 Unevictable:           0 kB
1776797136.493962999 Mlocked:               0 kB
1776797136.493962999 SwapTotal:             0 kB
1776797136.493962999 SwapFree:              0 kB
1776797136.493962999 Zswap:                 0 kB
1776797136.493962999 Zswapped:              0 kB
1776797136.493962999 Dirty:                72 kB
1776797136.493962999 Writeback:             0 kB
1776797136.493962999 AnonPages:         87464 kB
1776797136.493962999 Mapped:            88540 kB
1776797136.493962999 Shmem:              3456 kB
1776797136.493962999 KReclaimable:      29464 kB
1776797136.493962999 Slab:             118544 kB
1776797136.493962999 SReclaimable:      29464 kB
1776797136.493962999 SUnreclaim:        89080 kB
1776797136.493962999 KernelStack:        2992 kB
1776797136.493962999 PageTables:         3432 kB
1776797136.493962999 SecPageTables:         0 kB
1776797136.493962999 NFS_Unstable:          0 kB
1776797136.493962999 Bounce:                0 kB
1776797136.493962999 WritebackTmp:          0 kB
1776797136.493962999 CommitLimit:     3537964 kB
1776797136.493962999 Committed_AS:     400388 kB
1776797136.493962999 VmallocTotal:   135288315904 kB
1776797136.493962999 VmallocUsed:       18868 kB
1776797136.493962999 VmallocChunk:          0 kB
1776797136.493962999 Percpu:             1504 kB
1776797136.493962999 AnonHugePages:         0 kB
1776797136.493962999 ShmemHugePages:        0 kB
1776797136.493962999 ShmemPmdMapped:        0 kB
1776797136.493962999 FileHugePages:         0 kB
1776797136.493962999 FilePmdMapped:         0 kB
1776797136.493962999 CmaTotal:          65536 kB
1776797136.493962999 CmaFree:           49104 kB
1776797136.493962999 Balloon:               0 kB
1776797136.493962999 HugePages_Total:     512
1776797136.493962999 HugePages_Free:      512
1776797136.493962999 HugePages_Rsvd:        0
1776797136.493962999 HugePages_Surp:        0
1776797136.493962999 Hugepagesize:       2048 kB
1776797136.493962999 Hugetlb:         1048576 kB
