# timestamp field value_kB
1776799325.179893032 MemTotal:        8124504 kB
1776799325.179893032 MemFree:         6356196 kB
1776799325.179893032 MemAvailable:    6638080 kB
1776799325.179893032 Buffers:           32584 kB
1776799325.179893032 Cached:           378180 kB
1776799325.179893032 SwapCached:            0 kB
1776799325.179893032 Active:           403128 kB
1776799325.179893032 Inactive:         111676 kB
1776799325.179893032 Active(anon):     109212 kB
1776799325.179893032 Inactive(anon):        0 kB
1776799325.179893032 Active(file):     293916 kB
1776799325.179893032 Inactive(file):   111676 kB
1776799325.179893032 Unevictable:           0 kB
1776799325.179893032 Mlocked:               0 kB
1776799325.179893032 SwapTotal:             0 kB
1776799325.179893032 SwapFree:              0 kB
1776799325.179893032 Zswap:                 0 kB
1776799325.179893032 Zswapped:              0 kB
1776799325.179893032 Dirty:                 4 kB
1776799325.179893032 Writeback:             0 kB
1776799325.179893032 AnonPages:        104344 kB
1776799325.179893032 Mapped:           105364 kB
1776799325.179893032 Shmem:              5248 kB
1776799325.179893032 KReclaimable:      32104 kB
1776799325.179893032 Slab:             123148 kB
1776799325.179893032 SReclaimable:      32104 kB
1776799325.179893032 SUnreclaim:        91044 kB
1776799325.179893032 KernelStack:        3208 kB
1776799325.179893032 PageTables:         4580 kB
1776799325.179893032 SecPageTables:         0 kB
1776799325.179893032 NFS_Unstable:          0 kB
1776799325.179893032 Bounce:                0 kB
1776799325.179893032 WritebackTmp:          0 kB
1776799325.179893032 CommitLimit:     3537964 kB
1776799325.179893032 Committed_AS:     510852 kB
1776799325.179893032 VmallocTotal:   135288315904 kB
1776799325.179893032 VmallocUsed:       25828 kB
1776799325.179893032 VmallocChunk:          0 kB
1776799325.179893032 Percpu:             1552 kB
1776799325.179893032 AnonHugePages:         0 kB
1776799325.179893032 ShmemHugePages:        0 kB
1776799325.179893032 ShmemPmdMapped:        0 kB
1776799325.179893032 FileHugePages:         0 kB
1776799325.179893032 FilePmdMapped:         0 kB
1776799325.179893032 CmaTotal:          65536 kB
1776799325.179893032 CmaFree:           49104 kB
1776799325.179893032 Balloon:               0 kB
1776799325.179893032 HugePages_Total:     512
1776799325.179893032 HugePages_Free:      469
1776799325.179893032 HugePages_Rsvd:        0
1776799325.179893032 HugePages_Surp:        0
1776799325.179893032 Hugepagesize:       2048 kB
1776799325.179893032 Hugetlb:         1048576 kB
1776799326.190834946 MemTotal:        8124504 kB
1776799326.190834946 MemFree:         6355752 kB
1776799326.190834946 MemAvailable:    6637636 kB
1776799326.190834946 Buffers:           32584 kB
1776799326.190834946 Cached:           378180 kB
1776799326.190834946 SwapCached:            0 kB
1776799326.190834946 Active:           402388 kB
1776799326.190834946 Inactive:         111676 kB
1776799326.190834946 Active(anon):     108472 kB
1776799326.190834946 Inactive(anon):        0 kB
1776799326.190834946 Active(file):     293916 kB
1776799326.190834946 Inactive(file):   111676 kB
1776799326.190834946 Unevictable:           0 kB
1776799326.190834946 Mlocked:               0 kB
1776799326.190834946 SwapTotal:             0 kB
1776799326.190834946 SwapFree:              0 kB
1776799326.190834946 Zswap:                 0 kB
1776799326.190834946 Zswapped:              0 kB
1776799326.190834946 Dirty:                 4 kB
1776799326.190834946 Writeback:             0 kB
1776799326.190834946 AnonPages:        103160 kB
1776799326.190834946 Mapped:           105440 kB
1776799326.190834946 Shmem:              5248 kB
1776799326.190834946 KReclaimable:      32104 kB
1776799326.190834946 Slab:             123148 kB
1776799326.190834946 SReclaimable:      32104 kB
1776799326.190834946 SUnreclaim:        91044 kB
1776799326.190834946 KernelStack:        3128 kB
1776799326.190834946 PageTables:         4284 kB
1776799326.190834946 SecPageTables:         0 kB
1776799326.190834946 NFS_Unstable:          0 kB
1776799326.190834946 Bounce:                0 kB
1776799326.190834946 WritebackTmp:          0 kB
1776799326.190834946 CommitLimit:     3537964 kB
1776799326.190834946 Committed_AS:     508684 kB
1776799326.190834946 VmallocTotal:   135288315904 kB
1776799326.190834946 VmallocUsed:       25812 kB
1776799326.190834946 VmallocChunk:          0 kB
1776799326.190834946 Percpu:             1552 kB
1776799326.190834946 AnonHugePages:         0 kB
1776799326.190834946 ShmemHugePages:        0 kB
1776799326.190834946 ShmemPmdMapped:        0 kB
1776799326.190834946 FileHugePages:         0 kB
1776799326.190834946 FilePmdMapped:         0 kB
1776799326.190834946 CmaTotal:          65536 kB
1776799326.190834946 CmaFree:           49104 kB
1776799326.190834946 Balloon:               0 kB
1776799326.190834946 HugePages_Total:     512
1776799326.190834946 HugePages_Free:      469
1776799326.190834946 HugePages_Rsvd:        0
1776799326.190834946 HugePages_Surp:        0
1776799326.190834946 Hugepagesize:       2048 kB
1776799326.190834946 Hugetlb:         1048576 kB
1776799327.197755829 MemTotal:        8124504 kB
1776799327.197755829 MemFree:         6353580 kB
1776799327.197755829 MemAvailable:    6635304 kB
1776799327.197755829 Buffers:           32584 kB
1776799327.197755829 Cached:           378004 kB
1776799327.197755829 SwapCached:            0 kB
1776799327.197755829 Active:           402320 kB
1776799327.197755829 Inactive:         111508 kB
1776799327.197755829 Active(anon):     108396 kB
1776799327.197755829 Inactive(anon):        0 kB
1776799327.197755829 Active(file):     293924 kB
1776799327.197755829 Inactive(file):   111508 kB
1776799327.197755829 Unevictable:           0 kB
1776799327.197755829 Mlocked:               0 kB
1776799327.197755829 SwapTotal:             0 kB
1776799327.197755829 SwapFree:              0 kB
1776799327.197755829 Zswap:                 0 kB
1776799327.197755829 Zswapped:              0 kB
1776799327.197755829 Dirty:                28 kB
1776799327.197755829 Writeback:             0 kB
1776799327.197755829 AnonPages:        103384 kB
1776799327.197755829 Mapped:           105384 kB
1776799327.197755829 Shmem:              5248 kB
1776799327.197755829 KReclaimable:      32104 kB
1776799327.197755829 Slab:             123332 kB
1776799327.197755829 SReclaimable:      32104 kB
1776799327.197755829 SUnreclaim:        91228 kB
1776799327.197755829 KernelStack:        3152 kB
1776799327.197755829 PageTables:         4228 kB
1776799327.197755829 SecPageTables:         0 kB
1776799327.197755829 NFS_Unstable:          0 kB
1776799327.197755829 Bounce:                0 kB
1776799327.197755829 WritebackTmp:          0 kB
1776799327.197755829 CommitLimit:     3537964 kB
1776799327.197755829 Committed_AS:     508684 kB
1776799327.197755829 VmallocTotal:   135288315904 kB
1776799327.197755829 VmallocUsed:       25812 kB
1776799327.197755829 VmallocChunk:          0 kB
1776799327.197755829 Percpu:             1552 kB
1776799327.197755829 AnonHugePages:         0 kB
1776799327.197755829 ShmemHugePages:        0 kB
1776799327.197755829 ShmemPmdMapped:        0 kB
1776799327.197755829 FileHugePages:         0 kB
1776799327.197755829 FilePmdMapped:         0 kB
1776799327.197755829 CmaTotal:          65536 kB
1776799327.197755829 CmaFree:           49104 kB
1776799327.197755829 Balloon:               0 kB
1776799327.197755829 HugePages_Total:     512
1776799327.197755829 HugePages_Free:      469
1776799327.197755829 HugePages_Rsvd:        0
1776799327.197755829 HugePages_Surp:        0
1776799327.197755829 Hugepagesize:       2048 kB
1776799327.197755829 Hugetlb:         1048576 kB
1776799328.204638842 MemTotal:        8124504 kB
1776799328.204638842 MemFree:         6354388 kB
1776799328.204638842 MemAvailable:    6636112 kB
1776799328.204638842 Buffers:           32584 kB
1776799328.204638842 Cached:           378008 kB
1776799328.204638842 SwapCached:            0 kB
1776799328.204638842 Active:           402336 kB
1776799328.204638842 Inactive:         111508 kB
1776799328.204638842 Active(anon):     108412 kB
1776799328.204638842 Inactive(anon):        0 kB
1776799328.204638842 Active(file):     293924 kB
1776799328.204638842 Inactive(file):   111508 kB
1776799328.204638842 Unevictable:           0 kB
1776799328.204638842 Mlocked:               0 kB
1776799328.204638842 SwapTotal:             0 kB
1776799328.204638842 SwapFree:              0 kB
1776799328.204638842 Zswap:                 0 kB
1776799328.204638842 Zswapped:              0 kB
1776799328.204638842 Dirty:                32 kB
1776799328.204638842 Writeback:             0 kB
1776799328.204638842 AnonPages:        103384 kB
1776799328.204638842 Mapped:           105384 kB
1776799328.204638842 Shmem:              5248 kB
1776799328.204638842 KReclaimable:      32104 kB
1776799328.204638842 Slab:             123292 kB
1776799328.204638842 SReclaimable:      32104 kB
1776799328.204638842 SUnreclaim:        91188 kB
1776799328.204638842 KernelStack:        3152 kB
1776799328.204638842 PageTables:         4220 kB
1776799328.204638842 SecPageTables:         0 kB
1776799328.204638842 NFS_Unstable:          0 kB
1776799328.204638842 Bounce:                0 kB
1776799328.204638842 WritebackTmp:          0 kB
1776799328.204638842 CommitLimit:     3537964 kB
1776799328.204638842 Committed_AS:     508684 kB
1776799328.204638842 VmallocTotal:   135288315904 kB
1776799328.204638842 VmallocUsed:       25812 kB
1776799328.204638842 VmallocChunk:          0 kB
1776799328.204638842 Percpu:             1552 kB
1776799328.204638842 AnonHugePages:         0 kB
1776799328.204638842 ShmemHugePages:        0 kB
1776799328.204638842 ShmemPmdMapped:        0 kB
1776799328.204638842 FileHugePages:         0 kB
1776799328.204638842 FilePmdMapped:         0 kB
1776799328.204638842 CmaTotal:          65536 kB
1776799328.204638842 CmaFree:           49104 kB
1776799328.204638842 Balloon:               0 kB
1776799328.204638842 HugePages_Total:     512
1776799328.204638842 HugePages_Free:      469
1776799328.204638842 HugePages_Rsvd:        0
1776799328.204638842 HugePages_Surp:        0
1776799328.204638842 Hugepagesize:       2048 kB
1776799328.204638842 Hugetlb:         1048576 kB
1776799329.211552373 MemTotal:        8124504 kB
1776799329.211552373 MemFree:         6355396 kB
1776799329.211552373 MemAvailable:    6637128 kB
1776799329.211552373 Buffers:           32584 kB
1776799329.211552373 Cached:           378012 kB
1776799329.211552373 SwapCached:            0 kB
1776799329.211552373 Active:           402316 kB
1776799329.211552373 Inactive:         111516 kB
1776799329.211552373 Active(anon):     108392 kB
1776799329.211552373 Inactive(anon):        0 kB
1776799329.211552373 Active(file):     293924 kB
1776799329.211552373 Inactive(file):   111516 kB
1776799329.211552373 Unevictable:           0 kB
1776799329.211552373 Mlocked:               0 kB
1776799329.211552373 SwapTotal:             0 kB
1776799329.211552373 SwapFree:              0 kB
1776799329.211552373 Zswap:                 0 kB
1776799329.211552373 Zswapped:              0 kB
1776799329.211552373 Dirty:                36 kB
1776799329.211552373 Writeback:             0 kB
1776799329.211552373 AnonPages:        103380 kB
1776799329.211552373 Mapped:           105384 kB
1776799329.211552373 Shmem:              5248 kB
1776799329.211552373 KReclaimable:      32104 kB
1776799329.211552373 Slab:             123292 kB
1776799329.211552373 SReclaimable:      32104 kB
1776799329.211552373 SUnreclaim:        91188 kB
1776799329.211552373 KernelStack:        3152 kB
1776799329.211552373 PageTables:         4224 kB
1776799329.211552373 SecPageTables:         0 kB
1776799329.211552373 NFS_Unstable:          0 kB
1776799329.211552373 Bounce:                0 kB
1776799329.211552373 WritebackTmp:          0 kB
1776799329.211552373 CommitLimit:     3537964 kB
1776799329.211552373 Committed_AS:     508684 kB
1776799329.211552373 VmallocTotal:   135288315904 kB
1776799329.211552373 VmallocUsed:       25812 kB
1776799329.211552373 VmallocChunk:          0 kB
1776799329.211552373 Percpu:             1552 kB
1776799329.211552373 AnonHugePages:         0 kB
1776799329.211552373 ShmemHugePages:        0 kB
1776799329.211552373 ShmemPmdMapped:        0 kB
1776799329.211552373 FileHugePages:         0 kB
1776799329.211552373 FilePmdMapped:         0 kB
1776799329.211552373 CmaTotal:          65536 kB
1776799329.211552373 CmaFree:           49104 kB
1776799329.211552373 Balloon:               0 kB
1776799329.211552373 HugePages_Total:     512
1776799329.211552373 HugePages_Free:      469
1776799329.211552373 HugePages_Rsvd:        0
1776799329.211552373 HugePages_Surp:        0
1776799329.211552373 Hugepagesize:       2048 kB
1776799329.211552373 Hugetlb:         1048576 kB
1776799330.218505941 MemTotal:        8124504 kB
1776799330.218505941 MemFree:         6355248 kB
1776799330.218505941 MemAvailable:    6636988 kB
1776799330.218505941 Buffers:           32592 kB
1776799330.218505941 Cached:           378016 kB
1776799330.218505941 SwapCached:            0 kB
1776799330.218505941 Active:           402348 kB
1776799330.218505941 Inactive:         111520 kB
1776799330.218505941 Active(anon):     108424 kB
1776799330.218505941 Inactive(anon):        0 kB
1776799330.218505941 Active(file):     293924 kB
1776799330.218505941 Inactive(file):   111520 kB
1776799330.218505941 Unevictable:           0 kB
1776799330.218505941 Mlocked:               0 kB
1776799330.218505941 SwapTotal:             0 kB
1776799330.218505941 SwapFree:              0 kB
1776799330.218505941 Zswap:                 0 kB
1776799330.218505941 Zswapped:              0 kB
1776799330.218505941 Dirty:                68 kB
1776799330.218505941 Writeback:             0 kB
1776799330.218505941 AnonPages:        103380 kB
1776799330.218505941 Mapped:           105384 kB
1776799330.218505941 Shmem:              5248 kB
1776799330.218505941 KReclaimable:      32108 kB
1776799330.218505941 Slab:             123364 kB
1776799330.218505941 SReclaimable:      32108 kB
1776799330.218505941 SUnreclaim:        91256 kB
1776799330.218505941 KernelStack:        3152 kB
1776799330.218505941 PageTables:         4224 kB
1776799330.218505941 SecPageTables:         0 kB
1776799330.218505941 NFS_Unstable:          0 kB
1776799330.218505941 Bounce:                0 kB
1776799330.218505941 WritebackTmp:          0 kB
1776799330.218505941 CommitLimit:     3537964 kB
1776799330.218505941 Committed_AS:     508684 kB
1776799330.218505941 VmallocTotal:   135288315904 kB
1776799330.218505941 VmallocUsed:       25812 kB
1776799330.218505941 VmallocChunk:          0 kB
1776799330.218505941 Percpu:             1552 kB
1776799330.218505941 AnonHugePages:         0 kB
1776799330.218505941 ShmemHugePages:        0 kB
1776799330.218505941 ShmemPmdMapped:        0 kB
1776799330.218505941 FileHugePages:         0 kB
1776799330.218505941 FilePmdMapped:         0 kB
1776799330.218505941 CmaTotal:          65536 kB
1776799330.218505941 CmaFree:           49104 kB
1776799330.218505941 Balloon:               0 kB
1776799330.218505941 HugePages_Total:     512
1776799330.218505941 HugePages_Free:      469
1776799330.218505941 HugePages_Rsvd:        0
1776799330.218505941 HugePages_Surp:        0
1776799330.218505941 Hugepagesize:       2048 kB
1776799330.218505941 Hugetlb:         1048576 kB
1776799331.225381417 MemTotal:        8124504 kB
1776799331.225381417 MemFree:         6355572 kB
1776799331.225381417 MemAvailable:    6637324 kB
1776799331.225381417 Buffers:           32592 kB
1776799331.225381417 Cached:           378020 kB
1776799331.225381417 SwapCached:            0 kB
1776799331.225381417 Active:           402312 kB
1776799331.225381417 Inactive:         111532 kB
1776799331.225381417 Active(anon):     108388 kB
1776799331.225381417 Inactive(anon):        0 kB
1776799331.225381417 Active(file):     293924 kB
1776799331.225381417 Inactive(file):   111532 kB
1776799331.225381417 Unevictable:           0 kB
1776799331.225381417 Mlocked:               0 kB
1776799331.225381417 SwapTotal:             0 kB
1776799331.225381417 SwapFree:              0 kB
1776799331.225381417 Zswap:                 0 kB
1776799331.225381417 Zswapped:              0 kB
1776799331.225381417 Dirty:                72 kB
1776799331.225381417 Writeback:             0 kB
1776799331.225381417 AnonPages:        103380 kB
1776799331.225381417 Mapped:           105384 kB
1776799331.225381417 Shmem:              5248 kB
1776799331.225381417 KReclaimable:      32108 kB
1776799331.225381417 Slab:             123320 kB
1776799331.225381417 SReclaimable:      32108 kB
1776799331.225381417 SUnreclaim:        91212 kB
1776799331.225381417 KernelStack:        3152 kB
1776799331.225381417 PageTables:         4228 kB
1776799331.225381417 SecPageTables:         0 kB
1776799331.225381417 NFS_Unstable:          0 kB
1776799331.225381417 Bounce:                0 kB
1776799331.225381417 WritebackTmp:          0 kB
1776799331.225381417 CommitLimit:     3537964 kB
1776799331.225381417 Committed_AS:     508684 kB
1776799331.225381417 VmallocTotal:   135288315904 kB
1776799331.225381417 VmallocUsed:       25812 kB
1776799331.225381417 VmallocChunk:          0 kB
1776799331.225381417 Percpu:             1552 kB
1776799331.225381417 AnonHugePages:         0 kB
1776799331.225381417 ShmemHugePages:        0 kB
1776799331.225381417 ShmemPmdMapped:        0 kB
1776799331.225381417 FileHugePages:         0 kB
1776799331.225381417 FilePmdMapped:         0 kB
1776799331.225381417 CmaTotal:          65536 kB
1776799331.225381417 CmaFree:           49104 kB
1776799331.225381417 Balloon:               0 kB
1776799331.225381417 HugePages_Total:     512
1776799331.225381417 HugePages_Free:      469
1776799331.225381417 HugePages_Rsvd:        0
1776799331.225381417 HugePages_Surp:        0
1776799331.225381417 Hugepagesize:       2048 kB
1776799331.225381417 Hugetlb:         1048576 kB
1776799332.232258244 MemTotal:        8124504 kB
1776799332.232258244 MemFree:         6356960 kB
1776799332.232258244 MemAvailable:    6638716 kB
1776799332.232258244 Buffers:           32592 kB
1776799332.232258244 Cached:           378032 kB
1776799332.232258244 SwapCached:            0 kB
1776799332.232258244 Active:           402336 kB
1776799332.232258244 Inactive:         111536 kB
1776799332.232258244 Active(anon):     108412 kB
1776799332.232258244 Inactive(anon):        0 kB
1776799332.232258244 Active(file):     293924 kB
1776799332.232258244 Inactive(file):   111536 kB
1776799332.232258244 Unevictable:           0 kB
1776799332.232258244 Mlocked:               0 kB
1776799332.232258244 SwapTotal:             0 kB
1776799332.232258244 SwapFree:              0 kB
1776799332.232258244 Zswap:                 0 kB
1776799332.232258244 Zswapped:              0 kB
1776799332.232258244 Dirty:                84 kB
1776799332.232258244 Writeback:             0 kB
1776799332.232258244 AnonPages:        103380 kB
1776799332.232258244 Mapped:           105384 kB
1776799332.232258244 Shmem:              5248 kB
1776799332.232258244 KReclaimable:      32108 kB
1776799332.232258244 Slab:             123296 kB
1776799332.232258244 SReclaimable:      32108 kB
1776799332.232258244 SUnreclaim:        91188 kB
1776799332.232258244 KernelStack:        3152 kB
1776799332.232258244 PageTables:         4220 kB
1776799332.232258244 SecPageTables:         0 kB
1776799332.232258244 NFS_Unstable:          0 kB
1776799332.232258244 Bounce:                0 kB
1776799332.232258244 WritebackTmp:          0 kB
1776799332.232258244 CommitLimit:     3537964 kB
1776799332.232258244 Committed_AS:     508684 kB
1776799332.232258244 VmallocTotal:   135288315904 kB
1776799332.232258244 VmallocUsed:       25812 kB
1776799332.232258244 VmallocChunk:          0 kB
1776799332.232258244 Percpu:             1552 kB
1776799332.232258244 AnonHugePages:         0 kB
1776799332.232258244 ShmemHugePages:        0 kB
1776799332.232258244 ShmemPmdMapped:        0 kB
1776799332.232258244 FileHugePages:         0 kB
1776799332.232258244 FilePmdMapped:         0 kB
1776799332.232258244 CmaTotal:          65536 kB
1776799332.232258244 CmaFree:           49104 kB
1776799332.232258244 Balloon:               0 kB
1776799332.232258244 HugePages_Total:     512
1776799332.232258244 HugePages_Free:      469
1776799332.232258244 HugePages_Rsvd:        0
1776799332.232258244 HugePages_Surp:        0
1776799332.232258244 Hugepagesize:       2048 kB
1776799332.232258244 Hugetlb:         1048576 kB
1776799333.239179998 MemTotal:        8124504 kB
1776799333.239179998 MemFree:         6356932 kB
1776799333.239179998 MemAvailable:    6638700 kB
1776799333.239179998 Buffers:           32592 kB
1776799333.239179998 Cached:           378036 kB
1776799333.239179998 SwapCached:            0 kB
1776799333.239179998 Active:           402324 kB
1776799333.239179998 Inactive:         111548 kB
1776799333.239179998 Active(anon):     108400 kB
1776799333.239179998 Inactive(anon):        0 kB
1776799333.239179998 Active(file):     293924 kB
1776799333.239179998 Inactive(file):   111548 kB
1776799333.239179998 Unevictable:           0 kB
1776799333.239179998 Mlocked:               0 kB
1776799333.239179998 SwapTotal:             0 kB
1776799333.239179998 SwapFree:              0 kB
1776799333.239179998 Zswap:                 0 kB
1776799333.239179998 Zswapped:              0 kB
1776799333.239179998 Dirty:                88 kB
1776799333.239179998 Writeback:             0 kB
1776799333.239179998 AnonPages:        103380 kB
1776799333.239179998 Mapped:           105384 kB
1776799333.239179998 Shmem:              5248 kB
1776799333.239179998 KReclaimable:      32108 kB
1776799333.239179998 Slab:             123280 kB
1776799333.239179998 SReclaimable:      32108 kB
1776799333.239179998 SUnreclaim:        91172 kB
1776799333.239179998 KernelStack:        3152 kB
1776799333.239179998 PageTables:         4228 kB
1776799333.239179998 SecPageTables:         0 kB
1776799333.239179998 NFS_Unstable:          0 kB
1776799333.239179998 Bounce:                0 kB
1776799333.239179998 WritebackTmp:          0 kB
1776799333.239179998 CommitLimit:     3537964 kB
1776799333.239179998 Committed_AS:     508684 kB
1776799333.239179998 VmallocTotal:   135288315904 kB
1776799333.239179998 VmallocUsed:       25812 kB
1776799333.239179998 VmallocChunk:          0 kB
1776799333.239179998 Percpu:             1552 kB
1776799333.239179998 AnonHugePages:         0 kB
1776799333.239179998 ShmemHugePages:        0 kB
1776799333.239179998 ShmemPmdMapped:        0 kB
1776799333.239179998 FileHugePages:         0 kB
1776799333.239179998 FilePmdMapped:         0 kB
1776799333.239179998 CmaTotal:          65536 kB
1776799333.239179998 CmaFree:           49104 kB
1776799333.239179998 Balloon:               0 kB
1776799333.239179998 HugePages_Total:     512
1776799333.239179998 HugePages_Free:      469
1776799333.239179998 HugePages_Rsvd:        0
1776799333.239179998 HugePages_Surp:        0
1776799333.239179998 Hugepagesize:       2048 kB
1776799333.239179998 Hugetlb:         1048576 kB
1776799334.246965568 MemTotal:        8124504 kB
1776799334.246965568 MemFree:         6356872 kB
1776799334.246965568 MemAvailable:    6638640 kB
1776799334.246965568 Buffers:           32592 kB
1776799334.246965568 Cached:           378036 kB
1776799334.246965568 SwapCached:            0 kB
1776799334.246965568 Active:           402348 kB
1776799334.246965568 Inactive:         111548 kB
1776799334.246965568 Active(anon):     108424 kB
1776799334.246965568 Inactive(anon):        0 kB
1776799334.246965568 Active(file):     293924 kB
1776799334.246965568 Inactive(file):   111548 kB
1776799334.246965568 Unevictable:           0 kB
1776799334.246965568 Mlocked:               0 kB
1776799334.246965568 SwapTotal:             0 kB
1776799334.246965568 SwapFree:              0 kB
1776799334.246965568 Zswap:                 0 kB
1776799334.246965568 Zswapped:              0 kB
1776799334.246965568 Dirty:                88 kB
1776799334.246965568 Writeback:             0 kB
1776799334.246965568 AnonPages:        103388 kB
1776799334.246965568 Mapped:           105384 kB
1776799334.246965568 Shmem:              5248 kB
1776799334.246965568 KReclaimable:      32108 kB
1776799334.246965568 Slab:             123384 kB
1776799334.246965568 SReclaimable:      32108 kB
1776799334.246965568 SUnreclaim:        91276 kB
1776799334.246965568 KernelStack:        3152 kB
1776799334.246965568 PageTables:         4220 kB
1776799334.246965568 SecPageTables:         0 kB
1776799334.246965568 NFS_Unstable:          0 kB
1776799334.246965568 Bounce:                0 kB
1776799334.246965568 WritebackTmp:          0 kB
1776799334.246965568 CommitLimit:     3537964 kB
1776799334.246965568 Committed_AS:     508684 kB
1776799334.246965568 VmallocTotal:   135288315904 kB
1776799334.246965568 VmallocUsed:       25812 kB
1776799334.246965568 VmallocChunk:          0 kB
1776799334.246965568 Percpu:             1552 kB
1776799334.246965568 AnonHugePages:         0 kB
1776799334.246965568 ShmemHugePages:        0 kB
1776799334.246965568 ShmemPmdMapped:        0 kB
1776799334.246965568 FileHugePages:         0 kB
1776799334.246965568 FilePmdMapped:         0 kB
1776799334.246965568 CmaTotal:          65536 kB
1776799334.246965568 CmaFree:           49104 kB
1776799334.246965568 Balloon:               0 kB
1776799334.246965568 HugePages_Total:     512
1776799334.246965568 HugePages_Free:      469
1776799334.246965568 HugePages_Rsvd:        0
1776799334.246965568 HugePages_Surp:        0
1776799334.246965568 Hugepagesize:       2048 kB
1776799334.246965568 Hugetlb:         1048576 kB
1776799335.255648882 MemTotal:        8124504 kB
1776799335.255648882 MemFree:         6355352 kB
1776799335.255648882 MemAvailable:    6637124 kB
1776799335.255648882 Buffers:           32600 kB
1776799335.255648882 Cached:           378040 kB
1776799335.255648882 SwapCached:            0 kB
1776799335.255648882 Active:           402312 kB
1776799335.255648882 Inactive:         111552 kB
1776799335.255648882 Active(anon):     108388 kB
1776799335.255648882 Inactive(anon):        0 kB
1776799335.255648882 Active(file):     293924 kB
1776799335.255648882 Inactive(file):   111552 kB
1776799335.255648882 Unevictable:           0 kB
1776799335.255648882 Mlocked:               0 kB
1776799335.255648882 SwapTotal:             0 kB
1776799335.255648882 SwapFree:              0 kB
1776799335.255648882 Zswap:                 0 kB
1776799335.255648882 Zswapped:              0 kB
1776799335.255648882 Dirty:                92 kB
1776799335.255648882 Writeback:             0 kB
1776799335.255648882 AnonPages:        103380 kB
1776799335.255648882 Mapped:           105384 kB
1776799335.255648882 Shmem:              5248 kB
1776799335.255648882 KReclaimable:      32108 kB
1776799335.255648882 Slab:             123356 kB
1776799335.255648882 SReclaimable:      32108 kB
1776799335.255648882 SUnreclaim:        91248 kB
1776799335.255648882 KernelStack:        3152 kB
1776799335.255648882 PageTables:         4220 kB
1776799335.255648882 SecPageTables:         0 kB
1776799335.255648882 NFS_Unstable:          0 kB
1776799335.255648882 Bounce:                0 kB
1776799335.255648882 WritebackTmp:          0 kB
1776799335.255648882 CommitLimit:     3537964 kB
1776799335.255648882 Committed_AS:     508684 kB
1776799335.255648882 VmallocTotal:   135288315904 kB
1776799335.255648882 VmallocUsed:       25812 kB
1776799335.255648882 VmallocChunk:          0 kB
1776799335.255648882 Percpu:             1552 kB
1776799335.255648882 AnonHugePages:         0 kB
1776799335.255648882 ShmemHugePages:        0 kB
1776799335.255648882 ShmemPmdMapped:        0 kB
1776799335.255648882 FileHugePages:         0 kB
1776799335.255648882 FilePmdMapped:         0 kB
1776799335.255648882 CmaTotal:          65536 kB
1776799335.255648882 CmaFree:           49104 kB
1776799335.255648882 Balloon:               0 kB
1776799335.255648882 HugePages_Total:     512
1776799335.255648882 HugePages_Free:      469
1776799335.255648882 HugePages_Rsvd:        0
1776799335.255648882 HugePages_Surp:        0
1776799335.255648882 Hugepagesize:       2048 kB
1776799335.255648882 Hugetlb:         1048576 kB
1776799336.264882772 MemTotal:        8124504 kB
1776799336.264882772 MemFree:         6345464 kB
1776799336.264882772 MemAvailable:    6627284 kB
1776799336.264882772 Buffers:           32608 kB
1776799336.264882772 Cached:           378048 kB
1776799336.264882772 SwapCached:            0 kB
1776799336.264882772 Active:           408600 kB
1776799336.264882772 Inactive:         111568 kB
1776799336.264882772 Active(anon):     114668 kB
1776799336.264882772 Inactive(anon):        0 kB
1776799336.264882772 Active(file):     293932 kB
1776799336.264882772 Inactive(file):   111568 kB
1776799336.264882772 Unevictable:           0 kB
1776799336.264882772 Mlocked:               0 kB
1776799336.264882772 SwapTotal:             0 kB
1776799336.264882772 SwapFree:              0 kB
1776799336.264882772 Zswap:                 0 kB
1776799336.264882772 Zswapped:              0 kB
1776799336.264882772 Dirty:              2876 kB
1776799336.264882772 Writeback:             0 kB
1776799336.264882772 AnonPages:        109516 kB
1776799336.264882772 Mapped:           129180 kB
1776799336.264882772 Shmem:              5252 kB
1776799336.264882772 KReclaimable:      32160 kB
1776799336.264882772 Slab:             123744 kB
1776799336.264882772 SReclaimable:      32160 kB
1776799336.264882772 SUnreclaim:        91584 kB
1776799336.264882772 KernelStack:        3264 kB
1776799336.264882772 PageTables:         4444 kB
1776799336.264882772 SecPageTables:         0 kB
1776799336.264882772 NFS_Unstable:          0 kB
1776799336.264882772 Bounce:                0 kB
1776799336.264882772 WritebackTmp:          0 kB
1776799336.264882772 CommitLimit:     3537964 kB
1776799336.264882772 Committed_AS:     556660 kB
1776799336.264882772 VmallocTotal:   135288315904 kB
1776799336.264882772 VmallocUsed:       25992 kB
1776799336.264882772 VmallocChunk:          0 kB
1776799336.264882772 Percpu:             1600 kB
1776799336.264882772 AnonHugePages:         0 kB
1776799336.264882772 ShmemHugePages:        0 kB
1776799336.264882772 ShmemPmdMapped:        0 kB
1776799336.264882772 FileHugePages:         0 kB
1776799336.264882772 FilePmdMapped:         0 kB
1776799336.264882772 CmaTotal:          65536 kB
1776799336.264882772 CmaFree:           49104 kB
1776799336.264882772 Balloon:               0 kB
1776799336.264882772 HugePages_Total:     512
1776799336.264882772 HugePages_Free:      469
1776799336.264882772 HugePages_Rsvd:        0
1776799336.264882772 HugePages_Surp:        0
1776799336.264882772 Hugepagesize:       2048 kB
1776799336.264882772 Hugetlb:         1048576 kB
1776799337.274764497 MemTotal:        8124504 kB
1776799337.274764497 MemFree:         6341932 kB
1776799337.274764497 MemAvailable:    6623760 kB
1776799337.274764497 Buffers:           32608 kB
1776799337.274764497 Cached:           378056 kB
1776799337.274764497 SwapCached:            0 kB
1776799337.274764497 Active:           408428 kB
1776799337.274764497 Inactive:         111580 kB
1776799337.274764497 Active(anon):     114500 kB
1776799337.274764497 Inactive(anon):        0 kB
1776799337.274764497 Active(file):     293928 kB
1776799337.274764497 Inactive(file):   111580 kB
1776799337.274764497 Unevictable:           0 kB
1776799337.274764497 Mlocked:               0 kB
1776799337.274764497 SwapTotal:             0 kB
1776799337.274764497 SwapFree:              0 kB
1776799337.274764497 Zswap:                 0 kB
1776799337.274764497 Zswapped:              0 kB
1776799337.274764497 Dirty:              2884 kB
1776799337.274764497 Writeback:             0 kB
1776799337.274764497 AnonPages:        109516 kB
1776799337.274764497 Mapped:           129180 kB
1776799337.274764497 Shmem:              5252 kB
1776799337.274764497 KReclaimable:      32160 kB
1776799337.274764497 Slab:             123796 kB
1776799337.274764497 SReclaimable:      32160 kB
1776799337.274764497 SUnreclaim:        91636 kB
1776799337.274764497 KernelStack:        3264 kB
1776799337.274764497 PageTables:         4452 kB
1776799337.274764497 SecPageTables:         0 kB
1776799337.274764497 NFS_Unstable:          0 kB
1776799337.274764497 Bounce:                0 kB
1776799337.274764497 WritebackTmp:          0 kB
1776799337.274764497 CommitLimit:     3537964 kB
1776799337.274764497 Committed_AS:     556660 kB
1776799337.274764497 VmallocTotal:   135288315904 kB
1776799337.274764497 VmallocUsed:       26008 kB
1776799337.274764497 VmallocChunk:          0 kB
1776799337.274764497 Percpu:             1600 kB
1776799337.274764497 AnonHugePages:         0 kB
1776799337.274764497 ShmemHugePages:        0 kB
1776799337.274764497 ShmemPmdMapped:        0 kB
1776799337.274764497 FileHugePages:         0 kB
1776799337.274764497 FilePmdMapped:         0 kB
1776799337.274764497 CmaTotal:          65536 kB
1776799337.274764497 CmaFree:           49104 kB
1776799337.274764497 Balloon:               0 kB
1776799337.274764497 HugePages_Total:     512
1776799337.274764497 HugePages_Free:      469
1776799337.274764497 HugePages_Rsvd:        0
1776799337.274764497 HugePages_Surp:        0
1776799337.274764497 Hugepagesize:       2048 kB
1776799337.274764497 Hugetlb:         1048576 kB
1776799338.284458611 MemTotal:        8124504 kB
1776799338.284458611 MemFree:         6341316 kB
1776799338.284458611 MemAvailable:    6623152 kB
1776799338.284458611 Buffers:           32608 kB
1776799338.284458611 Cached:           378060 kB
1776799338.284458611 SwapCached:            0 kB
1776799338.284458611 Active:           408512 kB
1776799338.284458611 Inactive:         111584 kB
1776799338.284458611 Active(anon):     114580 kB
1776799338.284458611 Inactive(anon):        0 kB
1776799338.284458611 Active(file):     293932 kB
1776799338.284458611 Inactive(file):   111584 kB
1776799338.284458611 Unevictable:           0 kB
1776799338.284458611 Mlocked:               0 kB
1776799338.284458611 SwapTotal:             0 kB
1776799338.284458611 SwapFree:              0 kB
1776799338.284458611 Zswap:                 0 kB
1776799338.284458611 Zswapped:              0 kB
1776799338.284458611 Dirty:              2888 kB
1776799338.284458611 Writeback:             0 kB
1776799338.284458611 AnonPages:        109512 kB
1776799338.284458611 Mapped:           129180 kB
1776799338.284458611 Shmem:              5252 kB
1776799338.284458611 KReclaimable:      32160 kB
1776799338.284458611 Slab:             123724 kB
1776799338.284458611 SReclaimable:      32160 kB
1776799338.284458611 SUnreclaim:        91564 kB
1776799338.284458611 KernelStack:        3264 kB
1776799338.284458611 PageTables:         4444 kB
1776799338.284458611 SecPageTables:         0 kB
1776799338.284458611 NFS_Unstable:          0 kB
1776799338.284458611 Bounce:                0 kB
1776799338.284458611 WritebackTmp:          0 kB
1776799338.284458611 CommitLimit:     3537964 kB
1776799338.284458611 Committed_AS:     556660 kB
1776799338.284458611 VmallocTotal:   135288315904 kB
1776799338.284458611 VmallocUsed:       25992 kB
1776799338.284458611 VmallocChunk:          0 kB
1776799338.284458611 Percpu:             1600 kB
1776799338.284458611 AnonHugePages:         0 kB
1776799338.284458611 ShmemHugePages:        0 kB
1776799338.284458611 ShmemPmdMapped:        0 kB
1776799338.284458611 FileHugePages:         0 kB
1776799338.284458611 FilePmdMapped:         0 kB
1776799338.284458611 CmaTotal:          65536 kB
1776799338.284458611 CmaFree:           49104 kB
1776799338.284458611 Balloon:               0 kB
1776799338.284458611 HugePages_Total:     512
1776799338.284458611 HugePages_Free:      469
1776799338.284458611 HugePages_Rsvd:        0
1776799338.284458611 HugePages_Surp:        0
1776799338.284458611 Hugepagesize:       2048 kB
1776799338.284458611 Hugetlb:         1048576 kB
1776799339.294225243 MemTotal:        8124504 kB
1776799339.294225243 MemFree:         6335392 kB
1776799339.294225243 MemAvailable:    6617228 kB
1776799339.294225243 Buffers:           32608 kB
1776799339.294225243 Cached:           378068 kB
1776799339.294225243 SwapCached:            0 kB
1776799339.294225243 Active:           408484 kB
1776799339.294225243 Inactive:         111588 kB
1776799339.294225243 Active(anon):     114556 kB
1776799339.294225243 Inactive(anon):        0 kB
1776799339.294225243 Active(file):     293928 kB
1776799339.294225243 Inactive(file):   111588 kB
1776799339.294225243 Unevictable:           0 kB
1776799339.294225243 Mlocked:               0 kB
1776799339.294225243 SwapTotal:             0 kB
1776799339.294225243 SwapFree:              0 kB
1776799339.294225243 Zswap:                 0 kB
1776799339.294225243 Zswapped:              0 kB
1776799339.294225243 Dirty:              2896 kB
1776799339.294225243 Writeback:             0 kB
1776799339.294225243 AnonPages:        109508 kB
1776799339.294225243 Mapped:           129180 kB
1776799339.294225243 Shmem:              5252 kB
1776799339.294225243 KReclaimable:      32160 kB
1776799339.294225243 Slab:             123800 kB
1776799339.294225243 SReclaimable:      32160 kB
1776799339.294225243 SUnreclaim:        91640 kB
1776799339.294225243 KernelStack:        3264 kB
1776799339.294225243 PageTables:         4456 kB
1776799339.294225243 SecPageTables:         0 kB
1776799339.294225243 NFS_Unstable:          0 kB
1776799339.294225243 Bounce:                0 kB
1776799339.294225243 WritebackTmp:          0 kB
1776799339.294225243 CommitLimit:     3537964 kB
1776799339.294225243 Committed_AS:     556660 kB
1776799339.294225243 VmallocTotal:   135288315904 kB
1776799339.294225243 VmallocUsed:       26008 kB
1776799339.294225243 VmallocChunk:          0 kB
1776799339.294225243 Percpu:             1600 kB
1776799339.294225243 AnonHugePages:         0 kB
1776799339.294225243 ShmemHugePages:        0 kB
1776799339.294225243 ShmemPmdMapped:        0 kB
1776799339.294225243 FileHugePages:         0 kB
1776799339.294225243 FilePmdMapped:         0 kB
1776799339.294225243 CmaTotal:          65536 kB
1776799339.294225243 CmaFree:           49104 kB
1776799339.294225243 Balloon:               0 kB
1776799339.294225243 HugePages_Total:     512
1776799339.294225243 HugePages_Free:      469
1776799339.294225243 HugePages_Rsvd:        0
1776799339.294225243 HugePages_Surp:        0
1776799339.294225243 Hugepagesize:       2048 kB
1776799339.294225243 Hugetlb:         1048576 kB
1776799340.304801452 MemTotal:        8124504 kB
1776799340.304801452 MemFree:         6340172 kB
1776799340.304801452 MemAvailable:    6622016 kB
1776799340.304801452 Buffers:           32608 kB
1776799340.304801452 Cached:           378072 kB
1776799340.304801452 SwapCached:            0 kB
1776799340.304801452 Active:           408448 kB
1776799340.304801452 Inactive:         111596 kB
1776799340.304801452 Active(anon):     114520 kB
1776799340.304801452 Inactive(anon):        0 kB
1776799340.304801452 Active(file):     293928 kB
1776799340.304801452 Inactive(file):   111596 kB
1776799340.304801452 Unevictable:           0 kB
1776799340.304801452 Mlocked:               0 kB
1776799340.304801452 SwapTotal:             0 kB
1776799340.304801452 SwapFree:              0 kB
1776799340.304801452 Zswap:                 0 kB
1776799340.304801452 Zswapped:              0 kB
1776799340.304801452 Dirty:              2900 kB
1776799340.304801452 Writeback:             0 kB
1776799340.304801452 AnonPages:        109512 kB
1776799340.304801452 Mapped:           129180 kB
1776799340.304801452 Shmem:              5252 kB
1776799340.304801452 KReclaimable:      32160 kB
1776799340.304801452 Slab:             123820 kB
1776799340.304801452 SReclaimable:      32160 kB
1776799340.304801452 SUnreclaim:        91660 kB
1776799340.304801452 KernelStack:        3264 kB
1776799340.304801452 PageTables:         4452 kB
1776799340.304801452 SecPageTables:         0 kB
1776799340.304801452 NFS_Unstable:          0 kB
1776799340.304801452 Bounce:                0 kB
1776799340.304801452 WritebackTmp:          0 kB
1776799340.304801452 CommitLimit:     3537964 kB
1776799340.304801452 Committed_AS:     556660 kB
1776799340.304801452 VmallocTotal:   135288315904 kB
1776799340.304801452 VmallocUsed:       25992 kB
1776799340.304801452 VmallocChunk:          0 kB
1776799340.304801452 Percpu:             1600 kB
1776799340.304801452 AnonHugePages:         0 kB
1776799340.304801452 ShmemHugePages:        0 kB
1776799340.304801452 ShmemPmdMapped:        0 kB
1776799340.304801452 FileHugePages:         0 kB
1776799340.304801452 FilePmdMapped:         0 kB
1776799340.304801452 CmaTotal:          65536 kB
1776799340.304801452 CmaFree:           49104 kB
1776799340.304801452 Balloon:               0 kB
1776799340.304801452 HugePages_Total:     512
1776799340.304801452 HugePages_Free:      469
1776799340.304801452 HugePages_Rsvd:        0
1776799340.304801452 HugePages_Surp:        0
1776799340.304801452 Hugepagesize:       2048 kB
1776799340.304801452 Hugetlb:         1048576 kB
1776799341.316170922 MemTotal:        8124504 kB
1776799341.316170922 MemFree:         6343232 kB
1776799341.316170922 MemAvailable:    6625084 kB
1776799341.316170922 Buffers:           32616 kB
1776799341.316170922 Cached:           378076 kB
1776799341.316170922 SwapCached:            0 kB
1776799341.316170922 Active:           408396 kB
1776799341.316170922 Inactive:         111604 kB
1776799341.316170922 Active(anon):     114468 kB
1776799341.316170922 Inactive(anon):        0 kB
1776799341.316170922 Active(file):     293928 kB
1776799341.316170922 Inactive(file):   111604 kB
1776799341.316170922 Unevictable:           0 kB
1776799341.316170922 Mlocked:               0 kB
1776799341.316170922 SwapTotal:             0 kB
1776799341.316170922 SwapFree:              0 kB
1776799341.316170922 Zswap:                 0 kB
1776799341.316170922 Zswapped:              0 kB
1776799341.316170922 Dirty:              2952 kB
1776799341.316170922 Writeback:             0 kB
1776799341.316170922 AnonPages:        109504 kB
1776799341.316170922 Mapped:           129180 kB
1776799341.316170922 Shmem:              5252 kB
1776799341.316170922 KReclaimable:      32160 kB
1776799341.316170922 Slab:             123732 kB
1776799341.316170922 SReclaimable:      32160 kB
1776799341.316170922 SUnreclaim:        91572 kB
1776799341.316170922 KernelStack:        3264 kB
1776799341.316170922 PageTables:         4460 kB
1776799341.316170922 SecPageTables:         0 kB
1776799341.316170922 NFS_Unstable:          0 kB
1776799341.316170922 Bounce:                0 kB
1776799341.316170922 WritebackTmp:          0 kB
1776799341.316170922 CommitLimit:     3537964 kB
1776799341.316170922 Committed_AS:     556660 kB
1776799341.316170922 VmallocTotal:   135288315904 kB
1776799341.316170922 VmallocUsed:       26008 kB
1776799341.316170922 VmallocChunk:          0 kB
1776799341.316170922 Percpu:             1600 kB
1776799341.316170922 AnonHugePages:         0 kB
1776799341.316170922 ShmemHugePages:        0 kB
1776799341.316170922 ShmemPmdMapped:        0 kB
1776799341.316170922 FileHugePages:         0 kB
1776799341.316170922 FilePmdMapped:         0 kB
1776799341.316170922 CmaTotal:          65536 kB
1776799341.316170922 CmaFree:           49104 kB
1776799341.316170922 Balloon:               0 kB
1776799341.316170922 HugePages_Total:     512
1776799341.316170922 HugePages_Free:      469
1776799341.316170922 HugePages_Rsvd:        0
1776799341.316170922 HugePages_Surp:        0
1776799341.316170922 Hugepagesize:       2048 kB
1776799341.316170922 Hugetlb:         1048576 kB
1776799342.326976279 MemTotal:        8124504 kB
1776799342.326976279 MemFree:         6345932 kB
1776799342.326976279 MemAvailable:    6627796 kB
1776799342.326976279 Buffers:           32616 kB
1776799342.326976279 Cached:           378080 kB
1776799342.326976279 SwapCached:            0 kB
1776799342.326976279 Active:           408556 kB
1776799342.326976279 Inactive:         111612 kB
1776799342.326976279 Active(anon):     114624 kB
1776799342.326976279 Inactive(anon):        0 kB
1776799342.326976279 Active(file):     293932 kB
1776799342.326976279 Inactive(file):   111612 kB
1776799342.326976279 Unevictable:           0 kB
1776799342.326976279 Mlocked:               0 kB
1776799342.326976279 SwapTotal:             0 kB
1776799342.326976279 SwapFree:              0 kB
1776799342.326976279 Zswap:                 0 kB
1776799342.326976279 Zswapped:              0 kB
1776799342.326976279 Dirty:              2956 kB
1776799342.326976279 Writeback:             0 kB
1776799342.326976279 AnonPages:        109512 kB
1776799342.326976279 Mapped:           129180 kB
1776799342.326976279 Shmem:              5252 kB
1776799342.326976279 KReclaimable:      32160 kB
1776799342.326976279 Slab:             123652 kB
1776799342.326976279 SReclaimable:      32160 kB
1776799342.326976279 SUnreclaim:        91492 kB
1776799342.326976279 KernelStack:        3264 kB
1776799342.326976279 PageTables:         4456 kB
1776799342.326976279 SecPageTables:         0 kB
1776799342.326976279 NFS_Unstable:          0 kB
1776799342.326976279 Bounce:                0 kB
1776799342.326976279 WritebackTmp:          0 kB
1776799342.326976279 CommitLimit:     3537964 kB
1776799342.326976279 Committed_AS:     556660 kB
1776799342.326976279 VmallocTotal:   135288315904 kB
1776799342.326976279 VmallocUsed:       25992 kB
1776799342.326976279 VmallocChunk:          0 kB
1776799342.326976279 Percpu:             1600 kB
1776799342.326976279 AnonHugePages:         0 kB
1776799342.326976279 ShmemHugePages:        0 kB
1776799342.326976279 ShmemPmdMapped:        0 kB
1776799342.326976279 FileHugePages:         0 kB
1776799342.326976279 FilePmdMapped:         0 kB
1776799342.326976279 CmaTotal:          65536 kB
1776799342.326976279 CmaFree:           49104 kB
1776799342.326976279 Balloon:               0 kB
1776799342.326976279 HugePages_Total:     512
1776799342.326976279 HugePages_Free:      469
1776799342.326976279 HugePages_Rsvd:        0
1776799342.326976279 HugePages_Surp:        0
1776799342.326976279 Hugepagesize:       2048 kB
1776799342.326976279 Hugetlb:         1048576 kB
1776799343.338320138 MemTotal:        8124504 kB
1776799343.338320138 MemFree:         6345256 kB
1776799343.338320138 MemAvailable:    6627120 kB
1776799343.338320138 Buffers:           32616 kB
1776799343.338320138 Cached:           378088 kB
1776799343.338320138 SwapCached:            0 kB
1776799343.338320138 Active:           408432 kB
1776799343.338320138 Inactive:         111616 kB
1776799343.338320138 Active(anon):     114504 kB
1776799343.338320138 Inactive(anon):        0 kB
1776799343.338320138 Active(file):     293928 kB
1776799343.338320138 Inactive(file):   111616 kB
1776799343.338320138 Unevictable:           0 kB
1776799343.338320138 Mlocked:               0 kB
1776799343.338320138 SwapTotal:             0 kB
1776799343.338320138 SwapFree:              0 kB
1776799343.338320138 Zswap:                 0 kB
1776799343.338320138 Zswapped:              0 kB
1776799343.338320138 Dirty:              2964 kB
1776799343.338320138 Writeback:             0 kB
1776799343.338320138 AnonPages:        109508 kB
1776799343.338320138 Mapped:           129180 kB
1776799343.338320138 Shmem:              5252 kB
1776799343.338320138 KReclaimable:      32160 kB
1776799343.338320138 Slab:             123848 kB
1776799343.338320138 SReclaimable:      32160 kB
1776799343.338320138 SUnreclaim:        91688 kB
1776799343.338320138 KernelStack:        3264 kB
1776799343.338320138 PageTables:         4452 kB
1776799343.338320138 SecPageTables:         0 kB
1776799343.338320138 NFS_Unstable:          0 kB
1776799343.338320138 Bounce:                0 kB
1776799343.338320138 WritebackTmp:          0 kB
1776799343.338320138 CommitLimit:     3537964 kB
1776799343.338320138 Committed_AS:     556660 kB
1776799343.338320138 VmallocTotal:   135288315904 kB
1776799343.338320138 VmallocUsed:       25992 kB
1776799343.338320138 VmallocChunk:          0 kB
1776799343.338320138 Percpu:             1600 kB
1776799343.338320138 AnonHugePages:         0 kB
1776799343.338320138 ShmemHugePages:        0 kB
1776799343.338320138 ShmemPmdMapped:        0 kB
1776799343.338320138 FileHugePages:         0 kB
1776799343.338320138 FilePmdMapped:         0 kB
1776799343.338320138 CmaTotal:          65536 kB
1776799343.338320138 CmaFree:           49104 kB
1776799343.338320138 Balloon:               0 kB
1776799343.338320138 HugePages_Total:     512
1776799343.338320138 HugePages_Free:      469
1776799343.338320138 HugePages_Rsvd:        0
1776799343.338320138 HugePages_Surp:        0
1776799343.338320138 Hugepagesize:       2048 kB
1776799343.338320138 Hugetlb:         1048576 kB
1776799344.349576700 MemTotal:        8124504 kB
1776799344.349576700 MemFree:         6342208 kB
1776799344.349576700 MemAvailable:    6624080 kB
1776799344.349576700 Buffers:           32616 kB
1776799344.349576700 Cached:           378092 kB
1776799344.349576700 SwapCached:            0 kB
1776799344.349576700 Active:           408456 kB
1776799344.349576700 Inactive:         111624 kB
1776799344.349576700 Active(anon):     114528 kB
1776799344.349576700 Inactive(anon):        0 kB
1776799344.349576700 Active(file):     293928 kB
1776799344.349576700 Inactive(file):   111624 kB
1776799344.349576700 Unevictable:           0 kB
1776799344.349576700 Mlocked:               0 kB
1776799344.349576700 SwapTotal:             0 kB
1776799344.349576700 SwapFree:              0 kB
1776799344.349576700 Zswap:                 0 kB
1776799344.349576700 Zswapped:              0 kB
1776799344.349576700 Dirty:              2968 kB
1776799344.349576700 Writeback:             0 kB
1776799344.349576700 AnonPages:        109520 kB
1776799344.349576700 Mapped:           129180 kB
1776799344.349576700 Shmem:              5252 kB
1776799344.349576700 KReclaimable:      32160 kB
1776799344.349576700 Slab:             123816 kB
1776799344.349576700 SReclaimable:      32160 kB
1776799344.349576700 SUnreclaim:        91656 kB
1776799344.349576700 KernelStack:        3264 kB
1776799344.349576700 PageTables:         4448 kB
1776799344.349576700 SecPageTables:         0 kB
1776799344.349576700 NFS_Unstable:          0 kB
1776799344.349576700 Bounce:                0 kB
1776799344.349576700 WritebackTmp:          0 kB
1776799344.349576700 CommitLimit:     3537964 kB
1776799344.349576700 Committed_AS:     556660 kB
1776799344.349576700 VmallocTotal:   135288315904 kB
1776799344.349576700 VmallocUsed:       26008 kB
1776799344.349576700 VmallocChunk:          0 kB
1776799344.349576700 Percpu:             1600 kB
1776799344.349576700 AnonHugePages:         0 kB
1776799344.349576700 ShmemHugePages:        0 kB
1776799344.349576700 ShmemPmdMapped:        0 kB
1776799344.349576700 FileHugePages:         0 kB
1776799344.349576700 FilePmdMapped:         0 kB
1776799344.349576700 CmaTotal:          65536 kB
1776799344.349576700 CmaFree:           49104 kB
1776799344.349576700 Balloon:               0 kB
1776799344.349576700 HugePages_Total:     512
1776799344.349576700 HugePages_Free:      469
1776799344.349576700 HugePages_Rsvd:        0
1776799344.349576700 HugePages_Surp:        0
1776799344.349576700 Hugepagesize:       2048 kB
1776799344.349576700 Hugetlb:         1048576 kB
1776799345.360576581 MemTotal:        8124504 kB
1776799345.360576581 MemFree:         6346216 kB
1776799345.360576581 MemAvailable:    6628088 kB
1776799345.360576581 Buffers:           32616 kB
1776799345.360576581 Cached:           378092 kB
1776799345.360576581 SwapCached:            0 kB
1776799345.360576581 Active:           408440 kB
1776799345.360576581 Inactive:         111624 kB
1776799345.360576581 Active(anon):     114512 kB
1776799345.360576581 Inactive(anon):        0 kB
1776799345.360576581 Active(file):     293928 kB
1776799345.360576581 Inactive(file):   111624 kB
1776799345.360576581 Unevictable:           0 kB
1776799345.360576581 Mlocked:               0 kB
1776799345.360576581 SwapTotal:             0 kB
1776799345.360576581 SwapFree:              0 kB
1776799345.360576581 Zswap:                 0 kB
1776799345.360576581 Zswapped:              0 kB
1776799345.360576581 Dirty:              2968 kB
1776799345.360576581 Writeback:             0 kB
1776799345.360576581 AnonPages:        109516 kB
1776799345.360576581 Mapped:           129180 kB
1776799345.360576581 Shmem:              5252 kB
1776799345.360576581 KReclaimable:      32160 kB
1776799345.360576581 Slab:             123792 kB
1776799345.360576581 SReclaimable:      32160 kB
1776799345.360576581 SUnreclaim:        91632 kB
1776799345.360576581 KernelStack:        3264 kB
1776799345.360576581 PageTables:         4452 kB
1776799345.360576581 SecPageTables:         0 kB
1776799345.360576581 NFS_Unstable:          0 kB
1776799345.360576581 Bounce:                0 kB
1776799345.360576581 WritebackTmp:          0 kB
1776799345.360576581 CommitLimit:     3537964 kB
1776799345.360576581 Committed_AS:     556660 kB
1776799345.360576581 VmallocTotal:   135288315904 kB
1776799345.360576581 VmallocUsed:       26008 kB
1776799345.360576581 VmallocChunk:          0 kB
1776799345.360576581 Percpu:             1600 kB
1776799345.360576581 AnonHugePages:         0 kB
1776799345.360576581 ShmemHugePages:        0 kB
1776799345.360576581 ShmemPmdMapped:        0 kB
1776799345.360576581 FileHugePages:         0 kB
1776799345.360576581 FilePmdMapped:         0 kB
1776799345.360576581 CmaTotal:          65536 kB
1776799345.360576581 CmaFree:           49104 kB
1776799345.360576581 Balloon:               0 kB
1776799345.360576581 HugePages_Total:     512
1776799345.360576581 HugePages_Free:      469
1776799345.360576581 HugePages_Rsvd:        0
1776799345.360576581 HugePages_Surp:        0
1776799345.360576581 Hugepagesize:       2048 kB
1776799345.360576581 Hugetlb:         1048576 kB
1776799346.371247765 MemTotal:        8124504 kB
1776799346.371247765 MemFree:         6343640 kB
1776799346.371247765 MemAvailable:    6625520 kB
1776799346.371247765 Buffers:           32624 kB
1776799346.371247765 Cached:           378100 kB
1776799346.371247765 SwapCached:            0 kB
1776799346.371247765 Active:           408376 kB
1776799346.371247765 Inactive:         111628 kB
1776799346.371247765 Active(anon):     114444 kB
1776799346.371247765 Inactive(anon):        0 kB
1776799346.371247765 Active(file):     293932 kB
1776799346.371247765 Inactive(file):   111628 kB
1776799346.371247765 Unevictable:           0 kB
1776799346.371247765 Mlocked:               0 kB
1776799346.371247765 SwapTotal:             0 kB
1776799346.371247765 SwapFree:              0 kB
1776799346.371247765 Zswap:                 0 kB
1776799346.371247765 Zswapped:              0 kB
1776799346.371247765 Dirty:              2976 kB
1776799346.371247765 Writeback:             0 kB
1776799346.371247765 AnonPages:        109412 kB
1776799346.371247765 Mapped:           129180 kB
1776799346.371247765 Shmem:              5252 kB
1776799346.371247765 KReclaimable:      32160 kB
1776799346.371247765 Slab:             123780 kB
1776799346.371247765 SReclaimable:      32160 kB
1776799346.371247765 SUnreclaim:        91620 kB
1776799346.371247765 KernelStack:        3264 kB
1776799346.371247765 PageTables:         4452 kB
1776799346.371247765 SecPageTables:         0 kB
1776799346.371247765 NFS_Unstable:          0 kB
1776799346.371247765 Bounce:                0 kB
1776799346.371247765 WritebackTmp:          0 kB
1776799346.371247765 CommitLimit:     3537964 kB
1776799346.371247765 Committed_AS:     556564 kB
1776799346.371247765 VmallocTotal:   135288315904 kB
1776799346.371247765 VmallocUsed:       26008 kB
1776799346.371247765 VmallocChunk:          0 kB
1776799346.371247765 Percpu:             1600 kB
1776799346.371247765 AnonHugePages:         0 kB
1776799346.371247765 ShmemHugePages:        0 kB
1776799346.371247765 ShmemPmdMapped:        0 kB
1776799346.371247765 FileHugePages:         0 kB
1776799346.371247765 FilePmdMapped:         0 kB
1776799346.371247765 CmaTotal:          65536 kB
1776799346.371247765 CmaFree:           49104 kB
1776799346.371247765 Balloon:               0 kB
1776799346.371247765 HugePages_Total:     512
1776799346.371247765 HugePages_Free:      469
1776799346.371247765 HugePages_Rsvd:        0
1776799346.371247765 HugePages_Surp:        0
1776799346.371247765 Hugepagesize:       2048 kB
1776799346.371247765 Hugetlb:         1048576 kB
1776799347.382841006 MemTotal:        8124504 kB
1776799347.382841006 MemFree:         6349128 kB
1776799347.382841006 MemAvailable:    6631016 kB
1776799347.382841006 Buffers:           32624 kB
1776799347.382841006 Cached:           378104 kB
1776799347.382841006 SwapCached:            0 kB
1776799347.382841006 Active:           408352 kB
1776799347.382841006 Inactive:         111640 kB
1776799347.382841006 Active(anon):     114424 kB
1776799347.382841006 Inactive(anon):        0 kB
1776799347.382841006 Active(file):     293928 kB
1776799347.382841006 Inactive(file):   111640 kB
1776799347.382841006 Unevictable:           0 kB
1776799347.382841006 Mlocked:               0 kB
1776799347.382841006 SwapTotal:             0 kB
1776799347.382841006 SwapFree:              0 kB
1776799347.382841006 Zswap:                 0 kB
1776799347.382841006 Zswapped:              0 kB
1776799347.382841006 Dirty:              2980 kB
1776799347.382841006 Writeback:             0 kB
1776799347.382841006 AnonPages:        109412 kB
1776799347.382841006 Mapped:           129180 kB
1776799347.382841006 Shmem:              5252 kB
1776799347.382841006 KReclaimable:      32160 kB
1776799347.382841006 Slab:             123828 kB
1776799347.382841006 SReclaimable:      32160 kB
1776799347.382841006 SUnreclaim:        91668 kB
1776799347.382841006 KernelStack:        3264 kB
1776799347.382841006 PageTables:         4448 kB
1776799347.382841006 SecPageTables:         0 kB
1776799347.382841006 NFS_Unstable:          0 kB
1776799347.382841006 Bounce:                0 kB
1776799347.382841006 WritebackTmp:          0 kB
1776799347.382841006 CommitLimit:     3537964 kB
1776799347.382841006 Committed_AS:     556564 kB
1776799347.382841006 VmallocTotal:   135288315904 kB
1776799347.382841006 VmallocUsed:       26008 kB
1776799347.382841006 VmallocChunk:          0 kB
1776799347.382841006 Percpu:             1600 kB
1776799347.382841006 AnonHugePages:         0 kB
1776799347.382841006 ShmemHugePages:        0 kB
1776799347.382841006 ShmemPmdMapped:        0 kB
1776799347.382841006 FileHugePages:         0 kB
1776799347.382841006 FilePmdMapped:         0 kB
1776799347.382841006 CmaTotal:          65536 kB
1776799347.382841006 CmaFree:           49104 kB
1776799347.382841006 Balloon:               0 kB
1776799347.382841006 HugePages_Total:     512
1776799347.382841006 HugePages_Free:      469
1776799347.382841006 HugePages_Rsvd:        0
1776799347.382841006 HugePages_Surp:        0
1776799347.382841006 Hugepagesize:       2048 kB
1776799347.382841006 Hugetlb:         1048576 kB
1776799348.393725894 MemTotal:        8124504 kB
1776799348.393725894 MemFree:         6345100 kB
1776799348.393725894 MemAvailable:    6627000 kB
1776799348.393725894 Buffers:           32624 kB
1776799348.393725894 Cached:           378112 kB
1776799348.393725894 SwapCached:            0 kB
1776799348.393725894 Active:           408456 kB
1776799348.393725894 Inactive:         111652 kB
1776799348.393725894 Active(anon):     114528 kB
1776799348.393725894 Inactive(anon):        0 kB
1776799348.393725894 Active(file):     293928 kB
1776799348.393725894 Inactive(file):   111652 kB
1776799348.393725894 Unevictable:           0 kB
1776799348.393725894 Mlocked:               0 kB
1776799348.393725894 SwapTotal:             0 kB
1776799348.393725894 SwapFree:              0 kB
1776799348.393725894 Zswap:                 0 kB
1776799348.393725894 Zswapped:              0 kB
1776799348.393725894 Dirty:              2988 kB
1776799348.393725894 Writeback:             0 kB
1776799348.393725894 AnonPages:        109404 kB
1776799348.393725894 Mapped:           129180 kB
1776799348.393725894 Shmem:              5252 kB
1776799348.393725894 KReclaimable:      32160 kB
1776799348.393725894 Slab:             123764 kB
1776799348.393725894 SReclaimable:      32160 kB
1776799348.393725894 SUnreclaim:        91604 kB
1776799348.393725894 KernelStack:        3248 kB
1776799348.393725894 PageTables:         4400 kB
1776799348.393725894 SecPageTables:         0 kB
1776799348.393725894 NFS_Unstable:          0 kB
1776799348.393725894 Bounce:                0 kB
1776799348.393725894 WritebackTmp:          0 kB
1776799348.393725894 CommitLimit:     3537964 kB
1776799348.393725894 Committed_AS:     556564 kB
1776799348.393725894 VmallocTotal:   135288315904 kB
1776799348.393725894 VmallocUsed:       25992 kB
1776799348.393725894 VmallocChunk:          0 kB
1776799348.393725894 Percpu:             1600 kB
1776799348.393725894 AnonHugePages:         0 kB
1776799348.393725894 ShmemHugePages:        0 kB
1776799348.393725894 ShmemPmdMapped:        0 kB
1776799348.393725894 FileHugePages:         0 kB
1776799348.393725894 FilePmdMapped:         0 kB
1776799348.393725894 CmaTotal:          65536 kB
1776799348.393725894 CmaFree:           49104 kB
1776799348.393725894 Balloon:               0 kB
1776799348.393725894 HugePages_Total:     512
1776799348.393725894 HugePages_Free:      469
1776799348.393725894 HugePages_Rsvd:        0
1776799348.393725894 HugePages_Surp:        0
1776799348.393725894 Hugepagesize:       2048 kB
1776799348.393725894 Hugetlb:         1048576 kB
1776799349.403609668 MemTotal:        8124504 kB
1776799349.403609668 MemFree:         6340844 kB
1776799349.403609668 MemAvailable:    6622752 kB
1776799349.403609668 Buffers:           32624 kB
1776799349.403609668 Cached:           378116 kB
1776799349.403609668 SwapCached:            0 kB
1776799349.403609668 Active:           408380 kB
1776799349.403609668 Inactive:         111656 kB
1776799349.403609668 Active(anon):     114448 kB
1776799349.403609668 Inactive(anon):        0 kB
1776799349.403609668 Active(file):     293932 kB
1776799349.403609668 Inactive(file):   111656 kB
1776799349.403609668 Unevictable:           0 kB
1776799349.403609668 Mlocked:               0 kB
1776799349.403609668 SwapTotal:             0 kB
1776799349.403609668 SwapFree:              0 kB
1776799349.403609668 Zswap:                 0 kB
1776799349.403609668 Zswapped:              0 kB
1776799349.403609668 Dirty:              2992 kB
1776799349.403609668 Writeback:             0 kB
1776799349.403609668 AnonPages:        109408 kB
1776799349.403609668 Mapped:           129180 kB
1776799349.403609668 Shmem:              5252 kB
1776799349.403609668 KReclaimable:      32160 kB
1776799349.403609668 Slab:             123796 kB
1776799349.403609668 SReclaimable:      32160 kB
1776799349.403609668 SUnreclaim:        91636 kB
1776799349.403609668 KernelStack:        3264 kB
1776799349.403609668 PageTables:         4456 kB
1776799349.403609668 SecPageTables:         0 kB
1776799349.403609668 NFS_Unstable:          0 kB
1776799349.403609668 Bounce:                0 kB
1776799349.403609668 WritebackTmp:          0 kB
1776799349.403609668 CommitLimit:     3537964 kB
1776799349.403609668 Committed_AS:     556564 kB
1776799349.403609668 VmallocTotal:   135288315904 kB
1776799349.403609668 VmallocUsed:       26008 kB
1776799349.403609668 VmallocChunk:          0 kB
1776799349.403609668 Percpu:             1600 kB
1776799349.403609668 AnonHugePages:         0 kB
1776799349.403609668 ShmemHugePages:        0 kB
1776799349.403609668 ShmemPmdMapped:        0 kB
1776799349.403609668 FileHugePages:         0 kB
1776799349.403609668 FilePmdMapped:         0 kB
1776799349.403609668 CmaTotal:          65536 kB
1776799349.403609668 CmaFree:           49104 kB
1776799349.403609668 Balloon:               0 kB
1776799349.403609668 HugePages_Total:     512
1776799349.403609668 HugePages_Free:      469
1776799349.403609668 HugePages_Rsvd:        0
1776799349.403609668 HugePages_Surp:        0
1776799349.403609668 Hugepagesize:       2048 kB
1776799349.403609668 Hugetlb:         1048576 kB
1776799350.413480461 MemTotal:        8124504 kB
1776799350.413480461 MemFree:         6344160 kB
1776799350.413480461 MemAvailable:    6626068 kB
1776799350.413480461 Buffers:           32624 kB
1776799350.413480461 Cached:           378120 kB
1776799350.413480461 SwapCached:            0 kB
1776799350.413480461 Active:           408348 kB
1776799350.413480461 Inactive:         111660 kB
1776799350.413480461 Active(anon):     114420 kB
1776799350.413480461 Inactive(anon):        0 kB
1776799350.413480461 Active(file):     293928 kB
1776799350.413480461 Inactive(file):   111660 kB
1776799350.413480461 Unevictable:           0 kB
1776799350.413480461 Mlocked:               0 kB
1776799350.413480461 SwapTotal:             0 kB
1776799350.413480461 SwapFree:              0 kB
1776799350.413480461 Zswap:                 0 kB
1776799350.413480461 Zswapped:              0 kB
1776799350.413480461 Dirty:              2996 kB
1776799350.413480461 Writeback:             0 kB
1776799350.413480461 AnonPages:        109412 kB
1776799350.413480461 Mapped:           129180 kB
1776799350.413480461 Shmem:              5252 kB
1776799350.413480461 KReclaimable:      32160 kB
1776799350.413480461 Slab:             123744 kB
1776799350.413480461 SReclaimable:      32160 kB
1776799350.413480461 SUnreclaim:        91584 kB
1776799350.413480461 KernelStack:        3264 kB
1776799350.413480461 PageTables:         4452 kB
1776799350.413480461 SecPageTables:         0 kB
1776799350.413480461 NFS_Unstable:          0 kB
1776799350.413480461 Bounce:                0 kB
1776799350.413480461 WritebackTmp:          0 kB
1776799350.413480461 CommitLimit:     3537964 kB
1776799350.413480461 Committed_AS:     556564 kB
1776799350.413480461 VmallocTotal:   135288315904 kB
1776799350.413480461 VmallocUsed:       26008 kB
1776799350.413480461 VmallocChunk:          0 kB
1776799350.413480461 Percpu:             1600 kB
1776799350.413480461 AnonHugePages:         0 kB
1776799350.413480461 ShmemHugePages:        0 kB
1776799350.413480461 ShmemPmdMapped:        0 kB
1776799350.413480461 FileHugePages:         0 kB
1776799350.413480461 FilePmdMapped:         0 kB
1776799350.413480461 CmaTotal:          65536 kB
1776799350.413480461 CmaFree:           49104 kB
1776799350.413480461 Balloon:               0 kB
1776799350.413480461 HugePages_Total:     512
1776799350.413480461 HugePages_Free:      469
1776799350.413480461 HugePages_Rsvd:        0
1776799350.413480461 HugePages_Surp:        0
1776799350.413480461 Hugepagesize:       2048 kB
1776799350.413480461 Hugetlb:         1048576 kB
1776799351.423640717 MemTotal:        8124504 kB
1776799351.423640717 MemFree:         6348720 kB
1776799351.423640717 MemAvailable:    6630644 kB
1776799351.423640717 Buffers:           32632 kB
1776799351.423640717 Cached:           378124 kB
1776799351.423640717 SwapCached:            0 kB
1776799351.423640717 Active:           408392 kB
1776799351.423640717 Inactive:         111672 kB
1776799351.423640717 Active(anon):     114460 kB
1776799351.423640717 Inactive(anon):        0 kB
1776799351.423640717 Active(file):     293932 kB
1776799351.423640717 Inactive(file):   111672 kB
1776799351.423640717 Unevictable:           0 kB
1776799351.423640717 Mlocked:               0 kB
1776799351.423640717 SwapTotal:             0 kB
1776799351.423640717 SwapFree:              0 kB
1776799351.423640717 Zswap:                 0 kB
1776799351.423640717 Zswapped:              0 kB
1776799351.423640717 Dirty:              3000 kB
1776799351.423640717 Writeback:             0 kB
1776799351.423640717 AnonPages:        109412 kB
1776799351.423640717 Mapped:           129180 kB
1776799351.423640717 Shmem:              5252 kB
1776799351.423640717 KReclaimable:      32160 kB
1776799351.423640717 Slab:             123716 kB
1776799351.423640717 SReclaimable:      32160 kB
1776799351.423640717 SUnreclaim:        91556 kB
1776799351.423640717 KernelStack:        3232 kB
1776799351.423640717 PageTables:         4456 kB
1776799351.423640717 SecPageTables:         0 kB
1776799351.423640717 NFS_Unstable:          0 kB
1776799351.423640717 Bounce:                0 kB
1776799351.423640717 WritebackTmp:          0 kB
1776799351.423640717 CommitLimit:     3537964 kB
1776799351.423640717 Committed_AS:     556564 kB
1776799351.423640717 VmallocTotal:   135288315904 kB
1776799351.423640717 VmallocUsed:       25960 kB
1776799351.423640717 VmallocChunk:          0 kB
1776799351.423640717 Percpu:             1600 kB
1776799351.423640717 AnonHugePages:         0 kB
1776799351.423640717 ShmemHugePages:        0 kB
1776799351.423640717 ShmemPmdMapped:        0 kB
1776799351.423640717 FileHugePages:         0 kB
1776799351.423640717 FilePmdMapped:         0 kB
1776799351.423640717 CmaTotal:          65536 kB
1776799351.423640717 CmaFree:           49104 kB
1776799351.423640717 Balloon:               0 kB
1776799351.423640717 HugePages_Total:     512
1776799351.423640717 HugePages_Free:      469
1776799351.423640717 HugePages_Rsvd:        0
1776799351.423640717 HugePages_Surp:        0
1776799351.423640717 Hugepagesize:       2048 kB
1776799351.423640717 Hugetlb:         1048576 kB
1776799352.433835862 MemTotal:        8124504 kB
1776799352.433835862 MemFree:         6346300 kB
1776799352.433835862 MemAvailable:    6628224 kB
1776799352.433835862 Buffers:           32632 kB
1776799352.433835862 Cached:           378128 kB
1776799352.433835862 SwapCached:            0 kB
1776799352.433835862 Active:           408492 kB
1776799352.433835862 Inactive:         111676 kB
1776799352.433835862 Active(anon):     114564 kB
1776799352.433835862 Inactive(anon):        0 kB
1776799352.433835862 Active(file):     293928 kB
1776799352.433835862 Inactive(file):   111676 kB
1776799352.433835862 Unevictable:           0 kB
1776799352.433835862 Mlocked:               0 kB
1776799352.433835862 SwapTotal:             0 kB
1776799352.433835862 SwapFree:              0 kB
1776799352.433835862 Zswap:                 0 kB
1776799352.433835862 Zswapped:              0 kB
1776799352.433835862 Dirty:               288 kB
1776799352.433835862 Writeback:           932 kB
1776799352.433835862 AnonPages:        109412 kB
1776799352.433835862 Mapped:           129180 kB
1776799352.433835862 Shmem:              5252 kB
1776799352.433835862 KReclaimable:      32160 kB
1776799352.433835862 Slab:             123764 kB
1776799352.433835862 SReclaimable:      32160 kB
1776799352.433835862 SUnreclaim:        91604 kB
1776799352.433835862 KernelStack:        3216 kB
1776799352.433835862 PageTables:         4448 kB
1776799352.433835862 SecPageTables:         0 kB
1776799352.433835862 NFS_Unstable:          0 kB
1776799352.433835862 Bounce:                0 kB
1776799352.433835862 WritebackTmp:          0 kB
1776799352.433835862 CommitLimit:     3537964 kB
1776799352.433835862 Committed_AS:     556564 kB
1776799352.433835862 VmallocTotal:   135288315904 kB
1776799352.433835862 VmallocUsed:       25944 kB
1776799352.433835862 VmallocChunk:          0 kB
1776799352.433835862 Percpu:             1600 kB
1776799352.433835862 AnonHugePages:         0 kB
1776799352.433835862 ShmemHugePages:        0 kB
1776799352.433835862 ShmemPmdMapped:        0 kB
1776799352.433835862 FileHugePages:         0 kB
1776799352.433835862 FilePmdMapped:         0 kB
1776799352.433835862 CmaTotal:          65536 kB
1776799352.433835862 CmaFree:           49104 kB
1776799352.433835862 Balloon:               0 kB
1776799352.433835862 HugePages_Total:     512
1776799352.433835862 HugePages_Free:      469
1776799352.433835862 HugePages_Rsvd:        0
1776799352.433835862 HugePages_Surp:        0
1776799352.433835862 Hugepagesize:       2048 kB
1776799352.433835862 Hugetlb:         1048576 kB
1776799353.446957293 MemTotal:        8124504 kB
1776799353.446957293 MemFree:         6343816 kB
1776799353.446957293 MemAvailable:    6625748 kB
1776799353.446957293 Buffers:           32632 kB
1776799353.446957293 Cached:           378136 kB
1776799353.446957293 SwapCached:            0 kB
1776799353.446957293 Active:           407716 kB
1776799353.446957293 Inactive:         111680 kB
1776799353.446957293 Active(anon):     113784 kB
1776799353.446957293 Inactive(anon):        0 kB
1776799353.446957293 Active(file):     293932 kB
1776799353.446957293 Inactive(file):   111680 kB
1776799353.446957293 Unevictable:           0 kB
1776799353.446957293 Mlocked:               0 kB
1776799353.446957293 SwapTotal:             0 kB
1776799353.446957293 SwapFree:              0 kB
1776799353.446957293 Zswap:                 0 kB
1776799353.446957293 Zswapped:              0 kB
1776799353.446957293 Dirty:               156 kB
1776799353.446957293 Writeback:             0 kB
1776799353.446957293 AnonPages:        108708 kB
1776799353.446957293 Mapped:           129200 kB
1776799353.446957293 Shmem:              5252 kB
1776799353.446957293 KReclaimable:      32160 kB
1776799353.446957293 Slab:             123740 kB
1776799353.446957293 SReclaimable:      32160 kB
1776799353.446957293 SUnreclaim:        91580 kB
1776799353.446957293 KernelStack:        3232 kB
1776799353.446957293 PageTables:         4648 kB
1776799353.446957293 SecPageTables:         0 kB
1776799353.446957293 NFS_Unstable:          0 kB
1776799353.446957293 Bounce:                0 kB
1776799353.446957293 WritebackTmp:          0 kB
1776799353.446957293 CommitLimit:     3537964 kB
1776799353.446957293 Committed_AS:     555488 kB
1776799353.446957293 VmallocTotal:   135288315904 kB
1776799353.446957293 VmallocUsed:       25960 kB
1776799353.446957293 VmallocChunk:          0 kB
1776799353.446957293 Percpu:             1600 kB
1776799353.446957293 AnonHugePages:         0 kB
1776799353.446957293 ShmemHugePages:        0 kB
1776799353.446957293 ShmemPmdMapped:        0 kB
1776799353.446957293 FileHugePages:         0 kB
1776799353.446957293 FilePmdMapped:         0 kB
1776799353.446957293 CmaTotal:          65536 kB
1776799353.446957293 CmaFree:           49104 kB
1776799353.446957293 Balloon:               0 kB
1776799353.446957293 HugePages_Total:     512
1776799353.446957293 HugePages_Free:      469
1776799353.446957293 HugePages_Rsvd:        0
1776799353.446957293 HugePages_Surp:        0
1776799353.446957293 Hugepagesize:       2048 kB
1776799353.446957293 Hugetlb:         1048576 kB
1776799354.457992015 MemTotal:        8124504 kB
1776799354.457992015 MemFree:         6347712 kB
1776799354.457992015 MemAvailable:    6629652 kB
1776799354.457992015 Buffers:           32632 kB
1776799354.457992015 Cached:           378144 kB
1776799354.457992015 SwapCached:            0 kB
1776799354.457992015 Active:           407636 kB
1776799354.457992015 Inactive:         111688 kB
1776799354.457992015 Active(anon):     113704 kB
1776799354.457992015 Inactive(anon):        0 kB
1776799354.457992015 Active(file):     293932 kB
1776799354.457992015 Inactive(file):   111688 kB
1776799354.457992015 Unevictable:           0 kB
1776799354.457992015 Mlocked:               0 kB
1776799354.457992015 SwapTotal:             0 kB
1776799354.457992015 SwapFree:              0 kB
1776799354.457992015 Zswap:                 0 kB
1776799354.457992015 Zswapped:              0 kB
1776799354.457992015 Dirty:               164 kB
1776799354.457992015 Writeback:             0 kB
1776799354.457992015 AnonPages:        108680 kB
1776799354.457992015 Mapped:           129180 kB
1776799354.457992015 Shmem:              5252 kB
1776799354.457992015 KReclaimable:      32160 kB
1776799354.457992015 Slab:             123816 kB
1776799354.457992015 SReclaimable:      32160 kB
1776799354.457992015 SUnreclaim:        91656 kB
1776799354.457992015 KernelStack:        3216 kB
1776799354.457992015 PageTables:         4440 kB
1776799354.457992015 SecPageTables:         0 kB
1776799354.457992015 NFS_Unstable:          0 kB
1776799354.457992015 Bounce:                0 kB
1776799354.457992015 WritebackTmp:          0 kB
1776799354.457992015 CommitLimit:     3537964 kB
1776799354.457992015 Committed_AS:     556276 kB
1776799354.457992015 VmallocTotal:   135288315904 kB
1776799354.457992015 VmallocUsed:       25928 kB
1776799354.457992015 VmallocChunk:          0 kB
1776799354.457992015 Percpu:             1600 kB
1776799354.457992015 AnonHugePages:         0 kB
1776799354.457992015 ShmemHugePages:        0 kB
1776799354.457992015 ShmemPmdMapped:        0 kB
1776799354.457992015 FileHugePages:         0 kB
1776799354.457992015 FilePmdMapped:         0 kB
1776799354.457992015 CmaTotal:          65536 kB
1776799354.457992015 CmaFree:           49104 kB
1776799354.457992015 Balloon:               0 kB
1776799354.457992015 HugePages_Total:     512
1776799354.457992015 HugePages_Free:      469
1776799354.457992015 HugePages_Rsvd:        0
1776799354.457992015 HugePages_Surp:        0
1776799354.457992015 Hugepagesize:       2048 kB
1776799354.457992015 Hugetlb:         1048576 kB
1776799355.468333920 MemTotal:        8124504 kB
1776799355.468333920 MemFree:         6345268 kB
1776799355.468333920 MemAvailable:    6627212 kB
1776799355.468333920 Buffers:           32632 kB
1776799355.468333920 Cached:           378144 kB
1776799355.468333920 SwapCached:            0 kB
1776799355.468333920 Active:           408424 kB
1776799355.468333920 Inactive:         111692 kB
1776799355.468333920 Active(anon):     114492 kB
1776799355.468333920 Inactive(anon):        0 kB
1776799355.468333920 Active(file):     293932 kB
1776799355.468333920 Inactive(file):   111692 kB
1776799355.468333920 Unevictable:           0 kB
1776799355.468333920 Mlocked:               0 kB
1776799355.468333920 SwapTotal:             0 kB
1776799355.468333920 SwapFree:              0 kB
1776799355.468333920 Zswap:                 0 kB
1776799355.468333920 Zswapped:              0 kB
1776799355.468333920 Dirty:               164 kB
1776799355.468333920 Writeback:             0 kB
1776799355.468333920 AnonPages:        109416 kB
1776799355.468333920 Mapped:           129180 kB
1776799355.468333920 Shmem:              5252 kB
1776799355.468333920 KReclaimable:      32160 kB
1776799355.468333920 Slab:             123676 kB
1776799355.468333920 SReclaimable:      32160 kB
1776799355.468333920 SUnreclaim:        91516 kB
1776799355.468333920 KernelStack:        3216 kB
1776799355.468333920 PageTables:         4460 kB
1776799355.468333920 SecPageTables:         0 kB
1776799355.468333920 NFS_Unstable:          0 kB
1776799355.468333920 Bounce:                0 kB
1776799355.468333920 WritebackTmp:          0 kB
1776799355.468333920 CommitLimit:     3537964 kB
1776799355.468333920 Committed_AS:     556564 kB
1776799355.468333920 VmallocTotal:   135288315904 kB
1776799355.468333920 VmallocUsed:       25944 kB
1776799355.468333920 VmallocChunk:          0 kB
1776799355.468333920 Percpu:             1600 kB
1776799355.468333920 AnonHugePages:         0 kB
1776799355.468333920 ShmemHugePages:        0 kB
1776799355.468333920 ShmemPmdMapped:        0 kB
1776799355.468333920 FileHugePages:         0 kB
1776799355.468333920 FilePmdMapped:         0 kB
1776799355.468333920 CmaTotal:          65536 kB
1776799355.468333920 CmaFree:           49104 kB
1776799355.468333920 Balloon:               0 kB
1776799355.468333920 HugePages_Total:     512
1776799355.468333920 HugePages_Free:      469
1776799355.468333920 HugePages_Rsvd:        0
1776799355.468333920 HugePages_Surp:        0
1776799355.468333920 Hugepagesize:       2048 kB
1776799355.468333920 Hugetlb:         1048576 kB
1776799356.478778973 MemTotal:        8124504 kB
1776799356.478778973 MemFree:         6350264 kB
1776799356.478778973 MemAvailable:    6632212 kB
1776799356.478778973 Buffers:           32636 kB
1776799356.478778973 Cached:           378144 kB
1776799356.478778973 SwapCached:            0 kB
1776799356.478778973 Active:           408496 kB
1776799356.478778973 Inactive:         111696 kB
1776799356.478778973 Active(anon):     114564 kB
1776799356.478778973 Inactive(anon):        0 kB
1776799356.478778973 Active(file):     293932 kB
1776799356.478778973 Inactive(file):   111696 kB
1776799356.478778973 Unevictable:           0 kB
1776799356.478778973 Mlocked:               0 kB
1776799356.478778973 SwapTotal:             0 kB
1776799356.478778973 SwapFree:              0 kB
1776799356.478778973 Zswap:                 0 kB
1776799356.478778973 Zswapped:              0 kB
1776799356.478778973 Dirty:                12 kB
1776799356.478778973 Writeback:             0 kB
1776799356.478778973 AnonPages:        109412 kB
1776799356.478778973 Mapped:           129180 kB
1776799356.478778973 Shmem:              5252 kB
1776799356.478778973 KReclaimable:      32160 kB
1776799356.478778973 Slab:             123848 kB
1776799356.478778973 SReclaimable:      32160 kB
1776799356.478778973 SUnreclaim:        91688 kB
1776799356.478778973 KernelStack:        3216 kB
1776799356.478778973 PageTables:         4456 kB
1776799356.478778973 SecPageTables:         0 kB
1776799356.478778973 NFS_Unstable:          0 kB
1776799356.478778973 Bounce:                0 kB
1776799356.478778973 WritebackTmp:          0 kB
1776799356.478778973 CommitLimit:     3537964 kB
1776799356.478778973 Committed_AS:     556564 kB
1776799356.478778973 VmallocTotal:   135288315904 kB
1776799356.478778973 VmallocUsed:       25944 kB
1776799356.478778973 VmallocChunk:          0 kB
1776799356.478778973 Percpu:             1600 kB
1776799356.478778973 AnonHugePages:         0 kB
1776799356.478778973 ShmemHugePages:        0 kB
1776799356.478778973 ShmemPmdMapped:        0 kB
1776799356.478778973 FileHugePages:         0 kB
1776799356.478778973 FilePmdMapped:         0 kB
1776799356.478778973 CmaTotal:          65536 kB
1776799356.478778973 CmaFree:           49104 kB
1776799356.478778973 Balloon:               0 kB
1776799356.478778973 HugePages_Total:     512
1776799356.478778973 HugePages_Free:      469
1776799356.478778973 HugePages_Rsvd:        0
1776799356.478778973 HugePages_Surp:        0
1776799356.478778973 Hugepagesize:       2048 kB
1776799356.478778973 Hugetlb:         1048576 kB
1776799357.488983008 MemTotal:        8124504 kB
1776799357.488983008 MemFree:         6350812 kB
1776799357.488983008 MemAvailable:    6632768 kB
1776799357.488983008 Buffers:           32640 kB
1776799357.488983008 Cached:           378152 kB
1776799357.488983008 SwapCached:            0 kB
1776799357.488983008 Active:           408316 kB
1776799357.488983008 Inactive:         111708 kB
1776799357.488983008 Active(anon):     114388 kB
1776799357.488983008 Inactive(anon):        0 kB
1776799357.488983008 Active(file):     293928 kB
1776799357.488983008 Inactive(file):   111708 kB
1776799357.488983008 Unevictable:           0 kB
1776799357.488983008 Mlocked:               0 kB
1776799357.488983008 SwapTotal:             0 kB
1776799357.488983008 SwapFree:              0 kB
1776799357.488983008 Zswap:                 0 kB
1776799357.488983008 Zswapped:              0 kB
1776799357.488983008 Dirty:                44 kB
1776799357.488983008 Writeback:             0 kB
1776799357.488983008 AnonPages:        109416 kB
1776799357.488983008 Mapped:           129180 kB
1776799357.488983008 Shmem:              5252 kB
1776799357.488983008 KReclaimable:      32160 kB
1776799357.488983008 Slab:             123820 kB
1776799357.488983008 SReclaimable:      32160 kB
1776799357.488983008 SUnreclaim:        91660 kB
1776799357.488983008 KernelStack:        3216 kB
1776799357.488983008 PageTables:         4452 kB
1776799357.488983008 SecPageTables:         0 kB
1776799357.488983008 NFS_Unstable:          0 kB
1776799357.488983008 Bounce:                0 kB
1776799357.488983008 WritebackTmp:          0 kB
1776799357.488983008 CommitLimit:     3537964 kB
1776799357.488983008 Committed_AS:     556564 kB
1776799357.488983008 VmallocTotal:   135288315904 kB
1776799357.488983008 VmallocUsed:       25960 kB
1776799357.488983008 VmallocChunk:          0 kB
1776799357.488983008 Percpu:             1600 kB
1776799357.488983008 AnonHugePages:         0 kB
1776799357.488983008 ShmemHugePages:        0 kB
1776799357.488983008 ShmemPmdMapped:        0 kB
1776799357.488983008 FileHugePages:         0 kB
1776799357.488983008 FilePmdMapped:         0 kB
1776799357.488983008 CmaTotal:          65536 kB
1776799357.488983008 CmaFree:           49104 kB
1776799357.488983008 Balloon:               0 kB
1776799357.488983008 HugePages_Total:     512
1776799357.488983008 HugePages_Free:      469
1776799357.488983008 HugePages_Rsvd:        0
1776799357.488983008 HugePages_Surp:        0
1776799357.488983008 Hugepagesize:       2048 kB
1776799357.488983008 Hugetlb:         1048576 kB
1776799358.499278783 MemTotal:        8124504 kB
1776799358.499278783 MemFree:         6340276 kB
1776799358.499278783 MemAvailable:    6622232 kB
1776799358.499278783 Buffers:           32640 kB
1776799358.499278783 Cached:           378156 kB
1776799358.499278783 SwapCached:            0 kB
1776799358.499278783 Active:           408376 kB
1776799358.499278783 Inactive:         111708 kB
1776799358.499278783 Active(anon):     114448 kB
1776799358.499278783 Inactive(anon):        0 kB
1776799358.499278783 Active(file):     293928 kB
1776799358.499278783 Inactive(file):   111708 kB
1776799358.499278783 Unevictable:           0 kB
1776799358.499278783 Mlocked:               0 kB
1776799358.499278783 SwapTotal:             0 kB
1776799358.499278783 SwapFree:              0 kB
1776799358.499278783 Zswap:                 0 kB
1776799358.499278783 Zswapped:              0 kB
1776799358.499278783 Dirty:                48 kB
1776799358.499278783 Writeback:             0 kB
1776799358.499278783 AnonPages:        109420 kB
1776799358.499278783 Mapped:           129180 kB
1776799358.499278783 Shmem:              5252 kB
1776799358.499278783 KReclaimable:      32160 kB
1776799358.499278783 Slab:             123700 kB
1776799358.499278783 SReclaimable:      32160 kB
1776799358.499278783 SUnreclaim:        91540 kB
1776799358.499278783 KernelStack:        3216 kB
1776799358.499278783 PageTables:         4456 kB
1776799358.499278783 SecPageTables:         0 kB
1776799358.499278783 NFS_Unstable:          0 kB
1776799358.499278783 Bounce:                0 kB
1776799358.499278783 WritebackTmp:          0 kB
1776799358.499278783 CommitLimit:     3537964 kB
1776799358.499278783 Committed_AS:     556564 kB
1776799358.499278783 VmallocTotal:   135288315904 kB
1776799358.499278783 VmallocUsed:       25960 kB
1776799358.499278783 VmallocChunk:          0 kB
1776799358.499278783 Percpu:             1600 kB
1776799358.499278783 AnonHugePages:         0 kB
1776799358.499278783 ShmemHugePages:        0 kB
1776799358.499278783 ShmemPmdMapped:        0 kB
1776799358.499278783 FileHugePages:         0 kB
1776799358.499278783 FilePmdMapped:         0 kB
1776799358.499278783 CmaTotal:          65536 kB
1776799358.499278783 CmaFree:           49104 kB
1776799358.499278783 Balloon:               0 kB
1776799358.499278783 HugePages_Total:     512
1776799358.499278783 HugePages_Free:      469
1776799358.499278783 HugePages_Rsvd:        0
1776799358.499278783 HugePages_Surp:        0
1776799358.499278783 Hugepagesize:       2048 kB
1776799358.499278783 Hugetlb:         1048576 kB
1776799359.509679021 MemTotal:        8124504 kB
1776799359.509679021 MemFree:         6344404 kB
1776799359.509679021 MemAvailable:    6626376 kB
1776799359.509679021 Buffers:           32640 kB
1776799359.509679021 Cached:           378164 kB
1776799359.509679021 SwapCached:            0 kB
1776799359.509679021 Active:           408392 kB
1776799359.509679021 Inactive:         111720 kB
1776799359.509679021 Active(anon):     114460 kB
1776799359.509679021 Inactive(anon):        0 kB
1776799359.509679021 Active(file):     293932 kB
1776799359.509679021 Inactive(file):   111720 kB
1776799359.509679021 Unevictable:           0 kB
1776799359.509679021 Mlocked:               0 kB
1776799359.509679021 SwapTotal:             0 kB
1776799359.509679021 SwapFree:              0 kB
1776799359.509679021 Zswap:                 0 kB
1776799359.509679021 Zswapped:              0 kB
1776799359.509679021 Dirty:                56 kB
1776799359.509679021 Writeback:             0 kB
1776799359.509679021 AnonPages:        109416 kB
1776799359.509679021 Mapped:           129180 kB
1776799359.509679021 Shmem:              5252 kB
1776799359.509679021 KReclaimable:      32160 kB
1776799359.509679021 Slab:             123840 kB
1776799359.509679021 SReclaimable:      32160 kB
1776799359.509679021 SUnreclaim:        91680 kB
1776799359.509679021 KernelStack:        3216 kB
1776799359.509679021 PageTables:         4456 kB
1776799359.509679021 SecPageTables:         0 kB
1776799359.509679021 NFS_Unstable:          0 kB
1776799359.509679021 Bounce:                0 kB
1776799359.509679021 WritebackTmp:          0 kB
1776799359.509679021 CommitLimit:     3537964 kB
1776799359.509679021 Committed_AS:     556564 kB
1776799359.509679021 VmallocTotal:   135288315904 kB
1776799359.509679021 VmallocUsed:       25944 kB
1776799359.509679021 VmallocChunk:          0 kB
1776799359.509679021 Percpu:             1600 kB
1776799359.509679021 AnonHugePages:         0 kB
1776799359.509679021 ShmemHugePages:        0 kB
1776799359.509679021 ShmemPmdMapped:        0 kB
1776799359.509679021 FileHugePages:         0 kB
1776799359.509679021 FilePmdMapped:         0 kB
1776799359.509679021 CmaTotal:          65536 kB
1776799359.509679021 CmaFree:           49104 kB
1776799359.509679021 Balloon:               0 kB
1776799359.509679021 HugePages_Total:     512
1776799359.509679021 HugePages_Free:      469
1776799359.509679021 HugePages_Rsvd:        0
1776799359.509679021 HugePages_Surp:        0
1776799359.509679021 Hugepagesize:       2048 kB
1776799359.509679021 Hugetlb:         1048576 kB
1776799360.519892611 MemTotal:        8124504 kB
1776799360.519892611 MemFree:         6340636 kB
1776799360.519892611 MemAvailable:    6622612 kB
1776799360.519892611 Buffers:           32640 kB
1776799360.519892611 Cached:           378168 kB
1776799360.519892611 SwapCached:            0 kB
1776799360.519892611 Active:           408416 kB
1776799360.519892611 Inactive:         111724 kB
1776799360.519892611 Active(anon):     114484 kB
1776799360.519892611 Inactive(anon):        0 kB
1776799360.519892611 Active(file):     293932 kB
1776799360.519892611 Inactive(file):   111724 kB
1776799360.519892611 Unevictable:           0 kB
1776799360.519892611 Mlocked:               0 kB
1776799360.519892611 SwapTotal:             0 kB
1776799360.519892611 SwapFree:              0 kB
1776799360.519892611 Zswap:                 0 kB
1776799360.519892611 Zswapped:              0 kB
1776799360.519892611 Dirty:                60 kB
1776799360.519892611 Writeback:             0 kB
1776799360.519892611 AnonPages:        109416 kB
1776799360.519892611 Mapped:           129180 kB
1776799360.519892611 Shmem:              5252 kB
1776799360.519892611 KReclaimable:      32160 kB
1776799360.519892611 Slab:             123692 kB
1776799360.519892611 SReclaimable:      32160 kB
1776799360.519892611 SUnreclaim:        91532 kB
1776799360.519892611 KernelStack:        3216 kB
1776799360.519892611 PageTables:         4452 kB
1776799360.519892611 SecPageTables:         0 kB
1776799360.519892611 NFS_Unstable:          0 kB
1776799360.519892611 Bounce:                0 kB
1776799360.519892611 WritebackTmp:          0 kB
1776799360.519892611 CommitLimit:     3537964 kB
1776799360.519892611 Committed_AS:     556564 kB
1776799360.519892611 VmallocTotal:   135288315904 kB
1776799360.519892611 VmallocUsed:       25944 kB
1776799360.519892611 VmallocChunk:          0 kB
1776799360.519892611 Percpu:             1600 kB
1776799360.519892611 AnonHugePages:         0 kB
1776799360.519892611 ShmemHugePages:        0 kB
1776799360.519892611 ShmemPmdMapped:        0 kB
1776799360.519892611 FileHugePages:         0 kB
1776799360.519892611 FilePmdMapped:         0 kB
1776799360.519892611 CmaTotal:          65536 kB
1776799360.519892611 CmaFree:           49104 kB
1776799360.519892611 Balloon:               0 kB
1776799360.519892611 HugePages_Total:     512
1776799360.519892611 HugePages_Free:      469
1776799360.519892611 HugePages_Rsvd:        0
1776799360.519892611 HugePages_Surp:        0
1776799360.519892611 Hugepagesize:       2048 kB
1776799360.519892611 Hugetlb:         1048576 kB
1776799361.530300275 MemTotal:        8124504 kB
1776799361.530300275 MemFree:         6347084 kB
1776799361.530300275 MemAvailable:    6629056 kB
1776799361.530300275 Buffers:           32640 kB
1776799361.530300275 Cached:           378172 kB
1776799361.530300275 SwapCached:            0 kB
1776799361.530300275 Active:           408380 kB
1776799361.530300275 Inactive:         111724 kB
1776799361.530300275 Active(anon):     114452 kB
1776799361.530300275 Inactive(anon):        0 kB
1776799361.530300275 Active(file):     293928 kB
1776799361.530300275 Inactive(file):   111724 kB
1776799361.530300275 Unevictable:           0 kB
1776799361.530300275 Mlocked:               0 kB
1776799361.530300275 SwapTotal:             0 kB
1776799361.530300275 SwapFree:              0 kB
1776799361.530300275 Zswap:                 0 kB
1776799361.530300275 Zswapped:              0 kB
1776799361.530300275 Dirty:                64 kB
1776799361.530300275 Writeback:             0 kB
1776799361.530300275 AnonPages:        109416 kB
1776799361.530300275 Mapped:           129180 kB
1776799361.530300275 Shmem:              5252 kB
1776799361.530300275 KReclaimable:      32160 kB
1776799361.530300275 Slab:             123756 kB
1776799361.530300275 SReclaimable:      32160 kB
1776799361.530300275 SUnreclaim:        91596 kB
1776799361.530300275 KernelStack:        3216 kB
1776799361.530300275 PageTables:         4456 kB
1776799361.530300275 SecPageTables:         0 kB
1776799361.530300275 NFS_Unstable:          0 kB
1776799361.530300275 Bounce:                0 kB
1776799361.530300275 WritebackTmp:          0 kB
1776799361.530300275 CommitLimit:     3537964 kB
1776799361.530300275 Committed_AS:     556564 kB
1776799361.530300275 VmallocTotal:   135288315904 kB
1776799361.530300275 VmallocUsed:       25944 kB
1776799361.530300275 VmallocChunk:          0 kB
1776799361.530300275 Percpu:             1600 kB
1776799361.530300275 AnonHugePages:         0 kB
1776799361.530300275 ShmemHugePages:        0 kB
1776799361.530300275 ShmemPmdMapped:        0 kB
1776799361.530300275 FileHugePages:         0 kB
1776799361.530300275 FilePmdMapped:         0 kB
1776799361.530300275 CmaTotal:          65536 kB
1776799361.530300275 CmaFree:           49104 kB
1776799361.530300275 Balloon:               0 kB
1776799361.530300275 HugePages_Total:     512
1776799361.530300275 HugePages_Free:      469
1776799361.530300275 HugePages_Rsvd:        0
1776799361.530300275 HugePages_Surp:        0
1776799361.530300275 Hugepagesize:       2048 kB
1776799361.530300275 Hugetlb:         1048576 kB
1776799362.540762829 MemTotal:        8124504 kB
1776799362.540762829 MemFree:         6347824 kB
1776799362.540762829 MemAvailable:    6629816 kB
1776799362.540762829 Buffers:           32648 kB
1776799362.540762829 Cached:           378180 kB
1776799362.540762829 SwapCached:            0 kB
1776799362.540762829 Active:           408468 kB
1776799362.540762829 Inactive:         111740 kB
1776799362.540762829 Active(anon):     114536 kB
1776799362.540762829 Inactive(anon):        0 kB
1776799362.540762829 Active(file):     293932 kB
1776799362.540762829 Inactive(file):   111740 kB
1776799362.540762829 Unevictable:           0 kB
1776799362.540762829 Mlocked:               0 kB
1776799362.540762829 SwapTotal:             0 kB
1776799362.540762829 SwapFree:              0 kB
1776799362.540762829 Zswap:                 0 kB
1776799362.540762829 Zswapped:              0 kB
1776799362.540762829 Dirty:                76 kB
1776799362.540762829 Writeback:             0 kB
1776799362.540762829 AnonPages:        109420 kB
1776799362.540762829 Mapped:           129180 kB
1776799362.540762829 Shmem:              5252 kB
1776799362.540762829 KReclaimable:      32160 kB
1776799362.540762829 Slab:             123876 kB
1776799362.540762829 SReclaimable:      32160 kB
1776799362.540762829 SUnreclaim:        91716 kB
1776799362.540762829 KernelStack:        3216 kB
1776799362.540762829 PageTables:         4452 kB
1776799362.540762829 SecPageTables:         0 kB
1776799362.540762829 NFS_Unstable:          0 kB
1776799362.540762829 Bounce:                0 kB
1776799362.540762829 WritebackTmp:          0 kB
1776799362.540762829 CommitLimit:     3537964 kB
1776799362.540762829 Committed_AS:     556564 kB
1776799362.540762829 VmallocTotal:   135288315904 kB
1776799362.540762829 VmallocUsed:       25960 kB
1776799362.540762829 VmallocChunk:          0 kB
1776799362.540762829 Percpu:             1600 kB
1776799362.540762829 AnonHugePages:         0 kB
1776799362.540762829 ShmemHugePages:        0 kB
1776799362.540762829 ShmemPmdMapped:        0 kB
1776799362.540762829 FileHugePages:         0 kB
1776799362.540762829 FilePmdMapped:         0 kB
1776799362.540762829 CmaTotal:          65536 kB
1776799362.540762829 CmaFree:           49104 kB
1776799362.540762829 Balloon:               0 kB
1776799362.540762829 HugePages_Total:     512
1776799362.540762829 HugePages_Free:      469
1776799362.540762829 HugePages_Rsvd:        0
1776799362.540762829 HugePages_Surp:        0
1776799362.540762829 Hugepagesize:       2048 kB
1776799362.540762829 Hugetlb:         1048576 kB
1776799363.550796214 MemTotal:        8124504 kB
1776799363.550796214 MemFree:         6346744 kB
1776799363.550796214 MemAvailable:    6628740 kB
1776799363.550796214 Buffers:           32648 kB
1776799363.550796214 Cached:           378184 kB
1776799363.550796214 SwapCached:            0 kB
1776799363.550796214 Active:           408492 kB
1776799363.550796214 Inactive:         111748 kB
1776799363.550796214 Active(anon):     114564 kB
1776799363.550796214 Inactive(anon):        0 kB
1776799363.550796214 Active(file):     293928 kB
1776799363.550796214 Inactive(file):   111748 kB
1776799363.550796214 Unevictable:           0 kB
1776799363.550796214 Mlocked:               0 kB
1776799363.550796214 SwapTotal:             0 kB
1776799363.550796214 SwapFree:              0 kB
1776799363.550796214 Zswap:                 0 kB
1776799363.550796214 Zswapped:              0 kB
1776799363.550796214 Dirty:                80 kB
1776799363.550796214 Writeback:             0 kB
1776799363.550796214 AnonPages:        109408 kB
1776799363.550796214 Mapped:           129180 kB
1776799363.550796214 Shmem:              5252 kB
1776799363.550796214 KReclaimable:      32160 kB
1776799363.550796214 Slab:             123880 kB
1776799363.550796214 SReclaimable:      32160 kB
1776799363.550796214 SUnreclaim:        91720 kB
1776799363.550796214 KernelStack:        3200 kB
1776799363.550796214 PageTables:         4412 kB
1776799363.550796214 SecPageTables:         0 kB
1776799363.550796214 NFS_Unstable:          0 kB
1776799363.550796214 Bounce:                0 kB
1776799363.550796214 WritebackTmp:          0 kB
1776799363.550796214 CommitLimit:     3537964 kB
1776799363.550796214 Committed_AS:     556564 kB
1776799363.550796214 VmallocTotal:   135288315904 kB
1776799363.550796214 VmallocUsed:       25944 kB
1776799363.550796214 VmallocChunk:          0 kB
1776799363.550796214 Percpu:             1600 kB
1776799363.550796214 AnonHugePages:         0 kB
1776799363.550796214 ShmemHugePages:        0 kB
1776799363.550796214 ShmemPmdMapped:        0 kB
1776799363.550796214 FileHugePages:         0 kB
1776799363.550796214 FilePmdMapped:         0 kB
1776799363.550796214 CmaTotal:          65536 kB
1776799363.550796214 CmaFree:           49104 kB
1776799363.550796214 Balloon:               0 kB
1776799363.550796214 HugePages_Total:     512
1776799363.550796214 HugePages_Free:      469
1776799363.550796214 HugePages_Rsvd:        0
1776799363.550796214 HugePages_Surp:        0
1776799363.550796214 Hugepagesize:       2048 kB
1776799363.550796214 Hugetlb:         1048576 kB
1776799364.560694100 MemTotal:        8124504 kB
1776799364.560694100 MemFree:         6348204 kB
1776799364.560694100 MemAvailable:    6630200 kB
1776799364.560694100 Buffers:           32648 kB
1776799364.560694100 Cached:           378184 kB
1776799364.560694100 SwapCached:            0 kB
1776799364.560694100 Active:           408348 kB
1776799364.560694100 Inactive:         111748 kB
1776799364.560694100 Active(anon):     114420 kB
1776799364.560694100 Inactive(anon):        0 kB
1776799364.560694100 Active(file):     293928 kB
1776799364.560694100 Inactive(file):   111748 kB
1776799364.560694100 Unevictable:           0 kB
1776799364.560694100 Mlocked:               0 kB
1776799364.560694100 SwapTotal:             0 kB
1776799364.560694100 SwapFree:              0 kB
1776799364.560694100 Zswap:                 0 kB
1776799364.560694100 Zswapped:              0 kB
1776799364.560694100 Dirty:                80 kB
1776799364.560694100 Writeback:             0 kB
1776799364.560694100 AnonPages:        109416 kB
1776799364.560694100 Mapped:           129180 kB
1776799364.560694100 Shmem:              5252 kB
1776799364.560694100 KReclaimable:      32160 kB
1776799364.560694100 Slab:             123824 kB
1776799364.560694100 SReclaimable:      32160 kB
1776799364.560694100 SUnreclaim:        91664 kB
1776799364.560694100 KernelStack:        3216 kB
1776799364.560694100 PageTables:         4448 kB
1776799364.560694100 SecPageTables:         0 kB
1776799364.560694100 NFS_Unstable:          0 kB
1776799364.560694100 Bounce:                0 kB
1776799364.560694100 WritebackTmp:          0 kB
1776799364.560694100 CommitLimit:     3537964 kB
1776799364.560694100 Committed_AS:     556564 kB
1776799364.560694100 VmallocTotal:   135288315904 kB
1776799364.560694100 VmallocUsed:       25960 kB
1776799364.560694100 VmallocChunk:          0 kB
1776799364.560694100 Percpu:             1600 kB
1776799364.560694100 AnonHugePages:         0 kB
1776799364.560694100 ShmemHugePages:        0 kB
1776799364.560694100 ShmemPmdMapped:        0 kB
1776799364.560694100 FileHugePages:         0 kB
1776799364.560694100 FilePmdMapped:         0 kB
1776799364.560694100 CmaTotal:          65536 kB
1776799364.560694100 CmaFree:           49104 kB
1776799364.560694100 Balloon:               0 kB
1776799364.560694100 HugePages_Total:     512
1776799364.560694100 HugePages_Free:      469
1776799364.560694100 HugePages_Rsvd:        0
1776799364.560694100 HugePages_Surp:        0
1776799364.560694100 Hugepagesize:       2048 kB
1776799364.560694100 Hugetlb:         1048576 kB
1776799365.570444873 MemTotal:        8124504 kB
1776799365.570444873 MemFree:         6344376 kB
1776799365.570444873 MemAvailable:    6626384 kB
1776799365.570444873 Buffers:           32648 kB
1776799365.570444873 Cached:           378196 kB
1776799365.570444873 SwapCached:            0 kB
1776799365.570444873 Active:           408292 kB
1776799365.570444873 Inactive:         111756 kB
1776799365.570444873 Active(anon):     114360 kB
1776799365.570444873 Inactive(anon):        0 kB
1776799365.570444873 Active(file):     293932 kB
1776799365.570444873 Inactive(file):   111756 kB
1776799365.570444873 Unevictable:           0 kB
1776799365.570444873 Mlocked:               0 kB
1776799365.570444873 SwapTotal:             0 kB
1776799365.570444873 SwapFree:              0 kB
1776799365.570444873 Zswap:                 0 kB
1776799365.570444873 Zswapped:              0 kB
1776799365.570444873 Dirty:                92 kB
1776799365.570444873 Writeback:             0 kB
1776799365.570444873 AnonPages:        109264 kB
1776799365.570444873 Mapped:           129180 kB
1776799365.570444873 Shmem:              5252 kB
1776799365.570444873 KReclaimable:      32160 kB
1776799365.570444873 Slab:             123708 kB
1776799365.570444873 SReclaimable:      32160 kB
1776799365.570444873 SUnreclaim:        91548 kB
1776799365.570444873 KernelStack:        3216 kB
1776799365.570444873 PageTables:         4452 kB
1776799365.570444873 SecPageTables:         0 kB
1776799365.570444873 NFS_Unstable:          0 kB
1776799365.570444873 Bounce:                0 kB
1776799365.570444873 WritebackTmp:          0 kB
1776799365.570444873 CommitLimit:     3537964 kB
1776799365.570444873 Committed_AS:     556564 kB
1776799365.570444873 VmallocTotal:   135288315904 kB
1776799365.570444873 VmallocUsed:       25960 kB
1776799365.570444873 VmallocChunk:          0 kB
1776799365.570444873 Percpu:             1600 kB
1776799365.570444873 AnonHugePages:         0 kB
1776799365.570444873 ShmemHugePages:        0 kB
1776799365.570444873 ShmemPmdMapped:        0 kB
1776799365.570444873 FileHugePages:         0 kB
1776799365.570444873 FilePmdMapped:         0 kB
1776799365.570444873 CmaTotal:          65536 kB
1776799365.570444873 CmaFree:           49104 kB
1776799365.570444873 Balloon:               0 kB
1776799365.570444873 HugePages_Total:     512
1776799365.570444873 HugePages_Free:      469
1776799365.570444873 HugePages_Rsvd:        0
1776799365.570444873 HugePages_Surp:        0
1776799365.570444873 Hugepagesize:       2048 kB
1776799365.570444873 Hugetlb:         1048576 kB
1776799366.579901332 MemTotal:        8124504 kB
1776799366.579901332 MemFree:         6340844 kB
1776799366.579901332 MemAvailable:    6622852 kB
1776799366.579901332 Buffers:           32648 kB
1776799366.579901332 Cached:           378196 kB
1776799366.579901332 SwapCached:            0 kB
1776799366.579901332 Active:           408388 kB
1776799366.579901332 Inactive:         111760 kB
1776799366.579901332 Active(anon):     114460 kB
1776799366.579901332 Inactive(anon):        0 kB
1776799366.579901332 Active(file):     293928 kB
1776799366.579901332 Inactive(file):   111760 kB
1776799366.579901332 Unevictable:           0 kB
1776799366.579901332 Mlocked:               0 kB
1776799366.579901332 SwapTotal:             0 kB
1776799366.579901332 SwapFree:              0 kB
1776799366.579901332 Zswap:                 0 kB
1776799366.579901332 Zswapped:              0 kB
1776799366.579901332 Dirty:                88 kB
1776799366.579901332 Writeback:             0 kB
1776799366.579901332 AnonPages:        109412 kB
1776799366.579901332 Mapped:           129180 kB
1776799366.579901332 Shmem:              5252 kB
1776799366.579901332 KReclaimable:      32160 kB
1776799366.579901332 Slab:             123676 kB
1776799366.579901332 SReclaimable:      32160 kB
1776799366.579901332 SUnreclaim:        91516 kB
1776799366.579901332 KernelStack:        3216 kB
1776799366.579901332 PageTables:         4448 kB
1776799366.579901332 SecPageTables:         0 kB
1776799366.579901332 NFS_Unstable:          0 kB
1776799366.579901332 Bounce:                0 kB
1776799366.579901332 WritebackTmp:          0 kB
1776799366.579901332 CommitLimit:     3537964 kB
1776799366.579901332 Committed_AS:     556564 kB
1776799366.579901332 VmallocTotal:   135288315904 kB
1776799366.579901332 VmallocUsed:       25960 kB
1776799366.579901332 VmallocChunk:          0 kB
1776799366.579901332 Percpu:             1600 kB
1776799366.579901332 AnonHugePages:         0 kB
1776799366.579901332 ShmemHugePages:        0 kB
1776799366.579901332 ShmemPmdMapped:        0 kB
1776799366.579901332 FileHugePages:         0 kB
1776799366.579901332 FilePmdMapped:         0 kB
1776799366.579901332 CmaTotal:          65536 kB
1776799366.579901332 CmaFree:           49104 kB
1776799366.579901332 Balloon:               0 kB
1776799366.579901332 HugePages_Total:     512
1776799366.579901332 HugePages_Free:      469
1776799366.579901332 HugePages_Rsvd:        0
1776799366.579901332 HugePages_Surp:        0
1776799366.579901332 Hugepagesize:       2048 kB
1776799366.579901332 Hugetlb:         1048576 kB
1776799367.589469438 MemTotal:        8124504 kB
1776799367.589469438 MemFree:         6343104 kB
1776799367.589469438 MemAvailable:    6625124 kB
1776799367.589469438 Buffers:           32656 kB
1776799367.589469438 Cached:           378200 kB
1776799367.589469438 SwapCached:            0 kB
1776799367.589469438 Active:           408348 kB
1776799367.589469438 Inactive:         111772 kB
1776799367.589469438 Active(anon):     114420 kB
1776799367.589469438 Inactive(anon):        0 kB
1776799367.589469438 Active(file):     293928 kB
1776799367.589469438 Inactive(file):   111772 kB
1776799367.589469438 Unevictable:           0 kB
1776799367.589469438 Mlocked:               0 kB
1776799367.589469438 SwapTotal:             0 kB
1776799367.589469438 SwapFree:              0 kB
1776799367.589469438 Zswap:                 0 kB
1776799367.589469438 Zswapped:              0 kB
1776799367.589469438 Dirty:                92 kB
1776799367.589469438 Writeback:             0 kB
1776799367.589469438 AnonPages:        109420 kB
1776799367.589469438 Mapped:           129180 kB
1776799367.589469438 Shmem:              5252 kB
1776799367.589469438 KReclaimable:      32160 kB
1776799367.589469438 Slab:             123800 kB
1776799367.589469438 SReclaimable:      32160 kB
1776799367.589469438 SUnreclaim:        91640 kB
1776799367.589469438 KernelStack:        3216 kB
1776799367.589469438 PageTables:         4452 kB
1776799367.589469438 SecPageTables:         0 kB
1776799367.589469438 NFS_Unstable:          0 kB
1776799367.589469438 Bounce:                0 kB
1776799367.589469438 WritebackTmp:          0 kB
1776799367.589469438 CommitLimit:     3537964 kB
1776799367.589469438 Committed_AS:     556564 kB
1776799367.589469438 VmallocTotal:   135288315904 kB
1776799367.589469438 VmallocUsed:       25960 kB
1776799367.589469438 VmallocChunk:          0 kB
1776799367.589469438 Percpu:             1600 kB
1776799367.589469438 AnonHugePages:         0 kB
1776799367.589469438 ShmemHugePages:        0 kB
1776799367.589469438 ShmemPmdMapped:        0 kB
1776799367.589469438 FileHugePages:         0 kB
1776799367.589469438 FilePmdMapped:         0 kB
1776799367.589469438 CmaTotal:          65536 kB
1776799367.589469438 CmaFree:           49104 kB
1776799367.589469438 Balloon:               0 kB
1776799367.589469438 HugePages_Total:     512
1776799367.589469438 HugePages_Free:      469
1776799367.589469438 HugePages_Rsvd:        0
1776799367.589469438 HugePages_Surp:        0
1776799367.589469438 Hugepagesize:       2048 kB
1776799367.589469438 Hugetlb:         1048576 kB
1776799368.598872526 MemTotal:        8124504 kB
1776799368.598872526 MemFree:         6346768 kB
1776799368.598872526 MemAvailable:    6628796 kB
1776799368.598872526 Buffers:           32656 kB
1776799368.598872526 Cached:           378208 kB
1776799368.598872526 SwapCached:            0 kB
1776799368.598872526 Active:           408344 kB
1776799368.598872526 Inactive:         111780 kB
1776799368.598872526 Active(anon):     114416 kB
1776799368.598872526 Inactive(anon):        0 kB
1776799368.598872526 Active(file):     293928 kB
1776799368.598872526 Inactive(file):   111780 kB
1776799368.598872526 Unevictable:           0 kB
1776799368.598872526 Mlocked:               0 kB
1776799368.598872526 SwapTotal:             0 kB
1776799368.598872526 SwapFree:              0 kB
1776799368.598872526 Zswap:                 0 kB
1776799368.598872526 Zswapped:              0 kB
1776799368.598872526 Dirty:               100 kB
1776799368.598872526 Writeback:             0 kB
1776799368.598872526 AnonPages:        109408 kB
1776799368.598872526 Mapped:           129180 kB
1776799368.598872526 Shmem:              5252 kB
1776799368.598872526 KReclaimable:      32160 kB
1776799368.598872526 Slab:             123800 kB
1776799368.598872526 SReclaimable:      32160 kB
1776799368.598872526 SUnreclaim:        91640 kB
1776799368.598872526 KernelStack:        3216 kB
1776799368.598872526 PageTables:         4448 kB
1776799368.598872526 SecPageTables:         0 kB
1776799368.598872526 NFS_Unstable:          0 kB
1776799368.598872526 Bounce:                0 kB
1776799368.598872526 WritebackTmp:          0 kB
1776799368.598872526 CommitLimit:     3537964 kB
1776799368.598872526 Committed_AS:     556564 kB
1776799368.598872526 VmallocTotal:   135288315904 kB
1776799368.598872526 VmallocUsed:       25960 kB
1776799368.598872526 VmallocChunk:          0 kB
1776799368.598872526 Percpu:             1600 kB
1776799368.598872526 AnonHugePages:         0 kB
1776799368.598872526 ShmemHugePages:        0 kB
1776799368.598872526 ShmemPmdMapped:        0 kB
1776799368.598872526 FileHugePages:         0 kB
1776799368.598872526 FilePmdMapped:         0 kB
1776799368.598872526 CmaTotal:          65536 kB
1776799368.598872526 CmaFree:           49104 kB
1776799368.598872526 Balloon:               0 kB
1776799368.598872526 HugePages_Total:     512
1776799368.598872526 HugePages_Free:      469
1776799368.598872526 HugePages_Rsvd:        0
1776799368.598872526 HugePages_Surp:        0
1776799368.598872526 Hugepagesize:       2048 kB
1776799368.598872526 Hugetlb:         1048576 kB
1776799369.608599133 MemTotal:        8124504 kB
1776799369.608599133 MemFree:         6343908 kB
1776799369.608599133 MemAvailable:    6625940 kB
1776799369.608599133 Buffers:           32656 kB
1776799369.608599133 Cached:           378212 kB
1776799369.608599133 SwapCached:            0 kB
1776799369.608599133 Active:           408368 kB
1776799369.608599133 Inactive:         111784 kB
1776799369.608599133 Active(anon):     114440 kB
1776799369.608599133 Inactive(anon):        0 kB
1776799369.608599133 Active(file):     293928 kB
1776799369.608599133 Inactive(file):   111784 kB
1776799369.608599133 Unevictable:           0 kB
1776799369.608599133 Mlocked:               0 kB
1776799369.608599133 SwapTotal:             0 kB
1776799369.608599133 SwapFree:              0 kB
1776799369.608599133 Zswap:                 0 kB
1776799369.608599133 Zswapped:              0 kB
1776799369.608599133 Dirty:               104 kB
1776799369.608599133 Writeback:             0 kB
1776799369.608599133 AnonPages:        109412 kB
1776799369.608599133 Mapped:           129180 kB
1776799369.608599133 Shmem:              5252 kB
1776799369.608599133 KReclaimable:      32160 kB
1776799369.608599133 Slab:             123748 kB
1776799369.608599133 SReclaimable:      32160 kB
1776799369.608599133 SUnreclaim:        91588 kB
1776799369.608599133 KernelStack:        3216 kB
1776799369.608599133 PageTables:         4452 kB
1776799369.608599133 SecPageTables:         0 kB
1776799369.608599133 NFS_Unstable:          0 kB
1776799369.608599133 Bounce:                0 kB
1776799369.608599133 WritebackTmp:          0 kB
1776799369.608599133 CommitLimit:     3537964 kB
1776799369.608599133 Committed_AS:     556564 kB
1776799369.608599133 VmallocTotal:   135288315904 kB
1776799369.608599133 VmallocUsed:       25960 kB
1776799369.608599133 VmallocChunk:          0 kB
1776799369.608599133 Percpu:             1600 kB
1776799369.608599133 AnonHugePages:         0 kB
1776799369.608599133 ShmemHugePages:        0 kB
1776799369.608599133 ShmemPmdMapped:        0 kB
1776799369.608599133 FileHugePages:         0 kB
1776799369.608599133 FilePmdMapped:         0 kB
1776799369.608599133 CmaTotal:          65536 kB
1776799369.608599133 CmaFree:           49104 kB
1776799369.608599133 Balloon:               0 kB
1776799369.608599133 HugePages_Total:     512
1776799369.608599133 HugePages_Free:      469
1776799369.608599133 HugePages_Rsvd:        0
1776799369.608599133 HugePages_Surp:        0
1776799369.608599133 Hugepagesize:       2048 kB
1776799369.608599133 Hugetlb:         1048576 kB
1776799370.618169165 MemTotal:        8124504 kB
1776799370.618169165 MemFree:         6346360 kB
1776799370.618169165 MemAvailable:    6628400 kB
1776799370.618169165 Buffers:           32656 kB
1776799370.618169165 Cached:           378220 kB
1776799370.618169165 SwapCached:            0 kB
1776799370.618169165 Active:           408300 kB
1776799370.618169165 Inactive:         111792 kB
1776799370.618169165 Active(anon):     114372 kB
1776799370.618169165 Inactive(anon):        0 kB
1776799370.618169165 Active(file):     293928 kB
1776799370.618169165 Inactive(file):   111792 kB
1776799370.618169165 Unevictable:           0 kB
1776799370.618169165 Mlocked:               0 kB
1776799370.618169165 SwapTotal:             0 kB
1776799370.618169165 SwapFree:              0 kB
1776799370.618169165 Zswap:                 0 kB
1776799370.618169165 Zswapped:              0 kB
1776799370.618169165 Dirty:               112 kB
1776799370.618169165 Writeback:             0 kB
1776799370.618169165 AnonPages:        109416 kB
1776799370.618169165 Mapped:           129180 kB
1776799370.618169165 Shmem:              5252 kB
1776799370.618169165 KReclaimable:      32160 kB
1776799370.618169165 Slab:             123908 kB
1776799370.618169165 SReclaimable:      32160 kB
1776799370.618169165 SUnreclaim:        91748 kB
1776799370.618169165 KernelStack:        3216 kB
1776799370.618169165 PageTables:         4444 kB
1776799370.618169165 SecPageTables:         0 kB
1776799370.618169165 NFS_Unstable:          0 kB
1776799370.618169165 Bounce:                0 kB
1776799370.618169165 WritebackTmp:          0 kB
1776799370.618169165 CommitLimit:     3537964 kB
1776799370.618169165 Committed_AS:     556564 kB
1776799370.618169165 VmallocTotal:   135288315904 kB
1776799370.618169165 VmallocUsed:       25944 kB
1776799370.618169165 VmallocChunk:          0 kB
1776799370.618169165 Percpu:             1600 kB
1776799370.618169165 AnonHugePages:         0 kB
1776799370.618169165 ShmemHugePages:        0 kB
1776799370.618169165 ShmemPmdMapped:        0 kB
1776799370.618169165 FileHugePages:         0 kB
1776799370.618169165 FilePmdMapped:         0 kB
1776799370.618169165 CmaTotal:          65536 kB
1776799370.618169165 CmaFree:           49104 kB
1776799370.618169165 Balloon:               0 kB
1776799370.618169165 HugePages_Total:     512
1776799370.618169165 HugePages_Free:      469
1776799370.618169165 HugePages_Rsvd:        0
1776799370.618169165 HugePages_Surp:        0
1776799370.618169165 Hugepagesize:       2048 kB
1776799370.618169165 Hugetlb:         1048576 kB
1776799371.627541401 MemTotal:        8124504 kB
1776799371.627541401 MemFree:         6342372 kB
1776799371.627541401 MemAvailable:    6624416 kB
1776799371.627541401 Buffers:           32656 kB
1776799371.627541401 Cached:           378224 kB
1776799371.627541401 SwapCached:            0 kB
1776799371.627541401 Active:           408332 kB
1776799371.627541401 Inactive:         111796 kB
1776799371.627541401 Active(anon):     114404 kB
1776799371.627541401 Inactive(anon):        0 kB
1776799371.627541401 Active(file):     293928 kB
1776799371.627541401 Inactive(file):   111796 kB
1776799371.627541401 Unevictable:           0 kB
1776799371.627541401 Mlocked:               0 kB
1776799371.627541401 SwapTotal:             0 kB
1776799371.627541401 SwapFree:              0 kB
1776799371.627541401 Zswap:                 0 kB
1776799371.627541401 Zswapped:              0 kB
1776799371.627541401 Dirty:               116 kB
1776799371.627541401 Writeback:             0 kB
1776799371.627541401 AnonPages:        109420 kB
1776799371.627541401 Mapped:           129180 kB
1776799371.627541401 Shmem:              5252 kB
1776799371.627541401 KReclaimable:      32160 kB
1776799371.627541401 Slab:             123796 kB
1776799371.627541401 SReclaimable:      32160 kB
1776799371.627541401 SUnreclaim:        91636 kB
1776799371.627541401 KernelStack:        3216 kB
1776799371.627541401 PageTables:         4452 kB
1776799371.627541401 SecPageTables:         0 kB
1776799371.627541401 NFS_Unstable:          0 kB
1776799371.627541401 Bounce:                0 kB
1776799371.627541401 WritebackTmp:          0 kB
1776799371.627541401 CommitLimit:     3537964 kB
1776799371.627541401 Committed_AS:     556564 kB
1776799371.627541401 VmallocTotal:   135288315904 kB
1776799371.627541401 VmallocUsed:       25944 kB
1776799371.627541401 VmallocChunk:          0 kB
1776799371.627541401 Percpu:             1600 kB
1776799371.627541401 AnonHugePages:         0 kB
1776799371.627541401 ShmemHugePages:        0 kB
1776799371.627541401 ShmemPmdMapped:        0 kB
1776799371.627541401 FileHugePages:         0 kB
1776799371.627541401 FilePmdMapped:         0 kB
1776799371.627541401 CmaTotal:          65536 kB
1776799371.627541401 CmaFree:           49104 kB
1776799371.627541401 Balloon:               0 kB
1776799371.627541401 HugePages_Total:     512
1776799371.627541401 HugePages_Free:      469
1776799371.627541401 HugePages_Rsvd:        0
1776799371.627541401 HugePages_Surp:        0
1776799371.627541401 Hugepagesize:       2048 kB
1776799371.627541401 Hugetlb:         1048576 kB
1776799372.637037600 MemTotal:        8124504 kB
1776799372.637037600 MemFree:         6347516 kB
1776799372.637037600 MemAvailable:    6629568 kB
1776799372.637037600 Buffers:           32664 kB
1776799372.637037600 Cached:           378224 kB
1776799372.637037600 SwapCached:            0 kB
1776799372.637037600 Active:           408340 kB
1776799372.637037600 Inactive:         111804 kB
1776799372.637037600 Active(anon):     114412 kB
1776799372.637037600 Inactive(anon):        0 kB
1776799372.637037600 Active(file):     293928 kB
1776799372.637037600 Inactive(file):   111804 kB
1776799372.637037600 Unevictable:           0 kB
1776799372.637037600 Mlocked:               0 kB
1776799372.637037600 SwapTotal:             0 kB
1776799372.637037600 SwapFree:              0 kB
1776799372.637037600 Zswap:                 0 kB
1776799372.637037600 Zswapped:              0 kB
1776799372.637037600 Dirty:               116 kB
1776799372.637037600 Writeback:             0 kB
1776799372.637037600 AnonPages:        109412 kB
1776799372.637037600 Mapped:           129180 kB
1776799372.637037600 Shmem:              5252 kB
1776799372.637037600 KReclaimable:      32160 kB
1776799372.637037600 Slab:             123712 kB
1776799372.637037600 SReclaimable:      32160 kB
1776799372.637037600 SUnreclaim:        91552 kB
1776799372.637037600 KernelStack:        3216 kB
1776799372.637037600 PageTables:         4452 kB
1776799372.637037600 SecPageTables:         0 kB
1776799372.637037600 NFS_Unstable:          0 kB
1776799372.637037600 Bounce:                0 kB
1776799372.637037600 WritebackTmp:          0 kB
1776799372.637037600 CommitLimit:     3537964 kB
1776799372.637037600 Committed_AS:     556564 kB
1776799372.637037600 VmallocTotal:   135288315904 kB
1776799372.637037600 VmallocUsed:       25960 kB
1776799372.637037600 VmallocChunk:          0 kB
1776799372.637037600 Percpu:             1600 kB
1776799372.637037600 AnonHugePages:         0 kB
1776799372.637037600 ShmemHugePages:        0 kB
1776799372.637037600 ShmemPmdMapped:        0 kB
1776799372.637037600 FileHugePages:         0 kB
1776799372.637037600 FilePmdMapped:         0 kB
1776799372.637037600 CmaTotal:          65536 kB
1776799372.637037600 CmaFree:           49104 kB
1776799372.637037600 Balloon:               0 kB
1776799372.637037600 HugePages_Total:     512
1776799372.637037600 HugePages_Free:      469
1776799372.637037600 HugePages_Rsvd:        0
1776799372.637037600 HugePages_Surp:        0
1776799372.637037600 Hugepagesize:       2048 kB
1776799372.637037600 Hugetlb:         1048576 kB
1776799373.646581670 MemTotal:        8124504 kB
1776799373.646581670 MemFree:         6343860 kB
1776799373.646581670 MemAvailable:    6625924 kB
1776799373.646581670 Buffers:           32664 kB
1776799373.646581670 Cached:           378232 kB
1776799373.646581670 SwapCached:            0 kB
1776799373.646581670 Active:           408472 kB
1776799373.646581670 Inactive:         111812 kB
1776799373.646581670 Active(anon):     114540 kB
1776799373.646581670 Inactive(anon):        0 kB
1776799373.646581670 Active(file):     293932 kB
1776799373.646581670 Inactive(file):   111812 kB
1776799373.646581670 Unevictable:           0 kB
1776799373.646581670 Mlocked:               0 kB
1776799373.646581670 SwapTotal:             0 kB
1776799373.646581670 SwapFree:              0 kB
1776799373.646581670 Zswap:                 0 kB
1776799373.646581670 Zswapped:              0 kB
1776799373.646581670 Dirty:               124 kB
1776799373.646581670 Writeback:             0 kB
1776799373.646581670 AnonPages:        109420 kB
1776799373.646581670 Mapped:           129180 kB
1776799373.646581670 Shmem:              5252 kB
1776799373.646581670 KReclaimable:      32160 kB
1776799373.646581670 Slab:             123872 kB
1776799373.646581670 SReclaimable:      32160 kB
1776799373.646581670 SUnreclaim:        91712 kB
1776799373.646581670 KernelStack:        3216 kB
1776799373.646581670 PageTables:         4452 kB
1776799373.646581670 SecPageTables:         0 kB
1776799373.646581670 NFS_Unstable:          0 kB
1776799373.646581670 Bounce:                0 kB
1776799373.646581670 WritebackTmp:          0 kB
1776799373.646581670 CommitLimit:     3537964 kB
1776799373.646581670 Committed_AS:     556564 kB
1776799373.646581670 VmallocTotal:   135288315904 kB
1776799373.646581670 VmallocUsed:       25960 kB
1776799373.646581670 VmallocChunk:          0 kB
1776799373.646581670 Percpu:             1600 kB
1776799373.646581670 AnonHugePages:         0 kB
1776799373.646581670 ShmemHugePages:        0 kB
1776799373.646581670 ShmemPmdMapped:        0 kB
1776799373.646581670 FileHugePages:         0 kB
1776799373.646581670 FilePmdMapped:         0 kB
1776799373.646581670 CmaTotal:          65536 kB
1776799373.646581670 CmaFree:           49104 kB
1776799373.646581670 Balloon:               0 kB
1776799373.646581670 HugePages_Total:     512
1776799373.646581670 HugePages_Free:      469
1776799373.646581670 HugePages_Rsvd:        0
1776799373.646581670 HugePages_Surp:        0
1776799373.646581670 Hugepagesize:       2048 kB
1776799373.646581670 Hugetlb:         1048576 kB
1776799374.656170128 MemTotal:        8124504 kB
1776799374.656170128 MemFree:         6347736 kB
1776799374.656170128 MemAvailable:    6629796 kB
1776799374.656170128 Buffers:           32664 kB
1776799374.656170128 Cached:           378232 kB
1776799374.656170128 SwapCached:            0 kB
1776799374.656170128 Active:           408372 kB
1776799374.656170128 Inactive:         111812 kB
1776799374.656170128 Active(anon):     114444 kB
1776799374.656170128 Inactive(anon):        0 kB
1776799374.656170128 Active(file):     293928 kB
1776799374.656170128 Inactive(file):   111812 kB
1776799374.656170128 Unevictable:           0 kB
1776799374.656170128 Mlocked:               0 kB
1776799374.656170128 SwapTotal:             0 kB
1776799374.656170128 SwapFree:              0 kB
1776799374.656170128 Zswap:                 0 kB
1776799374.656170128 Zswapped:              0 kB
1776799374.656170128 Dirty:               124 kB
1776799374.656170128 Writeback:             0 kB
1776799374.656170128 AnonPages:        109416 kB
1776799374.656170128 Mapped:           129180 kB
1776799374.656170128 Shmem:              5252 kB
1776799374.656170128 KReclaimable:      32160 kB
1776799374.656170128 Slab:             123800 kB
1776799374.656170128 SReclaimable:      32160 kB
1776799374.656170128 SUnreclaim:        91640 kB
1776799374.656170128 KernelStack:        3216 kB
1776799374.656170128 PageTables:         4444 kB
1776799374.656170128 SecPageTables:         0 kB
1776799374.656170128 NFS_Unstable:          0 kB
1776799374.656170128 Bounce:                0 kB
1776799374.656170128 WritebackTmp:          0 kB
1776799374.656170128 CommitLimit:     3537964 kB
1776799374.656170128 Committed_AS:     556564 kB
1776799374.656170128 VmallocTotal:   135288315904 kB
1776799374.656170128 VmallocUsed:       25944 kB
1776799374.656170128 VmallocChunk:          0 kB
1776799374.656170128 Percpu:             1600 kB
1776799374.656170128 AnonHugePages:         0 kB
1776799374.656170128 ShmemHugePages:        0 kB
1776799374.656170128 ShmemPmdMapped:        0 kB
1776799374.656170128 FileHugePages:         0 kB
1776799374.656170128 FilePmdMapped:         0 kB
1776799374.656170128 CmaTotal:          65536 kB
1776799374.656170128 CmaFree:           49104 kB
1776799374.656170128 Balloon:               0 kB
1776799374.656170128 HugePages_Total:     512
1776799374.656170128 HugePages_Free:      469
1776799374.656170128 HugePages_Rsvd:        0
1776799374.656170128 HugePages_Surp:        0
1776799374.656170128 Hugepagesize:       2048 kB
1776799374.656170128 Hugetlb:         1048576 kB
1776799375.665731827 MemTotal:        8124504 kB
1776799375.665731827 MemFree:         6343876 kB
1776799375.665731827 MemAvailable:    6625944 kB
1776799375.665731827 Buffers:           32664 kB
1776799375.665731827 Cached:           378240 kB
1776799375.665731827 SwapCached:            0 kB
1776799375.665731827 Active:           408360 kB
1776799375.665731827 Inactive:         111820 kB
1776799375.665731827 Active(anon):     114432 kB
1776799375.665731827 Inactive(anon):        0 kB
1776799375.665731827 Active(file):     293928 kB
1776799375.665731827 Inactive(file):   111820 kB
1776799375.665731827 Unevictable:           0 kB
1776799375.665731827 Mlocked:               0 kB
1776799375.665731827 SwapTotal:             0 kB
1776799375.665731827 SwapFree:              0 kB
1776799375.665731827 Zswap:                 0 kB
1776799375.665731827 Zswapped:              0 kB
1776799375.665731827 Dirty:               132 kB
1776799375.665731827 Writeback:             0 kB
1776799375.665731827 AnonPages:        109420 kB
1776799375.665731827 Mapped:           129180 kB
1776799375.665731827 Shmem:              5252 kB
1776799375.665731827 KReclaimable:      32160 kB
1776799375.665731827 Slab:             123696 kB
1776799375.665731827 SReclaimable:      32160 kB
1776799375.665731827 SUnreclaim:        91536 kB
1776799375.665731827 KernelStack:        3216 kB
1776799375.665731827 PageTables:         4452 kB
1776799375.665731827 SecPageTables:         0 kB
1776799375.665731827 NFS_Unstable:          0 kB
1776799375.665731827 Bounce:                0 kB
1776799375.665731827 WritebackTmp:          0 kB
1776799375.665731827 CommitLimit:     3537964 kB
1776799375.665731827 Committed_AS:     556564 kB
1776799375.665731827 VmallocTotal:   135288315904 kB
1776799375.665731827 VmallocUsed:       25960 kB
1776799375.665731827 VmallocChunk:          0 kB
1776799375.665731827 Percpu:             1600 kB
1776799375.665731827 AnonHugePages:         0 kB
1776799375.665731827 ShmemHugePages:        0 kB
1776799375.665731827 ShmemPmdMapped:        0 kB
1776799375.665731827 FileHugePages:         0 kB
1776799375.665731827 FilePmdMapped:         0 kB
1776799375.665731827 CmaTotal:          65536 kB
1776799375.665731827 CmaFree:           49104 kB
1776799375.665731827 Balloon:               0 kB
1776799375.665731827 HugePages_Total:     512
1776799375.665731827 HugePages_Free:      469
1776799375.665731827 HugePages_Rsvd:        0
1776799375.665731827 HugePages_Surp:        0
1776799375.665731827 Hugepagesize:       2048 kB
1776799375.665731827 Hugetlb:         1048576 kB
1776799376.675341564 MemTotal:        8124504 kB
1776799376.675341564 MemFree:         6346660 kB
1776799376.675341564 MemAvailable:    6628740 kB
1776799376.675341564 Buffers:           32664 kB
1776799376.675341564 Cached:           378252 kB
1776799376.675341564 SwapCached:            0 kB
1776799376.675341564 Active:           408424 kB
1776799376.675341564 Inactive:         111828 kB
1776799376.675341564 Active(anon):     114492 kB
1776799376.675341564 Inactive(anon):        0 kB
1776799376.675341564 Active(file):     293932 kB
1776799376.675341564 Inactive(file):   111828 kB
1776799376.675341564 Unevictable:           0 kB
1776799376.675341564 Mlocked:               0 kB
1776799376.675341564 SwapTotal:             0 kB
1776799376.675341564 SwapFree:              0 kB
1776799376.675341564 Zswap:                 0 kB
1776799376.675341564 Zswapped:              0 kB
1776799376.675341564 Dirty:               144 kB
1776799376.675341564 Writeback:             0 kB
1776799376.675341564 AnonPages:        109268 kB
1776799376.675341564 Mapped:           129228 kB
1776799376.675341564 Shmem:              5252 kB
1776799376.675341564 KReclaimable:      32160 kB
1776799376.675341564 Slab:             123788 kB
1776799376.675341564 SReclaimable:      32160 kB
1776799376.675341564 SUnreclaim:        91628 kB
1776799376.675341564 KernelStack:        3216 kB
1776799376.675341564 PageTables:         4596 kB
1776799376.675341564 SecPageTables:         0 kB
1776799376.675341564 NFS_Unstable:          0 kB
1776799376.675341564 Bounce:                0 kB
1776799376.675341564 WritebackTmp:          0 kB
1776799376.675341564 CommitLimit:     3537964 kB
1776799376.675341564 Committed_AS:     556564 kB
1776799376.675341564 VmallocTotal:   135288315904 kB
1776799376.675341564 VmallocUsed:       25960 kB
1776799376.675341564 VmallocChunk:          0 kB
1776799376.675341564 Percpu:             1600 kB
1776799376.675341564 AnonHugePages:         0 kB
1776799376.675341564 ShmemHugePages:        0 kB
1776799376.675341564 ShmemPmdMapped:        0 kB
1776799376.675341564 FileHugePages:         0 kB
1776799376.675341564 FilePmdMapped:         0 kB
1776799376.675341564 CmaTotal:          65536 kB
1776799376.675341564 CmaFree:           49104 kB
1776799376.675341564 Balloon:               0 kB
1776799376.675341564 HugePages_Total:     512
1776799376.675341564 HugePages_Free:      469
1776799376.675341564 HugePages_Rsvd:        0
1776799376.675341564 HugePages_Surp:        0
1776799376.675341564 Hugepagesize:       2048 kB
1776799376.675341564 Hugetlb:         1048576 kB
1776799377.685073504 MemTotal:        8124504 kB
1776799377.685073504 MemFree:         6343840 kB
1776799377.685073504 MemAvailable:    6625924 kB
1776799377.685073504 Buffers:           32672 kB
1776799377.685073504 Cached:           378252 kB
1776799377.685073504 SwapCached:            0 kB
1776799377.685073504 Active:           408612 kB
1776799377.685073504 Inactive:         111832 kB
1776799377.685073504 Active(anon):     114680 kB
1776799377.685073504 Inactive(anon):        0 kB
1776799377.685073504 Active(file):     293932 kB
1776799377.685073504 Inactive(file):   111832 kB
1776799377.685073504 Unevictable:           0 kB
1776799377.685073504 Mlocked:               0 kB
1776799377.685073504 SwapTotal:             0 kB
1776799377.685073504 SwapFree:              0 kB
1776799377.685073504 Zswap:                 0 kB
1776799377.685073504 Zswapped:              0 kB
1776799377.685073504 Dirty:               144 kB
1776799377.685073504 Writeback:             0 kB
1776799377.685073504 AnonPages:        109568 kB
1776799377.685073504 Mapped:           129192 kB
1776799377.685073504 Shmem:              5252 kB
1776799377.685073504 KReclaimable:      32160 kB
1776799377.685073504 Slab:             123860 kB
1776799377.685073504 SReclaimable:      32160 kB
1776799377.685073504 SUnreclaim:        91700 kB
1776799377.685073504 KernelStack:        3240 kB
1776799377.685073504 PageTables:         4748 kB
1776799377.685073504 SecPageTables:         0 kB
1776799377.685073504 NFS_Unstable:          0 kB
1776799377.685073504 Bounce:                0 kB
1776799377.685073504 WritebackTmp:          0 kB
1776799377.685073504 CommitLimit:     3537964 kB
1776799377.685073504 Committed_AS:     557040 kB
1776799377.685073504 VmallocTotal:   135288315904 kB
1776799377.685073504 VmallocUsed:       25960 kB
1776799377.685073504 VmallocChunk:          0 kB
1776799377.685073504 Percpu:             1600 kB
1776799377.685073504 AnonHugePages:         0 kB
1776799377.685073504 ShmemHugePages:        0 kB
1776799377.685073504 ShmemPmdMapped:        0 kB
1776799377.685073504 FileHugePages:         0 kB
1776799377.685073504 FilePmdMapped:         0 kB
1776799377.685073504 CmaTotal:          65536 kB
1776799377.685073504 CmaFree:           49104 kB
1776799377.685073504 Balloon:               0 kB
1776799377.685073504 HugePages_Total:     512
1776799377.685073504 HugePages_Free:      469
1776799377.685073504 HugePages_Rsvd:        0
1776799377.685073504 HugePages_Surp:        0
1776799377.685073504 Hugepagesize:       2048 kB
1776799377.685073504 Hugetlb:         1048576 kB
1776799378.695024408 MemTotal:        8124504 kB
1776799378.695024408 MemFree:         6346844 kB
1776799378.695024408 MemAvailable:    6628940 kB
1776799378.695024408 Buffers:           32672 kB
1776799378.695024408 Cached:           378256 kB
1776799378.695024408 SwapCached:            0 kB
1776799378.695024408 Active:           408432 kB
1776799378.695024408 Inactive:         111844 kB
1776799378.695024408 Active(anon):     114500 kB
1776799378.695024408 Inactive(anon):        0 kB
1776799378.695024408 Active(file):     293932 kB
1776799378.695024408 Inactive(file):   111844 kB
1776799378.695024408 Unevictable:           0 kB
1776799378.695024408 Mlocked:               0 kB
1776799378.695024408 SwapTotal:             0 kB
1776799378.695024408 SwapFree:              0 kB
1776799378.695024408 Zswap:                 0 kB
1776799378.695024408 Zswapped:              0 kB
1776799378.695024408 Dirty:               148 kB
1776799378.695024408 Writeback:             0 kB
1776799378.695024408 AnonPages:        109416 kB
1776799378.695024408 Mapped:           129180 kB
1776799378.695024408 Shmem:              5252 kB
1776799378.695024408 KReclaimable:      32160 kB
1776799378.695024408 Slab:             123792 kB
1776799378.695024408 SReclaimable:      32160 kB
1776799378.695024408 SUnreclaim:        91632 kB
1776799378.695024408 KernelStack:        3200 kB
1776799378.695024408 PageTables:         4460 kB
1776799378.695024408 SecPageTables:         0 kB
1776799378.695024408 NFS_Unstable:          0 kB
1776799378.695024408 Bounce:                0 kB
1776799378.695024408 WritebackTmp:          0 kB
1776799378.695024408 CommitLimit:     3537964 kB
1776799378.695024408 Committed_AS:     556564 kB
1776799378.695024408 VmallocTotal:   135288315904 kB
1776799378.695024408 VmallocUsed:       25944 kB
1776799378.695024408 VmallocChunk:          0 kB
1776799378.695024408 Percpu:             1600 kB
1776799378.695024408 AnonHugePages:         0 kB
1776799378.695024408 ShmemHugePages:        0 kB
1776799378.695024408 ShmemPmdMapped:        0 kB
1776799378.695024408 FileHugePages:         0 kB
1776799378.695024408 FilePmdMapped:         0 kB
1776799378.695024408 CmaTotal:          65536 kB
1776799378.695024408 CmaFree:           49104 kB
1776799378.695024408 Balloon:               0 kB
1776799378.695024408 HugePages_Total:     512
1776799378.695024408 HugePages_Free:      469
1776799378.695024408 HugePages_Rsvd:        0
1776799378.695024408 HugePages_Surp:        0
1776799378.695024408 Hugepagesize:       2048 kB
1776799378.695024408 Hugetlb:         1048576 kB
1776799379.704780145 MemTotal:        8124504 kB
1776799379.704780145 MemFree:         6343592 kB
1776799379.704780145 MemAvailable:    6625692 kB
1776799379.704780145 Buffers:           32672 kB
1776799379.704780145 Cached:           378260 kB
1776799379.704780145 SwapCached:            0 kB
1776799379.704780145 Active:           408452 kB
1776799379.704780145 Inactive:         111848 kB
1776799379.704780145 Active(anon):     114520 kB
1776799379.704780145 Inactive(anon):        0 kB
1776799379.704780145 Active(file):     293932 kB
1776799379.704780145 Inactive(file):   111848 kB
1776799379.704780145 Unevictable:           0 kB
1776799379.704780145 Mlocked:               0 kB
1776799379.704780145 SwapTotal:             0 kB
1776799379.704780145 SwapFree:              0 kB
1776799379.704780145 Zswap:                 0 kB
1776799379.704780145 Zswapped:              0 kB
1776799379.704780145 Dirty:               152 kB
1776799379.704780145 Writeback:             0 kB
1776799379.704780145 AnonPages:        109420 kB
1776799379.704780145 Mapped:           129180 kB
1776799379.704780145 Shmem:              5252 kB
1776799379.704780145 KReclaimable:      32160 kB
1776799379.704780145 Slab:             123896 kB
1776799379.704780145 SReclaimable:      32160 kB
1776799379.704780145 SUnreclaim:        91736 kB
1776799379.704780145 KernelStack:        3200 kB
1776799379.704780145 PageTables:         4448 kB
1776799379.704780145 SecPageTables:         0 kB
1776799379.704780145 NFS_Unstable:          0 kB
1776799379.704780145 Bounce:                0 kB
1776799379.704780145 WritebackTmp:          0 kB
1776799379.704780145 CommitLimit:     3537964 kB
1776799379.704780145 Committed_AS:     556564 kB
1776799379.704780145 VmallocTotal:   135288315904 kB
1776799379.704780145 VmallocUsed:       25928 kB
1776799379.704780145 VmallocChunk:          0 kB
1776799379.704780145 Percpu:             1600 kB
1776799379.704780145 AnonHugePages:         0 kB
1776799379.704780145 ShmemHugePages:        0 kB
1776799379.704780145 ShmemPmdMapped:        0 kB
1776799379.704780145 FileHugePages:         0 kB
1776799379.704780145 FilePmdMapped:         0 kB
1776799379.704780145 CmaTotal:          65536 kB
1776799379.704780145 CmaFree:           49104 kB
1776799379.704780145 Balloon:               0 kB
1776799379.704780145 HugePages_Total:     512
1776799379.704780145 HugePages_Free:      469
1776799379.704780145 HugePages_Rsvd:        0
1776799379.704780145 HugePages_Surp:        0
1776799379.704780145 Hugepagesize:       2048 kB
1776799379.704780145 Hugetlb:         1048576 kB
1776799380.714216251 MemTotal:        8124504 kB
1776799380.714216251 MemFree:         6348724 kB
1776799380.714216251 MemAvailable:    6630820 kB
1776799380.714216251 Buffers:           32672 kB
1776799380.714216251 Cached:           378264 kB
1776799380.714216251 SwapCached:            0 kB
1776799380.714216251 Active:           408424 kB
1776799380.714216251 Inactive:         111848 kB
1776799380.714216251 Active(anon):     114496 kB
1776799380.714216251 Inactive(anon):        0 kB
1776799380.714216251 Active(file):     293928 kB
1776799380.714216251 Inactive(file):   111848 kB
1776799380.714216251 Unevictable:           0 kB
1776799380.714216251 Mlocked:               0 kB
1776799380.714216251 SwapTotal:             0 kB
1776799380.714216251 SwapFree:              0 kB
1776799380.714216251 Zswap:                 0 kB
1776799380.714216251 Zswapped:              0 kB
1776799380.714216251 Dirty:               156 kB
1776799380.714216251 Writeback:             0 kB
1776799380.714216251 AnonPages:        109416 kB
1776799380.714216251 Mapped:           129180 kB
1776799380.714216251 Shmem:              5252 kB
1776799380.714216251 KReclaimable:      32160 kB
1776799380.714216251 Slab:             123840 kB
1776799380.714216251 SReclaimable:      32160 kB
1776799380.714216251 SUnreclaim:        91680 kB
1776799380.714216251 KernelStack:        3200 kB
1776799380.714216251 PageTables:         4444 kB
1776799380.714216251 SecPageTables:         0 kB
1776799380.714216251 NFS_Unstable:          0 kB
1776799380.714216251 Bounce:                0 kB
1776799380.714216251 WritebackTmp:          0 kB
1776799380.714216251 CommitLimit:     3537964 kB
1776799380.714216251 Committed_AS:     556564 kB
1776799380.714216251 VmallocTotal:   135288315904 kB
1776799380.714216251 VmallocUsed:       25912 kB
1776799380.714216251 VmallocChunk:          0 kB
1776799380.714216251 Percpu:             1600 kB
1776799380.714216251 AnonHugePages:         0 kB
1776799380.714216251 ShmemHugePages:        0 kB
1776799380.714216251 ShmemPmdMapped:        0 kB
1776799380.714216251 FileHugePages:         0 kB
1776799380.714216251 FilePmdMapped:         0 kB
1776799380.714216251 CmaTotal:          65536 kB
1776799380.714216251 CmaFree:           49104 kB
1776799380.714216251 Balloon:               0 kB
1776799380.714216251 HugePages_Total:     512
1776799380.714216251 HugePages_Free:      469
1776799380.714216251 HugePages_Rsvd:        0
1776799380.714216251 HugePages_Surp:        0
1776799380.714216251 Hugepagesize:       2048 kB
1776799380.714216251 Hugetlb:         1048576 kB
1776799381.723831617 MemTotal:        8124504 kB
1776799381.723831617 MemFree:         6345228 kB
1776799381.723831617 MemAvailable:    6627340 kB
1776799381.723831617 Buffers:           32672 kB
1776799381.723831617 Cached:           378272 kB
1776799381.723831617 SwapCached:            0 kB
1776799381.723831617 Active:           408424 kB
1776799381.723831617 Inactive:         111860 kB
1776799381.723831617 Active(anon):     114492 kB
1776799381.723831617 Inactive(anon):        0 kB
1776799381.723831617 Active(file):     293932 kB
1776799381.723831617 Inactive(file):   111860 kB
1776799381.723831617 Unevictable:           0 kB
1776799381.723831617 Mlocked:               0 kB
1776799381.723831617 SwapTotal:             0 kB
1776799381.723831617 SwapFree:              0 kB
1776799381.723831617 Zswap:                 0 kB
1776799381.723831617 Zswapped:              0 kB
1776799381.723831617 Dirty:               164 kB
1776799381.723831617 Writeback:             0 kB
1776799381.723831617 AnonPages:        109408 kB
1776799381.723831617 Mapped:           129180 kB
1776799381.723831617 Shmem:              5252 kB
1776799381.723831617 KReclaimable:      32160 kB
1776799381.723831617 Slab:             123740 kB
1776799381.723831617 SReclaimable:      32160 kB
1776799381.723831617 SUnreclaim:        91580 kB
1776799381.723831617 KernelStack:        3200 kB
1776799381.723831617 PageTables:         4452 kB
1776799381.723831617 SecPageTables:         0 kB
1776799381.723831617 NFS_Unstable:          0 kB
1776799381.723831617 Bounce:                0 kB
1776799381.723831617 WritebackTmp:          0 kB
1776799381.723831617 CommitLimit:     3537964 kB
1776799381.723831617 Committed_AS:     556564 kB
1776799381.723831617 VmallocTotal:   135288315904 kB
1776799381.723831617 VmallocUsed:       25928 kB
1776799381.723831617 VmallocChunk:          0 kB
1776799381.723831617 Percpu:             1600 kB
1776799381.723831617 AnonHugePages:         0 kB
1776799381.723831617 ShmemHugePages:        0 kB
1776799381.723831617 ShmemPmdMapped:        0 kB
1776799381.723831617 FileHugePages:         0 kB
1776799381.723831617 FilePmdMapped:         0 kB
1776799381.723831617 CmaTotal:          65536 kB
1776799381.723831617 CmaFree:           49104 kB
1776799381.723831617 Balloon:               0 kB
1776799381.723831617 HugePages_Total:     512
1776799381.723831617 HugePages_Free:      469
1776799381.723831617 HugePages_Rsvd:        0
1776799381.723831617 HugePages_Surp:        0
1776799381.723831617 Hugepagesize:       2048 kB
1776799381.723831617 Hugetlb:         1048576 kB
1776799382.733261427 MemTotal:        8124504 kB
1776799382.733261427 MemFree:         6346164 kB
1776799382.733261427 MemAvailable:    6628280 kB
1776799382.733261427 Buffers:           32680 kB
1776799382.733261427 Cached:           378280 kB
1776799382.733261427 SwapCached:            0 kB
1776799382.733261427 Active:           408452 kB
1776799382.733261427 Inactive:         111864 kB
1776799382.733261427 Active(anon):     114520 kB
1776799382.733261427 Inactive(anon):        0 kB
1776799382.733261427 Active(file):     293932 kB
1776799382.733261427 Inactive(file):   111864 kB
1776799382.733261427 Unevictable:           0 kB
1776799382.733261427 Mlocked:               0 kB
1776799382.733261427 SwapTotal:             0 kB
1776799382.733261427 SwapFree:              0 kB
1776799382.733261427 Zswap:                 0 kB
1776799382.733261427 Zswapped:              0 kB
1776799382.733261427 Dirty:               172 kB
1776799382.733261427 Writeback:             0 kB
1776799382.733261427 AnonPages:        109420 kB
1776799382.733261427 Mapped:           129180 kB
1776799382.733261427 Shmem:              5252 kB
1776799382.733261427 KReclaimable:      32160 kB
1776799382.733261427 Slab:             123876 kB
1776799382.733261427 SReclaimable:      32160 kB
1776799382.733261427 SUnreclaim:        91716 kB
1776799382.733261427 KernelStack:        3200 kB
1776799382.733261427 PageTables:         4456 kB
1776799382.733261427 SecPageTables:         0 kB
1776799382.733261427 NFS_Unstable:          0 kB
1776799382.733261427 Bounce:                0 kB
1776799382.733261427 WritebackTmp:          0 kB
1776799382.733261427 CommitLimit:     3537964 kB
1776799382.733261427 Committed_AS:     556564 kB
1776799382.733261427 VmallocTotal:   135288315904 kB
1776799382.733261427 VmallocUsed:       25928 kB
1776799382.733261427 VmallocChunk:          0 kB
1776799382.733261427 Percpu:             1600 kB
1776799382.733261427 AnonHugePages:         0 kB
1776799382.733261427 ShmemHugePages:        0 kB
1776799382.733261427 ShmemPmdMapped:        0 kB
1776799382.733261427 FileHugePages:         0 kB
1776799382.733261427 FilePmdMapped:         0 kB
1776799382.733261427 CmaTotal:          65536 kB
1776799382.733261427 CmaFree:           49104 kB
1776799382.733261427 Balloon:               0 kB
1776799382.733261427 HugePages_Total:     512
1776799382.733261427 HugePages_Free:      469
1776799382.733261427 HugePages_Rsvd:        0
1776799382.733261427 HugePages_Surp:        0
1776799382.733261427 Hugepagesize:       2048 kB
1776799382.733261427 Hugetlb:         1048576 kB
1776799383.742790533 MemTotal:        8124504 kB
1776799383.742790533 MemFree:         6343052 kB
1776799383.742790533 MemAvailable:    6625176 kB
1776799383.742790533 Buffers:           32680 kB
1776799383.742790533 Cached:           378280 kB
1776799383.742790533 SwapCached:            0 kB
1776799383.742790533 Active:           408316 kB
1776799383.742790533 Inactive:         111876 kB
1776799383.742790533 Active(anon):     114388 kB
1776799383.742790533 Inactive(anon):        0 kB
1776799383.742790533 Active(file):     293928 kB
1776799383.742790533 Inactive(file):   111876 kB
1776799383.742790533 Unevictable:           0 kB
1776799383.742790533 Mlocked:               0 kB
1776799383.742790533 SwapTotal:             0 kB
1776799383.742790533 SwapFree:              0 kB
1776799383.742790533 Zswap:                 0 kB
1776799383.742790533 Zswapped:              0 kB
1776799383.742790533 Dirty:               172 kB
1776799383.742790533 Writeback:             0 kB
1776799383.742790533 AnonPages:        109420 kB
1776799383.742790533 Mapped:           129180 kB
1776799383.742790533 Shmem:              5252 kB
1776799383.742790533 KReclaimable:      32160 kB
1776799383.742790533 Slab:             123680 kB
1776799383.742790533 SReclaimable:      32160 kB
1776799383.742790533 SUnreclaim:        91520 kB
1776799383.742790533 KernelStack:        3200 kB
1776799383.742790533 PageTables:         4448 kB
1776799383.742790533 SecPageTables:         0 kB
1776799383.742790533 NFS_Unstable:          0 kB
1776799383.742790533 Bounce:                0 kB
1776799383.742790533 WritebackTmp:          0 kB
1776799383.742790533 CommitLimit:     3537964 kB
1776799383.742790533 Committed_AS:     556564 kB
1776799383.742790533 VmallocTotal:   135288315904 kB
1776799383.742790533 VmallocUsed:       25928 kB
1776799383.742790533 VmallocChunk:          0 kB
1776799383.742790533 Percpu:             1600 kB
1776799383.742790533 AnonHugePages:         0 kB
1776799383.742790533 ShmemHugePages:        0 kB
1776799383.742790533 ShmemPmdMapped:        0 kB
1776799383.742790533 FileHugePages:         0 kB
1776799383.742790533 FilePmdMapped:         0 kB
1776799383.742790533 CmaTotal:          65536 kB
1776799383.742790533 CmaFree:           49104 kB
1776799383.742790533 Balloon:               0 kB
1776799383.742790533 HugePages_Total:     512
1776799383.742790533 HugePages_Free:      469
1776799383.742790533 HugePages_Rsvd:        0
1776799383.742790533 HugePages_Surp:        0
1776799383.742790533 Hugepagesize:       2048 kB
1776799383.742790533 Hugetlb:         1048576 kB
1776799384.752300603 MemTotal:        8124504 kB
1776799384.752300603 MemFree:         6346680 kB
1776799384.752300603 MemAvailable:    6628808 kB
1776799384.752300603 Buffers:           32680 kB
1776799384.752300603 Cached:           378288 kB
1776799384.752300603 SwapCached:            0 kB
1776799384.752300603 Active:           408324 kB
1776799384.752300603 Inactive:         111880 kB
1776799384.752300603 Active(anon):     114396 kB
1776799384.752300603 Inactive(anon):        0 kB
1776799384.752300603 Active(file):     293928 kB
1776799384.752300603 Inactive(file):   111880 kB
1776799384.752300603 Unevictable:           0 kB
1776799384.752300603 Mlocked:               0 kB
1776799384.752300603 SwapTotal:             0 kB
1776799384.752300603 SwapFree:              0 kB
1776799384.752300603 Zswap:                 0 kB
1776799384.752300603 Zswapped:              0 kB
1776799384.752300603 Dirty:               180 kB
1776799384.752300603 Writeback:             0 kB
1776799384.752300603 AnonPages:        109412 kB
1776799384.752300603 Mapped:           129180 kB
1776799384.752300603 Shmem:              5252 kB
1776799384.752300603 KReclaimable:      32160 kB
1776799384.752300603 Slab:             123756 kB
1776799384.752300603 SReclaimable:      32160 kB
1776799384.752300603 SUnreclaim:        91596 kB
1776799384.752300603 KernelStack:        3200 kB
1776799384.752300603 PageTables:         4444 kB
1776799384.752300603 SecPageTables:         0 kB
1776799384.752300603 NFS_Unstable:          0 kB
1776799384.752300603 Bounce:                0 kB
1776799384.752300603 WritebackTmp:          0 kB
1776799384.752300603 CommitLimit:     3537964 kB
1776799384.752300603 Committed_AS:     556564 kB
1776799384.752300603 VmallocTotal:   135288315904 kB
1776799384.752300603 VmallocUsed:       25944 kB
1776799384.752300603 VmallocChunk:          0 kB
1776799384.752300603 Percpu:             1600 kB
1776799384.752300603 AnonHugePages:         0 kB
1776799384.752300603 ShmemHugePages:        0 kB
1776799384.752300603 ShmemPmdMapped:        0 kB
1776799384.752300603 FileHugePages:         0 kB
1776799384.752300603 FilePmdMapped:         0 kB
1776799384.752300603 CmaTotal:          65536 kB
1776799384.752300603 CmaFree:           49104 kB
1776799384.752300603 Balloon:               0 kB
1776799384.752300603 HugePages_Total:     512
1776799384.752300603 HugePages_Free:      469
1776799384.752300603 HugePages_Rsvd:        0
1776799384.752300603 HugePages_Surp:        0
1776799384.752300603 Hugepagesize:       2048 kB
1776799384.752300603 Hugetlb:         1048576 kB
1776799385.763243194 MemTotal:        8124504 kB
1776799385.763243194 MemFree:         6340976 kB
1776799385.763243194 MemAvailable:    6623112 kB
1776799385.763243194 Buffers:           32680 kB
1776799385.763243194 Cached:           378288 kB
1776799385.763243194 SwapCached:            0 kB
1776799385.763243194 Active:           408404 kB
1776799385.763243194 Inactive:         111884 kB
1776799385.763243194 Active(anon):     114472 kB
1776799385.763243194 Inactive(anon):        0 kB
1776799385.763243194 Active(file):     293932 kB
1776799385.763243194 Inactive(file):   111884 kB
1776799385.763243194 Unevictable:           0 kB
1776799385.763243194 Mlocked:               0 kB
1776799385.763243194 SwapTotal:             0 kB
1776799385.763243194 SwapFree:              0 kB
1776799385.763243194 Zswap:                 0 kB
1776799385.763243194 Zswapped:              0 kB
1776799385.763243194 Dirty:               180 kB
1776799385.763243194 Writeback:             0 kB
1776799385.763243194 AnonPages:        109416 kB
1776799385.763243194 Mapped:           129180 kB
1776799385.763243194 Shmem:              5252 kB
1776799385.763243194 KReclaimable:      32160 kB
1776799385.763243194 Slab:             123776 kB
1776799385.763243194 SReclaimable:      32160 kB
1776799385.763243194 SUnreclaim:        91616 kB
1776799385.763243194 KernelStack:        3200 kB
1776799385.763243194 PageTables:         4448 kB
1776799385.763243194 SecPageTables:         0 kB
1776799385.763243194 NFS_Unstable:          0 kB
1776799385.763243194 Bounce:                0 kB
1776799385.763243194 WritebackTmp:          0 kB
1776799385.763243194 CommitLimit:     3537964 kB
1776799385.763243194 Committed_AS:     556564 kB
1776799385.763243194 VmallocTotal:   135288315904 kB
1776799385.763243194 VmallocUsed:       25944 kB
1776799385.763243194 VmallocChunk:          0 kB
1776799385.763243194 Percpu:             1600 kB
1776799385.763243194 AnonHugePages:         0 kB
1776799385.763243194 ShmemHugePages:        0 kB
1776799385.763243194 ShmemPmdMapped:        0 kB
1776799385.763243194 FileHugePages:         0 kB
1776799385.763243194 FilePmdMapped:         0 kB
1776799385.763243194 CmaTotal:          65536 kB
1776799385.763243194 CmaFree:           49104 kB
1776799385.763243194 Balloon:               0 kB
1776799385.763243194 HugePages_Total:     512
1776799385.763243194 HugePages_Free:      469
1776799385.763243194 HugePages_Rsvd:        0
1776799385.763243194 HugePages_Surp:        0
1776799385.763243194 Hugepagesize:       2048 kB
1776799385.763243194 Hugetlb:         1048576 kB
1776799386.772817782 MemTotal:        8124504 kB
1776799386.772817782 MemFree:         6345168 kB
1776799386.772817782 MemAvailable:    6627308 kB
1776799386.772817782 Buffers:           32680 kB
1776799386.772817782 Cached:           378292 kB
1776799386.772817782 SwapCached:            0 kB
1776799386.772817782 Active:           408400 kB
1776799386.772817782 Inactive:         111888 kB
1776799386.772817782 Active(anon):     114468 kB
1776799386.772817782 Inactive(anon):        0 kB
1776799386.772817782 Active(file):     293932 kB
1776799386.772817782 Inactive(file):   111888 kB
1776799386.772817782 Unevictable:           0 kB
1776799386.772817782 Mlocked:               0 kB
1776799386.772817782 SwapTotal:             0 kB
1776799386.772817782 SwapFree:              0 kB
1776799386.772817782 Zswap:                 0 kB
1776799386.772817782 Zswapped:              0 kB
1776799386.772817782 Dirty:               184 kB
1776799386.772817782 Writeback:             0 kB
1776799386.772817782 AnonPages:        109368 kB
1776799386.772817782 Mapped:           129180 kB
1776799386.772817782 Shmem:              5252 kB
1776799386.772817782 KReclaimable:      32160 kB
1776799386.772817782 Slab:             123820 kB
1776799386.772817782 SReclaimable:      32160 kB
1776799386.772817782 SUnreclaim:        91660 kB
1776799386.772817782 KernelStack:        3216 kB
1776799386.772817782 PageTables:         4500 kB
1776799386.772817782 SecPageTables:         0 kB
1776799386.772817782 NFS_Unstable:          0 kB
1776799386.772817782 Bounce:                0 kB
1776799386.772817782 WritebackTmp:          0 kB
1776799386.772817782 CommitLimit:     3537964 kB
1776799386.772817782 Committed_AS:     556564 kB
1776799386.772817782 VmallocTotal:   135288315904 kB
1776799386.772817782 VmallocUsed:       25944 kB
1776799386.772817782 VmallocChunk:          0 kB
1776799386.772817782 Percpu:             1600 kB
1776799386.772817782 AnonHugePages:         0 kB
1776799386.772817782 ShmemHugePages:        0 kB
1776799386.772817782 ShmemPmdMapped:        0 kB
1776799386.772817782 FileHugePages:         0 kB
1776799386.772817782 FilePmdMapped:         0 kB
1776799386.772817782 CmaTotal:          65536 kB
1776799386.772817782 CmaFree:           49104 kB
1776799386.772817782 Balloon:               0 kB
1776799386.772817782 HugePages_Total:     512
1776799386.772817782 HugePages_Free:      469
1776799386.772817782 HugePages_Rsvd:        0
1776799386.772817782 HugePages_Surp:        0
1776799386.772817782 Hugepagesize:       2048 kB
1776799386.772817782 Hugetlb:         1048576 kB
1776799387.782397611 MemTotal:        8124504 kB
1776799387.782397611 MemFree:         6339864 kB
1776799387.782397611 MemAvailable:    6622024 kB
1776799387.782397611 Buffers:           32688 kB
1776799387.782397611 Cached:           378304 kB
1776799387.782397611 SwapCached:            0 kB
1776799387.782397611 Active:           408500 kB
1776799387.782397611 Inactive:         111908 kB
1776799387.782397611 Active(anon):     114568 kB
1776799387.782397611 Inactive(anon):        0 kB
1776799387.782397611 Active(file):     293932 kB
1776799387.782397611 Inactive(file):   111908 kB
1776799387.782397611 Unevictable:           0 kB
1776799387.782397611 Mlocked:               0 kB
1776799387.782397611 SwapTotal:             0 kB
1776799387.782397611 SwapFree:              0 kB
1776799387.782397611 Zswap:                 0 kB
1776799387.782397611 Zswapped:              0 kB
1776799387.782397611 Dirty:                 0 kB
1776799387.782397611 Writeback:             0 kB
1776799387.782397611 AnonPages:        109416 kB
1776799387.782397611 Mapped:           129180 kB
1776799387.782397611 Shmem:              5252 kB
1776799387.782397611 KReclaimable:      32160 kB
1776799387.782397611 Slab:             123852 kB
1776799387.782397611 SReclaimable:      32160 kB
1776799387.782397611 SUnreclaim:        91692 kB
1776799387.782397611 KernelStack:        3216 kB
1776799387.782397611 PageTables:         4448 kB
1776799387.782397611 SecPageTables:         0 kB
1776799387.782397611 NFS_Unstable:          0 kB
1776799387.782397611 Bounce:                0 kB
1776799387.782397611 WritebackTmp:          0 kB
1776799387.782397611 CommitLimit:     3537964 kB
1776799387.782397611 Committed_AS:     556564 kB
1776799387.782397611 VmallocTotal:   135288315904 kB
1776799387.782397611 VmallocUsed:       25944 kB
1776799387.782397611 VmallocChunk:          0 kB
1776799387.782397611 Percpu:             1600 kB
1776799387.782397611 AnonHugePages:         0 kB
1776799387.782397611 ShmemHugePages:        0 kB
1776799387.782397611 ShmemPmdMapped:        0 kB
1776799387.782397611 FileHugePages:         0 kB
1776799387.782397611 FilePmdMapped:         0 kB
1776799387.782397611 CmaTotal:          65536 kB
1776799387.782397611 CmaFree:           49104 kB
1776799387.782397611 Balloon:               0 kB
1776799387.782397611 HugePages_Total:     512
1776799387.782397611 HugePages_Free:      469
1776799387.782397611 HugePages_Rsvd:        0
1776799387.782397611 HugePages_Surp:        0
1776799387.782397611 Hugepagesize:       2048 kB
1776799387.782397611 Hugetlb:         1048576 kB
1776799388.791913458 MemTotal:        8124504 kB
1776799388.791913458 MemFree:         6344720 kB
1776799388.791913458 MemAvailable:    6626876 kB
1776799388.791913458 Buffers:           32688 kB
1776799388.791913458 Cached:           378304 kB
1776799388.791913458 SwapCached:            0 kB
1776799388.791913458 Active:           408368 kB
1776799388.791913458 Inactive:         111908 kB
1776799388.791913458 Active(anon):     114440 kB
1776799388.791913458 Inactive(anon):        0 kB
1776799388.791913458 Active(file):     293928 kB
1776799388.791913458 Inactive(file):   111908 kB
1776799388.791913458 Unevictable:           0 kB
1776799388.791913458 Mlocked:               0 kB
1776799388.791913458 SwapTotal:             0 kB
1776799388.791913458 SwapFree:              0 kB
1776799388.791913458 Zswap:                 0 kB
1776799388.791913458 Zswapped:              0 kB
1776799388.791913458 Dirty:                20 kB
1776799388.791913458 Writeback:             0 kB
1776799388.791913458 AnonPages:        109348 kB
1776799388.791913458 Mapped:           129180 kB
1776799388.791913458 Shmem:              5252 kB
1776799388.791913458 KReclaimable:      32160 kB
1776799388.791913458 Slab:             123848 kB
1776799388.791913458 SReclaimable:      32160 kB
1776799388.791913458 SUnreclaim:        91688 kB
1776799388.791913458 KernelStack:        3216 kB
1776799388.791913458 PageTables:         4452 kB
1776799388.791913458 SecPageTables:         0 kB
1776799388.791913458 NFS_Unstable:          0 kB
1776799388.791913458 Bounce:                0 kB
1776799388.791913458 WritebackTmp:          0 kB
1776799388.791913458 CommitLimit:     3537964 kB
1776799388.791913458 Committed_AS:     556564 kB
1776799388.791913458 VmallocTotal:   135288315904 kB
1776799388.791913458 VmallocUsed:       25960 kB
1776799388.791913458 VmallocChunk:          0 kB
1776799388.791913458 Percpu:             1600 kB
1776799388.791913458 AnonHugePages:         0 kB
1776799388.791913458 ShmemHugePages:        0 kB
1776799388.791913458 ShmemPmdMapped:        0 kB
1776799388.791913458 FileHugePages:         0 kB
1776799388.791913458 FilePmdMapped:         0 kB
1776799388.791913458 CmaTotal:          65536 kB
1776799388.791913458 CmaFree:           49104 kB
1776799388.791913458 Balloon:               0 kB
1776799388.791913458 HugePages_Total:     512
1776799388.791913458 HugePages_Free:      469
1776799388.791913458 HugePages_Rsvd:        0
1776799388.791913458 HugePages_Surp:        0
1776799388.791913458 Hugepagesize:       2048 kB
1776799388.791913458 Hugetlb:         1048576 kB
1776799389.801591158 MemTotal:        8124504 kB
1776799389.801591158 MemFree:         6340772 kB
1776799389.801591158 MemAvailable:    6622936 kB
1776799389.801591158 Buffers:           32688 kB
1776799389.801591158 Cached:           378312 kB
1776799389.801591158 SwapCached:            0 kB
1776799389.801591158 Active:           408416 kB
1776799389.801591158 Inactive:         111916 kB
1776799389.801591158 Active(anon):     114488 kB
1776799389.801591158 Inactive(anon):        0 kB
1776799389.801591158 Active(file):     293928 kB
1776799389.801591158 Inactive(file):   111916 kB
1776799389.801591158 Unevictable:           0 kB
1776799389.801591158 Mlocked:               0 kB
1776799389.801591158 SwapTotal:             0 kB
1776799389.801591158 SwapFree:              0 kB
1776799389.801591158 Zswap:                 0 kB
1776799389.801591158 Zswapped:              0 kB
1776799389.801591158 Dirty:                28 kB
1776799389.801591158 Writeback:             0 kB
1776799389.801591158 AnonPages:        109240 kB
1776799389.801591158 Mapped:           129136 kB
1776799389.801591158 Shmem:              5252 kB
1776799389.801591158 KReclaimable:      32160 kB
1776799389.801591158 Slab:             123716 kB
1776799389.801591158 SReclaimable:      32160 kB
1776799389.801591158 SUnreclaim:        91556 kB
1776799389.801591158 KernelStack:        3200 kB
1776799389.801591158 PageTables:         4452 kB
1776799389.801591158 SecPageTables:         0 kB
1776799389.801591158 NFS_Unstable:          0 kB
1776799389.801591158 Bounce:                0 kB
1776799389.801591158 WritebackTmp:          0 kB
1776799389.801591158 CommitLimit:     3537964 kB
1776799389.801591158 Committed_AS:     556176 kB
1776799389.801591158 VmallocTotal:   135288315904 kB
1776799389.801591158 VmallocUsed:       25944 kB
1776799389.801591158 VmallocChunk:          0 kB
1776799389.801591158 Percpu:             1600 kB
1776799389.801591158 AnonHugePages:         0 kB
1776799389.801591158 ShmemHugePages:        0 kB
1776799389.801591158 ShmemPmdMapped:        0 kB
1776799389.801591158 FileHugePages:         0 kB
1776799389.801591158 FilePmdMapped:         0 kB
1776799389.801591158 CmaTotal:          65536 kB
1776799389.801591158 CmaFree:           49104 kB
1776799389.801591158 Balloon:               0 kB
1776799389.801591158 HugePages_Total:     512
1776799389.801591158 HugePages_Free:      469
1776799389.801591158 HugePages_Rsvd:        0
1776799389.801591158 HugePages_Surp:        0
1776799389.801591158 Hugepagesize:       2048 kB
1776799389.801591158 Hugetlb:         1048576 kB
