# timestamp field value_kB
1777810529.183176307 MemTotal:        8124504 kB
1777810529.183176307 MemFree:         6386828 kB
1777810529.183176307 MemAvailable:    6651252 kB
1777810529.183176307 Buffers:           29996 kB
1777810529.183176307 Cached:           364460 kB
1777810529.183176307 SwapCached:            0 kB
1777810529.183176307 Active:           386344 kB
1777810529.183176307 Inactive:         105056 kB
1777810529.183176307 Active(anon):     102252 kB
1777810529.183176307 Inactive(anon):        0 kB
1777810529.183176307 Active(file):     284240 kB
1777810529.183176307 Inactive(file):   105056 kB
1777810529.183176307 Unevictable:           0 kB
1777810529.183176307 Mlocked:               0 kB
1777810529.183176307 SwapTotal:             0 kB
1777810529.183176307 SwapFree:              0 kB
1777810529.183176307 Zswap:                 0 kB
1777810529.183176307 Zswapped:              0 kB
1777810529.183176307 Dirty:              2052 kB
1777810529.183176307 Writeback:             0 kB
1777810529.183176307 AnonPages:         97244 kB
1777810529.183176307 Mapped:           102224 kB
1777810529.183176307 Shmem:              5240 kB
1777810529.183176307 KReclaimable:      29772 kB
1777810529.183176307 Slab:             121188 kB
1777810529.183176307 SReclaimable:      29772 kB
1777810529.183176307 SUnreclaim:        91416 kB
1777810529.183176307 KernelStack:        3160 kB
1777810529.183176307 PageTables:         4540 kB
1777810529.183176307 SecPageTables:         0 kB
1777810529.183176307 NFS_Unstable:          0 kB
1777810529.183176307 Bounce:                0 kB
1777810529.183176307 WritebackTmp:          0 kB
1777810529.183176307 CommitLimit:     3537964 kB
1777810529.183176307 Committed_AS:     514936 kB
1777810529.183176307 VmallocTotal:   135288315904 kB
1777810529.183176307 VmallocUsed:       19160 kB
1777810529.183176307 VmallocChunk:          0 kB
1777810529.183176307 Percpu:             1456 kB
1777810529.183176307 AnonHugePages:         0 kB
1777810529.183176307 ShmemHugePages:        0 kB
1777810529.183176307 ShmemPmdMapped:        0 kB
1777810529.183176307 FileHugePages:         0 kB
1777810529.183176307 FilePmdMapped:         0 kB
1777810529.183176307 CmaTotal:          65536 kB
1777810529.183176307 CmaFree:           49104 kB
1777810529.183176307 Balloon:               0 kB
1777810529.183176307 HugePages_Total:     512
1777810529.183176307 HugePages_Free:      488
1777810529.183176307 HugePages_Rsvd:        0
1777810529.183176307 HugePages_Surp:        0
1777810529.183176307 Hugepagesize:       2048 kB
1777810529.183176307 Hugetlb:         1048576 kB
1777810530.191812235 MemTotal:        8124504 kB
1777810530.191812235 MemFree:         6385752 kB
1777810530.191812235 MemAvailable:    6650224 kB
1777810530.191812235 Buffers:           29996 kB
1777810530.191812235 Cached:           364484 kB
1777810530.191812235 SwapCached:            0 kB
1777810530.191812235 Active:           386696 kB
1777810530.191812235 Inactive:         105080 kB
1777810530.191812235 Active(anon):     102448 kB
1777810530.191812235 Inactive(anon):        0 kB
1777810530.191812235 Active(file):     284248 kB
1777810530.191812235 Inactive(file):   105080 kB
1777810530.191812235 Unevictable:           0 kB
1777810530.191812235 Mlocked:               0 kB
1777810530.191812235 SwapTotal:             0 kB
1777810530.191812235 SwapFree:              0 kB
1777810530.191812235 Zswap:                 0 kB
1777810530.191812235 Zswapped:              0 kB
1777810530.191812235 Dirty:              2072 kB
1777810530.191812235 Writeback:             0 kB
1777810530.191812235 AnonPages:         97308 kB
1777810530.191812235 Mapped:           102948 kB
1777810530.191812235 Shmem:              5240 kB
1777810530.191812235 KReclaimable:      29804 kB
1777810530.191812235 Slab:             121340 kB
1777810530.191812235 SReclaimable:      29804 kB
1777810530.191812235 SUnreclaim:        91536 kB
1777810530.191812235 KernelStack:        3184 kB
1777810530.191812235 PageTables:         4172 kB
1777810530.191812235 SecPageTables:         0 kB
1777810530.191812235 NFS_Unstable:          0 kB
1777810530.191812235 Bounce:                0 kB
1777810530.191812235 WritebackTmp:          0 kB
1777810530.191812235 CommitLimit:     3537964 kB
1777810530.191812235 Committed_AS:     514328 kB
1777810530.191812235 VmallocTotal:   135288315904 kB
1777810530.191812235 VmallocUsed:       19192 kB
1777810530.191812235 VmallocChunk:          0 kB
1777810530.191812235 Percpu:             1456 kB
1777810530.191812235 AnonHugePages:         0 kB
1777810530.191812235 ShmemHugePages:        0 kB
1777810530.191812235 ShmemPmdMapped:        0 kB
1777810530.191812235 FileHugePages:         0 kB
1777810530.191812235 FilePmdMapped:         0 kB
1777810530.191812235 CmaTotal:          65536 kB
1777810530.191812235 CmaFree:           49104 kB
1777810530.191812235 Balloon:               0 kB
1777810530.191812235 HugePages_Total:     512
1777810530.191812235 HugePages_Free:      488
1777810530.191812235 HugePages_Rsvd:        0
1777810530.191812235 HugePages_Surp:        0
1777810530.191812235 Hugepagesize:       2048 kB
1777810530.191812235 Hugetlb:         1048576 kB
1777810531.198744945 MemTotal:        8124504 kB
1777810531.198744945 MemFree:         6384484 kB
1777810531.198744945 MemAvailable:    6648960 kB
1777810531.198744945 Buffers:           29996 kB
1777810531.198744945 Cached:           364488 kB
1777810531.198744945 SwapCached:            0 kB
1777810531.198744945 Active:           386568 kB
1777810531.198744945 Inactive:         105084 kB
1777810531.198744945 Active(anon):     102320 kB
1777810531.198744945 Inactive(anon):        0 kB
1777810531.198744945 Active(file):     284248 kB
1777810531.198744945 Inactive(file):   105084 kB
1777810531.198744945 Unevictable:           0 kB
1777810531.198744945 Mlocked:               0 kB
1777810531.198744945 SwapTotal:             0 kB
1777810531.198744945 SwapFree:              0 kB
1777810531.198744945 Zswap:                 0 kB
1777810531.198744945 Zswapped:              0 kB
1777810531.198744945 Dirty:              2076 kB
1777810531.198744945 Writeback:             0 kB
1777810531.198744945 AnonPages:         97316 kB
1777810531.198744945 Mapped:           102908 kB
1777810531.198744945 Shmem:              5240 kB
1777810531.198744945 KReclaimable:      29804 kB
1777810531.198744945 Slab:             121244 kB
1777810531.198744945 SReclaimable:      29804 kB
1777810531.198744945 SUnreclaim:        91440 kB
1777810531.198744945 KernelStack:        3184 kB
1777810531.198744945 PageTables:         4180 kB
1777810531.198744945 SecPageTables:         0 kB
1777810531.198744945 NFS_Unstable:          0 kB
1777810531.198744945 Bounce:                0 kB
1777810531.198744945 WritebackTmp:          0 kB
1777810531.198744945 CommitLimit:     3537964 kB
1777810531.198744945 Committed_AS:     514328 kB
1777810531.198744945 VmallocTotal:   135288315904 kB
1777810531.198744945 VmallocUsed:       19176 kB
1777810531.198744945 VmallocChunk:          0 kB
1777810531.198744945 Percpu:             1456 kB
1777810531.198744945 AnonHugePages:         0 kB
1777810531.198744945 ShmemHugePages:        0 kB
1777810531.198744945 ShmemPmdMapped:        0 kB
1777810531.198744945 FileHugePages:         0 kB
1777810531.198744945 FilePmdMapped:         0 kB
1777810531.198744945 CmaTotal:          65536 kB
1777810531.198744945 CmaFree:           49104 kB
1777810531.198744945 Balloon:               0 kB
1777810531.198744945 HugePages_Total:     512
1777810531.198744945 HugePages_Free:      488
1777810531.198744945 HugePages_Rsvd:        0
1777810531.198744945 HugePages_Surp:        0
1777810531.198744945 Hugepagesize:       2048 kB
1777810531.198744945 Hugetlb:         1048576 kB
1777810532.205692063 MemTotal:        8124504 kB
1777810532.205692063 MemFree:         6385896 kB
1777810532.205692063 MemAvailable:    6650372 kB
1777810532.205692063 Buffers:           29996 kB
1777810532.205692063 Cached:           364492 kB
1777810532.205692063 SwapCached:            0 kB
1777810532.205692063 Active:           386632 kB
1777810532.205692063 Inactive:         105084 kB
1777810532.205692063 Active(anon):     102384 kB
1777810532.205692063 Inactive(anon):        0 kB
1777810532.205692063 Active(file):     284248 kB
1777810532.205692063 Inactive(file):   105084 kB
1777810532.205692063 Unevictable:           0 kB
1777810532.205692063 Mlocked:               0 kB
1777810532.205692063 SwapTotal:             0 kB
1777810532.205692063 SwapFree:              0 kB
1777810532.205692063 Zswap:                 0 kB
1777810532.205692063 Zswapped:              0 kB
1777810532.205692063 Dirty:              2080 kB
1777810532.205692063 Writeback:             0 kB
1777810532.205692063 AnonPages:         97188 kB
1777810532.205692063 Mapped:           102908 kB
1777810532.205692063 Shmem:              5240 kB
1777810532.205692063 KReclaimable:      29804 kB
1777810532.205692063 Slab:             121280 kB
1777810532.205692063 SReclaimable:      29804 kB
1777810532.205692063 SUnreclaim:        91476 kB
1777810532.205692063 KernelStack:        3168 kB
1777810532.205692063 PageTables:         4240 kB
1777810532.205692063 SecPageTables:         0 kB
1777810532.205692063 NFS_Unstable:          0 kB
1777810532.205692063 Bounce:                0 kB
1777810532.205692063 WritebackTmp:          0 kB
1777810532.205692063 CommitLimit:     3537964 kB
1777810532.205692063 Committed_AS:     514328 kB
1777810532.205692063 VmallocTotal:   135288315904 kB
1777810532.205692063 VmallocUsed:       19192 kB
1777810532.205692063 VmallocChunk:          0 kB
1777810532.205692063 Percpu:             1456 kB
1777810532.205692063 AnonHugePages:         0 kB
1777810532.205692063 ShmemHugePages:        0 kB
1777810532.205692063 ShmemPmdMapped:        0 kB
1777810532.205692063 FileHugePages:         0 kB
1777810532.205692063 FilePmdMapped:         0 kB
1777810532.205692063 CmaTotal:          65536 kB
1777810532.205692063 CmaFree:           49104 kB
1777810532.205692063 Balloon:               0 kB
1777810532.205692063 HugePages_Total:     512
1777810532.205692063 HugePages_Free:      488
1777810532.205692063 HugePages_Rsvd:        0
1777810532.205692063 HugePages_Surp:        0
1777810532.205692063 Hugepagesize:       2048 kB
1777810532.205692063 Hugetlb:         1048576 kB
1777810533.212574773 MemTotal:        8124504 kB
1777810533.212574773 MemFree:         6385316 kB
1777810533.212574773 MemAvailable:    6649804 kB
1777810533.212574773 Buffers:           29996 kB
1777810533.212574773 Cached:           364496 kB
1777810533.212574773 SwapCached:            0 kB
1777810533.212574773 Active:           386584 kB
1777810533.212574773 Inactive:         105092 kB
1777810533.212574773 Active(anon):     102332 kB
1777810533.212574773 Inactive(anon):        0 kB
1777810533.212574773 Active(file):     284252 kB
1777810533.212574773 Inactive(file):   105092 kB
1777810533.212574773 Unevictable:           0 kB
1777810533.212574773 Mlocked:               0 kB
1777810533.212574773 SwapTotal:             0 kB
1777810533.212574773 SwapFree:              0 kB
1777810533.212574773 Zswap:                 0 kB
1777810533.212574773 Zswapped:              0 kB
1777810533.212574773 Dirty:                76 kB
1777810533.212574773 Writeback:             0 kB
1777810533.212574773 AnonPages:         97316 kB
1777810533.212574773 Mapped:           102908 kB
1777810533.212574773 Shmem:              5240 kB
1777810533.212574773 KReclaimable:      29804 kB
1777810533.212574773 Slab:             121252 kB
1777810533.212574773 SReclaimable:      29804 kB
1777810533.212574773 SUnreclaim:        91448 kB
1777810533.212574773 KernelStack:        3200 kB
1777810533.212574773 PageTables:         4164 kB
1777810533.212574773 SecPageTables:         0 kB
1777810533.212574773 NFS_Unstable:          0 kB
1777810533.212574773 Bounce:                0 kB
1777810533.212574773 WritebackTmp:          0 kB
1777810533.212574773 CommitLimit:     3537964 kB
1777810533.212574773 Committed_AS:     514328 kB
1777810533.212574773 VmallocTotal:   135288315904 kB
1777810533.212574773 VmallocUsed:       19192 kB
1777810533.212574773 VmallocChunk:          0 kB
1777810533.212574773 Percpu:             1456 kB
1777810533.212574773 AnonHugePages:         0 kB
1777810533.212574773 ShmemHugePages:        0 kB
1777810533.212574773 ShmemPmdMapped:        0 kB
1777810533.212574773 FileHugePages:         0 kB
1777810533.212574773 FilePmdMapped:         0 kB
1777810533.212574773 CmaTotal:          65536 kB
1777810533.212574773 CmaFree:           49104 kB
1777810533.212574773 Balloon:               0 kB
1777810533.212574773 HugePages_Total:     512
1777810533.212574773 HugePages_Free:      488
1777810533.212574773 HugePages_Rsvd:        0
1777810533.212574773 HugePages_Surp:        0
1777810533.212574773 Hugepagesize:       2048 kB
1777810533.212574773 Hugetlb:         1048576 kB
1777810534.219472224 MemTotal:        8124504 kB
1777810534.219472224 MemFree:         6385644 kB
1777810534.219472224 MemAvailable:    6650128 kB
1777810534.219472224 Buffers:           30004 kB
1777810534.219472224 Cached:           364500 kB
1777810534.219472224 SwapCached:            0 kB
1777810534.219472224 Active:           386664 kB
1777810534.219472224 Inactive:         105096 kB
1777810534.219472224 Active(anon):     102420 kB
1777810534.219472224 Inactive(anon):        0 kB
1777810534.219472224 Active(file):     284244 kB
1777810534.219472224 Inactive(file):   105096 kB
1777810534.219472224 Unevictable:           0 kB
1777810534.219472224 Mlocked:               0 kB
1777810534.219472224 SwapTotal:             0 kB
1777810534.219472224 SwapFree:              0 kB
1777810534.219472224 Zswap:                 0 kB
1777810534.219472224 Zswapped:              0 kB
1777810534.219472224 Dirty:                64 kB
1777810534.219472224 Writeback:             0 kB
1777810534.219472224 AnonPages:         97224 kB
1777810534.219472224 Mapped:           102908 kB
1777810534.219472224 Shmem:              5240 kB
1777810534.219472224 KReclaimable:      29804 kB
1777810534.219472224 Slab:             121312 kB
1777810534.219472224 SReclaimable:      29804 kB
1777810534.219472224 SUnreclaim:        91508 kB
1777810534.219472224 KernelStack:        3200 kB
1777810534.219472224 PageTables:         4176 kB
1777810534.219472224 SecPageTables:         0 kB
1777810534.219472224 NFS_Unstable:          0 kB
1777810534.219472224 Bounce:                0 kB
1777810534.219472224 WritebackTmp:          0 kB
1777810534.219472224 CommitLimit:     3537964 kB
1777810534.219472224 Committed_AS:     514328 kB
1777810534.219472224 VmallocTotal:   135288315904 kB
1777810534.219472224 VmallocUsed:       19208 kB
1777810534.219472224 VmallocChunk:          0 kB
1777810534.219472224 Percpu:             1456 kB
1777810534.219472224 AnonHugePages:         0 kB
1777810534.219472224 ShmemHugePages:        0 kB
1777810534.219472224 ShmemPmdMapped:        0 kB
1777810534.219472224 FileHugePages:         0 kB
1777810534.219472224 FilePmdMapped:         0 kB
1777810534.219472224 CmaTotal:          65536 kB
1777810534.219472224 CmaFree:           49104 kB
1777810534.219472224 Balloon:               0 kB
1777810534.219472224 HugePages_Total:     512
1777810534.219472224 HugePages_Free:      488
1777810534.219472224 HugePages_Rsvd:        0
1777810534.219472224 HugePages_Surp:        0
1777810534.219472224 Hugepagesize:       2048 kB
1777810534.219472224 Hugetlb:         1048576 kB
1777810535.226491990 MemTotal:        8124504 kB
1777810535.226491990 MemFree:         6387228 kB
1777810535.226491990 MemAvailable:    6651728 kB
1777810535.226491990 Buffers:           30004 kB
1777810535.226491990 Cached:           364500 kB
1777810535.226491990 SwapCached:            0 kB
1777810535.226491990 Active:           386820 kB
1777810535.226491990 Inactive:         105104 kB
1777810535.226491990 Active(anon):     102568 kB
1777810535.226491990 Inactive(anon):        0 kB
1777810535.226491990 Active(file):     284252 kB
1777810535.226491990 Inactive(file):   105104 kB
1777810535.226491990 Unevictable:           0 kB
1777810535.226491990 Mlocked:               0 kB
1777810535.226491990 SwapTotal:             0 kB
1777810535.226491990 SwapFree:              0 kB
1777810535.226491990 Zswap:                 0 kB
1777810535.226491990 Zswapped:              0 kB
1777810535.226491990 Dirty:                64 kB
1777810535.226491990 Writeback:             0 kB
1777810535.226491990 AnonPages:         97316 kB
1777810535.226491990 Mapped:           102948 kB
1777810535.226491990 Shmem:              5240 kB
1777810535.226491990 KReclaimable:      29804 kB
1777810535.226491990 Slab:             121336 kB
1777810535.226491990 SReclaimable:      29804 kB
1777810535.226491990 SUnreclaim:        91532 kB
1777810535.226491990 KernelStack:        3200 kB
1777810535.226491990 PageTables:         4176 kB
1777810535.226491990 SecPageTables:         0 kB
1777810535.226491990 NFS_Unstable:          0 kB
1777810535.226491990 Bounce:                0 kB
1777810535.226491990 WritebackTmp:          0 kB
1777810535.226491990 CommitLimit:     3537964 kB
1777810535.226491990 Committed_AS:     514328 kB
1777810535.226491990 VmallocTotal:   135288315904 kB
1777810535.226491990 VmallocUsed:       19208 kB
1777810535.226491990 VmallocChunk:          0 kB
1777810535.226491990 Percpu:             1456 kB
1777810535.226491990 AnonHugePages:         0 kB
1777810535.226491990 ShmemHugePages:        0 kB
1777810535.226491990 ShmemPmdMapped:        0 kB
1777810535.226491990 FileHugePages:         0 kB
1777810535.226491990 FilePmdMapped:         0 kB
1777810535.226491990 CmaTotal:          65536 kB
1777810535.226491990 CmaFree:           49104 kB
1777810535.226491990 Balloon:               0 kB
1777810535.226491990 HugePages_Total:     512
1777810535.226491990 HugePages_Free:      488
1777810535.226491990 HugePages_Rsvd:        0
1777810535.226491990 HugePages_Surp:        0
1777810535.226491990 Hugepagesize:       2048 kB
1777810535.226491990 Hugetlb:         1048576 kB
1777810536.233471589 MemTotal:        8124504 kB
1777810536.233471589 MemFree:         6387408 kB
1777810536.233471589 MemAvailable:    6651924 kB
1777810536.233471589 Buffers:           30004 kB
1777810536.233471589 Cached:           364516 kB
1777810536.233471589 SwapCached:            0 kB
1777810536.233471589 Active:           386768 kB
1777810536.233471589 Inactive:         105116 kB
1777810536.233471589 Active(anon):     102512 kB
1777810536.233471589 Inactive(anon):        0 kB
1777810536.233471589 Active(file):     284256 kB
1777810536.233471589 Inactive(file):   105116 kB
1777810536.233471589 Unevictable:           0 kB
1777810536.233471589 Mlocked:               0 kB
1777810536.233471589 SwapTotal:             0 kB
1777810536.233471589 SwapFree:              0 kB
1777810536.233471589 Zswap:                 0 kB
1777810536.233471589 Zswapped:              0 kB
1777810536.233471589 Dirty:                80 kB
1777810536.233471589 Writeback:             0 kB
1777810536.233471589 AnonPages:         97284 kB
1777810536.233471589 Mapped:           102948 kB
1777810536.233471589 Shmem:              5240 kB
1777810536.233471589 KReclaimable:      29804 kB
1777810536.233471589 Slab:             121316 kB
1777810536.233471589 SReclaimable:      29804 kB
1777810536.233471589 SUnreclaim:        91512 kB
1777810536.233471589 KernelStack:        3200 kB
1777810536.233471589 PageTables:         4244 kB
1777810536.233471589 SecPageTables:         0 kB
1777810536.233471589 NFS_Unstable:          0 kB
1777810536.233471589 Bounce:                0 kB
1777810536.233471589 WritebackTmp:          0 kB
1777810536.233471589 CommitLimit:     3537964 kB
1777810536.233471589 Committed_AS:     514328 kB
1777810536.233471589 VmallocTotal:   135288315904 kB
1777810536.233471589 VmallocUsed:       19208 kB
1777810536.233471589 VmallocChunk:          0 kB
1777810536.233471589 Percpu:             1456 kB
1777810536.233471589 AnonHugePages:         0 kB
1777810536.233471589 ShmemHugePages:        0 kB
1777810536.233471589 ShmemPmdMapped:        0 kB
1777810536.233471589 FileHugePages:         0 kB
1777810536.233471589 FilePmdMapped:         0 kB
1777810536.233471589 CmaTotal:          65536 kB
1777810536.233471589 CmaFree:           49104 kB
1777810536.233471589 Balloon:               0 kB
1777810536.233471589 HugePages_Total:     512
1777810536.233471589 HugePages_Free:      488
1777810536.233471589 HugePages_Rsvd:        0
1777810536.233471589 HugePages_Surp:        0
1777810536.233471589 Hugepagesize:       2048 kB
1777810536.233471589 Hugetlb:         1048576 kB
1777810537.240413984 MemTotal:        8124504 kB
1777810537.240413984 MemFree:         6387644 kB
1777810537.240413984 MemAvailable:    6652160 kB
1777810537.240413984 Buffers:           30004 kB
1777810537.240413984 Cached:           364520 kB
1777810537.240413984 SwapCached:            0 kB
1777810537.240413984 Active:           386692 kB
1777810537.240413984 Inactive:         105124 kB
1777810537.240413984 Active(anon):     102444 kB
1777810537.240413984 Inactive(anon):        0 kB
1777810537.240413984 Active(file):     284248 kB
1777810537.240413984 Inactive(file):   105124 kB
1777810537.240413984 Unevictable:           0 kB
1777810537.240413984 Mlocked:               0 kB
1777810537.240413984 SwapTotal:             0 kB
1777810537.240413984 SwapFree:              0 kB
1777810537.240413984 Zswap:                 0 kB
1777810537.240413984 Zswapped:              0 kB
1777810537.240413984 Dirty:                84 kB
1777810537.240413984 Writeback:             0 kB
1777810537.240413984 AnonPages:         97316 kB
1777810537.240413984 Mapped:           102948 kB
1777810537.240413984 Shmem:              5240 kB
1777810537.240413984 KReclaimable:      29804 kB
1777810537.240413984 Slab:             121308 kB
1777810537.240413984 SReclaimable:      29804 kB
1777810537.240413984 SUnreclaim:        91504 kB
1777810537.240413984 KernelStack:        3200 kB
1777810537.240413984 PageTables:         4176 kB
1777810537.240413984 SecPageTables:         0 kB
1777810537.240413984 NFS_Unstable:          0 kB
1777810537.240413984 Bounce:                0 kB
1777810537.240413984 WritebackTmp:          0 kB
1777810537.240413984 CommitLimit:     3537964 kB
1777810537.240413984 Committed_AS:     514328 kB
1777810537.240413984 VmallocTotal:   135288315904 kB
1777810537.240413984 VmallocUsed:       19192 kB
1777810537.240413984 VmallocChunk:          0 kB
1777810537.240413984 Percpu:             1456 kB
1777810537.240413984 AnonHugePages:         0 kB
1777810537.240413984 ShmemHugePages:        0 kB
1777810537.240413984 ShmemPmdMapped:        0 kB
1777810537.240413984 FileHugePages:         0 kB
1777810537.240413984 FilePmdMapped:         0 kB
1777810537.240413984 CmaTotal:          65536 kB
1777810537.240413984 CmaFree:           49104 kB
1777810537.240413984 Balloon:               0 kB
1777810537.240413984 HugePages_Total:     512
1777810537.240413984 HugePages_Free:      488
1777810537.240413984 HugePages_Rsvd:        0
1777810537.240413984 HugePages_Surp:        0
1777810537.240413984 Hugepagesize:       2048 kB
1777810537.240413984 Hugetlb:         1048576 kB
1777810538.247378250 MemTotal:        8124504 kB
1777810538.247378250 MemFree:         6387880 kB
1777810538.247378250 MemAvailable:    6652404 kB
1777810538.247378250 Buffers:           30004 kB
1777810538.247378250 Cached:           364520 kB
1777810538.247378250 SwapCached:            0 kB
1777810538.247378250 Active:           386768 kB
1777810538.247378250 Inactive:         105124 kB
1777810538.247378250 Active(anon):     102512 kB
1777810538.247378250 Inactive(anon):        0 kB
1777810538.247378250 Active(file):     284256 kB
1777810538.247378250 Inactive(file):   105124 kB
1777810538.247378250 Unevictable:           0 kB
1777810538.247378250 Mlocked:               0 kB
1777810538.247378250 SwapTotal:             0 kB
1777810538.247378250 SwapFree:              0 kB
1777810538.247378250 Zswap:                 0 kB
1777810538.247378250 Zswapped:              0 kB
1777810538.247378250 Dirty:                84 kB
1777810538.247378250 Writeback:             0 kB
1777810538.247378250 AnonPages:         97288 kB
1777810538.247378250 Mapped:           102948 kB
1777810538.247378250 Shmem:              5240 kB
1777810538.247378250 KReclaimable:      29804 kB
1777810538.247378250 Slab:             121336 kB
1777810538.247378250 SReclaimable:      29804 kB
1777810538.247378250 SUnreclaim:        91532 kB
1777810538.247378250 KernelStack:        3200 kB
1777810538.247378250 PageTables:         4240 kB
1777810538.247378250 SecPageTables:         0 kB
1777810538.247378250 NFS_Unstable:          0 kB
1777810538.247378250 Bounce:                0 kB
1777810538.247378250 WritebackTmp:          0 kB
1777810538.247378250 CommitLimit:     3537964 kB
1777810538.247378250 Committed_AS:     514328 kB
1777810538.247378250 VmallocTotal:   135288315904 kB
1777810538.247378250 VmallocUsed:       19208 kB
1777810538.247378250 VmallocChunk:          0 kB
1777810538.247378250 Percpu:             1456 kB
1777810538.247378250 AnonHugePages:         0 kB
1777810538.247378250 ShmemHugePages:        0 kB
1777810538.247378250 ShmemPmdMapped:        0 kB
1777810538.247378250 FileHugePages:         0 kB
1777810538.247378250 FilePmdMapped:         0 kB
1777810538.247378250 CmaTotal:          65536 kB
1777810538.247378250 CmaFree:           49104 kB
1777810538.247378250 Balloon:               0 kB
1777810538.247378250 HugePages_Total:     512
1777810538.247378250 HugePages_Free:      488
1777810538.247378250 HugePages_Rsvd:        0
1777810538.247378250 HugePages_Surp:        0
1777810538.247378250 Hugepagesize:       2048 kB
1777810538.247378250 Hugetlb:         1048576 kB
1777810539.254316849 MemTotal:        8124504 kB
1777810539.254316849 MemFree:         6388336 kB
1777810539.254316849 MemAvailable:    6652860 kB
1777810539.254316849 Buffers:           30012 kB
1777810539.254316849 Cached:           364524 kB
1777810539.254316849 SwapCached:            0 kB
1777810539.254316849 Active:           386732 kB
1777810539.254316849 Inactive:         105128 kB
1777810539.254316849 Active(anon):     102480 kB
1777810539.254316849 Inactive(anon):        0 kB
1777810539.254316849 Active(file):     284252 kB
1777810539.254316849 Inactive(file):   105128 kB
1777810539.254316849 Unevictable:           0 kB
1777810539.254316849 Mlocked:               0 kB
1777810539.254316849 SwapTotal:             0 kB
1777810539.254316849 SwapFree:              0 kB
1777810539.254316849 Zswap:                 0 kB
1777810539.254316849 Zswapped:              0 kB
1777810539.254316849 Dirty:                88 kB
1777810539.254316849 Writeback:             0 kB
1777810539.254316849 AnonPages:         97276 kB
1777810539.254316849 Mapped:           103028 kB
1777810539.254316849 Shmem:              5240 kB
1777810539.254316849 KReclaimable:      29804 kB
1777810539.254316849 Slab:             121320 kB
1777810539.254316849 SReclaimable:      29804 kB
1777810539.254316849 SUnreclaim:        91516 kB
1777810539.254316849 KernelStack:        3208 kB
1777810539.254316849 PageTables:         4176 kB
1777810539.254316849 SecPageTables:         0 kB
1777810539.254316849 NFS_Unstable:          0 kB
1777810539.254316849 Bounce:                0 kB
1777810539.254316849 WritebackTmp:          0 kB
1777810539.254316849 CommitLimit:     3537964 kB
1777810539.254316849 Committed_AS:     514328 kB
1777810539.254316849 VmallocTotal:   135288315904 kB
1777810539.254316849 VmallocUsed:       19208 kB
1777810539.254316849 VmallocChunk:          0 kB
1777810539.254316849 Percpu:             1456 kB
1777810539.254316849 AnonHugePages:         0 kB
1777810539.254316849 ShmemHugePages:        0 kB
1777810539.254316849 ShmemPmdMapped:        0 kB
1777810539.254316849 FileHugePages:         0 kB
1777810539.254316849 FilePmdMapped:         0 kB
1777810539.254316849 CmaTotal:          65536 kB
1777810539.254316849 CmaFree:           49104 kB
1777810539.254316849 Balloon:               0 kB
1777810539.254316849 HugePages_Total:     512
1777810539.254316849 HugePages_Free:      488
1777810539.254316849 HugePages_Rsvd:        0
1777810539.254316849 HugePages_Surp:        0
1777810539.254316849 Hugepagesize:       2048 kB
1777810539.254316849 Hugetlb:         1048576 kB
1777810540.261235689 MemTotal:        8124504 kB
1777810540.261235689 MemFree:         6389428 kB
1777810540.261235689 MemAvailable:    6653956 kB
1777810540.261235689 Buffers:           30012 kB
1777810540.261235689 Cached:           364528 kB
1777810540.261235689 SwapCached:            0 kB
1777810540.261235689 Active:           386524 kB
1777810540.261235689 Inactive:         105140 kB
1777810540.261235689 Active(anon):     102280 kB
1777810540.261235689 Inactive(anon):        0 kB
1777810540.261235689 Active(file):     284244 kB
1777810540.261235689 Inactive(file):   105140 kB
1777810540.261235689 Unevictable:           0 kB
1777810540.261235689 Mlocked:               0 kB
1777810540.261235689 SwapTotal:             0 kB
1777810540.261235689 SwapFree:              0 kB
1777810540.261235689 Zswap:                 0 kB
1777810540.261235689 Zswapped:              0 kB
1777810540.261235689 Dirty:                92 kB
1777810540.261235689 Writeback:             0 kB
1777810540.261235689 AnonPages:         97300 kB
1777810540.261235689 Mapped:           102908 kB
1777810540.261235689 Shmem:              5240 kB
1777810540.261235689 KReclaimable:      29804 kB
1777810540.261235689 Slab:             121268 kB
1777810540.261235689 SReclaimable:      29804 kB
1777810540.261235689 SUnreclaim:        91464 kB
1777810540.261235689 KernelStack:        3216 kB
1777810540.261235689 PageTables:         4272 kB
1777810540.261235689 SecPageTables:         0 kB
1777810540.261235689 NFS_Unstable:          0 kB
1777810540.261235689 Bounce:                0 kB
1777810540.261235689 WritebackTmp:          0 kB
1777810540.261235689 CommitLimit:     3537964 kB
1777810540.261235689 Committed_AS:     514328 kB
1777810540.261235689 VmallocTotal:   135288315904 kB
1777810540.261235689 VmallocUsed:       19192 kB
1777810540.261235689 VmallocChunk:          0 kB
1777810540.261235689 Percpu:             1456 kB
1777810540.261235689 AnonHugePages:         0 kB
1777810540.261235689 ShmemHugePages:        0 kB
1777810540.261235689 ShmemPmdMapped:        0 kB
1777810540.261235689 FileHugePages:         0 kB
1777810540.261235689 FilePmdMapped:         0 kB
1777810540.261235689 CmaTotal:          65536 kB
1777810540.261235689 CmaFree:           49104 kB
1777810540.261235689 Balloon:               0 kB
1777810540.261235689 HugePages_Total:     512
1777810540.261235689 HugePages_Free:      488
1777810540.261235689 HugePages_Rsvd:        0
1777810540.261235689 HugePages_Surp:        0
1777810540.261235689 Hugepagesize:       2048 kB
1777810540.261235689 Hugetlb:         1048576 kB
1777810541.268214954 MemTotal:        8124504 kB
1777810541.268214954 MemFree:         6389148 kB
1777810541.268214954 MemAvailable:    6653684 kB
1777810541.268214954 Buffers:           30012 kB
1777810541.268214954 Cached:           364532 kB
1777810541.268214954 SwapCached:            0 kB
1777810541.268214954 Active:           386572 kB
1777810541.268214954 Inactive:         105144 kB
1777810541.268214954 Active(anon):     102324 kB
1777810541.268214954 Inactive(anon):        0 kB
1777810541.268214954 Active(file):     284248 kB
1777810541.268214954 Inactive(file):   105144 kB
1777810541.268214954 Unevictable:           0 kB
1777810541.268214954 Mlocked:               0 kB
1777810541.268214954 SwapTotal:             0 kB
1777810541.268214954 SwapFree:              0 kB
1777810541.268214954 Zswap:                 0 kB
1777810541.268214954 Zswapped:              0 kB
1777810541.268214954 Dirty:                96 kB
1777810541.268214954 Writeback:             0 kB
1777810541.268214954 AnonPages:         97312 kB
1777810541.268214954 Mapped:           102908 kB
1777810541.268214954 Shmem:              5240 kB
1777810541.268214954 KReclaimable:      29804 kB
1777810541.268214954 Slab:             121300 kB
1777810541.268214954 SReclaimable:      29804 kB
1777810541.268214954 SUnreclaim:        91496 kB
1777810541.268214954 KernelStack:        3200 kB
1777810541.268214954 PageTables:         4180 kB
1777810541.268214954 SecPageTables:         0 kB
1777810541.268214954 NFS_Unstable:          0 kB
1777810541.268214954 Bounce:                0 kB
1777810541.268214954 WritebackTmp:          0 kB
1777810541.268214954 CommitLimit:     3537964 kB
1777810541.268214954 Committed_AS:     514328 kB
1777810541.268214954 VmallocTotal:   135288315904 kB
1777810541.268214954 VmallocUsed:       19192 kB
1777810541.268214954 VmallocChunk:          0 kB
1777810541.268214954 Percpu:             1456 kB
1777810541.268214954 AnonHugePages:         0 kB
1777810541.268214954 ShmemHugePages:        0 kB
1777810541.268214954 ShmemPmdMapped:        0 kB
1777810541.268214954 FileHugePages:         0 kB
1777810541.268214954 FilePmdMapped:         0 kB
1777810541.268214954 CmaTotal:          65536 kB
1777810541.268214954 CmaFree:           49104 kB
1777810541.268214954 Balloon:               0 kB
1777810541.268214954 HugePages_Total:     512
1777810541.268214954 HugePages_Free:      488
1777810541.268214954 HugePages_Rsvd:        0
1777810541.268214954 HugePages_Surp:        0
1777810541.268214954 Hugepagesize:       2048 kB
1777810541.268214954 Hugetlb:         1048576 kB
1777810542.275152220 MemTotal:        8124504 kB
1777810542.275152220 MemFree:         6390372 kB
1777810542.275152220 MemAvailable:    6654912 kB
1777810542.275152220 Buffers:           30012 kB
1777810542.275152220 Cached:           364536 kB
1777810542.275152220 SwapCached:            0 kB
1777810542.275152220 Active:           386616 kB
1777810542.275152220 Inactive:         105148 kB
1777810542.275152220 Active(anon):     102368 kB
1777810542.275152220 Inactive(anon):        0 kB
1777810542.275152220 Active(file):     284248 kB
1777810542.275152220 Inactive(file):   105148 kB
1777810542.275152220 Unevictable:           0 kB
1777810542.275152220 Mlocked:               0 kB
1777810542.275152220 SwapTotal:             0 kB
1777810542.275152220 SwapFree:              0 kB
1777810542.275152220 Zswap:                 0 kB
1777810542.275152220 Zswapped:              0 kB
1777810542.275152220 Dirty:               100 kB
1777810542.275152220 Writeback:             0 kB
1777810542.275152220 AnonPages:         97260 kB
1777810542.275152220 Mapped:           102908 kB
1777810542.275152220 Shmem:              5240 kB
1777810542.275152220 KReclaimable:      29804 kB
1777810542.275152220 Slab:             121364 kB
1777810542.275152220 SReclaimable:      29804 kB
1777810542.275152220 SUnreclaim:        91560 kB
1777810542.275152220 KernelStack:        3200 kB
1777810542.275152220 PageTables:         4224 kB
1777810542.275152220 SecPageTables:         0 kB
1777810542.275152220 NFS_Unstable:          0 kB
1777810542.275152220 Bounce:                0 kB
1777810542.275152220 WritebackTmp:          0 kB
1777810542.275152220 CommitLimit:     3537964 kB
1777810542.275152220 Committed_AS:     514328 kB
1777810542.275152220 VmallocTotal:   135288315904 kB
1777810542.275152220 VmallocUsed:       19208 kB
1777810542.275152220 VmallocChunk:          0 kB
1777810542.275152220 Percpu:             1456 kB
1777810542.275152220 AnonHugePages:         0 kB
1777810542.275152220 ShmemHugePages:        0 kB
1777810542.275152220 ShmemPmdMapped:        0 kB
1777810542.275152220 FileHugePages:         0 kB
1777810542.275152220 FilePmdMapped:         0 kB
1777810542.275152220 CmaTotal:          65536 kB
1777810542.275152220 CmaFree:           49104 kB
1777810542.275152220 Balloon:               0 kB
1777810542.275152220 HugePages_Total:     512
1777810542.275152220 HugePages_Free:      488
1777810542.275152220 HugePages_Rsvd:        0
1777810542.275152220 HugePages_Surp:        0
1777810542.275152220 Hugepagesize:       2048 kB
1777810542.275152220 Hugetlb:         1048576 kB
1777810543.283333931 MemTotal:        8124504 kB
1777810543.283333931 MemFree:         6381524 kB
1777810543.283333931 MemAvailable:    6646068 kB
1777810543.283333931 Buffers:           30012 kB
1777810543.283333931 Cached:           364544 kB
1777810543.283333931 SwapCached:            0 kB
1777810543.283333931 Active:           386520 kB
1777810543.283333931 Inactive:         105152 kB
1777810543.283333931 Active(anon):     102272 kB
1777810543.283333931 Inactive(anon):        0 kB
1777810543.283333931 Active(file):     284248 kB
1777810543.283333931 Inactive(file):   105152 kB
1777810543.283333931 Unevictable:           0 kB
1777810543.283333931 Mlocked:               0 kB
1777810543.283333931 SwapTotal:             0 kB
1777810543.283333931 SwapFree:              0 kB
1777810543.283333931 Zswap:                 0 kB
1777810543.283333931 Zswapped:              0 kB
1777810543.283333931 Dirty:               108 kB
1777810543.283333931 Writeback:             0 kB
1777810543.283333931 AnonPages:         97256 kB
1777810543.283333931 Mapped:           102948 kB
1777810543.283333931 Shmem:              5240 kB
1777810543.283333931 KReclaimable:      29804 kB
1777810543.283333931 Slab:             121372 kB
1777810543.283333931 SReclaimable:      29804 kB
1777810543.283333931 SUnreclaim:        91568 kB
1777810543.283333931 KernelStack:        3192 kB
1777810543.283333931 PageTables:         4284 kB
1777810543.283333931 SecPageTables:         0 kB
1777810543.283333931 NFS_Unstable:          0 kB
1777810543.283333931 Bounce:                0 kB
1777810543.283333931 WritebackTmp:          0 kB
1777810543.283333931 CommitLimit:     3537964 kB
1777810543.283333931 Committed_AS:     514328 kB
1777810543.283333931 VmallocTotal:   135288315904 kB
1777810543.283333931 VmallocUsed:       19208 kB
1777810543.283333931 VmallocChunk:          0 kB
1777810543.283333931 Percpu:             1456 kB
1777810543.283333931 AnonHugePages:         0 kB
1777810543.283333931 ShmemHugePages:        0 kB
1777810543.283333931 ShmemPmdMapped:        0 kB
1777810543.283333931 FileHugePages:         0 kB
1777810543.283333931 FilePmdMapped:         0 kB
1777810543.283333931 CmaTotal:          65536 kB
1777810543.283333931 CmaFree:           49104 kB
1777810543.283333931 Balloon:               0 kB
1777810543.283333931 HugePages_Total:     512
1777810543.283333931 HugePages_Free:      488
1777810543.283333931 HugePages_Rsvd:        0
1777810543.283333931 HugePages_Surp:        0
1777810543.283333931 Hugepagesize:       2048 kB
1777810543.283333931 Hugetlb:         1048576 kB
1777810544.292863548 MemTotal:        8124504 kB
1777810544.292863548 MemFree:         6376240 kB
1777810544.292863548 MemAvailable:    6640800 kB
1777810544.292863548 Buffers:           30020 kB
1777810544.292863548 Cached:           364552 kB
1777810544.292863548 SwapCached:            0 kB
1777810544.292863548 Active:           386692 kB
1777810544.292863548 Inactive:         105164 kB
1777810544.292863548 Active(anon):     102440 kB
1777810544.292863548 Inactive(anon):        0 kB
1777810544.292863548 Active(file):     284252 kB
1777810544.292863548 Inactive(file):   105164 kB
1777810544.292863548 Unevictable:           0 kB
1777810544.292863548 Mlocked:               0 kB
1777810544.292863548 SwapTotal:             0 kB
1777810544.292863548 SwapFree:              0 kB
1777810544.292863548 Zswap:                 0 kB
1777810544.292863548 Zswapped:              0 kB
1777810544.292863548 Dirty:               120 kB
1777810544.292863548 Writeback:             0 kB
1777810544.292863548 AnonPages:         97332 kB
1777810544.292863548 Mapped:           102948 kB
1777810544.292863548 Shmem:              5240 kB
1777810544.292863548 KReclaimable:      29804 kB
1777810544.292863548 Slab:             121312 kB
1777810544.292863548 SReclaimable:      29804 kB
1777810544.292863548 SUnreclaim:        91508 kB
1777810544.292863548 KernelStack:        3184 kB
1777810544.292863548 PageTables:         4160 kB
1777810544.292863548 SecPageTables:         0 kB
1777810544.292863548 NFS_Unstable:          0 kB
1777810544.292863548 Bounce:                0 kB
1777810544.292863548 WritebackTmp:          0 kB
1777810544.292863548 CommitLimit:     3537964 kB
1777810544.292863548 Committed_AS:     514328 kB
1777810544.292863548 VmallocTotal:   135288315904 kB
1777810544.292863548 VmallocUsed:       19192 kB
1777810544.292863548 VmallocChunk:          0 kB
1777810544.292863548 Percpu:             1456 kB
1777810544.292863548 AnonHugePages:         0 kB
1777810544.292863548 ShmemHugePages:        0 kB
1777810544.292863548 ShmemPmdMapped:        0 kB
1777810544.292863548 FileHugePages:         0 kB
1777810544.292863548 FilePmdMapped:         0 kB
1777810544.292863548 CmaTotal:          65536 kB
1777810544.292863548 CmaFree:           49104 kB
1777810544.292863548 Balloon:               0 kB
1777810544.292863548 HugePages_Total:     512
1777810544.292863548 HugePages_Free:      488
1777810544.292863548 HugePages_Rsvd:        0
1777810544.292863548 HugePages_Surp:        0
1777810544.292863548 Hugepagesize:       2048 kB
1777810544.292863548 Hugetlb:         1048576 kB
1777810545.302347833 MemTotal:        8124504 kB
1777810545.302347833 MemFree:         6384316 kB
1777810545.302347833 MemAvailable:    6648884 kB
1777810545.302347833 Buffers:           30020 kB
1777810545.302347833 Cached:           364556 kB
1777810545.302347833 SwapCached:            0 kB
1777810545.302347833 Active:           386676 kB
1777810545.302347833 Inactive:         105176 kB
1777810545.302347833 Active(anon):     102428 kB
1777810545.302347833 Inactive(anon):        0 kB
1777810545.302347833 Active(file):     284248 kB
1777810545.302347833 Inactive(file):   105176 kB
1777810545.302347833 Unevictable:           0 kB
1777810545.302347833 Mlocked:               0 kB
1777810545.302347833 SwapTotal:             0 kB
1777810545.302347833 SwapFree:              0 kB
1777810545.302347833 Zswap:                 0 kB
1777810545.302347833 Zswapped:              0 kB
1777810545.302347833 Dirty:               124 kB
1777810545.302347833 Writeback:             0 kB
1777810545.302347833 AnonPages:         97312 kB
1777810545.302347833 Mapped:           102948 kB
1777810545.302347833 Shmem:              5240 kB
1777810545.302347833 KReclaimable:      29804 kB
1777810545.302347833 Slab:             121468 kB
1777810545.302347833 SReclaimable:      29804 kB
1777810545.302347833 SUnreclaim:        91664 kB
1777810545.302347833 KernelStack:        3200 kB
1777810545.302347833 PageTables:         4176 kB
1777810545.302347833 SecPageTables:         0 kB
1777810545.302347833 NFS_Unstable:          0 kB
1777810545.302347833 Bounce:                0 kB
1777810545.302347833 WritebackTmp:          0 kB
1777810545.302347833 CommitLimit:     3537964 kB
1777810545.302347833 Committed_AS:     514328 kB
1777810545.302347833 VmallocTotal:   135288315904 kB
1777810545.302347833 VmallocUsed:       19192 kB
1777810545.302347833 VmallocChunk:          0 kB
1777810545.302347833 Percpu:             1456 kB
1777810545.302347833 AnonHugePages:         0 kB
1777810545.302347833 ShmemHugePages:        0 kB
1777810545.302347833 ShmemPmdMapped:        0 kB
1777810545.302347833 FileHugePages:         0 kB
1777810545.302347833 FilePmdMapped:         0 kB
1777810545.302347833 CmaTotal:          65536 kB
1777810545.302347833 CmaFree:           49104 kB
1777810545.302347833 Balloon:               0 kB
1777810545.302347833 HugePages_Total:     512
1777810545.302347833 HugePages_Free:      488
1777810545.302347833 HugePages_Rsvd:        0
1777810545.302347833 HugePages_Surp:        0
1777810545.302347833 Hugepagesize:       2048 kB
1777810545.302347833 Hugetlb:         1048576 kB
1777810546.311834080 MemTotal:        8124504 kB
1777810546.311834080 MemFree:         6379628 kB
1777810546.311834080 MemAvailable:    6644200 kB
1777810546.311834080 Buffers:           30020 kB
1777810546.311834080 Cached:           364556 kB
1777810546.311834080 SwapCached:            0 kB
1777810546.311834080 Active:           386612 kB
1777810546.311834080 Inactive:         105176 kB
1777810546.311834080 Active(anon):     102360 kB
1777810546.311834080 Inactive(anon):        0 kB
1777810546.311834080 Active(file):     284252 kB
1777810546.311834080 Inactive(file):   105176 kB
1777810546.311834080 Unevictable:           0 kB
1777810546.311834080 Mlocked:               0 kB
1777810546.311834080 SwapTotal:             0 kB
1777810546.311834080 SwapFree:              0 kB
1777810546.311834080 Zswap:                 0 kB
1777810546.311834080 Zswapped:              0 kB
1777810546.311834080 Dirty:               124 kB
1777810546.311834080 Writeback:             0 kB
1777810546.311834080 AnonPages:         97164 kB
1777810546.311834080 Mapped:           102908 kB
1777810546.311834080 Shmem:              5240 kB
1777810546.311834080 KReclaimable:      29804 kB
1777810546.311834080 Slab:             121348 kB
1777810546.311834080 SReclaimable:      29804 kB
1777810546.311834080 SUnreclaim:        91544 kB
1777810546.311834080 KernelStack:        3200 kB
1777810546.311834080 PageTables:         4176 kB
1777810546.311834080 SecPageTables:         0 kB
1777810546.311834080 NFS_Unstable:          0 kB
1777810546.311834080 Bounce:                0 kB
1777810546.311834080 WritebackTmp:          0 kB
1777810546.311834080 CommitLimit:     3537964 kB
1777810546.311834080 Committed_AS:     514328 kB
1777810546.311834080 VmallocTotal:   135288315904 kB
1777810546.311834080 VmallocUsed:       19208 kB
1777810546.311834080 VmallocChunk:          0 kB
1777810546.311834080 Percpu:             1456 kB
1777810546.311834080 AnonHugePages:         0 kB
1777810546.311834080 ShmemHugePages:        0 kB
1777810546.311834080 ShmemPmdMapped:        0 kB
1777810546.311834080 FileHugePages:         0 kB
1777810546.311834080 FilePmdMapped:         0 kB
1777810546.311834080 CmaTotal:          65536 kB
1777810546.311834080 CmaFree:           49104 kB
1777810546.311834080 Balloon:               0 kB
1777810546.311834080 HugePages_Total:     512
1777810546.311834080 HugePages_Free:      488
1777810546.311834080 HugePages_Rsvd:        0
1777810546.311834080 HugePages_Surp:        0
1777810546.311834080 Hugepagesize:       2048 kB
1777810546.311834080 Hugetlb:         1048576 kB
1777810547.321658309 MemTotal:        8124504 kB
1777810547.321658309 MemFree:         6382720 kB
1777810547.321658309 MemAvailable:    6647300 kB
1777810547.321658309 Buffers:           30020 kB
1777810547.321658309 Cached:           364564 kB
1777810547.321658309 SwapCached:            0 kB
1777810547.321658309 Active:           386860 kB
1777810547.321658309 Inactive:         105184 kB
1777810547.321658309 Active(anon):     102608 kB
1777810547.321658309 Inactive(anon):        0 kB
1777810547.321658309 Active(file):     284252 kB
1777810547.321658309 Inactive(file):   105184 kB
1777810547.321658309 Unevictable:           0 kB
1777810547.321658309 Mlocked:               0 kB
1777810547.321658309 SwapTotal:             0 kB
1777810547.321658309 SwapFree:              0 kB
1777810547.321658309 Zswap:                 0 kB
1777810547.321658309 Zswapped:              0 kB
1777810547.321658309 Dirty:               132 kB
1777810547.321658309 Writeback:             0 kB
1777810547.321658309 AnonPages:         97396 kB
1777810547.321658309 Mapped:           102948 kB
1777810547.321658309 Shmem:              5240 kB
1777810547.321658309 KReclaimable:      29804 kB
1777810547.321658309 Slab:             121380 kB
1777810547.321658309 SReclaimable:      29804 kB
1777810547.321658309 SUnreclaim:        91576 kB
1777810547.321658309 KernelStack:        3200 kB
1777810547.321658309 PageTables:         4204 kB
1777810547.321658309 SecPageTables:         0 kB
1777810547.321658309 NFS_Unstable:          0 kB
1777810547.321658309 Bounce:                0 kB
1777810547.321658309 WritebackTmp:          0 kB
1777810547.321658309 CommitLimit:     3537964 kB
1777810547.321658309 Committed_AS:     514328 kB
1777810547.321658309 VmallocTotal:   135288315904 kB
1777810547.321658309 VmallocUsed:       19208 kB
1777810547.321658309 VmallocChunk:          0 kB
1777810547.321658309 Percpu:             1456 kB
1777810547.321658309 AnonHugePages:         0 kB
1777810547.321658309 ShmemHugePages:        0 kB
1777810547.321658309 ShmemPmdMapped:        0 kB
1777810547.321658309 FileHugePages:         0 kB
1777810547.321658309 FilePmdMapped:         0 kB
1777810547.321658309 CmaTotal:          65536 kB
1777810547.321658309 CmaFree:           49104 kB
1777810547.321658309 Balloon:               0 kB
1777810547.321658309 HugePages_Total:     512
1777810547.321658309 HugePages_Free:      488
1777810547.321658309 HugePages_Rsvd:        0
1777810547.321658309 HugePages_Surp:        0
1777810547.321658309 Hugepagesize:       2048 kB
1777810547.321658309 Hugetlb:         1048576 kB
1777810548.331091538 MemTotal:        8124504 kB
1777810548.331091538 MemFree:         6378528 kB
1777810548.331091538 MemAvailable:    6643104 kB
1777810548.331091538 Buffers:           30020 kB
1777810548.331091538 Cached:           364568 kB
1777810548.331091538 SwapCached:            0 kB
1777810548.331091538 Active:           386640 kB
1777810548.331091538 Inactive:         105188 kB
1777810548.331091538 Active(anon):     102396 kB
1777810548.331091538 Inactive(anon):        0 kB
1777810548.331091538 Active(file):     284244 kB
1777810548.331091538 Inactive(file):   105188 kB
1777810548.331091538 Unevictable:           0 kB
1777810548.331091538 Mlocked:               0 kB
1777810548.331091538 SwapTotal:             0 kB
1777810548.331091538 SwapFree:              0 kB
1777810548.331091538 Zswap:                 0 kB
1777810548.331091538 Zswapped:              0 kB
1777810548.331091538 Dirty:               136 kB
1777810548.331091538 Writeback:             0 kB
1777810548.331091538 AnonPages:         97228 kB
1777810548.331091538 Mapped:           102908 kB
1777810548.331091538 Shmem:              5240 kB
1777810548.331091538 KReclaimable:      29804 kB
1777810548.331091538 Slab:             121340 kB
1777810548.331091538 SReclaimable:      29804 kB
1777810548.331091538 SUnreclaim:        91536 kB
1777810548.331091538 KernelStack:        3184 kB
1777810548.331091538 PageTables:         4124 kB
1777810548.331091538 SecPageTables:         0 kB
1777810548.331091538 NFS_Unstable:          0 kB
1777810548.331091538 Bounce:                0 kB
1777810548.331091538 WritebackTmp:          0 kB
1777810548.331091538 CommitLimit:     3537964 kB
1777810548.331091538 Committed_AS:     514328 kB
1777810548.331091538 VmallocTotal:   135288315904 kB
1777810548.331091538 VmallocUsed:       19176 kB
1777810548.331091538 VmallocChunk:          0 kB
1777810548.331091538 Percpu:             1456 kB
1777810548.331091538 AnonHugePages:         0 kB
1777810548.331091538 ShmemHugePages:        0 kB
1777810548.331091538 ShmemPmdMapped:        0 kB
1777810548.331091538 FileHugePages:         0 kB
1777810548.331091538 FilePmdMapped:         0 kB
1777810548.331091538 CmaTotal:          65536 kB
1777810548.331091538 CmaFree:           49104 kB
1777810548.331091538 Balloon:               0 kB
1777810548.331091538 HugePages_Total:     512
1777810548.331091538 HugePages_Free:      488
1777810548.331091538 HugePages_Rsvd:        0
1777810548.331091538 HugePages_Surp:        0
1777810548.331091538 Hugepagesize:       2048 kB
1777810548.331091538 Hugetlb:         1048576 kB
1777810549.340538249 MemTotal:        8124504 kB
1777810549.340538249 MemFree:         6384796 kB
1777810549.340538249 MemAvailable:    6649376 kB
1777810549.340538249 Buffers:           30024 kB
1777810549.340538249 Cached:           364564 kB
1777810549.340538249 SwapCached:            0 kB
1777810549.340538249 Active:           386604 kB
1777810549.340538249 Inactive:         105188 kB
1777810549.340538249 Active(anon):     102356 kB
1777810549.340538249 Inactive(anon):        0 kB
1777810549.340538249 Active(file):     284248 kB
1777810549.340538249 Inactive(file):   105188 kB
1777810549.340538249 Unevictable:           0 kB
1777810549.340538249 Mlocked:               0 kB
1777810549.340538249 SwapTotal:             0 kB
1777810549.340538249 SwapFree:              0 kB
1777810549.340538249 Zswap:                 0 kB
1777810549.340538249 Zswapped:              0 kB
1777810549.340538249 Dirty:               136 kB
1777810549.340538249 Writeback:             0 kB
1777810549.340538249 AnonPages:         97312 kB
1777810549.340538249 Mapped:           102948 kB
1777810549.340538249 Shmem:              5240 kB
1777810549.340538249 KReclaimable:      29804 kB
1777810549.340538249 Slab:             121300 kB
1777810549.340538249 SReclaimable:      29804 kB
1777810549.340538249 SUnreclaim:        91496 kB
1777810549.340538249 KernelStack:        3200 kB
1777810549.340538249 PageTables:         4188 kB
1777810549.340538249 SecPageTables:         0 kB
1777810549.340538249 NFS_Unstable:          0 kB
1777810549.340538249 Bounce:                0 kB
1777810549.340538249 WritebackTmp:          0 kB
1777810549.340538249 CommitLimit:     3537964 kB
1777810549.340538249 Committed_AS:     514328 kB
1777810549.340538249 VmallocTotal:   135288315904 kB
1777810549.340538249 VmallocUsed:       19192 kB
1777810549.340538249 VmallocChunk:          0 kB
1777810549.340538249 Percpu:             1456 kB
1777810549.340538249 AnonHugePages:         0 kB
1777810549.340538249 ShmemHugePages:        0 kB
1777810549.340538249 ShmemPmdMapped:        0 kB
1777810549.340538249 FileHugePages:         0 kB
1777810549.340538249 FilePmdMapped:         0 kB
1777810549.340538249 CmaTotal:          65536 kB
1777810549.340538249 CmaFree:           49104 kB
1777810549.340538249 Balloon:               0 kB
1777810549.340538249 HugePages_Total:     512
1777810549.340538249 HugePages_Free:      488
1777810549.340538249 HugePages_Rsvd:        0
1777810549.340538249 HugePages_Surp:        0
1777810549.340538249 Hugepagesize:       2048 kB
1777810549.340538249 Hugetlb:         1048576 kB
1777810550.351388274 MemTotal:        8124504 kB
1777810550.351388274 MemFree:         6378548 kB
1777810550.351388274 MemAvailable:    6643144 kB
1777810550.351388274 Buffers:           30028 kB
1777810550.351388274 Cached:           364580 kB
1777810550.351388274 SwapCached:            0 kB
1777810550.351388274 Active:           386816 kB
1777810550.351388274 Inactive:         105204 kB
1777810550.351388274 Active(anon):     102568 kB
1777810550.351388274 Inactive(anon):        0 kB
1777810550.351388274 Active(file):     284248 kB
1777810550.351388274 Inactive(file):   105204 kB
1777810550.351388274 Unevictable:           0 kB
1777810550.351388274 Mlocked:               0 kB
1777810550.351388274 SwapTotal:             0 kB
1777810550.351388274 SwapFree:              0 kB
1777810550.351388274 Zswap:                 0 kB
1777810550.351388274 Zswapped:              0 kB
1777810550.351388274 Dirty:               148 kB
1777810550.351388274 Writeback:             0 kB
1777810550.351388274 AnonPages:         97316 kB
1777810550.351388274 Mapped:           102948 kB
1777810550.351388274 Shmem:              5240 kB
1777810550.351388274 KReclaimable:      29804 kB
1777810550.351388274 Slab:             121332 kB
1777810550.351388274 SReclaimable:      29804 kB
1777810550.351388274 SUnreclaim:        91528 kB
1777810550.351388274 KernelStack:        3200 kB
1777810550.351388274 PageTables:         4184 kB
1777810550.351388274 SecPageTables:         0 kB
1777810550.351388274 NFS_Unstable:          0 kB
1777810550.351388274 Bounce:                0 kB
1777810550.351388274 WritebackTmp:          0 kB
1777810550.351388274 CommitLimit:     3537964 kB
1777810550.351388274 Committed_AS:     514328 kB
1777810550.351388274 VmallocTotal:   135288315904 kB
1777810550.351388274 VmallocUsed:       19192 kB
1777810550.351388274 VmallocChunk:          0 kB
1777810550.351388274 Percpu:             1456 kB
1777810550.351388274 AnonHugePages:         0 kB
1777810550.351388274 ShmemHugePages:        0 kB
1777810550.351388274 ShmemPmdMapped:        0 kB
1777810550.351388274 FileHugePages:         0 kB
1777810550.351388274 FilePmdMapped:         0 kB
1777810550.351388274 CmaTotal:          65536 kB
1777810550.351388274 CmaFree:           49104 kB
1777810550.351388274 Balloon:               0 kB
1777810550.351388274 HugePages_Total:     512
1777810550.351388274 HugePages_Free:      488
1777810550.351388274 HugePages_Rsvd:        0
1777810550.351388274 HugePages_Surp:        0
1777810550.351388274 Hugepagesize:       2048 kB
1777810550.351388274 Hugetlb:         1048576 kB
1777810551.360806225 MemTotal:        8124504 kB
1777810551.360806225 MemFree:         6381072 kB
1777810551.360806225 MemAvailable:    6645672 kB
1777810551.360806225 Buffers:           30028 kB
1777810551.360806225 Cached:           364584 kB
1777810551.360806225 SwapCached:            0 kB
1777810551.360806225 Active:           386604 kB
1777810551.360806225 Inactive:         105208 kB
1777810551.360806225 Active(anon):     102356 kB
1777810551.360806225 Inactive(anon):        0 kB
1777810551.360806225 Active(file):     284248 kB
1777810551.360806225 Inactive(file):   105208 kB
1777810551.360806225 Unevictable:           0 kB
1777810551.360806225 Mlocked:               0 kB
1777810551.360806225 SwapTotal:             0 kB
1777810551.360806225 SwapFree:              0 kB
1777810551.360806225 Zswap:                 0 kB
1777810551.360806225 Zswapped:              0 kB
1777810551.360806225 Dirty:               152 kB
1777810551.360806225 Writeback:             0 kB
1777810551.360806225 AnonPages:         97316 kB
1777810551.360806225 Mapped:           102948 kB
1777810551.360806225 Shmem:              5240 kB
1777810551.360806225 KReclaimable:      29804 kB
1777810551.360806225 Slab:             121360 kB
1777810551.360806225 SReclaimable:      29804 kB
1777810551.360806225 SUnreclaim:        91556 kB
1777810551.360806225 KernelStack:        3200 kB
1777810551.360806225 PageTables:         4120 kB
1777810551.360806225 SecPageTables:         0 kB
1777810551.360806225 NFS_Unstable:          0 kB
1777810551.360806225 Bounce:                0 kB
1777810551.360806225 WritebackTmp:          0 kB
1777810551.360806225 CommitLimit:     3537964 kB
1777810551.360806225 Committed_AS:     514328 kB
1777810551.360806225 VmallocTotal:   135288315904 kB
1777810551.360806225 VmallocUsed:       19192 kB
1777810551.360806225 VmallocChunk:          0 kB
1777810551.360806225 Percpu:             1456 kB
1777810551.360806225 AnonHugePages:         0 kB
1777810551.360806225 ShmemHugePages:        0 kB
1777810551.360806225 ShmemPmdMapped:        0 kB
1777810551.360806225 FileHugePages:         0 kB
1777810551.360806225 FilePmdMapped:         0 kB
1777810551.360806225 CmaTotal:          65536 kB
1777810551.360806225 CmaFree:           49104 kB
1777810551.360806225 Balloon:               0 kB
1777810551.360806225 HugePages_Total:     512
1777810551.360806225 HugePages_Free:      488
1777810551.360806225 HugePages_Rsvd:        0
1777810551.360806225 HugePages_Surp:        0
1777810551.360806225 Hugepagesize:       2048 kB
1777810551.360806225 Hugetlb:         1048576 kB
1777810552.370309177 MemTotal:        8124504 kB
1777810552.370309177 MemFree:         6378684 kB
1777810552.370309177 MemAvailable:    6643296 kB
1777810552.370309177 Buffers:           30028 kB
1777810552.370309177 Cached:           364588 kB
1777810552.370309177 SwapCached:            0 kB
1777810552.370309177 Active:           386768 kB
1777810552.370309177 Inactive:         105216 kB
1777810552.370309177 Active(anon):     102516 kB
1777810552.370309177 Inactive(anon):        0 kB
1777810552.370309177 Active(file):     284252 kB
1777810552.370309177 Inactive(file):   105216 kB
1777810552.370309177 Unevictable:           0 kB
1777810552.370309177 Mlocked:               0 kB
1777810552.370309177 SwapTotal:             0 kB
1777810552.370309177 SwapFree:              0 kB
1777810552.370309177 Zswap:                 0 kB
1777810552.370309177 Zswapped:              0 kB
1777810552.370309177 Dirty:               156 kB
1777810552.370309177 Writeback:             0 kB
1777810552.370309177 AnonPages:         97316 kB
1777810552.370309177 Mapped:           102948 kB
1777810552.370309177 Shmem:              5240 kB
1777810552.370309177 KReclaimable:      29804 kB
1777810552.370309177 Slab:             121256 kB
1777810552.370309177 SReclaimable:      29804 kB
1777810552.370309177 SUnreclaim:        91452 kB
1777810552.370309177 KernelStack:        3200 kB
1777810552.370309177 PageTables:         4192 kB
1777810552.370309177 SecPageTables:         0 kB
1777810552.370309177 NFS_Unstable:          0 kB
1777810552.370309177 Bounce:                0 kB
1777810552.370309177 WritebackTmp:          0 kB
1777810552.370309177 CommitLimit:     3537964 kB
1777810552.370309177 Committed_AS:     514328 kB
1777810552.370309177 VmallocTotal:   135288315904 kB
1777810552.370309177 VmallocUsed:       19176 kB
1777810552.370309177 VmallocChunk:          0 kB
1777810552.370309177 Percpu:             1456 kB
1777810552.370309177 AnonHugePages:         0 kB
1777810552.370309177 ShmemHugePages:        0 kB
1777810552.370309177 ShmemPmdMapped:        0 kB
1777810552.370309177 FileHugePages:         0 kB
1777810552.370309177 FilePmdMapped:         0 kB
1777810552.370309177 CmaTotal:          65536 kB
1777810552.370309177 CmaFree:           49104 kB
1777810552.370309177 Balloon:               0 kB
1777810552.370309177 HugePages_Total:     512
1777810552.370309177 HugePages_Free:      488
1777810552.370309177 HugePages_Rsvd:        0
1777810552.370309177 HugePages_Surp:        0
1777810552.370309177 Hugepagesize:       2048 kB
1777810552.370309177 Hugetlb:         1048576 kB
1777810553.379784146 MemTotal:        8124504 kB
1777810553.379784146 MemFree:         6384460 kB
1777810553.379784146 MemAvailable:    6649072 kB
1777810553.379784146 Buffers:           30028 kB
1777810553.379784146 Cached:           364592 kB
1777810553.379784146 SwapCached:            0 kB
1777810553.379784146 Active:           386568 kB
1777810553.379784146 Inactive:         105220 kB
1777810553.379784146 Active(anon):     102320 kB
1777810553.379784146 Inactive(anon):        0 kB
1777810553.379784146 Active(file):     284248 kB
1777810553.379784146 Inactive(file):   105220 kB
1777810553.379784146 Unevictable:           0 kB
1777810553.379784146 Mlocked:               0 kB
1777810553.379784146 SwapTotal:             0 kB
1777810553.379784146 SwapFree:              0 kB
1777810553.379784146 Zswap:                 0 kB
1777810553.379784146 Zswapped:              0 kB
1777810553.379784146 Dirty:               160 kB
1777810553.379784146 Writeback:             0 kB
1777810553.379784146 AnonPages:         97316 kB
1777810553.379784146 Mapped:           102948 kB
1777810553.379784146 Shmem:              5240 kB
1777810553.379784146 KReclaimable:      29804 kB
1777810553.379784146 Slab:             121368 kB
1777810553.379784146 SReclaimable:      29804 kB
1777810553.379784146 SUnreclaim:        91564 kB
1777810553.379784146 KernelStack:        3200 kB
1777810553.379784146 PageTables:         4188 kB
1777810553.379784146 SecPageTables:         0 kB
1777810553.379784146 NFS_Unstable:          0 kB
1777810553.379784146 Bounce:                0 kB
1777810553.379784146 WritebackTmp:          0 kB
1777810553.379784146 CommitLimit:     3537964 kB
1777810553.379784146 Committed_AS:     514328 kB
1777810553.379784146 VmallocTotal:   135288315904 kB
1777810553.379784146 VmallocUsed:       19208 kB
1777810553.379784146 VmallocChunk:          0 kB
1777810553.379784146 Percpu:             1456 kB
1777810553.379784146 AnonHugePages:         0 kB
1777810553.379784146 ShmemHugePages:        0 kB
1777810553.379784146 ShmemPmdMapped:        0 kB
1777810553.379784146 FileHugePages:         0 kB
1777810553.379784146 FilePmdMapped:         0 kB
1777810553.379784146 CmaTotal:          65536 kB
1777810553.379784146 CmaFree:           49104 kB
1777810553.379784146 Balloon:               0 kB
1777810553.379784146 HugePages_Total:     512
1777810553.379784146 HugePages_Free:      488
1777810553.379784146 HugePages_Rsvd:        0
1777810553.379784146 HugePages_Surp:        0
1777810553.379784146 Hugepagesize:       2048 kB
1777810553.379784146 Hugetlb:         1048576 kB
1777810554.389242338 MemTotal:        8124504 kB
1777810554.389242338 MemFree:         6380228 kB
1777810554.389242338 MemAvailable:    6644844 kB
1777810554.389242338 Buffers:           30036 kB
1777810554.389242338 Cached:           364588 kB
1777810554.389242338 SwapCached:            0 kB
1777810554.389242338 Active:           386644 kB
1777810554.389242338 Inactive:         105220 kB
1777810554.389242338 Active(anon):     102396 kB
1777810554.389242338 Inactive(anon):        0 kB
1777810554.389242338 Active(file):     284248 kB
1777810554.389242338 Inactive(file):   105220 kB
1777810554.389242338 Unevictable:           0 kB
1777810554.389242338 Mlocked:               0 kB
1777810554.389242338 SwapTotal:             0 kB
1777810554.389242338 SwapFree:              0 kB
1777810554.389242338 Zswap:                 0 kB
1777810554.389242338 Zswapped:              0 kB
1777810554.389242338 Dirty:               164 kB
1777810554.389242338 Writeback:             0 kB
1777810554.389242338 AnonPages:         97228 kB
1777810554.389242338 Mapped:           102908 kB
1777810554.389242338 Shmem:              5240 kB
1777810554.389242338 KReclaimable:      29804 kB
1777810554.389242338 Slab:             121380 kB
1777810554.389242338 SReclaimable:      29804 kB
1777810554.389242338 SUnreclaim:        91576 kB
1777810554.389242338 KernelStack:        3184 kB
1777810554.389242338 PageTables:         4128 kB
1777810554.389242338 SecPageTables:         0 kB
1777810554.389242338 NFS_Unstable:          0 kB
1777810554.389242338 Bounce:                0 kB
1777810554.389242338 WritebackTmp:          0 kB
1777810554.389242338 CommitLimit:     3537964 kB
1777810554.389242338 Committed_AS:     514328 kB
1777810554.389242338 VmallocTotal:   135288315904 kB
1777810554.389242338 VmallocUsed:       19176 kB
1777810554.389242338 VmallocChunk:          0 kB
1777810554.389242338 Percpu:             1456 kB
1777810554.389242338 AnonHugePages:         0 kB
1777810554.389242338 ShmemHugePages:        0 kB
1777810554.389242338 ShmemPmdMapped:        0 kB
1777810554.389242338 FileHugePages:         0 kB
1777810554.389242338 FilePmdMapped:         0 kB
1777810554.389242338 CmaTotal:          65536 kB
1777810554.389242338 CmaFree:           49104 kB
1777810554.389242338 Balloon:               0 kB
1777810554.389242338 HugePages_Total:     512
1777810554.389242338 HugePages_Free:      488
1777810554.389242338 HugePages_Rsvd:        0
1777810554.389242338 HugePages_Surp:        0
1777810554.389242338 Hugepagesize:       2048 kB
1777810554.389242338 Hugetlb:         1048576 kB
1777810555.401283049 MemTotal:        8124504 kB
1777810555.401283049 MemFree:         6382472 kB
1777810555.401283049 MemAvailable:    6647100 kB
1777810555.401283049 Buffers:           30036 kB
1777810555.401283049 Cached:           364600 kB
1777810555.401283049 SwapCached:            0 kB
1777810555.401283049 Active:           386560 kB
1777810555.401283049 Inactive:         105236 kB
1777810555.401283049 Active(anon):     102312 kB
1777810555.401283049 Inactive(anon):        0 kB
1777810555.401283049 Active(file):     284248 kB
1777810555.401283049 Inactive(file):   105236 kB
1777810555.401283049 Unevictable:           0 kB
1777810555.401283049 Mlocked:               0 kB
1777810555.401283049 SwapTotal:             0 kB
1777810555.401283049 SwapFree:              0 kB
1777810555.401283049 Zswap:                 0 kB
1777810555.401283049 Zswapped:              0 kB
1777810555.401283049 Dirty:               168 kB
1777810555.401283049 Writeback:             0 kB
1777810555.401283049 AnonPages:         97316 kB
1777810555.401283049 Mapped:           102908 kB
1777810555.401283049 Shmem:              5240 kB
1777810555.401283049 KReclaimable:      29804 kB
1777810555.401283049 Slab:             121320 kB
1777810555.401283049 SReclaimable:      29804 kB
1777810555.401283049 SUnreclaim:        91516 kB
1777810555.401283049 KernelStack:        3200 kB
1777810555.401283049 PageTables:         4192 kB
1777810555.401283049 SecPageTables:         0 kB
1777810555.401283049 NFS_Unstable:          0 kB
1777810555.401283049 Bounce:                0 kB
1777810555.401283049 WritebackTmp:          0 kB
1777810555.401283049 CommitLimit:     3537964 kB
1777810555.401283049 Committed_AS:     514328 kB
1777810555.401283049 VmallocTotal:   135288315904 kB
1777810555.401283049 VmallocUsed:       19208 kB
1777810555.401283049 VmallocChunk:          0 kB
1777810555.401283049 Percpu:             1456 kB
1777810555.401283049 AnonHugePages:         0 kB
1777810555.401283049 ShmemHugePages:        0 kB
1777810555.401283049 ShmemPmdMapped:        0 kB
1777810555.401283049 FileHugePages:         0 kB
1777810555.401283049 FilePmdMapped:         0 kB
1777810555.401283049 CmaTotal:          65536 kB
1777810555.401283049 CmaFree:           49104 kB
1777810555.401283049 Balloon:               0 kB
1777810555.401283049 HugePages_Total:     512
1777810555.401283049 HugePages_Free:      488
1777810555.401283049 HugePages_Rsvd:        0
1777810555.401283049 HugePages_Surp:        0
1777810555.401283049 Hugepagesize:       2048 kB
1777810555.401283049 Hugetlb:         1048576 kB
1777810556.410823278 MemTotal:        8124504 kB
1777810556.410823278 MemFree:         6380536 kB
1777810556.410823278 MemAvailable:    6645168 kB
1777810556.410823278 Buffers:           30036 kB
1777810556.410823278 Cached:           364604 kB
1777810556.410823278 SwapCached:            0 kB
1777810556.410823278 Active:           386640 kB
1777810556.410823278 Inactive:         105240 kB
1777810556.410823278 Active(anon):     102392 kB
1777810556.410823278 Inactive(anon):        0 kB
1777810556.410823278 Active(file):     284248 kB
1777810556.410823278 Inactive(file):   105240 kB
1777810556.410823278 Unevictable:           0 kB
1777810556.410823278 Mlocked:               0 kB
1777810556.410823278 SwapTotal:             0 kB
1777810556.410823278 SwapFree:              0 kB
1777810556.410823278 Zswap:                 0 kB
1777810556.410823278 Zswapped:              0 kB
1777810556.410823278 Dirty:               172 kB
1777810556.410823278 Writeback:             0 kB
1777810556.410823278 AnonPages:         97316 kB
1777810556.410823278 Mapped:           102948 kB
1777810556.410823278 Shmem:              5240 kB
1777810556.410823278 KReclaimable:      29804 kB
1777810556.410823278 Slab:             121292 kB
1777810556.410823278 SReclaimable:      29804 kB
1777810556.410823278 SUnreclaim:        91488 kB
1777810556.410823278 KernelStack:        3200 kB
1777810556.410823278 PageTables:         4184 kB
1777810556.410823278 SecPageTables:         0 kB
1777810556.410823278 NFS_Unstable:          0 kB
1777810556.410823278 Bounce:                0 kB
1777810556.410823278 WritebackTmp:          0 kB
1777810556.410823278 CommitLimit:     3537964 kB
1777810556.410823278 Committed_AS:     514328 kB
1777810556.410823278 VmallocTotal:   135288315904 kB
1777810556.410823278 VmallocUsed:       19192 kB
1777810556.410823278 VmallocChunk:          0 kB
1777810556.410823278 Percpu:             1456 kB
1777810556.410823278 AnonHugePages:         0 kB
1777810556.410823278 ShmemHugePages:        0 kB
1777810556.410823278 ShmemPmdMapped:        0 kB
1777810556.410823278 FileHugePages:         0 kB
1777810556.410823278 FilePmdMapped:         0 kB
1777810556.410823278 CmaTotal:          65536 kB
1777810556.410823278 CmaFree:           49104 kB
1777810556.410823278 Balloon:               0 kB
1777810556.410823278 HugePages_Total:     512
1777810556.410823278 HugePages_Free:      488
1777810556.410823278 HugePages_Rsvd:        0
1777810556.410823278 HugePages_Surp:        0
1777810556.410823278 Hugepagesize:       2048 kB
1777810556.410823278 Hugetlb:         1048576 kB
1777810557.420381711 MemTotal:        8124504 kB
1777810557.420381711 MemFree:         6386224 kB
1777810557.420381711 MemAvailable:    6650864 kB
1777810557.420381711 Buffers:           30036 kB
1777810557.420381711 Cached:           364612 kB
1777810557.420381711 SwapCached:            0 kB
1777810557.420381711 Active:           386708 kB
1777810557.420381711 Inactive:         105248 kB
1777810557.420381711 Active(anon):     102460 kB
1777810557.420381711 Inactive(anon):        0 kB
1777810557.420381711 Active(file):     284248 kB
1777810557.420381711 Inactive(file):   105248 kB
1777810557.420381711 Unevictable:           0 kB
1777810557.420381711 Mlocked:               0 kB
1777810557.420381711 SwapTotal:             0 kB
1777810557.420381711 SwapFree:              0 kB
1777810557.420381711 Zswap:                 0 kB
1777810557.420381711 Zswapped:              0 kB
1777810557.420381711 Dirty:               180 kB
1777810557.420381711 Writeback:             0 kB
1777810557.420381711 AnonPages:         97320 kB
1777810557.420381711 Mapped:           102948 kB
1777810557.420381711 Shmem:              5240 kB
1777810557.420381711 KReclaimable:      29804 kB
1777810557.420381711 Slab:             121296 kB
1777810557.420381711 SReclaimable:      29804 kB
1777810557.420381711 SUnreclaim:        91492 kB
1777810557.420381711 KernelStack:        3200 kB
1777810557.420381711 PageTables:         4192 kB
1777810557.420381711 SecPageTables:         0 kB
1777810557.420381711 NFS_Unstable:          0 kB
1777810557.420381711 Bounce:                0 kB
1777810557.420381711 WritebackTmp:          0 kB
1777810557.420381711 CommitLimit:     3537964 kB
1777810557.420381711 Committed_AS:     514328 kB
1777810557.420381711 VmallocTotal:   135288315904 kB
1777810557.420381711 VmallocUsed:       19208 kB
1777810557.420381711 VmallocChunk:          0 kB
1777810557.420381711 Percpu:             1456 kB
1777810557.420381711 AnonHugePages:         0 kB
1777810557.420381711 ShmemHugePages:        0 kB
1777810557.420381711 ShmemPmdMapped:        0 kB
1777810557.420381711 FileHugePages:         0 kB
1777810557.420381711 FilePmdMapped:         0 kB
1777810557.420381711 CmaTotal:          65536 kB
1777810557.420381711 CmaFree:           49104 kB
1777810557.420381711 Balloon:               0 kB
1777810557.420381711 HugePages_Total:     512
1777810557.420381711 HugePages_Free:      488
1777810557.420381711 HugePages_Rsvd:        0
1777810557.420381711 HugePages_Surp:        0
1777810557.420381711 Hugepagesize:       2048 kB
1777810557.420381711 Hugetlb:         1048576 kB
1777810558.429758773 MemTotal:        8124504 kB
1777810558.429758773 MemFree:         6383612 kB
1777810558.429758773 MemAvailable:    6648260 kB
1777810558.429758773 Buffers:           30036 kB
1777810558.429758773 Cached:           364620 kB
1777810558.429758773 SwapCached:            0 kB
1777810558.429758773 Active:           386608 kB
1777810558.429758773 Inactive:         105256 kB
1777810558.429758773 Active(anon):     102360 kB
1777810558.429758773 Inactive(anon):        0 kB
1777810558.429758773 Active(file):     284248 kB
1777810558.429758773 Inactive(file):   105256 kB
1777810558.429758773 Unevictable:           0 kB
1777810558.429758773 Mlocked:               0 kB
1777810558.429758773 SwapTotal:             0 kB
1777810558.429758773 SwapFree:              0 kB
1777810558.429758773 Zswap:                 0 kB
1777810558.429758773 Zswapped:              0 kB
1777810558.429758773 Dirty:               188 kB
1777810558.429758773 Writeback:             0 kB
1777810558.429758773 AnonPages:         97316 kB
1777810558.429758773 Mapped:           102908 kB
1777810558.429758773 Shmem:              5240 kB
1777810558.429758773 KReclaimable:      29804 kB
1777810558.429758773 Slab:             121308 kB
1777810558.429758773 SReclaimable:      29804 kB
1777810558.429758773 SUnreclaim:        91504 kB
1777810558.429758773 KernelStack:        3200 kB
1777810558.429758773 PageTables:         4192 kB
1777810558.429758773 SecPageTables:         0 kB
1777810558.429758773 NFS_Unstable:          0 kB
1777810558.429758773 Bounce:                0 kB
1777810558.429758773 WritebackTmp:          0 kB
1777810558.429758773 CommitLimit:     3537964 kB
1777810558.429758773 Committed_AS:     514328 kB
1777810558.429758773 VmallocTotal:   135288315904 kB
1777810558.429758773 VmallocUsed:       19192 kB
1777810558.429758773 VmallocChunk:          0 kB
1777810558.429758773 Percpu:             1456 kB
1777810558.429758773 AnonHugePages:         0 kB
1777810558.429758773 ShmemHugePages:        0 kB
1777810558.429758773 ShmemPmdMapped:        0 kB
1777810558.429758773 FileHugePages:         0 kB
1777810558.429758773 FilePmdMapped:         0 kB
1777810558.429758773 CmaTotal:          65536 kB
1777810558.429758773 CmaFree:           49104 kB
1777810558.429758773 Balloon:               0 kB
1777810558.429758773 HugePages_Total:     512
1777810558.429758773 HugePages_Free:      488
1777810558.429758773 HugePages_Rsvd:        0
1777810558.429758773 HugePages_Surp:        0
1777810558.429758773 Hugepagesize:       2048 kB
1777810558.429758773 Hugetlb:         1048576 kB
1777810559.439027168 MemTotal:        8124504 kB
1777810559.439027168 MemFree:         6387848 kB
1777810559.439027168 MemAvailable:    6652496 kB
1777810559.439027168 Buffers:           30040 kB
1777810559.439027168 Cached:           364616 kB
1777810559.439027168 SwapCached:            0 kB
1777810559.439027168 Active:           386532 kB
1777810559.439027168 Inactive:         105256 kB
1777810559.439027168 Active(anon):     102284 kB
1777810559.439027168 Inactive(anon):        0 kB
1777810559.439027168 Active(file):     284248 kB
1777810559.439027168 Inactive(file):   105256 kB
1777810559.439027168 Unevictable:           0 kB
1777810559.439027168 Mlocked:               0 kB
1777810559.439027168 SwapTotal:             0 kB
1777810559.439027168 SwapFree:              0 kB
1777810559.439027168 Zswap:                 0 kB
1777810559.439027168 Zswapped:              0 kB
1777810559.439027168 Dirty:               188 kB
1777810559.439027168 Writeback:             0 kB
1777810559.439027168 AnonPages:         97316 kB
1777810559.439027168 Mapped:           102908 kB
1777810559.439027168 Shmem:              5240 kB
1777810559.439027168 KReclaimable:      29804 kB
1777810559.439027168 Slab:             121488 kB
1777810559.439027168 SReclaimable:      29804 kB
1777810559.439027168 SUnreclaim:        91684 kB
1777810559.439027168 KernelStack:        3200 kB
1777810559.439027168 PageTables:         4188 kB
1777810559.439027168 SecPageTables:         0 kB
1777810559.439027168 NFS_Unstable:          0 kB
1777810559.439027168 Bounce:                0 kB
1777810559.439027168 WritebackTmp:          0 kB
1777810559.439027168 CommitLimit:     3537964 kB
1777810559.439027168 Committed_AS:     514328 kB
1777810559.439027168 VmallocTotal:   135288315904 kB
1777810559.439027168 VmallocUsed:       19192 kB
1777810559.439027168 VmallocChunk:          0 kB
1777810559.439027168 Percpu:             1456 kB
1777810559.439027168 AnonHugePages:         0 kB
1777810559.439027168 ShmemHugePages:        0 kB
1777810559.439027168 ShmemPmdMapped:        0 kB
1777810559.439027168 FileHugePages:         0 kB
1777810559.439027168 FilePmdMapped:         0 kB
1777810559.439027168 CmaTotal:          65536 kB
1777810559.439027168 CmaFree:           49104 kB
1777810559.439027168 Balloon:               0 kB
1777810559.439027168 HugePages_Total:     512
1777810559.439027168 HugePages_Free:      488
1777810559.439027168 HugePages_Rsvd:        0
1777810559.439027168 HugePages_Surp:        0
1777810559.439027168 Hugepagesize:       2048 kB
1777810559.439027168 Hugetlb:         1048576 kB
1777810560.450212212 MemTotal:        8124504 kB
1777810560.450212212 MemFree:         6381160 kB
1777810560.450212212 MemAvailable:    6645824 kB
1777810560.450212212 Buffers:           30044 kB
1777810560.450212212 Cached:           364624 kB
1777810560.450212212 SwapCached:            0 kB
1777810560.450212212 Active:           386736 kB
1777810560.450212212 Inactive:         105268 kB
1777810560.450212212 Active(anon):     102484 kB
1777810560.450212212 Inactive(anon):        0 kB
1777810560.450212212 Active(file):     284252 kB
1777810560.450212212 Inactive(file):   105268 kB
1777810560.450212212 Unevictable:           0 kB
1777810560.450212212 Mlocked:               0 kB
1777810560.450212212 SwapTotal:             0 kB
1777810560.450212212 SwapFree:              0 kB
1777810560.450212212 Zswap:                 0 kB
1777810560.450212212 Zswapped:              0 kB
1777810560.450212212 Dirty:                44 kB
1777810560.450212212 Writeback:             0 kB
1777810560.450212212 AnonPages:         97320 kB
1777810560.450212212 Mapped:           102948 kB
1777810560.450212212 Shmem:              5240 kB
1777810560.450212212 KReclaimable:      29804 kB
1777810560.450212212 Slab:             121380 kB
1777810560.450212212 SReclaimable:      29804 kB
1777810560.450212212 SUnreclaim:        91576 kB
1777810560.450212212 KernelStack:        3200 kB
1777810560.450212212 PageTables:         4188 kB
1777810560.450212212 SecPageTables:         0 kB
1777810560.450212212 NFS_Unstable:          0 kB
1777810560.450212212 Bounce:                0 kB
1777810560.450212212 WritebackTmp:          0 kB
1777810560.450212212 CommitLimit:     3537964 kB
1777810560.450212212 Committed_AS:     514328 kB
1777810560.450212212 VmallocTotal:   135288315904 kB
1777810560.450212212 VmallocUsed:       19192 kB
1777810560.450212212 VmallocChunk:          0 kB
1777810560.450212212 Percpu:             1456 kB
1777810560.450212212 AnonHugePages:         0 kB
1777810560.450212212 ShmemHugePages:        0 kB
1777810560.450212212 ShmemPmdMapped:        0 kB
1777810560.450212212 FileHugePages:         0 kB
1777810560.450212212 FilePmdMapped:         0 kB
1777810560.450212212 CmaTotal:          65536 kB
1777810560.450212212 CmaFree:           49104 kB
1777810560.450212212 Balloon:               0 kB
1777810560.450212212 HugePages_Total:     512
1777810560.450212212 HugePages_Free:      488
1777810560.450212212 HugePages_Rsvd:        0
1777810560.450212212 HugePages_Surp:        0
1777810560.450212212 Hugepagesize:       2048 kB
1777810560.450212212 Hugetlb:         1048576 kB
1777810561.459652275 MemTotal:        8124504 kB
1777810561.459652275 MemFree:         6388372 kB
1777810561.459652275 MemAvailable:    6653036 kB
1777810561.459652275 Buffers:           30044 kB
1777810561.459652275 Cached:           364628 kB
1777810561.459652275 SwapCached:            0 kB
1777810561.459652275 Active:           386604 kB
1777810561.459652275 Inactive:         105272 kB
1777810561.459652275 Active(anon):     102356 kB
1777810561.459652275 Inactive(anon):        0 kB
1777810561.459652275 Active(file):     284248 kB
1777810561.459652275 Inactive(file):   105272 kB
1777810561.459652275 Unevictable:           0 kB
1777810561.459652275 Mlocked:               0 kB
1777810561.459652275 SwapTotal:             0 kB
1777810561.459652275 SwapFree:              0 kB
1777810561.459652275 Zswap:                 0 kB
1777810561.459652275 Zswapped:              0 kB
1777810561.459652275 Dirty:                56 kB
1777810561.459652275 Writeback:             0 kB
1777810561.459652275 AnonPages:         97320 kB
1777810561.459652275 Mapped:           102948 kB
1777810561.459652275 Shmem:              5240 kB
1777810561.459652275 KReclaimable:      29804 kB
1777810561.459652275 Slab:             121436 kB
1777810561.459652275 SReclaimable:      29804 kB
1777810561.459652275 SUnreclaim:        91632 kB
1777810561.459652275 KernelStack:        3200 kB
1777810561.459652275 PageTables:         4192 kB
1777810561.459652275 SecPageTables:         0 kB
1777810561.459652275 NFS_Unstable:          0 kB
1777810561.459652275 Bounce:                0 kB
1777810561.459652275 WritebackTmp:          0 kB
1777810561.459652275 CommitLimit:     3537964 kB
1777810561.459652275 Committed_AS:     514328 kB
1777810561.459652275 VmallocTotal:   135288315904 kB
1777810561.459652275 VmallocUsed:       19208 kB
1777810561.459652275 VmallocChunk:          0 kB
1777810561.459652275 Percpu:             1456 kB
1777810561.459652275 AnonHugePages:         0 kB
1777810561.459652275 ShmemHugePages:        0 kB
1777810561.459652275 ShmemPmdMapped:        0 kB
1777810561.459652275 FileHugePages:         0 kB
1777810561.459652275 FilePmdMapped:         0 kB
1777810561.459652275 CmaTotal:          65536 kB
1777810561.459652275 CmaFree:           49104 kB
1777810561.459652275 Balloon:               0 kB
1777810561.459652275 HugePages_Total:     512
1777810561.459652275 HugePages_Free:      488
1777810561.459652275 HugePages_Rsvd:        0
1777810561.459652275 HugePages_Surp:        0
1777810561.459652275 Hugepagesize:       2048 kB
1777810561.459652275 Hugetlb:         1048576 kB
1777810562.469132948 MemTotal:        8124504 kB
1777810562.469132948 MemFree:         6383136 kB
1777810562.469132948 MemAvailable:    6647800 kB
1777810562.469132948 Buffers:           30044 kB
1777810562.469132948 Cached:           364632 kB
1777810562.469132948 SwapCached:            0 kB
1777810562.469132948 Active:           386580 kB
1777810562.469132948 Inactive:         105272 kB
1777810562.469132948 Active(anon):     102332 kB
1777810562.469132948 Inactive(anon):        0 kB
1777810562.469132948 Active(file):     284248 kB
1777810562.469132948 Inactive(file):   105272 kB
1777810562.469132948 Unevictable:           0 kB
1777810562.469132948 Mlocked:               0 kB
1777810562.469132948 SwapTotal:             0 kB
1777810562.469132948 SwapFree:              0 kB
1777810562.469132948 Zswap:                 0 kB
1777810562.469132948 Zswapped:              0 kB
1777810562.469132948 Dirty:                60 kB
1777810562.469132948 Writeback:             0 kB
1777810562.469132948 AnonPages:         97264 kB
1777810562.469132948 Mapped:           103116 kB
1777810562.469132948 Shmem:              5240 kB
1777810562.469132948 KReclaimable:      29804 kB
1777810562.469132948 Slab:             121328 kB
1777810562.469132948 SReclaimable:      29804 kB
1777810562.469132948 SUnreclaim:        91524 kB
1777810562.469132948 KernelStack:        3200 kB
1777810562.469132948 PageTables:         4388 kB
1777810562.469132948 SecPageTables:         0 kB
1777810562.469132948 NFS_Unstable:          0 kB
1777810562.469132948 Bounce:                0 kB
1777810562.469132948 WritebackTmp:          0 kB
1777810562.469132948 CommitLimit:     3537964 kB
1777810562.469132948 Committed_AS:     514328 kB
1777810562.469132948 VmallocTotal:   135288315904 kB
1777810562.469132948 VmallocUsed:       19224 kB
1777810562.469132948 VmallocChunk:          0 kB
1777810562.469132948 Percpu:             1456 kB
1777810562.469132948 AnonHugePages:         0 kB
1777810562.469132948 ShmemHugePages:        0 kB
1777810562.469132948 ShmemPmdMapped:        0 kB
1777810562.469132948 FileHugePages:         0 kB
1777810562.469132948 FilePmdMapped:         0 kB
1777810562.469132948 CmaTotal:          65536 kB
1777810562.469132948 CmaFree:           49104 kB
1777810562.469132948 Balloon:               0 kB
1777810562.469132948 HugePages_Total:     512
1777810562.469132948 HugePages_Free:      488
1777810562.469132948 HugePages_Rsvd:        0
1777810562.469132948 HugePages_Surp:        0
1777810562.469132948 Hugepagesize:       2048 kB
1777810562.469132948 Hugetlb:         1048576 kB
1777810563.480128251 MemTotal:        8124504 kB
1777810563.480128251 MemFree:         6388088 kB
1777810563.480128251 MemAvailable:    6652760 kB
1777810563.480128251 Buffers:           30044 kB
1777810563.480128251 Cached:           364636 kB
1777810563.480128251 SwapCached:            0 kB
1777810563.480128251 Active:           386132 kB
1777810563.480128251 Inactive:         105280 kB
1777810563.480128251 Active(anon):     101884 kB
1777810563.480128251 Inactive(anon):        0 kB
1777810563.480128251 Active(file):     284248 kB
1777810563.480128251 Inactive(file):   105280 kB
1777810563.480128251 Unevictable:           0 kB
1777810563.480128251 Mlocked:               0 kB
1777810563.480128251 SwapTotal:             0 kB
1777810563.480128251 SwapFree:              0 kB
1777810563.480128251 Zswap:                 0 kB
1777810563.480128251 Zswapped:              0 kB
1777810563.480128251 Dirty:                64 kB
1777810563.480128251 Writeback:             0 kB
1777810563.480128251 AnonPages:         96868 kB
1777810563.480128251 Mapped:           102880 kB
1777810563.480128251 Shmem:              5240 kB
1777810563.480128251 KReclaimable:      29808 kB
1777810563.480128251 Slab:             121356 kB
1777810563.480128251 SReclaimable:      29808 kB
1777810563.480128251 SUnreclaim:        91548 kB
1777810563.480128251 KernelStack:        3200 kB
1777810563.480128251 PageTables:         4488 kB
1777810563.480128251 SecPageTables:         0 kB
1777810563.480128251 NFS_Unstable:          0 kB
1777810563.480128251 Bounce:                0 kB
1777810563.480128251 WritebackTmp:          0 kB
1777810563.480128251 CommitLimit:     3537964 kB
1777810563.480128251 Committed_AS:     514220 kB
1777810563.480128251 VmallocTotal:   135288315904 kB
1777810563.480128251 VmallocUsed:       19224 kB
1777810563.480128251 VmallocChunk:          0 kB
1777810563.480128251 Percpu:             1456 kB
1777810563.480128251 AnonHugePages:         0 kB
1777810563.480128251 ShmemHugePages:        0 kB
1777810563.480128251 ShmemPmdMapped:        0 kB
1777810563.480128251 FileHugePages:         0 kB
1777810563.480128251 FilePmdMapped:         0 kB
1777810563.480128251 CmaTotal:          65536 kB
1777810563.480128251 CmaFree:           49104 kB
1777810563.480128251 Balloon:               0 kB
1777810563.480128251 HugePages_Total:     512
1777810563.480128251 HugePages_Free:      488
1777810563.480128251 HugePages_Rsvd:        0
1777810563.480128251 HugePages_Surp:        0
1777810563.480128251 Hugepagesize:       2048 kB
1777810563.480128251 Hugetlb:         1048576 kB
1777810564.491659203 MemTotal:        8124504 kB
1777810564.491659203 MemFree:         6383068 kB
1777810564.491659203 MemAvailable:    6647744 kB
1777810564.491659203 Buffers:           30048 kB
1777810564.491659203 Cached:           364640 kB
1777810564.491659203 SwapCached:            0 kB
1777810564.491659203 Active:           386564 kB
1777810564.491659203 Inactive:         105284 kB
1777810564.491659203 Active(anon):     102316 kB
1777810564.491659203 Inactive(anon):        0 kB
1777810564.491659203 Active(file):     284248 kB
1777810564.491659203 Inactive(file):   105284 kB
1777810564.491659203 Unevictable:           0 kB
1777810564.491659203 Mlocked:               0 kB
1777810564.491659203 SwapTotal:             0 kB
1777810564.491659203 SwapFree:              0 kB
1777810564.491659203 Zswap:                 0 kB
1777810564.491659203 Zswapped:              0 kB
1777810564.491659203 Dirty:                72 kB
1777810564.491659203 Writeback:             0 kB
1777810564.491659203 AnonPages:         97232 kB
1777810564.491659203 Mapped:           102908 kB
1777810564.491659203 Shmem:              5240 kB
1777810564.491659203 KReclaimable:      29808 kB
1777810564.491659203 Slab:             121292 kB
1777810564.491659203 SReclaimable:      29808 kB
1777810564.491659203 SUnreclaim:        91484 kB
1777810564.491659203 KernelStack:        3200 kB
1777810564.491659203 PageTables:         4196 kB
1777810564.491659203 SecPageTables:         0 kB
1777810564.491659203 NFS_Unstable:          0 kB
1777810564.491659203 Bounce:                0 kB
1777810564.491659203 WritebackTmp:          0 kB
1777810564.491659203 CommitLimit:     3537964 kB
1777810564.491659203 Committed_AS:     514328 kB
1777810564.491659203 VmallocTotal:   135288315904 kB
1777810564.491659203 VmallocUsed:       19192 kB
1777810564.491659203 VmallocChunk:          0 kB
1777810564.491659203 Percpu:             1456 kB
1777810564.491659203 AnonHugePages:         0 kB
1777810564.491659203 ShmemHugePages:        0 kB
1777810564.491659203 ShmemPmdMapped:        0 kB
1777810564.491659203 FileHugePages:         0 kB
1777810564.491659203 FilePmdMapped:         0 kB
1777810564.491659203 CmaTotal:          65536 kB
1777810564.491659203 CmaFree:           49104 kB
1777810564.491659203 Balloon:               0 kB
1777810564.491659203 HugePages_Total:     512
1777810564.491659203 HugePages_Free:      488
1777810564.491659203 HugePages_Rsvd:        0
1777810564.491659203 HugePages_Surp:        0
1777810564.491659203 Hugepagesize:       2048 kB
1777810564.491659203 Hugetlb:         1048576 kB
1777810565.503089043 MemTotal:        8124504 kB
1777810565.503089043 MemFree:         6378240 kB
1777810565.503089043 MemAvailable:    6642928 kB
1777810565.503089043 Buffers:           30052 kB
1777810565.503089043 Cached:           364648 kB
1777810565.503089043 SwapCached:            0 kB
1777810565.503089043 Active:           386632 kB
1777810565.503089043 Inactive:         105296 kB
1777810565.503089043 Active(anon):     102384 kB
1777810565.503089043 Inactive(anon):        0 kB
1777810565.503089043 Active(file):     284248 kB
1777810565.503089043 Inactive(file):   105296 kB
1777810565.503089043 Unevictable:           0 kB
1777810565.503089043 Mlocked:               0 kB
1777810565.503089043 SwapTotal:             0 kB
1777810565.503089043 SwapFree:              0 kB
1777810565.503089043 Zswap:                 0 kB
1777810565.503089043 Zswapped:              0 kB
1777810565.503089043 Dirty:                44 kB
1777810565.503089043 Writeback:             0 kB
1777810565.503089043 AnonPages:         97320 kB
1777810565.503089043 Mapped:           102908 kB
1777810565.503089043 Shmem:              5240 kB
1777810565.503089043 KReclaimable:      29808 kB
1777810565.503089043 Slab:             121492 kB
1777810565.503089043 SReclaimable:      29808 kB
1777810565.503089043 SUnreclaim:        91684 kB
1777810565.503089043 KernelStack:        3200 kB
1777810565.503089043 PageTables:         4184 kB
1777810565.503089043 SecPageTables:         0 kB
1777810565.503089043 NFS_Unstable:          0 kB
1777810565.503089043 Bounce:                0 kB
1777810565.503089043 WritebackTmp:          0 kB
1777810565.503089043 CommitLimit:     3537964 kB
1777810565.503089043 Committed_AS:     514328 kB
1777810565.503089043 VmallocTotal:   135288315904 kB
1777810565.503089043 VmallocUsed:       19192 kB
1777810565.503089043 VmallocChunk:          0 kB
1777810565.503089043 Percpu:             1456 kB
1777810565.503089043 AnonHugePages:         0 kB
1777810565.503089043 ShmemHugePages:        0 kB
1777810565.503089043 ShmemPmdMapped:        0 kB
1777810565.503089043 FileHugePages:         0 kB
1777810565.503089043 FilePmdMapped:         0 kB
1777810565.503089043 CmaTotal:          65536 kB
1777810565.503089043 CmaFree:           49104 kB
1777810565.503089043 Balloon:               0 kB
1777810565.503089043 HugePages_Total:     512
1777810565.503089043 HugePages_Free:      488
1777810565.503089043 HugePages_Rsvd:        0
1777810565.503089043 HugePages_Surp:        0
1777810565.503089043 Hugepagesize:       2048 kB
1777810565.503089043 Hugetlb:         1048576 kB
1777810566.512712124 MemTotal:        8124504 kB
1777810566.512712124 MemFree:         6382020 kB
1777810566.512712124 MemAvailable:    6646716 kB
1777810566.512712124 Buffers:           30052 kB
1777810566.512712124 Cached:           364656 kB
1777810566.512712124 SwapCached:            0 kB
1777810566.512712124 Active:           386564 kB
1777810566.512712124 Inactive:         105304 kB
1777810566.512712124 Active(anon):     102316 kB
1777810566.512712124 Inactive(anon):        0 kB
1777810566.512712124 Active(file):     284248 kB
1777810566.512712124 Inactive(file):   105304 kB
1777810566.512712124 Unevictable:           0 kB
1777810566.512712124 Mlocked:               0 kB
1777810566.512712124 SwapTotal:             0 kB
1777810566.512712124 SwapFree:              0 kB
1777810566.512712124 Zswap:                 0 kB
1777810566.512712124 Zswapped:              0 kB
1777810566.512712124 Dirty:                52 kB
1777810566.512712124 Writeback:             0 kB
1777810566.512712124 AnonPages:         97320 kB
1777810566.512712124 Mapped:           102948 kB
1777810566.512712124 Shmem:              5240 kB
1777810566.512712124 KReclaimable:      29808 kB
1777810566.512712124 Slab:             121296 kB
1777810566.512712124 SReclaimable:      29808 kB
1777810566.512712124 SUnreclaim:        91488 kB
1777810566.512712124 KernelStack:        3200 kB
1777810566.512712124 PageTables:         4192 kB
1777810566.512712124 SecPageTables:         0 kB
1777810566.512712124 NFS_Unstable:          0 kB
1777810566.512712124 Bounce:                0 kB
1777810566.512712124 WritebackTmp:          0 kB
1777810566.512712124 CommitLimit:     3537964 kB
1777810566.512712124 Committed_AS:     514328 kB
1777810566.512712124 VmallocTotal:   135288315904 kB
1777810566.512712124 VmallocUsed:       19192 kB
1777810566.512712124 VmallocChunk:          0 kB
1777810566.512712124 Percpu:             1456 kB
1777810566.512712124 AnonHugePages:         0 kB
1777810566.512712124 ShmemHugePages:        0 kB
1777810566.512712124 ShmemPmdMapped:        0 kB
1777810566.512712124 FileHugePages:         0 kB
1777810566.512712124 FilePmdMapped:         0 kB
1777810566.512712124 CmaTotal:          65536 kB
1777810566.512712124 CmaFree:           49104 kB
1777810566.512712124 Balloon:               0 kB
1777810566.512712124 HugePages_Total:     512
1777810566.512712124 HugePages_Free:      488
1777810566.512712124 HugePages_Rsvd:        0
1777810566.512712124 HugePages_Surp:        0
1777810566.512712124 Hugepagesize:       2048 kB
1777810566.512712124 Hugetlb:         1048576 kB
1777810567.522271631 MemTotal:        8124504 kB
1777810567.522271631 MemFree:         6382376 kB
1777810567.522271631 MemAvailable:    6647080 kB
1777810567.522271631 Buffers:           30052 kB
1777810567.522271631 Cached:           364660 kB
1777810567.522271631 SwapCached:            0 kB
1777810567.522271631 Active:           386688 kB
1777810567.522271631 Inactive:         105312 kB
1777810567.522271631 Active(anon):     102440 kB
1777810567.522271631 Inactive(anon):        0 kB
1777810567.522271631 Active(file):     284248 kB
1777810567.522271631 Inactive(file):   105312 kB
1777810567.522271631 Unevictable:           0 kB
1777810567.522271631 Mlocked:               0 kB
1777810567.522271631 SwapTotal:             0 kB
1777810567.522271631 SwapFree:              0 kB
1777810567.522271631 Zswap:                 0 kB
1777810567.522271631 Zswapped:              0 kB
1777810567.522271631 Dirty:                56 kB
1777810567.522271631 Writeback:             0 kB
1777810567.522271631 AnonPages:         97316 kB
1777810567.522271631 Mapped:           102948 kB
1777810567.522271631 Shmem:              5240 kB
1777810567.522271631 KReclaimable:      29808 kB
1777810567.522271631 Slab:             121420 kB
1777810567.522271631 SReclaimable:      29808 kB
1777810567.522271631 SUnreclaim:        91612 kB
1777810567.522271631 KernelStack:        3200 kB
1777810567.522271631 PageTables:         4196 kB
1777810567.522271631 SecPageTables:         0 kB
1777810567.522271631 NFS_Unstable:          0 kB
1777810567.522271631 Bounce:                0 kB
1777810567.522271631 WritebackTmp:          0 kB
1777810567.522271631 CommitLimit:     3537964 kB
1777810567.522271631 Committed_AS:     514328 kB
1777810567.522271631 VmallocTotal:   135288315904 kB
1777810567.522271631 VmallocUsed:       19176 kB
1777810567.522271631 VmallocChunk:          0 kB
1777810567.522271631 Percpu:             1456 kB
1777810567.522271631 AnonHugePages:         0 kB
1777810567.522271631 ShmemHugePages:        0 kB
1777810567.522271631 ShmemPmdMapped:        0 kB
1777810567.522271631 FileHugePages:         0 kB
1777810567.522271631 FilePmdMapped:         0 kB
1777810567.522271631 CmaTotal:          65536 kB
1777810567.522271631 CmaFree:           49104 kB
1777810567.522271631 Balloon:               0 kB
1777810567.522271631 HugePages_Total:     512
1777810567.522271631 HugePages_Free:      488
1777810567.522271631 HugePages_Rsvd:        0
1777810567.522271631 HugePages_Surp:        0
1777810567.522271631 Hugepagesize:       2048 kB
1777810567.522271631 Hugetlb:         1048576 kB
1777810568.531931563 MemTotal:        8124504 kB
1777810568.531931563 MemFree:         6386848 kB
1777810568.531931563 MemAvailable:    6651552 kB
1777810568.531931563 Buffers:           30052 kB
1777810568.531931563 Cached:           364660 kB
1777810568.531931563 SwapCached:            0 kB
1777810568.531931563 Active:           386744 kB
1777810568.531931563 Inactive:         105312 kB
1777810568.531931563 Active(anon):     102496 kB
1777810568.531931563 Inactive(anon):        0 kB
1777810568.531931563 Active(file):     284248 kB
1777810568.531931563 Inactive(file):   105312 kB
1777810568.531931563 Unevictable:           0 kB
1777810568.531931563 Mlocked:               0 kB
1777810568.531931563 SwapTotal:             0 kB
1777810568.531931563 SwapFree:              0 kB
1777810568.531931563 Zswap:                 0 kB
1777810568.531931563 Zswapped:              0 kB
1777810568.531931563 Dirty:                56 kB
1777810568.531931563 Writeback:             0 kB
1777810568.531931563 AnonPages:         97312 kB
1777810568.531931563 Mapped:           102948 kB
1777810568.531931563 Shmem:              5240 kB
1777810568.531931563 KReclaimable:      29808 kB
1777810568.531931563 Slab:             121436 kB
1777810568.531931563 SReclaimable:      29808 kB
1777810568.531931563 SUnreclaim:        91628 kB
1777810568.531931563 KernelStack:        3200 kB
1777810568.531931563 PageTables:         4192 kB
1777810568.531931563 SecPageTables:         0 kB
1777810568.531931563 NFS_Unstable:          0 kB
1777810568.531931563 Bounce:                0 kB
1777810568.531931563 WritebackTmp:          0 kB
1777810568.531931563 CommitLimit:     3537964 kB
1777810568.531931563 Committed_AS:     514328 kB
1777810568.531931563 VmallocTotal:   135288315904 kB
1777810568.531931563 VmallocUsed:       19160 kB
1777810568.531931563 VmallocChunk:          0 kB
1777810568.531931563 Percpu:             1456 kB
1777810568.531931563 AnonHugePages:         0 kB
1777810568.531931563 ShmemHugePages:        0 kB
1777810568.531931563 ShmemPmdMapped:        0 kB
1777810568.531931563 FileHugePages:         0 kB
1777810568.531931563 FilePmdMapped:         0 kB
1777810568.531931563 CmaTotal:          65536 kB
1777810568.531931563 CmaFree:           49104 kB
1777810568.531931563 Balloon:               0 kB
1777810568.531931563 HugePages_Total:     512
1777810568.531931563 HugePages_Free:      488
1777810568.531931563 HugePages_Rsvd:        0
1777810568.531931563 HugePages_Surp:        0
1777810568.531931563 Hugepagesize:       2048 kB
1777810568.531931563 Hugetlb:         1048576 kB
1777810569.541432366 MemTotal:        8124504 kB
1777810569.541432366 MemFree:         6380260 kB
1777810569.541432366 MemAvailable:    6644968 kB
1777810569.541432366 Buffers:           30056 kB
1777810569.541432366 Cached:           364664 kB
1777810569.541432366 SwapCached:            0 kB
1777810569.541432366 Active:           386644 kB
1777810569.541432366 Inactive:         105316 kB
1777810569.541432366 Active(anon):     102396 kB
1777810569.541432366 Inactive(anon):        0 kB
1777810569.541432366 Active(file):     284248 kB
1777810569.541432366 Inactive(file):   105316 kB
1777810569.541432366 Unevictable:           0 kB
1777810569.541432366 Mlocked:               0 kB
1777810569.541432366 SwapTotal:             0 kB
1777810569.541432366 SwapFree:              0 kB
1777810569.541432366 Zswap:                 0 kB
1777810569.541432366 Zswapped:              0 kB
1777810569.541432366 Dirty:                64 kB
1777810569.541432366 Writeback:             0 kB
1777810569.541432366 AnonPages:         97316 kB
1777810569.541432366 Mapped:           102948 kB
1777810569.541432366 Shmem:              5240 kB
1777810569.541432366 KReclaimable:      29808 kB
1777810569.541432366 Slab:             121400 kB
1777810569.541432366 SReclaimable:      29808 kB
1777810569.541432366 SUnreclaim:        91592 kB
1777810569.541432366 KernelStack:        3200 kB
1777810569.541432366 PageTables:         4204 kB
1777810569.541432366 SecPageTables:         0 kB
1777810569.541432366 NFS_Unstable:          0 kB
1777810569.541432366 Bounce:                0 kB
1777810569.541432366 WritebackTmp:          0 kB
1777810569.541432366 CommitLimit:     3537964 kB
1777810569.541432366 Committed_AS:     514328 kB
1777810569.541432366 VmallocTotal:   135288315904 kB
1777810569.541432366 VmallocUsed:       19208 kB
1777810569.541432366 VmallocChunk:          0 kB
1777810569.541432366 Percpu:             1456 kB
1777810569.541432366 AnonHugePages:         0 kB
1777810569.541432366 ShmemHugePages:        0 kB
1777810569.541432366 ShmemPmdMapped:        0 kB
1777810569.541432366 FileHugePages:         0 kB
1777810569.541432366 FilePmdMapped:         0 kB
1777810569.541432366 CmaTotal:          65536 kB
1777810569.541432366 CmaFree:           49104 kB
1777810569.541432366 Balloon:               0 kB
1777810569.541432366 HugePages_Total:     512
1777810569.541432366 HugePages_Free:      488
1777810569.541432366 HugePages_Rsvd:        0
1777810569.541432366 HugePages_Surp:        0
1777810569.541432366 Hugepagesize:       2048 kB
1777810569.541432366 Hugetlb:         1048576 kB
1777810570.552595947 MemTotal:        8124504 kB
1777810570.552595947 MemFree:         6387264 kB
1777810570.552595947 MemAvailable:    6651988 kB
1777810570.552595947 Buffers:           30060 kB
1777810570.552595947 Cached:           364668 kB
1777810570.552595947 SwapCached:            0 kB
1777810570.552595947 Active:           386664 kB
1777810570.552595947 Inactive:         105328 kB
1777810570.552595947 Active(anon):     102412 kB
1777810570.552595947 Inactive(anon):        0 kB
1777810570.552595947 Active(file):     284252 kB
1777810570.552595947 Inactive(file):   105328 kB
1777810570.552595947 Unevictable:           0 kB
1777810570.552595947 Mlocked:               0 kB
1777810570.552595947 SwapTotal:             0 kB
1777810570.552595947 SwapFree:              0 kB
1777810570.552595947 Zswap:                 0 kB
1777810570.552595947 Zswapped:              0 kB
1777810570.552595947 Dirty:                64 kB
1777810570.552595947 Writeback:             0 kB
1777810570.552595947 AnonPages:         97316 kB
1777810570.552595947 Mapped:           102948 kB
1777810570.552595947 Shmem:              5240 kB
1777810570.552595947 KReclaimable:      29808 kB
1777810570.552595947 Slab:             121388 kB
1777810570.552595947 SReclaimable:      29808 kB
1777810570.552595947 SUnreclaim:        91580 kB
1777810570.552595947 KernelStack:        3200 kB
1777810570.552595947 PageTables:         4204 kB
1777810570.552595947 SecPageTables:         0 kB
1777810570.552595947 NFS_Unstable:          0 kB
1777810570.552595947 Bounce:                0 kB
1777810570.552595947 WritebackTmp:          0 kB
1777810570.552595947 CommitLimit:     3537964 kB
1777810570.552595947 Committed_AS:     514328 kB
1777810570.552595947 VmallocTotal:   135288315904 kB
1777810570.552595947 VmallocUsed:       19192 kB
1777810570.552595947 VmallocChunk:          0 kB
1777810570.552595947 Percpu:             1456 kB
1777810570.552595947 AnonHugePages:         0 kB
1777810570.552595947 ShmemHugePages:        0 kB
1777810570.552595947 ShmemPmdMapped:        0 kB
1777810570.552595947 FileHugePages:         0 kB
1777810570.552595947 FilePmdMapped:         0 kB
1777810570.552595947 CmaTotal:          65536 kB
1777810570.552595947 CmaFree:           49104 kB
1777810570.552595947 Balloon:               0 kB
1777810570.552595947 HugePages_Total:     512
1777810570.552595947 HugePages_Free:      488
1777810570.552595947 HugePages_Rsvd:        0
1777810570.552595947 HugePages_Surp:        0
1777810570.552595947 Hugepagesize:       2048 kB
1777810570.552595947 Hugetlb:         1048576 kB
1777810571.562240250 MemTotal:        8124504 kB
1777810571.562240250 MemFree:         6382316 kB
1777810571.562240250 MemAvailable:    6647044 kB
1777810571.562240250 Buffers:           30060 kB
1777810571.562240250 Cached:           364676 kB
1777810571.562240250 SwapCached:            0 kB
1777810571.562240250 Active:           386564 kB
1777810571.562240250 Inactive:         105336 kB
1777810571.562240250 Active(anon):     102316 kB
1777810571.562240250 Inactive(anon):        0 kB
1777810571.562240250 Active(file):     284248 kB
1777810571.562240250 Inactive(file):   105336 kB
1777810571.562240250 Unevictable:           0 kB
1777810571.562240250 Mlocked:               0 kB
1777810571.562240250 SwapTotal:             0 kB
1777810571.562240250 SwapFree:              0 kB
1777810571.562240250 Zswap:                 0 kB
1777810571.562240250 Zswapped:              0 kB
1777810571.562240250 Dirty:                72 kB
1777810571.562240250 Writeback:             0 kB
1777810571.562240250 AnonPages:         97224 kB
1777810571.562240250 Mapped:           102908 kB
1777810571.562240250 Shmem:              5240 kB
1777810571.562240250 KReclaimable:      29808 kB
1777810571.562240250 Slab:             121344 kB
1777810571.562240250 SReclaimable:      29808 kB
1777810571.562240250 SUnreclaim:        91536 kB
1777810571.562240250 KernelStack:        3184 kB
1777810571.562240250 PageTables:         4140 kB
1777810571.562240250 SecPageTables:         0 kB
1777810571.562240250 NFS_Unstable:          0 kB
1777810571.562240250 Bounce:                0 kB
1777810571.562240250 WritebackTmp:          0 kB
1777810571.562240250 CommitLimit:     3537964 kB
1777810571.562240250 Committed_AS:     514328 kB
1777810571.562240250 VmallocTotal:   135288315904 kB
1777810571.562240250 VmallocUsed:       19176 kB
1777810571.562240250 VmallocChunk:          0 kB
1777810571.562240250 Percpu:             1456 kB
1777810571.562240250 AnonHugePages:         0 kB
1777810571.562240250 ShmemHugePages:        0 kB
1777810571.562240250 ShmemPmdMapped:        0 kB
1777810571.562240250 FileHugePages:         0 kB
1777810571.562240250 FilePmdMapped:         0 kB
1777810571.562240250 CmaTotal:          65536 kB
1777810571.562240250 CmaFree:           49104 kB
1777810571.562240250 Balloon:               0 kB
1777810571.562240250 HugePages_Total:     512
1777810571.562240250 HugePages_Free:      488
1777810571.562240250 HugePages_Rsvd:        0
1777810571.562240250 HugePages_Surp:        0
1777810571.562240250 Hugepagesize:       2048 kB
1777810571.562240250 Hugetlb:         1048576 kB
1777810572.571698739 MemTotal:        8124504 kB
1777810572.571698739 MemFree:         6382204 kB
1777810572.571698739 MemAvailable:    6646936 kB
1777810572.571698739 Buffers:           30060 kB
1777810572.571698739 Cached:           364684 kB
1777810572.571698739 SwapCached:            0 kB
1777810572.571698739 Active:           386548 kB
1777810572.571698739 Inactive:         105340 kB
1777810572.571698739 Active(anon):     102300 kB
1777810572.571698739 Inactive(anon):        0 kB
1777810572.571698739 Active(file):     284248 kB
1777810572.571698739 Inactive(file):   105340 kB
1777810572.571698739 Unevictable:           0 kB
1777810572.571698739 Mlocked:               0 kB
1777810572.571698739 SwapTotal:             0 kB
1777810572.571698739 SwapFree:              0 kB
1777810572.571698739 Zswap:                 0 kB
1777810572.571698739 Zswapped:              0 kB
1777810572.571698739 Dirty:                80 kB
1777810572.571698739 Writeback:             0 kB
1777810572.571698739 AnonPages:         97316 kB
1777810572.571698739 Mapped:           102908 kB
1777810572.571698739 Shmem:              5240 kB
1777810572.571698739 KReclaimable:      29808 kB
1777810572.571698739 Slab:             121344 kB
1777810572.571698739 SReclaimable:      29808 kB
1777810572.571698739 SUnreclaim:        91536 kB
1777810572.571698739 KernelStack:        3200 kB
1777810572.571698739 PageTables:         4208 kB
1777810572.571698739 SecPageTables:         0 kB
1777810572.571698739 NFS_Unstable:          0 kB
1777810572.571698739 Bounce:                0 kB
1777810572.571698739 WritebackTmp:          0 kB
1777810572.571698739 CommitLimit:     3537964 kB
1777810572.571698739 Committed_AS:     514328 kB
1777810572.571698739 VmallocTotal:   135288315904 kB
1777810572.571698739 VmallocUsed:       19192 kB
1777810572.571698739 VmallocChunk:          0 kB
1777810572.571698739 Percpu:             1456 kB
1777810572.571698739 AnonHugePages:         0 kB
1777810572.571698739 ShmemHugePages:        0 kB
1777810572.571698739 ShmemPmdMapped:        0 kB
1777810572.571698739 FileHugePages:         0 kB
1777810572.571698739 FilePmdMapped:         0 kB
1777810572.571698739 CmaTotal:          65536 kB
1777810572.571698739 CmaFree:           49104 kB
1777810572.571698739 Balloon:               0 kB
1777810572.571698739 HugePages_Total:     512
1777810572.571698739 HugePages_Free:      488
1777810572.571698739 HugePages_Rsvd:        0
1777810572.571698739 HugePages_Surp:        0
1777810572.571698739 Hugepagesize:       2048 kB
1777810572.571698739 Hugetlb:         1048576 kB
1777810573.581122653 MemTotal:        8124504 kB
1777810573.581122653 MemFree:         6377628 kB
1777810573.581122653 MemAvailable:    6642364 kB
1777810573.581122653 Buffers:           30060 kB
1777810573.581122653 Cached:           364688 kB
1777810573.581122653 SwapCached:            0 kB
1777810573.581122653 Active:           386744 kB
1777810573.581122653 Inactive:         105344 kB
1777810573.581122653 Active(anon):     102496 kB
1777810573.581122653 Inactive(anon):        0 kB
1777810573.581122653 Active(file):     284248 kB
1777810573.581122653 Inactive(file):   105344 kB
1777810573.581122653 Unevictable:           0 kB
1777810573.581122653 Mlocked:               0 kB
1777810573.581122653 SwapTotal:             0 kB
1777810573.581122653 SwapFree:              0 kB
1777810573.581122653 Zswap:                 0 kB
1777810573.581122653 Zswapped:              0 kB
1777810573.581122653 Dirty:                84 kB
1777810573.581122653 Writeback:             0 kB
1777810573.581122653 AnonPages:         97316 kB
1777810573.581122653 Mapped:           102948 kB
1777810573.581122653 Shmem:              5240 kB
1777810573.581122653 KReclaimable:      29808 kB
1777810573.581122653 Slab:             121272 kB
1777810573.581122653 SReclaimable:      29808 kB
1777810573.581122653 SUnreclaim:        91464 kB
1777810573.581122653 KernelStack:        3200 kB
1777810573.581122653 PageTables:         4192 kB
1777810573.581122653 SecPageTables:         0 kB
1777810573.581122653 NFS_Unstable:          0 kB
1777810573.581122653 Bounce:                0 kB
1777810573.581122653 WritebackTmp:          0 kB
1777810573.581122653 CommitLimit:     3537964 kB
1777810573.581122653 Committed_AS:     514328 kB
1777810573.581122653 VmallocTotal:   135288315904 kB
1777810573.581122653 VmallocUsed:       19192 kB
1777810573.581122653 VmallocChunk:          0 kB
1777810573.581122653 Percpu:             1456 kB
1777810573.581122653 AnonHugePages:         0 kB
1777810573.581122653 ShmemHugePages:        0 kB
1777810573.581122653 ShmemPmdMapped:        0 kB
1777810573.581122653 FileHugePages:         0 kB
1777810573.581122653 FilePmdMapped:         0 kB
1777810573.581122653 CmaTotal:          65536 kB
1777810573.581122653 CmaFree:           49104 kB
1777810573.581122653 Balloon:               0 kB
1777810573.581122653 HugePages_Total:     512
1777810573.581122653 HugePages_Free:      488
1777810573.581122653 HugePages_Rsvd:        0
1777810573.581122653 HugePages_Surp:        0
1777810573.581122653 Hugepagesize:       2048 kB
1777810573.581122653 Hugetlb:         1048576 kB
1777810574.590562993 MemTotal:        8124504 kB
1777810574.590562993 MemFree:         6388440 kB
1777810574.590562993 MemAvailable:    6653188 kB
1777810574.590562993 Buffers:           30064 kB
1777810574.590562993 Cached:           364688 kB
1777810574.590562993 SwapCached:            0 kB
1777810574.590562993 Active:           386600 kB
1777810574.590562993 Inactive:         105352 kB
1777810574.590562993 Active(anon):     102348 kB
1777810574.590562993 Inactive(anon):        0 kB
1777810574.590562993 Active(file):     284252 kB
1777810574.590562993 Inactive(file):   105352 kB
1777810574.590562993 Unevictable:           0 kB
1777810574.590562993 Mlocked:               0 kB
1777810574.590562993 SwapTotal:             0 kB
1777810574.590562993 SwapFree:              0 kB
1777810574.590562993 Zswap:                 0 kB
1777810574.590562993 Zswapped:              0 kB
1777810574.590562993 Dirty:                88 kB
1777810574.590562993 Writeback:             0 kB
1777810574.590562993 AnonPages:         97316 kB
1777810574.590562993 Mapped:           102948 kB
1777810574.590562993 Shmem:              5240 kB
1777810574.590562993 KReclaimable:      29808 kB
1777810574.590562993 Slab:             121376 kB
1777810574.590562993 SReclaimable:      29808 kB
1777810574.590562993 SUnreclaim:        91568 kB
1777810574.590562993 KernelStack:        3200 kB
1777810574.590562993 PageTables:         4196 kB
1777810574.590562993 SecPageTables:         0 kB
1777810574.590562993 NFS_Unstable:          0 kB
1777810574.590562993 Bounce:                0 kB
1777810574.590562993 WritebackTmp:          0 kB
1777810574.590562993 CommitLimit:     3537964 kB
1777810574.590562993 Committed_AS:     514328 kB
1777810574.590562993 VmallocTotal:   135288315904 kB
1777810574.590562993 VmallocUsed:       19192 kB
1777810574.590562993 VmallocChunk:          0 kB
1777810574.590562993 Percpu:             1456 kB
1777810574.590562993 AnonHugePages:         0 kB
1777810574.590562993 ShmemHugePages:        0 kB
1777810574.590562993 ShmemPmdMapped:        0 kB
1777810574.590562993 FileHugePages:         0 kB
1777810574.590562993 FilePmdMapped:         0 kB
1777810574.590562993 CmaTotal:          65536 kB
1777810574.590562993 CmaFree:           49104 kB
1777810574.590562993 Balloon:               0 kB
1777810574.590562993 HugePages_Total:     512
1777810574.590562993 HugePages_Free:      488
1777810574.590562993 HugePages_Rsvd:        0
1777810574.590562993 HugePages_Surp:        0
1777810574.590562993 Hugepagesize:       2048 kB
1777810574.590562993 Hugetlb:         1048576 kB
1777810575.601413870 MemTotal:        8124504 kB
1777810575.601413870 MemFree:         6382828 kB
1777810575.601413870 MemAvailable:    6647588 kB
1777810575.601413870 Buffers:           30068 kB
1777810575.601413870 Cached:           364696 kB
1777810575.601413870 SwapCached:            0 kB
1777810575.601413870 Active:           386584 kB
1777810575.601413870 Inactive:         105364 kB
1777810575.601413870 Active(anon):     102332 kB
1777810575.601413870 Inactive(anon):        0 kB
1777810575.601413870 Active(file):     284252 kB
1777810575.601413870 Inactive(file):   105364 kB
1777810575.601413870 Unevictable:           0 kB
1777810575.601413870 Mlocked:               0 kB
1777810575.601413870 SwapTotal:             0 kB
1777810575.601413870 SwapFree:              0 kB
1777810575.601413870 Zswap:                 0 kB
1777810575.601413870 Zswapped:              0 kB
1777810575.601413870 Dirty:                92 kB
1777810575.601413870 Writeback:             0 kB
1777810575.601413870 AnonPages:         97320 kB
1777810575.601413870 Mapped:           102948 kB
1777810575.601413870 Shmem:              5240 kB
1777810575.601413870 KReclaimable:      29808 kB
1777810575.601413870 Slab:             121380 kB
1777810575.601413870 SReclaimable:      29808 kB
1777810575.601413870 SUnreclaim:        91572 kB
1777810575.601413870 KernelStack:        3200 kB
1777810575.601413870 PageTables:         4196 kB
1777810575.601413870 SecPageTables:         0 kB
1777810575.601413870 NFS_Unstable:          0 kB
1777810575.601413870 Bounce:                0 kB
1777810575.601413870 WritebackTmp:          0 kB
1777810575.601413870 CommitLimit:     3537964 kB
1777810575.601413870 Committed_AS:     514328 kB
1777810575.601413870 VmallocTotal:   135288315904 kB
1777810575.601413870 VmallocUsed:       19192 kB
1777810575.601413870 VmallocChunk:          0 kB
1777810575.601413870 Percpu:             1456 kB
1777810575.601413870 AnonHugePages:         0 kB
1777810575.601413870 ShmemHugePages:        0 kB
1777810575.601413870 ShmemPmdMapped:        0 kB
1777810575.601413870 FileHugePages:         0 kB
1777810575.601413870 FilePmdMapped:         0 kB
1777810575.601413870 CmaTotal:          65536 kB
1777810575.601413870 CmaFree:           49104 kB
1777810575.601413870 Balloon:               0 kB
1777810575.601413870 HugePages_Total:     512
1777810575.601413870 HugePages_Free:      488
1777810575.601413870 HugePages_Rsvd:        0
1777810575.601413870 HugePages_Surp:        0
1777810575.601413870 Hugepagesize:       2048 kB
1777810575.601413870 Hugetlb:         1048576 kB
1777810576.610772951 MemTotal:        8124504 kB
1777810576.610772951 MemFree:         6387688 kB
1777810576.610772951 MemAvailable:    6652448 kB
1777810576.610772951 Buffers:           30068 kB
1777810576.610772951 Cached:           364696 kB
1777810576.610772951 SwapCached:            0 kB
1777810576.610772951 Active:           386584 kB
1777810576.610772951 Inactive:         105364 kB
1777810576.610772951 Active(anon):     102332 kB
1777810576.610772951 Inactive(anon):        0 kB
1777810576.610772951 Active(file):     284252 kB
1777810576.610772951 Inactive(file):   105364 kB
1777810576.610772951 Unevictable:           0 kB
1777810576.610772951 Mlocked:               0 kB
1777810576.610772951 SwapTotal:             0 kB
1777810576.610772951 SwapFree:              0 kB
1777810576.610772951 Zswap:                 0 kB
1777810576.610772951 Zswapped:              0 kB
1777810576.610772951 Dirty:                92 kB
1777810576.610772951 Writeback:             0 kB
1777810576.610772951 AnonPages:         97312 kB
1777810576.610772951 Mapped:           102948 kB
1777810576.610772951 Shmem:              5240 kB
1777810576.610772951 KReclaimable:      29808 kB
1777810576.610772951 Slab:             121372 kB
1777810576.610772951 SReclaimable:      29808 kB
1777810576.610772951 SUnreclaim:        91564 kB
1777810576.610772951 KernelStack:        3200 kB
1777810576.610772951 PageTables:         4212 kB
1777810576.610772951 SecPageTables:         0 kB
1777810576.610772951 NFS_Unstable:          0 kB
1777810576.610772951 Bounce:                0 kB
1777810576.610772951 WritebackTmp:          0 kB
1777810576.610772951 CommitLimit:     3537964 kB
1777810576.610772951 Committed_AS:     514328 kB
1777810576.610772951 VmallocTotal:   135288315904 kB
1777810576.610772951 VmallocUsed:       19176 kB
1777810576.610772951 VmallocChunk:          0 kB
1777810576.610772951 Percpu:             1456 kB
1777810576.610772951 AnonHugePages:         0 kB
1777810576.610772951 ShmemHugePages:        0 kB
1777810576.610772951 ShmemPmdMapped:        0 kB
1777810576.610772951 FileHugePages:         0 kB
1777810576.610772951 FilePmdMapped:         0 kB
1777810576.610772951 CmaTotal:          65536 kB
1777810576.610772951 CmaFree:           49104 kB
1777810576.610772951 Balloon:               0 kB
1777810576.610772951 HugePages_Total:     512
1777810576.610772951 HugePages_Free:      488
1777810576.610772951 HugePages_Rsvd:        0
1777810576.610772951 HugePages_Surp:        0
1777810576.610772951 Hugepagesize:       2048 kB
1777810576.610772951 Hugetlb:         1048576 kB
1777810577.620144458 MemTotal:        8124504 kB
1777810577.620144458 MemFree:         6384124 kB
1777810577.620144458 MemAvailable:    6648888 kB
1777810577.620144458 Buffers:           30068 kB
1777810577.620144458 Cached:           364704 kB
1777810577.620144458 SwapCached:            0 kB
1777810577.620144458 Active:           386672 kB
1777810577.620144458 Inactive:         105368 kB
1777810577.620144458 Active(anon):     102420 kB
1777810577.620144458 Inactive(anon):        0 kB
1777810577.620144458 Active(file):     284252 kB
1777810577.620144458 Inactive(file):   105368 kB
1777810577.620144458 Unevictable:           0 kB
1777810577.620144458 Mlocked:               0 kB
1777810577.620144458 SwapTotal:             0 kB
1777810577.620144458 SwapFree:              0 kB
1777810577.620144458 Zswap:                 0 kB
1777810577.620144458 Zswapped:              0 kB
1777810577.620144458 Dirty:               100 kB
1777810577.620144458 Writeback:             0 kB
1777810577.620144458 AnonPages:         97316 kB
1777810577.620144458 Mapped:           102908 kB
1777810577.620144458 Shmem:              5240 kB
1777810577.620144458 KReclaimable:      29808 kB
1777810577.620144458 Slab:             121412 kB
1777810577.620144458 SReclaimable:      29808 kB
1777810577.620144458 SUnreclaim:        91604 kB
1777810577.620144458 KernelStack:        3200 kB
1777810577.620144458 PageTables:         4200 kB
1777810577.620144458 SecPageTables:         0 kB
1777810577.620144458 NFS_Unstable:          0 kB
1777810577.620144458 Bounce:                0 kB
1777810577.620144458 WritebackTmp:          0 kB
1777810577.620144458 CommitLimit:     3537964 kB
1777810577.620144458 Committed_AS:     514328 kB
1777810577.620144458 VmallocTotal:   135288315904 kB
1777810577.620144458 VmallocUsed:       19192 kB
1777810577.620144458 VmallocChunk:          0 kB
1777810577.620144458 Percpu:             1456 kB
1777810577.620144458 AnonHugePages:         0 kB
1777810577.620144458 ShmemHugePages:        0 kB
1777810577.620144458 ShmemPmdMapped:        0 kB
1777810577.620144458 FileHugePages:         0 kB
1777810577.620144458 FilePmdMapped:         0 kB
1777810577.620144458 CmaTotal:          65536 kB
1777810577.620144458 CmaFree:           49104 kB
1777810577.620144458 Balloon:               0 kB
1777810577.620144458 HugePages_Total:     512
1777810577.620144458 HugePages_Free:      488
1777810577.620144458 HugePages_Rsvd:        0
1777810577.620144458 HugePages_Surp:        0
1777810577.620144458 Hugepagesize:       2048 kB
1777810577.620144458 Hugetlb:         1048576 kB
1777810578.629584909 MemTotal:        8124504 kB
1777810578.629584909 MemFree:         6381692 kB
1777810578.629584909 MemAvailable:    6646460 kB
1777810578.629584909 Buffers:           30068 kB
1777810578.629584909 Cached:           364708 kB
1777810578.629584909 SwapCached:            0 kB
1777810578.629584909 Active:           386576 kB
1777810578.629584909 Inactive:         105376 kB
1777810578.629584909 Active(anon):     102328 kB
1777810578.629584909 Inactive(anon):        0 kB
1777810578.629584909 Active(file):     284248 kB
1777810578.629584909 Inactive(file):   105376 kB
1777810578.629584909 Unevictable:           0 kB
1777810578.629584909 Mlocked:               0 kB
1777810578.629584909 SwapTotal:             0 kB
1777810578.629584909 SwapFree:              0 kB
1777810578.629584909 Zswap:                 0 kB
1777810578.629584909 Zswapped:              0 kB
1777810578.629584909 Dirty:               104 kB
1777810578.629584909 Writeback:             0 kB
1777810578.629584909 AnonPages:         97324 kB
1777810578.629584909 Mapped:           102948 kB
1777810578.629584909 Shmem:              5240 kB
1777810578.629584909 KReclaimable:      29808 kB
1777810578.629584909 Slab:             121376 kB
1777810578.629584909 SReclaimable:      29808 kB
1777810578.629584909 SUnreclaim:        91568 kB
1777810578.629584909 KernelStack:        3200 kB
1777810578.629584909 PageTables:         4192 kB
1777810578.629584909 SecPageTables:         0 kB
1777810578.629584909 NFS_Unstable:          0 kB
1777810578.629584909 Bounce:                0 kB
1777810578.629584909 WritebackTmp:          0 kB
1777810578.629584909 CommitLimit:     3537964 kB
1777810578.629584909 Committed_AS:     514328 kB
1777810578.629584909 VmallocTotal:   135288315904 kB
1777810578.629584909 VmallocUsed:       19192 kB
1777810578.629584909 VmallocChunk:          0 kB
1777810578.629584909 Percpu:             1456 kB
1777810578.629584909 AnonHugePages:         0 kB
1777810578.629584909 ShmemHugePages:        0 kB
1777810578.629584909 ShmemPmdMapped:        0 kB
1777810578.629584909 FileHugePages:         0 kB
1777810578.629584909 FilePmdMapped:         0 kB
1777810578.629584909 CmaTotal:          65536 kB
1777810578.629584909 CmaFree:           49104 kB
1777810578.629584909 Balloon:               0 kB
1777810578.629584909 HugePages_Total:     512
1777810578.629584909 HugePages_Free:      488
1777810578.629584909 HugePages_Rsvd:        0
1777810578.629584909 HugePages_Surp:        0
1777810578.629584909 Hugepagesize:       2048 kB
1777810578.629584909 Hugetlb:         1048576 kB
1777810579.639017027 MemTotal:        8124504 kB
1777810579.639017027 MemFree:         6379548 kB
1777810579.639017027 MemAvailable:    6644324 kB
1777810579.639017027 Buffers:           30072 kB
1777810579.639017027 Cached:           364712 kB
1777810579.639017027 SwapCached:            0 kB
1777810579.639017027 Active:           386596 kB
1777810579.639017027 Inactive:         105380 kB
1777810579.639017027 Active(anon):     102344 kB
1777810579.639017027 Inactive(anon):        0 kB
1777810579.639017027 Active(file):     284252 kB
1777810579.639017027 Inactive(file):   105380 kB
1777810579.639017027 Unevictable:           0 kB
1777810579.639017027 Mlocked:               0 kB
1777810579.639017027 SwapTotal:             0 kB
1777810579.639017027 SwapFree:              0 kB
1777810579.639017027 Zswap:                 0 kB
1777810579.639017027 Zswapped:              0 kB
1777810579.639017027 Dirty:               112 kB
1777810579.639017027 Writeback:             0 kB
1777810579.639017027 AnonPages:         97316 kB
1777810579.639017027 Mapped:           102948 kB
1777810579.639017027 Shmem:              5240 kB
1777810579.639017027 KReclaimable:      29808 kB
1777810579.639017027 Slab:             121292 kB
1777810579.639017027 SReclaimable:      29808 kB
1777810579.639017027 SUnreclaim:        91484 kB
1777810579.639017027 KernelStack:        3200 kB
1777810579.639017027 PageTables:         4200 kB
1777810579.639017027 SecPageTables:         0 kB
1777810579.639017027 NFS_Unstable:          0 kB
1777810579.639017027 Bounce:                0 kB
1777810579.639017027 WritebackTmp:          0 kB
1777810579.639017027 CommitLimit:     3537964 kB
1777810579.639017027 Committed_AS:     514328 kB
1777810579.639017027 VmallocTotal:   135288315904 kB
1777810579.639017027 VmallocUsed:       19208 kB
1777810579.639017027 VmallocChunk:          0 kB
1777810579.639017027 Percpu:             1456 kB
1777810579.639017027 AnonHugePages:         0 kB
1777810579.639017027 ShmemHugePages:        0 kB
1777810579.639017027 ShmemPmdMapped:        0 kB
1777810579.639017027 FileHugePages:         0 kB
1777810579.639017027 FilePmdMapped:         0 kB
1777810579.639017027 CmaTotal:          65536 kB
1777810579.639017027 CmaFree:           49104 kB
1777810579.639017027 Balloon:               0 kB
1777810579.639017027 HugePages_Total:     512
1777810579.639017027 HugePages_Free:      488
1777810579.639017027 HugePages_Rsvd:        0
1777810579.639017027 HugePages_Surp:        0
1777810579.639017027 Hugepagesize:       2048 kB
1777810579.639017027 Hugetlb:         1048576 kB
1777810580.650247811 MemTotal:        8124504 kB
1777810580.650247811 MemFree:         6383012 kB
1777810580.650247811 MemAvailable:    6647808 kB
1777810580.650247811 Buffers:           30076 kB
1777810580.650247811 Cached:           364724 kB
1777810580.650247811 SwapCached:            0 kB
1777810580.650247811 Active:           386556 kB
1777810580.650247811 Inactive:         105400 kB
1777810580.650247811 Active(anon):     102308 kB
1777810580.650247811 Inactive(anon):        0 kB
1777810580.650247811 Active(file):     284248 kB
1777810580.650247811 Inactive(file):   105400 kB
1777810580.650247811 Unevictable:           0 kB
1777810580.650247811 Mlocked:               0 kB
1777810580.650247811 SwapTotal:             0 kB
1777810580.650247811 SwapFree:              0 kB
1777810580.650247811 Zswap:                 0 kB
1777810580.650247811 Zswapped:              0 kB
1777810580.650247811 Dirty:               120 kB
1777810580.650247811 Writeback:             0 kB
1777810580.650247811 AnonPages:         97316 kB
1777810580.650247811 Mapped:           102948 kB
1777810580.650247811 Shmem:              5240 kB
1777810580.650247811 KReclaimable:      29812 kB
1777810580.650247811 Slab:             121432 kB
1777810580.650247811 SReclaimable:      29812 kB
1777810580.650247811 SUnreclaim:        91620 kB
1777810580.650247811 KernelStack:        3200 kB
1777810580.650247811 PageTables:         4212 kB
1777810580.650247811 SecPageTables:         0 kB
1777810580.650247811 NFS_Unstable:          0 kB
1777810580.650247811 Bounce:                0 kB
1777810580.650247811 WritebackTmp:          0 kB
1777810580.650247811 CommitLimit:     3537964 kB
1777810580.650247811 Committed_AS:     514328 kB
1777810580.650247811 VmallocTotal:   135288315904 kB
1777810580.650247811 VmallocUsed:       19208 kB
1777810580.650247811 VmallocChunk:          0 kB
1777810580.650247811 Percpu:             1456 kB
1777810580.650247811 AnonHugePages:         0 kB
1777810580.650247811 ShmemHugePages:        0 kB
1777810580.650247811 ShmemPmdMapped:        0 kB
1777810580.650247811 FileHugePages:         0 kB
1777810580.650247811 FilePmdMapped:         0 kB
1777810580.650247811 CmaTotal:          65536 kB
1777810580.650247811 CmaFree:           49104 kB
1777810580.650247811 Balloon:               0 kB
1777810580.650247811 HugePages_Total:     512
1777810580.650247811 HugePages_Free:      488
1777810580.650247811 HugePages_Rsvd:        0
1777810580.650247811 HugePages_Surp:        0
1777810580.650247811 Hugepagesize:       2048 kB
1777810580.650247811 Hugetlb:         1048576 kB
1777810581.659755429 MemTotal:        8124504 kB
1777810581.659755429 MemFree:         6381896 kB
1777810581.659755429 MemAvailable:    6646692 kB
1777810581.659755429 Buffers:           30076 kB
1777810581.659755429 Cached:           364724 kB
1777810581.659755429 SwapCached:            0 kB
1777810581.659755429 Active:           386764 kB
1777810581.659755429 Inactive:         105400 kB
1777810581.659755429 Active(anon):     102516 kB
1777810581.659755429 Inactive(anon):        0 kB
1777810581.659755429 Active(file):     284248 kB
1777810581.659755429 Inactive(file):   105400 kB
1777810581.659755429 Unevictable:           0 kB
1777810581.659755429 Mlocked:               0 kB
1777810581.659755429 SwapTotal:             0 kB
1777810581.659755429 SwapFree:              0 kB
1777810581.659755429 Zswap:                 0 kB
1777810581.659755429 Zswapped:              0 kB
1777810581.659755429 Dirty:               120 kB
1777810581.659755429 Writeback:             0 kB
1777810581.659755429 AnonPages:         97324 kB
1777810581.659755429 Mapped:           102948 kB
1777810581.659755429 Shmem:              5240 kB
1777810581.659755429 KReclaimable:      29812 kB
1777810581.659755429 Slab:             121444 kB
1777810581.659755429 SReclaimable:      29812 kB
1777810581.659755429 SUnreclaim:        91632 kB
1777810581.659755429 KernelStack:        3200 kB
1777810581.659755429 PageTables:         4200 kB
1777810581.659755429 SecPageTables:         0 kB
1777810581.659755429 NFS_Unstable:          0 kB
1777810581.659755429 Bounce:                0 kB
1777810581.659755429 WritebackTmp:          0 kB
1777810581.659755429 CommitLimit:     3537964 kB
1777810581.659755429 Committed_AS:     514328 kB
1777810581.659755429 VmallocTotal:   135288315904 kB
1777810581.659755429 VmallocUsed:       19192 kB
1777810581.659755429 VmallocChunk:          0 kB
1777810581.659755429 Percpu:             1456 kB
1777810581.659755429 AnonHugePages:         0 kB
1777810581.659755429 ShmemHugePages:        0 kB
1777810581.659755429 ShmemPmdMapped:        0 kB
1777810581.659755429 FileHugePages:         0 kB
1777810581.659755429 FilePmdMapped:         0 kB
1777810581.659755429 CmaTotal:          65536 kB
1777810581.659755429 CmaFree:           49104 kB
1777810581.659755429 Balloon:               0 kB
1777810581.659755429 HugePages_Total:     512
1777810581.659755429 HugePages_Free:      488
1777810581.659755429 HugePages_Rsvd:        0
1777810581.659755429 HugePages_Surp:        0
1777810581.659755429 Hugepagesize:       2048 kB
1777810581.659755429 Hugetlb:         1048576 kB
1777810582.669371788 MemTotal:        8124504 kB
1777810582.669371788 MemFree:         6384776 kB
1777810582.669371788 MemAvailable:    6649580 kB
1777810582.669371788 Buffers:           30076 kB
1777810582.669371788 Cached:           364728 kB
1777810582.669371788 SwapCached:            0 kB
1777810582.669371788 Active:           386752 kB
1777810582.669371788 Inactive:         105404 kB
1777810582.669371788 Active(anon):     102500 kB
1777810582.669371788 Inactive(anon):        0 kB
1777810582.669371788 Active(file):     284252 kB
1777810582.669371788 Inactive(file):   105404 kB
1777810582.669371788 Unevictable:           0 kB
1777810582.669371788 Mlocked:               0 kB
1777810582.669371788 SwapTotal:             0 kB
1777810582.669371788 SwapFree:              0 kB
1777810582.669371788 Zswap:                 0 kB
1777810582.669371788 Zswapped:              0 kB
1777810582.669371788 Dirty:               124 kB
1777810582.669371788 Writeback:             0 kB
1777810582.669371788 AnonPages:         97316 kB
1777810582.669371788 Mapped:           102948 kB
1777810582.669371788 Shmem:              5240 kB
1777810582.669371788 KReclaimable:      29812 kB
1777810582.669371788 Slab:             121368 kB
1777810582.669371788 SReclaimable:      29812 kB
1777810582.669371788 SUnreclaim:        91556 kB
1777810582.669371788 KernelStack:        3200 kB
1777810582.669371788 PageTables:         4208 kB
1777810582.669371788 SecPageTables:         0 kB
1777810582.669371788 NFS_Unstable:          0 kB
1777810582.669371788 Bounce:                0 kB
1777810582.669371788 WritebackTmp:          0 kB
1777810582.669371788 CommitLimit:     3537964 kB
1777810582.669371788 Committed_AS:     514328 kB
1777810582.669371788 VmallocTotal:   135288315904 kB
1777810582.669371788 VmallocUsed:       19208 kB
1777810582.669371788 VmallocChunk:          0 kB
1777810582.669371788 Percpu:             1456 kB
1777810582.669371788 AnonHugePages:         0 kB
1777810582.669371788 ShmemHugePages:        0 kB
1777810582.669371788 ShmemPmdMapped:        0 kB
1777810582.669371788 FileHugePages:         0 kB
1777810582.669371788 FilePmdMapped:         0 kB
1777810582.669371788 CmaTotal:          65536 kB
1777810582.669371788 CmaFree:           49104 kB
1777810582.669371788 Balloon:               0 kB
1777810582.669371788 HugePages_Total:     512
1777810582.669371788 HugePages_Free:      488
1777810582.669371788 HugePages_Rsvd:        0
1777810582.669371788 HugePages_Surp:        0
1777810582.669371788 Hugepagesize:       2048 kB
1777810582.669371788 Hugetlb:         1048576 kB
1777810583.678843517 MemTotal:        8124504 kB
1777810583.678843517 MemFree:         6379196 kB
1777810583.678843517 MemAvailable:    6644004 kB
1777810583.678843517 Buffers:           30076 kB
1777810583.678843517 Cached:           364732 kB
1777810583.678843517 SwapCached:            0 kB
1777810583.678843517 Active:           386744 kB
1777810583.678843517 Inactive:         105408 kB
1777810583.678843517 Active(anon):     102492 kB
1777810583.678843517 Inactive(anon):        0 kB
1777810583.678843517 Active(file):     284252 kB
1777810583.678843517 Inactive(file):   105408 kB
1777810583.678843517 Unevictable:           0 kB
1777810583.678843517 Mlocked:               0 kB
1777810583.678843517 SwapTotal:             0 kB
1777810583.678843517 SwapFree:              0 kB
1777810583.678843517 Zswap:                 0 kB
1777810583.678843517 Zswapped:              0 kB
1777810583.678843517 Dirty:               128 kB
1777810583.678843517 Writeback:             0 kB
1777810583.678843517 AnonPages:         97320 kB
1777810583.678843517 Mapped:           102948 kB
1777810583.678843517 Shmem:              5240 kB
1777810583.678843517 KReclaimable:      29812 kB
1777810583.678843517 Slab:             121444 kB
1777810583.678843517 SReclaimable:      29812 kB
1777810583.678843517 SUnreclaim:        91632 kB
1777810583.678843517 KernelStack:        3200 kB
1777810583.678843517 PageTables:         4200 kB
1777810583.678843517 SecPageTables:         0 kB
1777810583.678843517 NFS_Unstable:          0 kB
1777810583.678843517 Bounce:                0 kB
1777810583.678843517 WritebackTmp:          0 kB
1777810583.678843517 CommitLimit:     3537964 kB
1777810583.678843517 Committed_AS:     514328 kB
1777810583.678843517 VmallocTotal:   135288315904 kB
1777810583.678843517 VmallocUsed:       19208 kB
1777810583.678843517 VmallocChunk:          0 kB
1777810583.678843517 Percpu:             1456 kB
1777810583.678843517 AnonHugePages:         0 kB
1777810583.678843517 ShmemHugePages:        0 kB
1777810583.678843517 ShmemPmdMapped:        0 kB
1777810583.678843517 FileHugePages:         0 kB
1777810583.678843517 FilePmdMapped:         0 kB
1777810583.678843517 CmaTotal:          65536 kB
1777810583.678843517 CmaFree:           49104 kB
1777810583.678843517 Balloon:               0 kB
1777810583.678843517 HugePages_Total:     512
1777810583.678843517 HugePages_Free:      488
1777810583.678843517 HugePages_Rsvd:        0
1777810583.678843517 HugePages_Surp:        0
1777810583.678843517 Hugepagesize:       2048 kB
1777810583.678843517 Hugetlb:         1048576 kB
1777810584.688361894 MemTotal:        8124504 kB
1777810584.688361894 MemFree:         6384720 kB
1777810584.688361894 MemAvailable:    6649528 kB
1777810584.688361894 Buffers:           30080 kB
1777810584.688361894 Cached:           364732 kB
1777810584.688361894 SwapCached:            0 kB
1777810584.688361894 Active:           386624 kB
1777810584.688361894 Inactive:         105412 kB
1777810584.688361894 Active(anon):     102376 kB
1777810584.688361894 Inactive(anon):        0 kB
1777810584.688361894 Active(file):     284248 kB
1777810584.688361894 Inactive(file):   105412 kB
1777810584.688361894 Unevictable:           0 kB
1777810584.688361894 Mlocked:               0 kB
1777810584.688361894 SwapTotal:             0 kB
1777810584.688361894 SwapFree:              0 kB
1777810584.688361894 Zswap:                 0 kB
1777810584.688361894 Zswapped:              0 kB
1777810584.688361894 Dirty:               132 kB
1777810584.688361894 Writeback:             0 kB
1777810584.688361894 AnonPages:         97320 kB
1777810584.688361894 Mapped:           102948 kB
1777810584.688361894 Shmem:              5240 kB
1777810584.688361894 KReclaimable:      29812 kB
1777810584.688361894 Slab:             121428 kB
1777810584.688361894 SReclaimable:      29812 kB
1777810584.688361894 SUnreclaim:        91616 kB
1777810584.688361894 KernelStack:        3200 kB
1777810584.688361894 PageTables:         4208 kB
1777810584.688361894 SecPageTables:         0 kB
1777810584.688361894 NFS_Unstable:          0 kB
1777810584.688361894 Bounce:                0 kB
1777810584.688361894 WritebackTmp:          0 kB
1777810584.688361894 CommitLimit:     3537964 kB
1777810584.688361894 Committed_AS:     514328 kB
1777810584.688361894 VmallocTotal:   135288315904 kB
1777810584.688361894 VmallocUsed:       19176 kB
1777810584.688361894 VmallocChunk:          0 kB
1777810584.688361894 Percpu:             1456 kB
1777810584.688361894 AnonHugePages:         0 kB
1777810584.688361894 ShmemHugePages:        0 kB
1777810584.688361894 ShmemPmdMapped:        0 kB
1777810584.688361894 FileHugePages:         0 kB
1777810584.688361894 FilePmdMapped:         0 kB
1777810584.688361894 CmaTotal:          65536 kB
1777810584.688361894 CmaFree:           49104 kB
1777810584.688361894 Balloon:               0 kB
1777810584.688361894 HugePages_Total:     512
1777810584.688361894 HugePages_Free:      488
1777810584.688361894 HugePages_Rsvd:        0
1777810584.688361894 HugePages_Surp:        0
1777810584.688361894 Hugepagesize:       2048 kB
1777810584.688361894 Hugetlb:         1048576 kB
1777810585.698976734 MemTotal:        8124504 kB
1777810585.698976734 MemFree:         6384852 kB
1777810585.698976734 MemAvailable:    6649676 kB
1777810585.698976734 Buffers:           30084 kB
1777810585.698976734 Cached:           364744 kB
1777810585.698976734 SwapCached:            0 kB
1777810585.698976734 Active:           386624 kB
1777810585.698976734 Inactive:         105428 kB
1777810585.698976734 Active(anon):     102376 kB
1777810585.698976734 Inactive(anon):        0 kB
1777810585.698976734 Active(file):     284248 kB
1777810585.698976734 Inactive(file):   105428 kB
1777810585.698976734 Unevictable:           0 kB
1777810585.698976734 Mlocked:               0 kB
1777810585.698976734 SwapTotal:             0 kB
1777810585.698976734 SwapFree:              0 kB
1777810585.698976734 Zswap:                 0 kB
1777810585.698976734 Zswapped:              0 kB
1777810585.698976734 Dirty:               140 kB
1777810585.698976734 Writeback:             0 kB
1777810585.698976734 AnonPages:         97320 kB
1777810585.698976734 Mapped:           102908 kB
1777810585.698976734 Shmem:              5240 kB
1777810585.698976734 KReclaimable:      29812 kB
1777810585.698976734 Slab:             121444 kB
1777810585.698976734 SReclaimable:      29812 kB
1777810585.698976734 SUnreclaim:        91632 kB
1777810585.698976734 KernelStack:        3200 kB
1777810585.698976734 PageTables:         4208 kB
1777810585.698976734 SecPageTables:         0 kB
1777810585.698976734 NFS_Unstable:          0 kB
1777810585.698976734 Bounce:                0 kB
1777810585.698976734 WritebackTmp:          0 kB
1777810585.698976734 CommitLimit:     3537964 kB
1777810585.698976734 Committed_AS:     514328 kB
1777810585.698976734 VmallocTotal:   135288315904 kB
1777810585.698976734 VmallocUsed:       19208 kB
1777810585.698976734 VmallocChunk:          0 kB
1777810585.698976734 Percpu:             1456 kB
1777810585.698976734 AnonHugePages:         0 kB
1777810585.698976734 ShmemHugePages:        0 kB
1777810585.698976734 ShmemPmdMapped:        0 kB
1777810585.698976734 FileHugePages:         0 kB
1777810585.698976734 FilePmdMapped:         0 kB
1777810585.698976734 CmaTotal:          65536 kB
1777810585.698976734 CmaFree:           49104 kB
1777810585.698976734 Balloon:               0 kB
1777810585.698976734 HugePages_Total:     512
1777810585.698976734 HugePages_Free:      488
1777810585.698976734 HugePages_Rsvd:        0
1777810585.698976734 HugePages_Surp:        0
1777810585.698976734 Hugepagesize:       2048 kB
1777810585.698976734 Hugetlb:         1048576 kB
1777810586.708347074 MemTotal:        8124504 kB
1777810586.708347074 MemFree:         6387912 kB
1777810586.708347074 MemAvailable:    6652744 kB
1777810586.708347074 Buffers:           30084 kB
1777810586.708347074 Cached:           364752 kB
1777810586.708347074 SwapCached:            0 kB
1777810586.708347074 Active:           386576 kB
1777810586.708347074 Inactive:         105436 kB
1777810586.708347074 Active(anon):     102328 kB
1777810586.708347074 Inactive(anon):        0 kB
1777810586.708347074 Active(file):     284248 kB
1777810586.708347074 Inactive(file):   105436 kB
1777810586.708347074 Unevictable:           0 kB
1777810586.708347074 Mlocked:               0 kB
1777810586.708347074 SwapTotal:             0 kB
1777810586.708347074 SwapFree:              0 kB
1777810586.708347074 Zswap:                 0 kB
1777810586.708347074 Zswapped:              0 kB
1777810586.708347074 Dirty:               148 kB
1777810586.708347074 Writeback:             0 kB
1777810586.708347074 AnonPages:         97316 kB
1777810586.708347074 Mapped:           102948 kB
1777810586.708347074 Shmem:              5240 kB
1777810586.708347074 KReclaimable:      29812 kB
1777810586.708347074 Slab:             121516 kB
1777810586.708347074 SReclaimable:      29812 kB
1777810586.708347074 SUnreclaim:        91704 kB
1777810586.708347074 KernelStack:        3200 kB
1777810586.708347074 PageTables:         4212 kB
1777810586.708347074 SecPageTables:         0 kB
1777810586.708347074 NFS_Unstable:          0 kB
1777810586.708347074 Bounce:                0 kB
1777810586.708347074 WritebackTmp:          0 kB
1777810586.708347074 CommitLimit:     3537964 kB
1777810586.708347074 Committed_AS:     514328 kB
1777810586.708347074 VmallocTotal:   135288315904 kB
1777810586.708347074 VmallocUsed:       19192 kB
1777810586.708347074 VmallocChunk:          0 kB
1777810586.708347074 Percpu:             1456 kB
1777810586.708347074 AnonHugePages:         0 kB
1777810586.708347074 ShmemHugePages:        0 kB
1777810586.708347074 ShmemPmdMapped:        0 kB
1777810586.708347074 FileHugePages:         0 kB
1777810586.708347074 FilePmdMapped:         0 kB
1777810586.708347074 CmaTotal:          65536 kB
1777810586.708347074 CmaFree:           49104 kB
1777810586.708347074 Balloon:               0 kB
1777810586.708347074 HugePages_Total:     512
1777810586.708347074 HugePages_Free:      488
1777810586.708347074 HugePages_Rsvd:        0
1777810586.708347074 HugePages_Surp:        0
1777810586.708347074 Hugepagesize:       2048 kB
1777810586.708347074 Hugetlb:         1048576 kB
1777810587.717758933 MemTotal:        8124504 kB
1777810587.717758933 MemFree:         6382560 kB
1777810587.717758933 MemAvailable:    6647392 kB
1777810587.717758933 Buffers:           30084 kB
1777810587.717758933 Cached:           364752 kB
1777810587.717758933 SwapCached:            0 kB
1777810587.717758933 Active:           386632 kB
1777810587.717758933 Inactive:         105436 kB
1777810587.717758933 Active(anon):     102384 kB
1777810587.717758933 Inactive(anon):        0 kB
1777810587.717758933 Active(file):     284248 kB
1777810587.717758933 Inactive(file):   105436 kB
1777810587.717758933 Unevictable:           0 kB
1777810587.717758933 Mlocked:               0 kB
1777810587.717758933 SwapTotal:             0 kB
1777810587.717758933 SwapFree:              0 kB
1777810587.717758933 Zswap:                 0 kB
1777810587.717758933 Zswapped:              0 kB
1777810587.717758933 Dirty:               148 kB
1777810587.717758933 Writeback:             0 kB
1777810587.717758933 AnonPages:         97324 kB
1777810587.717758933 Mapped:           102908 kB
1777810587.717758933 Shmem:              5240 kB
1777810587.717758933 KReclaimable:      29812 kB
1777810587.717758933 Slab:             121524 kB
1777810587.717758933 SReclaimable:      29812 kB
1777810587.717758933 SUnreclaim:        91712 kB
1777810587.717758933 KernelStack:        3200 kB
1777810587.717758933 PageTables:         4228 kB
1777810587.717758933 SecPageTables:         0 kB
1777810587.717758933 NFS_Unstable:          0 kB
1777810587.717758933 Bounce:                0 kB
1777810587.717758933 WritebackTmp:          0 kB
1777810587.717758933 CommitLimit:     3537964 kB
1777810587.717758933 Committed_AS:     514328 kB
1777810587.717758933 VmallocTotal:   135288315904 kB
1777810587.717758933 VmallocUsed:       19208 kB
1777810587.717758933 VmallocChunk:          0 kB
1777810587.717758933 Percpu:             1456 kB
1777810587.717758933 AnonHugePages:         0 kB
1777810587.717758933 ShmemHugePages:        0 kB
1777810587.717758933 ShmemPmdMapped:        0 kB
1777810587.717758933 FileHugePages:         0 kB
1777810587.717758933 FilePmdMapped:         0 kB
1777810587.717758933 CmaTotal:          65536 kB
1777810587.717758933 CmaFree:           49104 kB
1777810587.717758933 Balloon:               0 kB
1777810587.717758933 HugePages_Total:     512
1777810587.717758933 HugePages_Free:      488
1777810587.717758933 HugePages_Rsvd:        0
1777810587.717758933 HugePages_Surp:        0
1777810587.717758933 Hugepagesize:       2048 kB
1777810587.717758933 Hugetlb:         1048576 kB
1777810588.727075069 MemTotal:        8124504 kB
1777810588.727075069 MemFree:         6386264 kB
1777810588.727075069 MemAvailable:    6651104 kB
1777810588.727075069 Buffers:           30084 kB
1777810588.727075069 Cached:           364760 kB
1777810588.727075069 SwapCached:            0 kB
1777810588.727075069 Active:           386632 kB
1777810588.727075069 Inactive:         105444 kB
1777810588.727075069 Active(anon):     102384 kB
1777810588.727075069 Inactive(anon):        0 kB
1777810588.727075069 Active(file):     284248 kB
1777810588.727075069 Inactive(file):   105444 kB
1777810588.727075069 Unevictable:           0 kB
1777810588.727075069 Mlocked:               0 kB
1777810588.727075069 SwapTotal:             0 kB
1777810588.727075069 SwapFree:              0 kB
1777810588.727075069 Zswap:                 0 kB
1777810588.727075069 Zswapped:              0 kB
1777810588.727075069 Dirty:               156 kB
1777810588.727075069 Writeback:             0 kB
1777810588.727075069 AnonPages:         97400 kB
1777810588.727075069 Mapped:           102948 kB
1777810588.727075069 Shmem:              5240 kB
1777810588.727075069 KReclaimable:      29812 kB
1777810588.727075069 Slab:             121488 kB
1777810588.727075069 SReclaimable:      29812 kB
1777810588.727075069 SUnreclaim:        91676 kB
1777810588.727075069 KernelStack:        3192 kB
1777810588.727075069 PageTables:         4288 kB
1777810588.727075069 SecPageTables:         0 kB
1777810588.727075069 NFS_Unstable:          0 kB
1777810588.727075069 Bounce:                0 kB
1777810588.727075069 WritebackTmp:          0 kB
1777810588.727075069 CommitLimit:     3537964 kB
1777810588.727075069 Committed_AS:     514328 kB
1777810588.727075069 VmallocTotal:   135288315904 kB
1777810588.727075069 VmallocUsed:       19192 kB
1777810588.727075069 VmallocChunk:          0 kB
1777810588.727075069 Percpu:             1456 kB
1777810588.727075069 AnonHugePages:         0 kB
1777810588.727075069 ShmemHugePages:        0 kB
1777810588.727075069 ShmemPmdMapped:        0 kB
1777810588.727075069 FileHugePages:         0 kB
1777810588.727075069 FilePmdMapped:         0 kB
1777810588.727075069 CmaTotal:          65536 kB
1777810588.727075069 CmaFree:           49104 kB
1777810588.727075069 Balloon:               0 kB
1777810588.727075069 HugePages_Total:     512
1777810588.727075069 HugePages_Free:      488
1777810588.727075069 HugePages_Rsvd:        0
1777810588.727075069 HugePages_Surp:        0
1777810588.727075069 Hugepagesize:       2048 kB
1777810588.727075069 Hugetlb:         1048576 kB
1777810589.736477983 MemTotal:        8124504 kB
1777810589.736477983 MemFree:         6383204 kB
1777810589.736477983 MemAvailable:    6648044 kB
1777810589.736477983 Buffers:           30088 kB
1777810589.736477983 Cached:           364756 kB
1777810589.736477983 SwapCached:            0 kB
1777810589.736477983 Active:           386584 kB
1777810589.736477983 Inactive:         105444 kB
1777810589.736477983 Active(anon):     102336 kB
1777810589.736477983 Inactive(anon):        0 kB
1777810589.736477983 Active(file):     284248 kB
1777810589.736477983 Inactive(file):   105444 kB
1777810589.736477983 Unevictable:           0 kB
1777810589.736477983 Mlocked:               0 kB
1777810589.736477983 SwapTotal:             0 kB
1777810589.736477983 SwapFree:              0 kB
1777810589.736477983 Zswap:                 0 kB
1777810589.736477983 Zswapped:              0 kB
1777810589.736477983 Dirty:               156 kB
1777810589.736477983 Writeback:             0 kB
1777810589.736477983 AnonPages:         97324 kB
1777810589.736477983 Mapped:           102948 kB
1777810589.736477983 Shmem:              5240 kB
1777810589.736477983 KReclaimable:      29812 kB
1777810589.736477983 Slab:             121384 kB
1777810589.736477983 SReclaimable:      29812 kB
1777810589.736477983 SUnreclaim:        91572 kB
1777810589.736477983 KernelStack:        3200 kB
1777810589.736477983 PageTables:         4212 kB
1777810589.736477983 SecPageTables:         0 kB
1777810589.736477983 NFS_Unstable:          0 kB
1777810589.736477983 Bounce:                0 kB
1777810589.736477983 WritebackTmp:          0 kB
1777810589.736477983 CommitLimit:     3537964 kB
1777810589.736477983 Committed_AS:     514328 kB
1777810589.736477983 VmallocTotal:   135288315904 kB
1777810589.736477983 VmallocUsed:       19208 kB
1777810589.736477983 VmallocChunk:          0 kB
1777810589.736477983 Percpu:             1456 kB
1777810589.736477983 AnonHugePages:         0 kB
1777810589.736477983 ShmemHugePages:        0 kB
1777810589.736477983 ShmemPmdMapped:        0 kB
1777810589.736477983 FileHugePages:         0 kB
1777810589.736477983 FilePmdMapped:         0 kB
1777810589.736477983 CmaTotal:          65536 kB
1777810589.736477983 CmaFree:           49104 kB
1777810589.736477983 Balloon:               0 kB
1777810589.736477983 HugePages_Total:     512
1777810589.736477983 HugePages_Free:      488
1777810589.736477983 HugePages_Rsvd:        0
1777810589.736477983 HugePages_Surp:        0
1777810589.736477983 Hugepagesize:       2048 kB
1777810589.736477983 Hugetlb:         1048576 kB
1777810590.747570305 MemTotal:        8124504 kB
1777810590.747570305 MemFree:         6389504 kB
1777810590.747570305 MemAvailable:    6654356 kB
1777810590.747570305 Buffers:           30092 kB
1777810590.747570305 Cached:           364764 kB
1777810590.747570305 SwapCached:            0 kB
1777810590.747570305 Active:           386580 kB
1777810590.747570305 Inactive:         105456 kB
1777810590.747570305 Active(anon):     102332 kB
1777810590.747570305 Inactive(anon):        0 kB
1777810590.747570305 Active(file):     284248 kB
1777810590.747570305 Inactive(file):   105456 kB
1777810590.747570305 Unevictable:           0 kB
1777810590.747570305 Mlocked:               0 kB
1777810590.747570305 SwapTotal:             0 kB
1777810590.747570305 SwapFree:              0 kB
1777810590.747570305 Zswap:                 0 kB
1777810590.747570305 Zswapped:              0 kB
1777810590.747570305 Dirty:               160 kB
1777810590.747570305 Writeback:             0 kB
1777810590.747570305 AnonPages:         97316 kB
1777810590.747570305 Mapped:           102948 kB
1777810590.747570305 Shmem:              5240 kB
1777810590.747570305 KReclaimable:      29812 kB
1777810590.747570305 Slab:             121272 kB
1777810590.747570305 SReclaimable:      29812 kB
1777810590.747570305 SUnreclaim:        91460 kB
1777810590.747570305 KernelStack:        3200 kB
1777810590.747570305 PageTables:         4216 kB
1777810590.747570305 SecPageTables:         0 kB
1777810590.747570305 NFS_Unstable:          0 kB
1777810590.747570305 Bounce:                0 kB
1777810590.747570305 WritebackTmp:          0 kB
1777810590.747570305 CommitLimit:     3537964 kB
1777810590.747570305 Committed_AS:     514328 kB
1777810590.747570305 VmallocTotal:   135288315904 kB
1777810590.747570305 VmallocUsed:       19208 kB
1777810590.747570305 VmallocChunk:          0 kB
1777810590.747570305 Percpu:             1456 kB
1777810590.747570305 AnonHugePages:         0 kB
1777810590.747570305 ShmemHugePages:        0 kB
1777810590.747570305 ShmemPmdMapped:        0 kB
1777810590.747570305 FileHugePages:         0 kB
1777810590.747570305 FilePmdMapped:         0 kB
1777810590.747570305 CmaTotal:          65536 kB
1777810590.747570305 CmaFree:           49104 kB
1777810590.747570305 Balloon:               0 kB
1777810590.747570305 HugePages_Total:     512
1777810590.747570305 HugePages_Free:      488
1777810590.747570305 HugePages_Rsvd:        0
1777810590.747570305 HugePages_Surp:        0
1777810590.747570305 Hugepagesize:       2048 kB
1777810590.747570305 Hugetlb:         1048576 kB
1777810591.757133330 MemTotal:        8124504 kB
1777810591.757133330 MemFree:         6382716 kB
1777810591.757133330 MemAvailable:    6647576 kB
1777810591.757133330 Buffers:           30092 kB
1777810591.757133330 Cached:           364772 kB
1777810591.757133330 SwapCached:            0 kB
1777810591.757133330 Active:           386756 kB
1777810591.757133330 Inactive:         105460 kB
1777810591.757133330 Active(anon):     102504 kB
1777810591.757133330 Inactive(anon):        0 kB
1777810591.757133330 Active(file):     284248 kB
1777810591.757133330 Inactive(file):   105460 kB
1777810591.757133330 Unevictable:           0 kB
1777810591.757133330 Mlocked:               0 kB
1777810591.757133330 SwapTotal:             0 kB
1777810591.757133330 SwapFree:              0 kB
1777810591.757133330 Zswap:                 0 kB
1777810591.757133330 Zswapped:              0 kB
1777810591.757133330 Dirty:                 8 kB
1777810591.757133330 Writeback:             0 kB
1777810591.757133330 AnonPages:         97284 kB
1777810591.757133330 Mapped:           102908 kB
1777810591.757133330 Shmem:              5240 kB
1777810591.757133330 KReclaimable:      29812 kB
1777810591.757133330 Slab:             121400 kB
1777810591.757133330 SReclaimable:      29812 kB
1777810591.757133330 SUnreclaim:        91588 kB
1777810591.757133330 KernelStack:        3176 kB
1777810591.757133330 PageTables:         4200 kB
1777810591.757133330 SecPageTables:         0 kB
1777810591.757133330 NFS_Unstable:          0 kB
1777810591.757133330 Bounce:                0 kB
1777810591.757133330 WritebackTmp:          0 kB
1777810591.757133330 CommitLimit:     3537964 kB
1777810591.757133330 Committed_AS:     514328 kB
1777810591.757133330 VmallocTotal:   135288315904 kB
1777810591.757133330 VmallocUsed:       19192 kB
1777810591.757133330 VmallocChunk:          0 kB
1777810591.757133330 Percpu:             1456 kB
1777810591.757133330 AnonHugePages:         0 kB
1777810591.757133330 ShmemHugePages:        0 kB
1777810591.757133330 ShmemPmdMapped:        0 kB
1777810591.757133330 FileHugePages:         0 kB
1777810591.757133330 FilePmdMapped:         0 kB
1777810591.757133330 CmaTotal:          65536 kB
1777810591.757133330 CmaFree:           49104 kB
1777810591.757133330 Balloon:               0 kB
1777810591.757133330 HugePages_Total:     512
1777810591.757133330 HugePages_Free:      488
1777810591.757133330 HugePages_Rsvd:        0
1777810591.757133330 HugePages_Surp:        0
1777810591.757133330 Hugepagesize:       2048 kB
1777810591.757133330 Hugetlb:         1048576 kB
1777810592.766823133 MemTotal:        8124504 kB
1777810592.766823133 MemFree:         6384504 kB
1777810592.766823133 MemAvailable:    6649372 kB
1777810592.766823133 Buffers:           30092 kB
1777810592.766823133 Cached:           364776 kB
1777810592.766823133 SwapCached:            0 kB
1777810592.766823133 Active:           386852 kB
1777810592.766823133 Inactive:         105468 kB
1777810592.766823133 Active(anon):     102600 kB
1777810592.766823133 Inactive(anon):        0 kB
1777810592.766823133 Active(file):     284252 kB
1777810592.766823133 Inactive(file):   105468 kB
1777810592.766823133 Unevictable:           0 kB
1777810592.766823133 Mlocked:               0 kB
1777810592.766823133 SwapTotal:             0 kB
1777810592.766823133 SwapFree:              0 kB
1777810592.766823133 Zswap:                 0 kB
1777810592.766823133 Zswapped:              0 kB
1777810592.766823133 Dirty:                28 kB
1777810592.766823133 Writeback:             0 kB
1777810592.766823133 AnonPages:         97440 kB
1777810592.766823133 Mapped:           102996 kB
1777810592.766823133 Shmem:              5240 kB
1777810592.766823133 KReclaimable:      29812 kB
1777810592.766823133 Slab:             121500 kB
1777810592.766823133 SReclaimable:      29812 kB
1777810592.766823133 SUnreclaim:        91688 kB
1777810592.766823133 KernelStack:        3216 kB
1777810592.766823133 PageTables:         4612 kB
1777810592.766823133 SecPageTables:         0 kB
1777810592.766823133 NFS_Unstable:          0 kB
1777810592.766823133 Bounce:                0 kB
1777810592.766823133 WritebackTmp:          0 kB
1777810592.766823133 CommitLimit:     3537964 kB
1777810592.766823133 Committed_AS:     514328 kB
1777810592.766823133 VmallocTotal:   135288315904 kB
1777810592.766823133 VmallocUsed:       19208 kB
1777810592.766823133 VmallocChunk:          0 kB
1777810592.766823133 Percpu:             1456 kB
1777810592.766823133 AnonHugePages:         0 kB
1777810592.766823133 ShmemHugePages:        0 kB
1777810592.766823133 ShmemPmdMapped:        0 kB
1777810592.766823133 FileHugePages:         0 kB
1777810592.766823133 FilePmdMapped:         0 kB
1777810592.766823133 CmaTotal:          65536 kB
1777810592.766823133 CmaFree:           49104 kB
1777810592.766823133 Balloon:               0 kB
1777810592.766823133 HugePages_Total:     512
1777810592.766823133 HugePages_Free:      488
1777810592.766823133 HugePages_Rsvd:        0
1777810592.766823133 HugePages_Surp:        0
1777810592.766823133 Hugepagesize:       2048 kB
1777810592.766823133 Hugetlb:         1048576 kB
1777810593.777383788 MemTotal:        8124504 kB
1777810593.777383788 MemFree:         6382716 kB
1777810593.777383788 MemAvailable:    6647588 kB
1777810593.777383788 Buffers:           30092 kB
1777810593.777383788 Cached:           364784 kB
1777810593.777383788 SwapCached:            0 kB
1777810593.777383788 Active:           386188 kB
1777810593.777383788 Inactive:         105472 kB
1777810593.777383788 Active(anon):     101936 kB
1777810593.777383788 Inactive(anon):        0 kB
1777810593.777383788 Active(file):     284252 kB
1777810593.777383788 Inactive(file):   105472 kB
1777810593.777383788 Unevictable:           0 kB
1777810593.777383788 Mlocked:               0 kB
1777810593.777383788 SwapTotal:             0 kB
1777810593.777383788 SwapFree:              0 kB
1777810593.777383788 Zswap:                 0 kB
1777810593.777383788 Zswapped:              0 kB
1777810593.777383788 Dirty:                36 kB
1777810593.777383788 Writeback:             0 kB
1777810593.777383788 AnonPages:         96876 kB
1777810593.777383788 Mapped:           103116 kB
1777810593.777383788 Shmem:              5240 kB
1777810593.777383788 KReclaimable:      29812 kB
1777810593.777383788 Slab:             121464 kB
1777810593.777383788 SReclaimable:      29812 kB
1777810593.777383788 SUnreclaim:        91652 kB
1777810593.777383788 KernelStack:        3200 kB
1777810593.777383788 PageTables:         4792 kB
1777810593.777383788 SecPageTables:         0 kB
1777810593.777383788 NFS_Unstable:          0 kB
1777810593.777383788 Bounce:                0 kB
1777810593.777383788 WritebackTmp:          0 kB
1777810593.777383788 CommitLimit:     3537964 kB
1777810593.777383788 Committed_AS:     515488 kB
1777810593.777383788 VmallocTotal:   135288315904 kB
1777810593.777383788 VmallocUsed:       19240 kB
1777810593.777383788 VmallocChunk:          0 kB
1777810593.777383788 Percpu:             1456 kB
1777810593.777383788 AnonHugePages:         0 kB
1777810593.777383788 ShmemHugePages:        0 kB
1777810593.777383788 ShmemPmdMapped:        0 kB
1777810593.777383788 FileHugePages:         0 kB
1777810593.777383788 FilePmdMapped:         0 kB
1777810593.777383788 CmaTotal:          65536 kB
1777810593.777383788 CmaFree:           49104 kB
1777810593.777383788 Balloon:               0 kB
1777810593.777383788 HugePages_Total:     512
1777810593.777383788 HugePages_Free:      488
1777810593.777383788 HugePages_Rsvd:        0
1777810593.777383788 HugePages_Surp:        0
1777810593.777383788 Hugepagesize:       2048 kB
1777810593.777383788 Hugetlb:         1048576 kB
1777810594.790010295 MemTotal:        8124504 kB
1777810594.790010295 MemFree:         6389012 kB
1777810594.790010295 MemAvailable:    6653888 kB
1777810594.790010295 Buffers:           30100 kB
1777810594.790010295 Cached:           364788 kB
1777810594.790010295 SwapCached:            0 kB
1777810594.790010295 Active:           386580 kB
1777810594.790010295 Inactive:         105480 kB
1777810594.790010295 Active(anon):     102332 kB
1777810594.790010295 Inactive(anon):        0 kB
1777810594.790010295 Active(file):     284248 kB
1777810594.790010295 Inactive(file):   105480 kB
1777810594.790010295 Unevictable:           0 kB
1777810594.790010295 Mlocked:               0 kB
1777810594.790010295 SwapTotal:             0 kB
1777810594.790010295 SwapFree:              0 kB
1777810594.790010295 Zswap:                 0 kB
1777810594.790010295 Zswapped:              0 kB
1777810594.790010295 Dirty:                40 kB
1777810594.790010295 Writeback:             0 kB
1777810594.790010295 AnonPages:         97316 kB
1777810594.790010295 Mapped:           102908 kB
1777810594.790010295 Shmem:              5240 kB
1777810594.790010295 KReclaimable:      29812 kB
1777810594.790010295 Slab:             121392 kB
1777810594.790010295 SReclaimable:      29812 kB
1777810594.790010295 SUnreclaim:        91580 kB
1777810594.790010295 KernelStack:        3200 kB
1777810594.790010295 PageTables:         4212 kB
1777810594.790010295 SecPageTables:         0 kB
1777810594.790010295 NFS_Unstable:          0 kB
1777810594.790010295 Bounce:                0 kB
1777810594.790010295 WritebackTmp:          0 kB
1777810594.790010295 CommitLimit:     3537964 kB
1777810594.790010295 Committed_AS:     514328 kB
1777810594.790010295 VmallocTotal:   135288315904 kB
1777810594.790010295 VmallocUsed:       19192 kB
1777810594.790010295 VmallocChunk:          0 kB
1777810594.790010295 Percpu:             1456 kB
1777810594.790010295 AnonHugePages:         0 kB
1777810594.790010295 ShmemHugePages:        0 kB
1777810594.790010295 ShmemPmdMapped:        0 kB
1777810594.790010295 FileHugePages:         0 kB
1777810594.790010295 FilePmdMapped:         0 kB
1777810594.790010295 CmaTotal:          65536 kB
1777810594.790010295 CmaFree:           49104 kB
1777810594.790010295 Balloon:               0 kB
1777810594.790010295 HugePages_Total:     512
1777810594.790010295 HugePages_Free:      488
1777810594.790010295 HugePages_Rsvd:        0
1777810594.790010295 HugePages_Surp:        0
1777810594.790010295 Hugepagesize:       2048 kB
1777810594.790010295 Hugetlb:         1048576 kB
1777810595.802276524 MemTotal:        8124504 kB
1777810595.802276524 MemFree:         6385724 kB
1777810595.802276524 MemAvailable:    6650612 kB
1777810595.802276524 Buffers:           30100 kB
1777810595.802276524 Cached:           364792 kB
1777810595.802276524 SwapCached:            0 kB
1777810595.802276524 Active:           386656 kB
1777810595.802276524 Inactive:         105488 kB
1777810595.802276524 Active(anon):     102404 kB
1777810595.802276524 Inactive(anon):        0 kB
1777810595.802276524 Active(file):     284252 kB
1777810595.802276524 Inactive(file):   105488 kB
1777810595.802276524 Unevictable:           0 kB
1777810595.802276524 Mlocked:               0 kB
1777810595.802276524 SwapTotal:             0 kB
1777810595.802276524 SwapFree:              0 kB
1777810595.802276524 Zswap:                 0 kB
1777810595.802276524 Zswapped:              0 kB
1777810595.802276524 Dirty:                60 kB
1777810595.802276524 Writeback:             0 kB
1777810595.802276524 AnonPages:         97328 kB
1777810595.802276524 Mapped:           102948 kB
1777810595.802276524 Shmem:              5240 kB
1777810595.802276524 KReclaimable:      29812 kB
1777810595.802276524 Slab:             121444 kB
1777810595.802276524 SReclaimable:      29812 kB
1777810595.802276524 SUnreclaim:        91632 kB
1777810595.802276524 KernelStack:        3216 kB
1777810595.802276524 PageTables:         4336 kB
1777810595.802276524 SecPageTables:         0 kB
1777810595.802276524 NFS_Unstable:          0 kB
1777810595.802276524 Bounce:                0 kB
1777810595.802276524 WritebackTmp:          0 kB
1777810595.802276524 CommitLimit:     3537964 kB
1777810595.802276524 Committed_AS:     514328 kB
1777810595.802276524 VmallocTotal:   135288315904 kB
1777810595.802276524 VmallocUsed:       19192 kB
1777810595.802276524 VmallocChunk:          0 kB
1777810595.802276524 Percpu:             1456 kB
1777810595.802276524 AnonHugePages:         0 kB
1777810595.802276524 ShmemHugePages:        0 kB
1777810595.802276524 ShmemPmdMapped:        0 kB
1777810595.802276524 FileHugePages:         0 kB
1777810595.802276524 FilePmdMapped:         0 kB
1777810595.802276524 CmaTotal:          65536 kB
1777810595.802276524 CmaFree:           49104 kB
1777810595.802276524 Balloon:               0 kB
1777810595.802276524 HugePages_Total:     512
1777810595.802276524 HugePages_Free:      488
1777810595.802276524 HugePages_Rsvd:        0
1777810595.802276524 HugePages_Surp:        0
1777810595.802276524 Hugepagesize:       2048 kB
1777810595.802276524 Hugetlb:         1048576 kB
1777810596.812270738 MemTotal:        8124504 kB
1777810596.812270738 MemFree:         6380788 kB
1777810596.812270738 MemAvailable:    6645676 kB
1777810596.812270738 Buffers:           30100 kB
1777810596.812270738 Cached:           364796 kB
1777810596.812270738 SwapCached:            0 kB
1777810596.812270738 Active:           386452 kB
1777810596.812270738 Inactive:         105496 kB
1777810596.812270738 Active(anon):     102208 kB
1777810596.812270738 Inactive(anon):        0 kB
1777810596.812270738 Active(file):     284244 kB
1777810596.812270738 Inactive(file):   105496 kB
1777810596.812270738 Unevictable:           0 kB
1777810596.812270738 Mlocked:               0 kB
1777810596.812270738 SwapTotal:             0 kB
1777810596.812270738 SwapFree:              0 kB
1777810596.812270738 Zswap:                 0 kB
1777810596.812270738 Zswapped:              0 kB
1777810596.812270738 Dirty:                64 kB
1777810596.812270738 Writeback:             0 kB
1777810596.812270738 AnonPages:         97308 kB
1777810596.812270738 Mapped:           102908 kB
1777810596.812270738 Shmem:              5240 kB
1777810596.812270738 KReclaimable:      29812 kB
1777810596.812270738 Slab:             121352 kB
1777810596.812270738 SReclaimable:      29812 kB
1777810596.812270738 SUnreclaim:        91540 kB
1777810596.812270738 KernelStack:        3184 kB
1777810596.812270738 PageTables:         4240 kB
1777810596.812270738 SecPageTables:         0 kB
1777810596.812270738 NFS_Unstable:          0 kB
1777810596.812270738 Bounce:                0 kB
1777810596.812270738 WritebackTmp:          0 kB
1777810596.812270738 CommitLimit:     3537964 kB
1777810596.812270738 Committed_AS:     514328 kB
1777810596.812270738 VmallocTotal:   135288315904 kB
1777810596.812270738 VmallocUsed:       19192 kB
1777810596.812270738 VmallocChunk:          0 kB
1777810596.812270738 Percpu:             1456 kB
1777810596.812270738 AnonHugePages:         0 kB
1777810596.812270738 ShmemHugePages:        0 kB
1777810596.812270738 ShmemPmdMapped:        0 kB
1777810596.812270738 FileHugePages:         0 kB
1777810596.812270738 FilePmdMapped:         0 kB
1777810596.812270738 CmaTotal:          65536 kB
1777810596.812270738 CmaFree:           49104 kB
1777810596.812270738 Balloon:               0 kB
1777810596.812270738 HugePages_Total:     512
1777810596.812270738 HugePages_Free:      488
1777810596.812270738 HugePages_Rsvd:        0
1777810596.812270738 HugePages_Surp:        0
1777810596.812270738 Hugepagesize:       2048 kB
1777810596.812270738 Hugetlb:         1048576 kB
1777810597.822621508 MemTotal:        8124504 kB
1777810597.822621508 MemFree:         6386180 kB
1777810597.822621508 MemAvailable:    6651072 kB
1777810597.822621508 Buffers:           30100 kB
1777810597.822621508 Cached:           364796 kB
1777810597.822621508 SwapCached:            0 kB
1777810597.822621508 Active:           386520 kB
1777810597.822621508 Inactive:         105496 kB
1777810597.822621508 Active(anon):     102272 kB
1777810597.822621508 Inactive(anon):        0 kB
1777810597.822621508 Active(file):     284248 kB
1777810597.822621508 Inactive(file):   105496 kB
1777810597.822621508 Unevictable:           0 kB
1777810597.822621508 Mlocked:               0 kB
1777810597.822621508 SwapTotal:             0 kB
1777810597.822621508 SwapFree:              0 kB
1777810597.822621508 Zswap:                 0 kB
1777810597.822621508 Zswapped:              0 kB
1777810597.822621508 Dirty:                64 kB
1777810597.822621508 Writeback:             0 kB
1777810597.822621508 AnonPages:         97276 kB
1777810597.822621508 Mapped:           102908 kB
1777810597.822621508 Shmem:              5240 kB
1777810597.822621508 KReclaimable:      29812 kB
1777810597.822621508 Slab:             121572 kB
1777810597.822621508 SReclaimable:      29812 kB
1777810597.822621508 SUnreclaim:        91760 kB
1777810597.822621508 KernelStack:        3200 kB
1777810597.822621508 PageTables:         4264 kB
1777810597.822621508 SecPageTables:         0 kB
1777810597.822621508 NFS_Unstable:          0 kB
1777810597.822621508 Bounce:                0 kB
1777810597.822621508 WritebackTmp:          0 kB
1777810597.822621508 CommitLimit:     3537964 kB
1777810597.822621508 Committed_AS:     514328 kB
1777810597.822621508 VmallocTotal:   135288315904 kB
1777810597.822621508 VmallocUsed:       19192 kB
1777810597.822621508 VmallocChunk:          0 kB
1777810597.822621508 Percpu:             1456 kB
1777810597.822621508 AnonHugePages:         0 kB
1777810597.822621508 ShmemHugePages:        0 kB
1777810597.822621508 ShmemPmdMapped:        0 kB
1777810597.822621508 FileHugePages:         0 kB
1777810597.822621508 FilePmdMapped:         0 kB
1777810597.822621508 CmaTotal:          65536 kB
1777810597.822621508 CmaFree:           49104 kB
1777810597.822621508 Balloon:               0 kB
1777810597.822621508 HugePages_Total:     512
1777810597.822621508 HugePages_Free:      488
1777810597.822621508 HugePages_Rsvd:        0
1777810597.822621508 HugePages_Surp:        0
1777810597.822621508 Hugepagesize:       2048 kB
1777810597.822621508 Hugetlb:         1048576 kB
1777810598.832977370 MemTotal:        8124504 kB
1777810598.832977370 MemFree:         6383888 kB
1777810598.832977370 MemAvailable:    6648784 kB
1777810598.832977370 Buffers:           30100 kB
1777810598.832977370 Cached:           364800 kB
1777810598.832977370 SwapCached:            0 kB
1777810598.832977370 Active:           386424 kB
1777810598.832977370 Inactive:         105500 kB
1777810598.832977370 Active(anon):     102176 kB
1777810598.832977370 Inactive(anon):        0 kB
1777810598.832977370 Active(file):     284248 kB
1777810598.832977370 Inactive(file):   105500 kB
1777810598.832977370 Unevictable:           0 kB
1777810598.832977370 Mlocked:               0 kB
1777810598.832977370 SwapTotal:             0 kB
1777810598.832977370 SwapFree:              0 kB
1777810598.832977370 Zswap:                 0 kB
1777810598.832977370 Zswapped:              0 kB
1777810598.832977370 Dirty:                56 kB
1777810598.832977370 Writeback:             0 kB
1777810598.832977370 AnonPages:         97144 kB
1777810598.832977370 Mapped:           102864 kB
1777810598.832977370 Shmem:              5240 kB
1777810598.832977370 KReclaimable:      29812 kB
1777810598.832977370 Slab:             121416 kB
1777810598.832977370 SReclaimable:      29812 kB
1777810598.832977370 SUnreclaim:        91604 kB
1777810598.832977370 KernelStack:        3184 kB
1777810598.832977370 PageTables:         4212 kB
1777810598.832977370 SecPageTables:         0 kB
1777810598.832977370 NFS_Unstable:          0 kB
1777810598.832977370 Bounce:                0 kB
1777810598.832977370 WritebackTmp:          0 kB
1777810598.832977370 CommitLimit:     3537964 kB
1777810598.832977370 Committed_AS:     513940 kB
1777810598.832977370 VmallocTotal:   135288315904 kB
1777810598.832977370 VmallocUsed:       19176 kB
1777810598.832977370 VmallocChunk:          0 kB
1777810598.832977370 Percpu:             1456 kB
1777810598.832977370 AnonHugePages:         0 kB
1777810598.832977370 ShmemHugePages:        0 kB
1777810598.832977370 ShmemPmdMapped:        0 kB
1777810598.832977370 FileHugePages:         0 kB
1777810598.832977370 FilePmdMapped:         0 kB
1777810598.832977370 CmaTotal:          65536 kB
1777810598.832977370 CmaFree:           49104 kB
1777810598.832977370 Balloon:               0 kB
1777810598.832977370 HugePages_Total:     512
1777810598.832977370 HugePages_Free:      488
1777810598.832977370 HugePages_Rsvd:        0
1777810598.832977370 HugePages_Surp:        0
1777810598.832977370 Hugepagesize:       2048 kB
1777810598.832977370 Hugetlb:         1048576 kB
