# timestamp field value_kB
1776798083.200611380 MemTotal:        8124504 kB
1776798083.200611380 MemFree:         6424528 kB
1776798083.200611380 MemAvailable:    6664256 kB
1776798083.200611380 Buffers:           29680 kB
1776798083.200611380 Cached:           338464 kB
1776798083.200611380 SwapCached:            0 kB
1776798083.200611380 Active:           352128 kB
1776798083.200611380 Inactive:         102536 kB
1776798083.200611380 Active(anon):      89916 kB
1776798083.200611380 Inactive(anon):        0 kB
1776798083.200611380 Active(file):     262212 kB
1776798083.200611380 Inactive(file):   102536 kB
1776798083.200611380 Unevictable:           0 kB
1776798083.200611380 Mlocked:               0 kB
1776798083.200611380 SwapTotal:             0 kB
1776798083.200611380 SwapFree:              0 kB
1776798083.200611380 Zswap:                 0 kB
1776798083.200611380 Zswapped:              0 kB
1776798083.200611380 Dirty:                16 kB
1776798083.200611380 Writeback:             0 kB
1776798083.200611380 AnonPages:         87124 kB
1776798083.200611380 Mapped:            87712 kB
1776798083.200611380 Shmem:              3456 kB
1776798083.200611380 KReclaimable:      29480 kB
1776798083.200611380 Slab:             118940 kB
1776798083.200611380 SReclaimable:      29480 kB
1776798083.200611380 SUnreclaim:        89460 kB
1776798083.200611380 KernelStack:        2976 kB
1776798083.200611380 PageTables:         3864 kB
1776798083.200611380 SecPageTables:         0 kB
1776798083.200611380 NFS_Unstable:          0 kB
1776798083.200611380 Bounce:                0 kB
1776798083.200611380 WritebackTmp:          0 kB
1776798083.200611380 CommitLimit:     3537964 kB
1776798083.200611380 Committed_AS:     401392 kB
1776798083.200611380 VmallocTotal:   135288315904 kB
1776798083.200611380 VmallocUsed:       18836 kB
1776798083.200611380 VmallocChunk:          0 kB
1776798083.200611380 Percpu:             1552 kB
1776798083.200611380 AnonHugePages:         0 kB
1776798083.200611380 ShmemHugePages:        0 kB
1776798083.200611380 ShmemPmdMapped:        0 kB
1776798083.200611380 FileHugePages:         0 kB
1776798083.200611380 FilePmdMapped:         0 kB
1776798083.200611380 CmaTotal:          65536 kB
1776798083.200611380 CmaFree:           49104 kB
1776798083.200611380 Balloon:               0 kB
1776798083.200611380 HugePages_Total:     512
1776798083.200611380 HugePages_Free:      512
1776798083.200611380 HugePages_Rsvd:        0
1776798083.200611380 HugePages_Surp:        0
1776798083.200611380 Hugepagesize:       2048 kB
1776798083.200611380 Hugetlb:         1048576 kB
1776798084.211827472 MemTotal:        8124504 kB
1776798084.211827472 MemFree:         6423040 kB
1776798084.211827472 MemAvailable:    6662768 kB
1776798084.211827472 Buffers:           29680 kB
1776798084.211827472 Cached:           338464 kB
1776798084.211827472 SwapCached:            0 kB
1776798084.211827472 Active:           353164 kB
1776798084.211827472 Inactive:         102536 kB
1776798084.211827472 Active(anon):      90952 kB
1776798084.211827472 Inactive(anon):        0 kB
1776798084.211827472 Active(file):     262212 kB
1776798084.211827472 Inactive(file):   102536 kB
1776798084.211827472 Unevictable:           0 kB
1776798084.211827472 Mlocked:               0 kB
1776798084.211827472 SwapTotal:             0 kB
1776798084.211827472 SwapFree:              0 kB
1776798084.211827472 Zswap:                 0 kB
1776798084.211827472 Zswapped:              0 kB
1776798084.211827472 Dirty:                16 kB
1776798084.211827472 Writeback:             0 kB
1776798084.211827472 AnonPages:         87272 kB
1776798084.211827472 Mapped:            88816 kB
1776798084.211827472 Shmem:              3456 kB
1776798084.211827472 KReclaimable:      29480 kB
1776798084.211827472 Slab:             118940 kB
1776798084.211827472 SReclaimable:      29480 kB
1776798084.211827472 SUnreclaim:        89460 kB
1776798084.211827472 KernelStack:        2976 kB
1776798084.211827472 PageTables:         3864 kB
1776798084.211827472 SecPageTables:         0 kB
1776798084.211827472 NFS_Unstable:          0 kB
1776798084.211827472 Bounce:                0 kB
1776798084.211827472 WritebackTmp:          0 kB
1776798084.211827472 CommitLimit:     3537964 kB
1776798084.211827472 Committed_AS:     399444 kB
1776798084.211827472 VmallocTotal:   135288315904 kB
1776798084.211827472 VmallocUsed:       18820 kB
1776798084.211827472 VmallocChunk:          0 kB
1776798084.211827472 Percpu:             1552 kB
1776798084.211827472 AnonHugePages:         0 kB
1776798084.211827472 ShmemHugePages:        0 kB
1776798084.211827472 ShmemPmdMapped:        0 kB
1776798084.211827472 FileHugePages:         0 kB
1776798084.211827472 FilePmdMapped:         0 kB
1776798084.211827472 CmaTotal:          65536 kB
1776798084.211827472 CmaFree:           49104 kB
1776798084.211827472 Balloon:               0 kB
1776798084.211827472 HugePages_Total:     512
1776798084.211827472 HugePages_Free:      512
1776798084.211827472 HugePages_Rsvd:        0
1776798084.211827472 HugePages_Surp:        0
1776798084.211827472 Hugepagesize:       2048 kB
1776798084.211827472 Hugetlb:         1048576 kB
1776798085.220977724 MemTotal:        8124504 kB
1776798085.220977724 MemFree:         6423796 kB
1776798085.220977724 MemAvailable:    6663388 kB
1776798085.220977724 Buffers:           29680 kB
1776798085.220977724 Cached:           338308 kB
1776798085.220977724 SwapCached:            0 kB
1776798085.220977724 Active:           352968 kB
1776798085.220977724 Inactive:         102392 kB
1776798085.220977724 Active(anon):      90748 kB
1776798085.220977724 Inactive(anon):        0 kB
1776798085.220977724 Active(file):     262220 kB
1776798085.220977724 Inactive(file):   102392 kB
1776798085.220977724 Unevictable:           0 kB
1776798085.220977724 Mlocked:               0 kB
1776798085.220977724 SwapTotal:             0 kB
1776798085.220977724 SwapFree:              0 kB
1776798085.220977724 Zswap:                 0 kB
1776798085.220977724 Zswapped:              0 kB
1776798085.220977724 Dirty:                40 kB
1776798085.220977724 Writeback:             0 kB
1776798085.220977724 AnonPages:         87492 kB
1776798085.220977724 Mapped:            88540 kB
1776798085.220977724 Shmem:              3456 kB
1776798085.220977724 KReclaimable:      29480 kB
1776798085.220977724 Slab:             118988 kB
1776798085.220977724 SReclaimable:      29480 kB
1776798085.220977724 SUnreclaim:        89508 kB
1776798085.220977724 KernelStack:        2960 kB
1776798085.220977724 PageTables:         3480 kB
1776798085.220977724 SecPageTables:         0 kB
1776798085.220977724 NFS_Unstable:          0 kB
1776798085.220977724 Bounce:                0 kB
1776798085.220977724 WritebackTmp:          0 kB
1776798085.220977724 CommitLimit:     3537964 kB
1776798085.220977724 Committed_AS:     400520 kB
1776798085.220977724 VmallocTotal:   135288315904 kB
1776798085.220977724 VmallocUsed:       18836 kB
1776798085.220977724 VmallocChunk:          0 kB
1776798085.220977724 Percpu:             1552 kB
1776798085.220977724 AnonHugePages:         0 kB
1776798085.220977724 ShmemHugePages:        0 kB
1776798085.220977724 ShmemPmdMapped:        0 kB
1776798085.220977724 FileHugePages:         0 kB
1776798085.220977724 FilePmdMapped:         0 kB
1776798085.220977724 CmaTotal:          65536 kB
1776798085.220977724 CmaFree:           49104 kB
1776798085.220977724 Balloon:               0 kB
1776798085.220977724 HugePages_Total:     512
1776798085.220977724 HugePages_Free:      512
1776798085.220977724 HugePages_Rsvd:        0
1776798085.220977724 HugePages_Surp:        0
1776798085.220977724 Hugepagesize:       2048 kB
1776798085.220977724 Hugetlb:         1048576 kB
1776798086.230722940 MemTotal:        8124504 kB
1776798086.230722940 MemFree:         6423204 kB
1776798086.230722940 MemAvailable:    6662800 kB
1776798086.230722940 Buffers:           29680 kB
1776798086.230722940 Cached:           338312 kB
1776798086.230722940 SwapCached:            0 kB
1776798086.230722940 Active:           353044 kB
1776798086.230722940 Inactive:         102392 kB
1776798086.230722940 Active(anon):      90820 kB
1776798086.230722940 Inactive(anon):        0 kB
1776798086.230722940 Active(file):     262224 kB
1776798086.230722940 Inactive(file):   102392 kB
1776798086.230722940 Unevictable:           0 kB
1776798086.230722940 Mlocked:               0 kB
1776798086.230722940 SwapTotal:             0 kB
1776798086.230722940 SwapFree:              0 kB
1776798086.230722940 Zswap:                 0 kB
1776798086.230722940 Zswapped:              0 kB
1776798086.230722940 Dirty:                44 kB
1776798086.230722940 Writeback:             0 kB
1776798086.230722940 AnonPages:         87488 kB
1776798086.230722940 Mapped:            88540 kB
1776798086.230722940 Shmem:              3456 kB
1776798086.230722940 KReclaimable:      29480 kB
1776798086.230722940 Slab:             118984 kB
1776798086.230722940 SReclaimable:      29480 kB
1776798086.230722940 SUnreclaim:        89504 kB
1776798086.230722940 KernelStack:        2960 kB
1776798086.230722940 PageTables:         3492 kB
1776798086.230722940 SecPageTables:         0 kB
1776798086.230722940 NFS_Unstable:          0 kB
1776798086.230722940 Bounce:                0 kB
1776798086.230722940 WritebackTmp:          0 kB
1776798086.230722940 CommitLimit:     3537964 kB
1776798086.230722940 Committed_AS:     400520 kB
1776798086.230722940 VmallocTotal:   135288315904 kB
1776798086.230722940 VmallocUsed:       18836 kB
1776798086.230722940 VmallocChunk:          0 kB
1776798086.230722940 Percpu:             1552 kB
1776798086.230722940 AnonHugePages:         0 kB
1776798086.230722940 ShmemHugePages:        0 kB
1776798086.230722940 ShmemPmdMapped:        0 kB
1776798086.230722940 FileHugePages:         0 kB
1776798086.230722940 FilePmdMapped:         0 kB
1776798086.230722940 CmaTotal:          65536 kB
1776798086.230722940 CmaFree:           49104 kB
1776798086.230722940 Balloon:               0 kB
1776798086.230722940 HugePages_Total:     512
1776798086.230722940 HugePages_Free:      512
1776798086.230722940 HugePages_Rsvd:        0
1776798086.230722940 HugePages_Surp:        0
1776798086.230722940 Hugepagesize:       2048 kB
1776798086.230722940 Hugetlb:         1048576 kB
1776798087.239691747 MemTotal:        8124504 kB
1776798087.239691747 MemFree:         6423536 kB
1776798087.239691747 MemAvailable:    6663140 kB
1776798087.239691747 Buffers:           29680 kB
1776798087.239691747 Cached:           338316 kB
1776798087.239691747 SwapCached:            0 kB
1776798087.239691747 Active:           352984 kB
1776798087.239691747 Inactive:         102400 kB
1776798087.239691747 Active(anon):      90760 kB
1776798087.239691747 Inactive(anon):        0 kB
1776798087.239691747 Active(file):     262224 kB
1776798087.239691747 Inactive(file):   102400 kB
1776798087.239691747 Unevictable:           0 kB
1776798087.239691747 Mlocked:               0 kB
1776798087.239691747 SwapTotal:             0 kB
1776798087.239691747 SwapFree:              0 kB
1776798087.239691747 Zswap:                 0 kB
1776798087.239691747 Zswapped:              0 kB
1776798087.239691747 Dirty:                48 kB
1776798087.239691747 Writeback:             0 kB
1776798087.239691747 AnonPages:         87488 kB
1776798087.239691747 Mapped:            88580 kB
1776798087.239691747 Shmem:              3456 kB
1776798087.239691747 KReclaimable:      29480 kB
1776798087.239691747 Slab:             118976 kB
1776798087.239691747 SReclaimable:      29480 kB
1776798087.239691747 SUnreclaim:        89496 kB
1776798087.239691747 KernelStack:        2960 kB
1776798087.239691747 PageTables:         3488 kB
1776798087.239691747 SecPageTables:         0 kB
1776798087.239691747 NFS_Unstable:          0 kB
1776798087.239691747 Bounce:                0 kB
1776798087.239691747 WritebackTmp:          0 kB
1776798087.239691747 CommitLimit:     3537964 kB
1776798087.239691747 Committed_AS:     400520 kB
1776798087.239691747 VmallocTotal:   135288315904 kB
1776798087.239691747 VmallocUsed:       18820 kB
1776798087.239691747 VmallocChunk:          0 kB
1776798087.239691747 Percpu:             1552 kB
1776798087.239691747 AnonHugePages:         0 kB
1776798087.239691747 ShmemHugePages:        0 kB
1776798087.239691747 ShmemPmdMapped:        0 kB
1776798087.239691747 FileHugePages:         0 kB
1776798087.239691747 FilePmdMapped:         0 kB
1776798087.239691747 CmaTotal:          65536 kB
1776798087.239691747 CmaFree:           49104 kB
1776798087.239691747 Balloon:               0 kB
1776798087.239691747 HugePages_Total:     512
1776798087.239691747 HugePages_Free:      512
1776798087.239691747 HugePages_Rsvd:        0
1776798087.239691747 HugePages_Surp:        0
1776798087.239691747 Hugepagesize:       2048 kB
1776798087.239691747 Hugetlb:         1048576 kB
1776798088.248382015 MemTotal:        8124504 kB
1776798088.248382015 MemFree:         6424084 kB
1776798088.248382015 MemAvailable:    6663692 kB
1776798088.248382015 Buffers:           29688 kB
1776798088.248382015 Cached:           338320 kB
1776798088.248382015 SwapCached:            0 kB
1776798088.248382015 Active:           352900 kB
1776798088.248382015 Inactive:         102404 kB
1776798088.248382015 Active(anon):      90680 kB
1776798088.248382015 Inactive(anon):        0 kB
1776798088.248382015 Active(file):     262220 kB
1776798088.248382015 Inactive(file):   102404 kB
1776798088.248382015 Unevictable:           0 kB
1776798088.248382015 Mlocked:               0 kB
1776798088.248382015 SwapTotal:             0 kB
1776798088.248382015 SwapFree:              0 kB
1776798088.248382015 Zswap:                 0 kB
1776798088.248382015 Zswapped:              0 kB
1776798088.248382015 Dirty:                88 kB
1776798088.248382015 Writeback:             0 kB
1776798088.248382015 AnonPages:         87488 kB
1776798088.248382015 Mapped:            88580 kB
1776798088.248382015 Shmem:              3456 kB
1776798088.248382015 KReclaimable:      29484 kB
1776798088.248382015 Slab:             118984 kB
1776798088.248382015 SReclaimable:      29484 kB
1776798088.248382015 SUnreclaim:        89500 kB
1776798088.248382015 KernelStack:        2960 kB
1776798088.248382015 PageTables:         3492 kB
1776798088.248382015 SecPageTables:         0 kB
1776798088.248382015 NFS_Unstable:          0 kB
1776798088.248382015 Bounce:                0 kB
1776798088.248382015 WritebackTmp:          0 kB
1776798088.248382015 CommitLimit:     3537964 kB
1776798088.248382015 Committed_AS:     400520 kB
1776798088.248382015 VmallocTotal:   135288315904 kB
1776798088.248382015 VmallocUsed:       18820 kB
1776798088.248382015 VmallocChunk:          0 kB
1776798088.248382015 Percpu:             1552 kB
1776798088.248382015 AnonHugePages:         0 kB
1776798088.248382015 ShmemHugePages:        0 kB
1776798088.248382015 ShmemPmdMapped:        0 kB
1776798088.248382015 FileHugePages:         0 kB
1776798088.248382015 FilePmdMapped:         0 kB
1776798088.248382015 CmaTotal:          65536 kB
1776798088.248382015 CmaFree:           49104 kB
1776798088.248382015 Balloon:               0 kB
1776798088.248382015 HugePages_Total:     512
1776798088.248382015 HugePages_Free:      512
1776798088.248382015 HugePages_Rsvd:        0
1776798088.248382015 HugePages_Surp:        0
1776798088.248382015 Hugepagesize:       2048 kB
1776798088.248382015 Hugetlb:         1048576 kB
1776798089.257204136 MemTotal:        8124504 kB
1776798089.257204136 MemFree:         6423328 kB
1776798089.257204136 MemAvailable:    6662952 kB
1776798089.257204136 Buffers:           29688 kB
1776798089.257204136 Cached:           338324 kB
1776798089.257204136 SwapCached:            0 kB
1776798089.257204136 Active:           353040 kB
1776798089.257204136 Inactive:         102416 kB
1776798089.257204136 Active(anon):      90816 kB
1776798089.257204136 Inactive(anon):        0 kB
1776798089.257204136 Active(file):     262224 kB
1776798089.257204136 Inactive(file):   102416 kB
1776798089.257204136 Unevictable:           0 kB
1776798089.257204136 Mlocked:               0 kB
1776798089.257204136 SwapTotal:             0 kB
1776798089.257204136 SwapFree:              0 kB
1776798089.257204136 Zswap:                 0 kB
1776798089.257204136 Zswapped:              0 kB
1776798089.257204136 Dirty:                92 kB
1776798089.257204136 Writeback:             0 kB
1776798089.257204136 AnonPages:         87492 kB
1776798089.257204136 Mapped:            88540 kB
1776798089.257204136 Shmem:              3456 kB
1776798089.257204136 KReclaimable:      29484 kB
1776798089.257204136 Slab:             119032 kB
1776798089.257204136 SReclaimable:      29484 kB
1776798089.257204136 SUnreclaim:        89548 kB
1776798089.257204136 KernelStack:        2960 kB
1776798089.257204136 PageTables:         3496 kB
1776798089.257204136 SecPageTables:         0 kB
1776798089.257204136 NFS_Unstable:          0 kB
1776798089.257204136 Bounce:                0 kB
1776798089.257204136 WritebackTmp:          0 kB
1776798089.257204136 CommitLimit:     3537964 kB
1776798089.257204136 Committed_AS:     400520 kB
1776798089.257204136 VmallocTotal:   135288315904 kB
1776798089.257204136 VmallocUsed:       18804 kB
1776798089.257204136 VmallocChunk:          0 kB
1776798089.257204136 Percpu:             1552 kB
1776798089.257204136 AnonHugePages:         0 kB
1776798089.257204136 ShmemHugePages:        0 kB
1776798089.257204136 ShmemPmdMapped:        0 kB
1776798089.257204136 FileHugePages:         0 kB
1776798089.257204136 FilePmdMapped:         0 kB
1776798089.257204136 CmaTotal:          65536 kB
1776798089.257204136 CmaFree:           49104 kB
1776798089.257204136 Balloon:               0 kB
1776798089.257204136 HugePages_Total:     512
1776798089.257204136 HugePages_Free:      512
1776798089.257204136 HugePages_Rsvd:        0
1776798089.257204136 HugePages_Surp:        0
1776798089.257204136 Hugepagesize:       2048 kB
1776798089.257204136 Hugetlb:         1048576 kB
1776798090.265824812 MemTotal:        8124504 kB
1776798090.265824812 MemFree:         6424180 kB
1776798090.265824812 MemAvailable:    6663804 kB
1776798090.265824812 Buffers:           29688 kB
1776798090.265824812 Cached:           338336 kB
1776798090.265824812 SwapCached:            0 kB
1776798090.265824812 Active:           353048 kB
1776798090.265824812 Inactive:         102420 kB
1776798090.265824812 Active(anon):      90828 kB
1776798090.265824812 Inactive(anon):        0 kB
1776798090.265824812 Active(file):     262220 kB
1776798090.265824812 Inactive(file):   102420 kB
1776798090.265824812 Unevictable:           0 kB
1776798090.265824812 Mlocked:               0 kB
1776798090.265824812 SwapTotal:             0 kB
1776798090.265824812 SwapFree:              0 kB
1776798090.265824812 Zswap:                 0 kB
1776798090.265824812 Zswapped:              0 kB
1776798090.265824812 Dirty:               104 kB
1776798090.265824812 Writeback:             0 kB
1776798090.265824812 AnonPages:         87404 kB
1776798090.265824812 Mapped:            88540 kB
1776798090.265824812 Shmem:              3456 kB
1776798090.265824812 KReclaimable:      29484 kB
1776798090.265824812 Slab:             119024 kB
1776798090.265824812 SReclaimable:      29484 kB
1776798090.265824812 SUnreclaim:        89540 kB
1776798090.265824812 KernelStack:        2944 kB
1776798090.265824812 PageTables:         3488 kB
1776798090.265824812 SecPageTables:         0 kB
1776798090.265824812 NFS_Unstable:          0 kB
1776798090.265824812 Bounce:                0 kB
1776798090.265824812 WritebackTmp:          0 kB
1776798090.265824812 CommitLimit:     3537964 kB
1776798090.265824812 Committed_AS:     400520 kB
1776798090.265824812 VmallocTotal:   135288315904 kB
1776798090.265824812 VmallocUsed:       18836 kB
1776798090.265824812 VmallocChunk:          0 kB
1776798090.265824812 Percpu:             1552 kB
1776798090.265824812 AnonHugePages:         0 kB
1776798090.265824812 ShmemHugePages:        0 kB
1776798090.265824812 ShmemPmdMapped:        0 kB
1776798090.265824812 FileHugePages:         0 kB
1776798090.265824812 FilePmdMapped:         0 kB
1776798090.265824812 CmaTotal:          65536 kB
1776798090.265824812 CmaFree:           49104 kB
1776798090.265824812 Balloon:               0 kB
1776798090.265824812 HugePages_Total:     512
1776798090.265824812 HugePages_Free:      512
1776798090.265824812 HugePages_Rsvd:        0
1776798090.265824812 HugePages_Surp:        0
1776798090.265824812 Hugepagesize:       2048 kB
1776798090.265824812 Hugetlb:         1048576 kB
1776798091.274864915 MemTotal:        8124504 kB
1776798091.274864915 MemFree:         6425092 kB
1776798091.274864915 MemAvailable:    6664728 kB
1776798091.274864915 Buffers:           29688 kB
1776798091.274864915 Cached:           338340 kB
1776798091.274864915 SwapCached:            0 kB
1776798091.274864915 Active:           352928 kB
1776798091.274864915 Inactive:         102432 kB
1776798091.274864915 Active(anon):      90708 kB
1776798091.274864915 Inactive(anon):        0 kB
1776798091.274864915 Active(file):     262220 kB
1776798091.274864915 Inactive(file):   102432 kB
1776798091.274864915 Unevictable:           0 kB
1776798091.274864915 Mlocked:               0 kB
1776798091.274864915 SwapTotal:             0 kB
1776798091.274864915 SwapFree:              0 kB
1776798091.274864915 Zswap:                 0 kB
1776798091.274864915 Zswapped:              0 kB
1776798091.274864915 Dirty:               108 kB
1776798091.274864915 Writeback:             0 kB
1776798091.274864915 AnonPages:         87496 kB
1776798091.274864915 Mapped:            88540 kB
1776798091.274864915 Shmem:              3456 kB
1776798091.274864915 KReclaimable:      29484 kB
1776798091.274864915 Slab:             118984 kB
1776798091.274864915 SReclaimable:      29484 kB
1776798091.274864915 SUnreclaim:        89500 kB
1776798091.274864915 KernelStack:        2960 kB
1776798091.274864915 PageTables:         3488 kB
1776798091.274864915 SecPageTables:         0 kB
1776798091.274864915 NFS_Unstable:          0 kB
1776798091.274864915 Bounce:                0 kB
1776798091.274864915 WritebackTmp:          0 kB
1776798091.274864915 CommitLimit:     3537964 kB
1776798091.274864915 Committed_AS:     400520 kB
1776798091.274864915 VmallocTotal:   135288315904 kB
1776798091.274864915 VmallocUsed:       18836 kB
1776798091.274864915 VmallocChunk:          0 kB
1776798091.274864915 Percpu:             1552 kB
1776798091.274864915 AnonHugePages:         0 kB
1776798091.274864915 ShmemHugePages:        0 kB
1776798091.274864915 ShmemPmdMapped:        0 kB
1776798091.274864915 FileHugePages:         0 kB
1776798091.274864915 FilePmdMapped:         0 kB
1776798091.274864915 CmaTotal:          65536 kB
1776798091.274864915 CmaFree:           49104 kB
1776798091.274864915 Balloon:               0 kB
1776798091.274864915 HugePages_Total:     512
1776798091.274864915 HugePages_Free:      512
1776798091.274864915 HugePages_Rsvd:        0
1776798091.274864915 HugePages_Surp:        0
1776798091.274864915 Hugepagesize:       2048 kB
1776798091.274864915 Hugetlb:         1048576 kB
1776798092.283710721 MemTotal:        8124504 kB
1776798092.283710721 MemFree:         6424876 kB
1776798092.283710721 MemAvailable:    6664516 kB
1776798092.283710721 Buffers:           29688 kB
1776798092.283710721 Cached:           338340 kB
1776798092.283710721 SwapCached:            0 kB
1776798092.283710721 Active:           353068 kB
1776798092.283710721 Inactive:         102432 kB
1776798092.283710721 Active(anon):      90844 kB
1776798092.283710721 Inactive(anon):        0 kB
1776798092.283710721 Active(file):     262224 kB
1776798092.283710721 Inactive(file):   102432 kB
1776798092.283710721 Unevictable:           0 kB
1776798092.283710721 Mlocked:               0 kB
1776798092.283710721 SwapTotal:             0 kB
1776798092.283710721 SwapFree:              0 kB
1776798092.283710721 Zswap:                 0 kB
1776798092.283710721 Zswapped:              0 kB
1776798092.283710721 Dirty:               108 kB
1776798092.283710721 Writeback:             0 kB
1776798092.283710721 AnonPages:         87496 kB
1776798092.283710721 Mapped:            88580 kB
1776798092.283710721 Shmem:              3456 kB
1776798092.283710721 KReclaimable:      29484 kB
1776798092.283710721 Slab:             118984 kB
1776798092.283710721 SReclaimable:      29484 kB
1776798092.283710721 SUnreclaim:        89500 kB
1776798092.283710721 KernelStack:        2960 kB
1776798092.283710721 PageTables:         3492 kB
1776798092.283710721 SecPageTables:         0 kB
1776798092.283710721 NFS_Unstable:          0 kB
1776798092.283710721 Bounce:                0 kB
1776798092.283710721 WritebackTmp:          0 kB
1776798092.283710721 CommitLimit:     3537964 kB
1776798092.283710721 Committed_AS:     400520 kB
1776798092.283710721 VmallocTotal:   135288315904 kB
1776798092.283710721 VmallocUsed:       18820 kB
1776798092.283710721 VmallocChunk:          0 kB
1776798092.283710721 Percpu:             1552 kB
1776798092.283710721 AnonHugePages:         0 kB
1776798092.283710721 ShmemHugePages:        0 kB
1776798092.283710721 ShmemPmdMapped:        0 kB
1776798092.283710721 FileHugePages:         0 kB
1776798092.283710721 FilePmdMapped:         0 kB
1776798092.283710721 CmaTotal:          65536 kB
1776798092.283710721 CmaFree:           49104 kB
1776798092.283710721 Balloon:               0 kB
1776798092.283710721 HugePages_Total:     512
1776798092.283710721 HugePages_Free:      512
1776798092.283710721 HugePages_Rsvd:        0
1776798092.283710721 HugePages_Surp:        0
1776798092.283710721 Hugepagesize:       2048 kB
1776798092.283710721 Hugetlb:         1048576 kB
1776798093.292192730 MemTotal:        8124504 kB
1776798093.292192730 MemFree:         6425828 kB
1776798093.292192730 MemAvailable:    6665472 kB
1776798093.292192730 Buffers:           29696 kB
1776798093.292192730 Cached:           338344 kB
1776798093.292192730 SwapCached:            0 kB
1776798093.292192730 Active:           353048 kB
1776798093.292192730 Inactive:         102436 kB
1776798093.292192730 Active(anon):      90824 kB
1776798093.292192730 Inactive(anon):        0 kB
1776798093.292192730 Active(file):     262220 kB
1776798093.292192730 Inactive(file):   102436 kB
1776798093.292192730 Unevictable:           0 kB
1776798093.292192730 Mlocked:               0 kB
1776798093.292192730 SwapTotal:             0 kB
1776798093.292192730 SwapFree:              0 kB
1776798093.292192730 Zswap:                 0 kB
1776798093.292192730 Zswapped:              0 kB
1776798093.292192730 Dirty:                60 kB
1776798093.292192730 Writeback:             0 kB
1776798093.292192730 AnonPages:         87408 kB
1776798093.292192730 Mapped:            88540 kB
1776798093.292192730 Shmem:              3456 kB
1776798093.292192730 KReclaimable:      29484 kB
1776798093.292192730 Slab:             119000 kB
1776798093.292192730 SReclaimable:      29484 kB
1776798093.292192730 SUnreclaim:        89516 kB
1776798093.292192730 KernelStack:        2944 kB
1776798093.292192730 PageTables:         3428 kB
1776798093.292192730 SecPageTables:         0 kB
1776798093.292192730 NFS_Unstable:          0 kB
1776798093.292192730 Bounce:                0 kB
1776798093.292192730 WritebackTmp:          0 kB
1776798093.292192730 CommitLimit:     3537964 kB
1776798093.292192730 Committed_AS:     400520 kB
1776798093.292192730 VmallocTotal:   135288315904 kB
1776798093.292192730 VmallocUsed:       18836 kB
1776798093.292192730 VmallocChunk:          0 kB
1776798093.292192730 Percpu:             1552 kB
1776798093.292192730 AnonHugePages:         0 kB
1776798093.292192730 ShmemHugePages:        0 kB
1776798093.292192730 ShmemPmdMapped:        0 kB
1776798093.292192730 FileHugePages:         0 kB
1776798093.292192730 FilePmdMapped:         0 kB
1776798093.292192730 CmaTotal:          65536 kB
1776798093.292192730 CmaFree:           49104 kB
1776798093.292192730 Balloon:               0 kB
1776798093.292192730 HugePages_Total:     512
1776798093.292192730 HugePages_Free:      512
1776798093.292192730 HugePages_Rsvd:        0
1776798093.292192730 HugePages_Surp:        0
1776798093.292192730 Hugepagesize:       2048 kB
1776798093.292192730 Hugetlb:         1048576 kB
1776798094.301212092 MemTotal:        8124504 kB
1776798094.301212092 MemFree:         6425716 kB
1776798094.301212092 MemAvailable:    6665364 kB
1776798094.301212092 Buffers:           29696 kB
1776798094.301212092 Cached:           338348 kB
1776798094.301212092 SwapCached:            0 kB
1776798094.301212092 Active:           353024 kB
1776798094.301212092 Inactive:         102444 kB
1776798094.301212092 Active(anon):      90804 kB
1776798094.301212092 Inactive(anon):        0 kB
1776798094.301212092 Active(file):     262220 kB
1776798094.301212092 Inactive(file):   102444 kB
1776798094.301212092 Unevictable:           0 kB
1776798094.301212092 Mlocked:               0 kB
1776798094.301212092 SwapTotal:             0 kB
1776798094.301212092 SwapFree:              0 kB
1776798094.301212092 Zswap:                 0 kB
1776798094.301212092 Zswapped:              0 kB
1776798094.301212092 Dirty:                64 kB
1776798094.301212092 Writeback:             0 kB
1776798094.301212092 AnonPages:         87408 kB
1776798094.301212092 Mapped:            88540 kB
1776798094.301212092 Shmem:              3456 kB
1776798094.301212092 KReclaimable:      29484 kB
1776798094.301212092 Slab:             118996 kB
1776798094.301212092 SReclaimable:      29484 kB
1776798094.301212092 SUnreclaim:        89512 kB
1776798094.301212092 KernelStack:        2944 kB
1776798094.301212092 PageTables:         3496 kB
1776798094.301212092 SecPageTables:         0 kB
1776798094.301212092 NFS_Unstable:          0 kB
1776798094.301212092 Bounce:                0 kB
1776798094.301212092 WritebackTmp:          0 kB
1776798094.301212092 CommitLimit:     3537964 kB
1776798094.301212092 Committed_AS:     400520 kB
1776798094.301212092 VmallocTotal:   135288315904 kB
1776798094.301212092 VmallocUsed:       18852 kB
1776798094.301212092 VmallocChunk:          0 kB
1776798094.301212092 Percpu:             1552 kB
1776798094.301212092 AnonHugePages:         0 kB
1776798094.301212092 ShmemHugePages:        0 kB
1776798094.301212092 ShmemPmdMapped:        0 kB
1776798094.301212092 FileHugePages:         0 kB
1776798094.301212092 FilePmdMapped:         0 kB
1776798094.301212092 CmaTotal:          65536 kB
1776798094.301212092 CmaFree:           49104 kB
1776798094.301212092 Balloon:               0 kB
1776798094.301212092 HugePages_Total:     512
1776798094.301212092 HugePages_Free:      512
1776798094.301212092 HugePages_Rsvd:        0
1776798094.301212092 HugePages_Surp:        0
1776798094.301212092 Hugepagesize:       2048 kB
1776798094.301212092 Hugetlb:         1048576 kB
1776798095.311538644 MemTotal:        8124504 kB
1776798095.311538644 MemFree:         6425464 kB
1776798095.311538644 MemAvailable:    6665124 kB
1776798095.311538644 Buffers:           29696 kB
1776798095.311538644 Cached:           338356 kB
1776798095.311538644 SwapCached:            0 kB
1776798095.311538644 Active:           353048 kB
1776798095.311538644 Inactive:         102456 kB
1776798095.311538644 Active(anon):      90828 kB
1776798095.311538644 Inactive(anon):        0 kB
1776798095.311538644 Active(file):     262220 kB
1776798095.311538644 Inactive(file):   102456 kB
1776798095.311538644 Unevictable:           0 kB
1776798095.311538644 Mlocked:               0 kB
1776798095.311538644 SwapTotal:             0 kB
1776798095.311538644 SwapFree:              0 kB
1776798095.311538644 Zswap:                 0 kB
1776798095.311538644 Zswapped:              0 kB
1776798095.311538644 Dirty:                72 kB
1776798095.311538644 Writeback:             0 kB
1776798095.311538644 AnonPages:         87404 kB
1776798095.311538644 Mapped:            88540 kB
1776798095.311538644 Shmem:              3456 kB
1776798095.311538644 KReclaimable:      29484 kB
1776798095.311538644 Slab:             119008 kB
1776798095.311538644 SReclaimable:      29484 kB
1776798095.311538644 SUnreclaim:        89524 kB
1776798095.311538644 KernelStack:        2944 kB
1776798095.311538644 PageTables:         3428 kB
1776798095.311538644 SecPageTables:         0 kB
1776798095.311538644 NFS_Unstable:          0 kB
1776798095.311538644 Bounce:                0 kB
1776798095.311538644 WritebackTmp:          0 kB
1776798095.311538644 CommitLimit:     3537964 kB
1776798095.311538644 Committed_AS:     400520 kB
1776798095.311538644 VmallocTotal:   135288315904 kB
1776798095.311538644 VmallocUsed:       18804 kB
1776798095.311538644 VmallocChunk:          0 kB
1776798095.311538644 Percpu:             1552 kB
1776798095.311538644 AnonHugePages:         0 kB
1776798095.311538644 ShmemHugePages:        0 kB
1776798095.311538644 ShmemPmdMapped:        0 kB
1776798095.311538644 FileHugePages:         0 kB
1776798095.311538644 FilePmdMapped:         0 kB
1776798095.311538644 CmaTotal:          65536 kB
1776798095.311538644 CmaFree:           49104 kB
1776798095.311538644 Balloon:               0 kB
1776798095.311538644 HugePages_Total:     512
1776798095.311538644 HugePages_Free:      512
1776798095.311538644 HugePages_Rsvd:        0
1776798095.311538644 HugePages_Surp:        0
1776798095.311538644 Hugepagesize:       2048 kB
1776798095.311538644 Hugetlb:         1048576 kB
1776798096.321924585 MemTotal:        8124504 kB
1776798096.321924585 MemFree:         6426944 kB
1776798096.321924585 MemAvailable:    6666612 kB
1776798096.321924585 Buffers:           29696 kB
1776798096.321924585 Cached:           338360 kB
1776798096.321924585 SwapCached:            0 kB
1776798096.321924585 Active:           353028 kB
1776798096.321924585 Inactive:         102460 kB
1776798096.321924585 Active(anon):      90804 kB
1776798096.321924585 Inactive(anon):        0 kB
1776798096.321924585 Active(file):     262224 kB
1776798096.321924585 Inactive(file):   102460 kB
1776798096.321924585 Unevictable:           0 kB
1776798096.321924585 Mlocked:               0 kB
1776798096.321924585 SwapTotal:             0 kB
1776798096.321924585 SwapFree:              0 kB
1776798096.321924585 Zswap:                 0 kB
1776798096.321924585 Zswapped:              0 kB
1776798096.321924585 Dirty:                76 kB
1776798096.321924585 Writeback:             0 kB
1776798096.321924585 AnonPages:         87488 kB
1776798096.321924585 Mapped:            88580 kB
1776798096.321924585 Shmem:              3456 kB
1776798096.321924585 KReclaimable:      29484 kB
1776798096.321924585 Slab:             119016 kB
1776798096.321924585 SReclaimable:      29484 kB
1776798096.321924585 SUnreclaim:        89532 kB
1776798096.321924585 KernelStack:        2960 kB
1776798096.321924585 PageTables:         3504 kB
1776798096.321924585 SecPageTables:         0 kB
1776798096.321924585 NFS_Unstable:          0 kB
1776798096.321924585 Bounce:                0 kB
1776798096.321924585 WritebackTmp:          0 kB
1776798096.321924585 CommitLimit:     3537964 kB
1776798096.321924585 Committed_AS:     400520 kB
1776798096.321924585 VmallocTotal:   135288315904 kB
1776798096.321924585 VmallocUsed:       18836 kB
1776798096.321924585 VmallocChunk:          0 kB
1776798096.321924585 Percpu:             1552 kB
1776798096.321924585 AnonHugePages:         0 kB
1776798096.321924585 ShmemHugePages:        0 kB
1776798096.321924585 ShmemPmdMapped:        0 kB
1776798096.321924585 FileHugePages:         0 kB
1776798096.321924585 FilePmdMapped:         0 kB
1776798096.321924585 CmaTotal:          65536 kB
1776798096.321924585 CmaFree:           49104 kB
1776798096.321924585 Balloon:               0 kB
1776798096.321924585 HugePages_Total:     512
1776798096.321924585 HugePages_Free:      512
1776798096.321924585 HugePages_Rsvd:        0
1776798096.321924585 HugePages_Surp:        0
1776798096.321924585 Hugepagesize:       2048 kB
1776798096.321924585 Hugetlb:         1048576 kB
1776798097.332233896 MemTotal:        8124504 kB
1776798097.332233896 MemFree:         6426700 kB
1776798097.332233896 MemAvailable:    6666360 kB
1776798097.332233896 Buffers:           29696 kB
1776798097.332233896 Cached:           338368 kB
1776798097.332233896 SwapCached:            0 kB
1776798097.332233896 Active:           352876 kB
1776798097.332233896 Inactive:         102460 kB
1776798097.332233896 Active(anon):      90660 kB
1776798097.332233896 Inactive(anon):        0 kB
1776798097.332233896 Active(file):     262216 kB
1776798097.332233896 Inactive(file):   102460 kB
1776798097.332233896 Unevictable:           0 kB
1776798097.332233896 Mlocked:               0 kB
1776798097.332233896 SwapTotal:             0 kB
1776798097.332233896 SwapFree:              0 kB
1776798097.332233896 Zswap:                 0 kB
1776798097.332233896 Zswapped:              0 kB
1776798097.332233896 Dirty:                84 kB
1776798097.332233896 Writeback:             0 kB
1776798097.332233896 AnonPages:         87404 kB
1776798097.332233896 Mapped:            88540 kB
1776798097.332233896 Shmem:              3456 kB
1776798097.332233896 KReclaimable:      29484 kB
1776798097.332233896 Slab:             119008 kB
1776798097.332233896 SReclaimable:      29484 kB
1776798097.332233896 SUnreclaim:        89524 kB
1776798097.332233896 KernelStack:        2944 kB
1776798097.332233896 PageTables:         3428 kB
1776798097.332233896 SecPageTables:         0 kB
1776798097.332233896 NFS_Unstable:          0 kB
1776798097.332233896 Bounce:                0 kB
1776798097.332233896 WritebackTmp:          0 kB
1776798097.332233896 CommitLimit:     3537964 kB
1776798097.332233896 Committed_AS:     400520 kB
1776798097.332233896 VmallocTotal:   135288315904 kB
1776798097.332233896 VmallocUsed:       18820 kB
1776798097.332233896 VmallocChunk:          0 kB
1776798097.332233896 Percpu:             1552 kB
1776798097.332233896 AnonHugePages:         0 kB
1776798097.332233896 ShmemHugePages:        0 kB
1776798097.332233896 ShmemPmdMapped:        0 kB
1776798097.332233896 FileHugePages:         0 kB
1776798097.332233896 FilePmdMapped:         0 kB
1776798097.332233896 CmaTotal:          65536 kB
1776798097.332233896 CmaFree:           49104 kB
1776798097.332233896 Balloon:               0 kB
1776798097.332233896 HugePages_Total:     512
1776798097.332233896 HugePages_Free:      512
1776798097.332233896 HugePages_Rsvd:        0
1776798097.332233896 HugePages_Surp:        0
1776798097.332233896 Hugepagesize:       2048 kB
1776798097.332233896 Hugetlb:         1048576 kB
1776798098.342576762 MemTotal:        8124504 kB
1776798098.342576762 MemFree:         6426448 kB
1776798098.342576762 MemAvailable:    6666124 kB
1776798098.342576762 Buffers:           29704 kB
1776798098.342576762 Cached:           338372 kB
1776798098.342576762 SwapCached:            0 kB
1776798098.342576762 Active:           353060 kB
1776798098.342576762 Inactive:         102472 kB
1776798098.342576762 Active(anon):      90840 kB
1776798098.342576762 Inactive(anon):        0 kB
1776798098.342576762 Active(file):     262220 kB
1776798098.342576762 Inactive(file):   102472 kB
1776798098.342576762 Unevictable:           0 kB
1776798098.342576762 Mlocked:               0 kB
1776798098.342576762 SwapTotal:             0 kB
1776798098.342576762 SwapFree:              0 kB
1776798098.342576762 Zswap:                 0 kB
1776798098.342576762 Zswapped:              0 kB
1776798098.342576762 Dirty:                88 kB
1776798098.342576762 Writeback:             0 kB
1776798098.342576762 AnonPages:         87488 kB
1776798098.342576762 Mapped:            88580 kB
1776798098.342576762 Shmem:              3456 kB
1776798098.342576762 KReclaimable:      29484 kB
1776798098.342576762 Slab:             119012 kB
1776798098.342576762 SReclaimable:      29484 kB
1776798098.342576762 SUnreclaim:        89528 kB
1776798098.342576762 KernelStack:        2960 kB
1776798098.342576762 PageTables:         3504 kB
1776798098.342576762 SecPageTables:         0 kB
1776798098.342576762 NFS_Unstable:          0 kB
1776798098.342576762 Bounce:                0 kB
1776798098.342576762 WritebackTmp:          0 kB
1776798098.342576762 CommitLimit:     3537964 kB
1776798098.342576762 Committed_AS:     400520 kB
1776798098.342576762 VmallocTotal:   135288315904 kB
1776798098.342576762 VmallocUsed:       18820 kB
1776798098.342576762 VmallocChunk:          0 kB
1776798098.342576762 Percpu:             1552 kB
1776798098.342576762 AnonHugePages:         0 kB
1776798098.342576762 ShmemHugePages:        0 kB
1776798098.342576762 ShmemPmdMapped:        0 kB
1776798098.342576762 FileHugePages:         0 kB
1776798098.342576762 FilePmdMapped:         0 kB
1776798098.342576762 CmaTotal:          65536 kB
1776798098.342576762 CmaFree:           49104 kB
1776798098.342576762 Balloon:               0 kB
1776798098.342576762 HugePages_Total:     512
1776798098.342576762 HugePages_Free:      512
1776798098.342576762 HugePages_Rsvd:        0
1776798098.342576762 HugePages_Surp:        0
1776798098.342576762 Hugepagesize:       2048 kB
1776798098.342576762 Hugetlb:         1048576 kB
1776798099.351477217 MemTotal:        8124504 kB
1776798099.351477217 MemFree:         6425828 kB
1776798099.351477217 MemAvailable:    6665520 kB
1776798099.351477217 Buffers:           29704 kB
1776798099.351477217 Cached:           338376 kB
1776798099.351477217 SwapCached:            0 kB
1776798099.351477217 Active:           353020 kB
1776798099.351477217 Inactive:         102484 kB
1776798099.351477217 Active(anon):      90796 kB
1776798099.351477217 Inactive(anon):        0 kB
1776798099.351477217 Active(file):     262224 kB
1776798099.351477217 Inactive(file):   102484 kB
1776798099.351477217 Unevictable:           0 kB
1776798099.351477217 Mlocked:               0 kB
1776798099.351477217 SwapTotal:             0 kB
1776798099.351477217 SwapFree:              0 kB
1776798099.351477217 Zswap:                 0 kB
1776798099.351477217 Zswapped:              0 kB
1776798099.351477217 Dirty:                92 kB
1776798099.351477217 Writeback:             0 kB
1776798099.351477217 AnonPages:         87420 kB
1776798099.351477217 Mapped:            88540 kB
1776798099.351477217 Shmem:              3456 kB
1776798099.351477217 KReclaimable:      29484 kB
1776798099.351477217 Slab:             119008 kB
1776798099.351477217 SReclaimable:      29484 kB
1776798099.351477217 SUnreclaim:        89524 kB
1776798099.351477217 KernelStack:        2960 kB
1776798099.351477217 PageTables:         3520 kB
1776798099.351477217 SecPageTables:         0 kB
1776798099.351477217 NFS_Unstable:          0 kB
1776798099.351477217 Bounce:                0 kB
1776798099.351477217 WritebackTmp:          0 kB
1776798099.351477217 CommitLimit:     3537964 kB
1776798099.351477217 Committed_AS:     400520 kB
1776798099.351477217 VmallocTotal:   135288315904 kB
1776798099.351477217 VmallocUsed:       18836 kB
1776798099.351477217 VmallocChunk:          0 kB
1776798099.351477217 Percpu:             1552 kB
1776798099.351477217 AnonHugePages:         0 kB
1776798099.351477217 ShmemHugePages:        0 kB
1776798099.351477217 ShmemPmdMapped:        0 kB
1776798099.351477217 FileHugePages:         0 kB
1776798099.351477217 FilePmdMapped:         0 kB
1776798099.351477217 CmaTotal:          65536 kB
1776798099.351477217 CmaFree:           49104 kB
1776798099.351477217 Balloon:               0 kB
1776798099.351477217 HugePages_Total:     512
1776798099.351477217 HugePages_Free:      512
1776798099.351477217 HugePages_Rsvd:        0
1776798099.351477217 HugePages_Surp:        0
1776798099.351477217 Hugepagesize:       2048 kB
1776798099.351477217 Hugetlb:         1048576 kB
1776798100.359817262 MemTotal:        8124504 kB
1776798100.359817262 MemFree:         6425336 kB
1776798100.359817262 MemAvailable:    6665028 kB
1776798100.359817262 Buffers:           29704 kB
1776798100.359817262 Cached:           338380 kB
1776798100.359817262 SwapCached:            0 kB
1776798100.359817262 Active:           352972 kB
1776798100.359817262 Inactive:         102488 kB
1776798100.359817262 Active(anon):      90752 kB
1776798100.359817262 Inactive(anon):        0 kB
1776798100.359817262 Active(file):     262220 kB
1776798100.359817262 Inactive(file):   102488 kB
1776798100.359817262 Unevictable:           0 kB
1776798100.359817262 Mlocked:               0 kB
1776798100.359817262 SwapTotal:             0 kB
1776798100.359817262 SwapFree:              0 kB
1776798100.359817262 Zswap:                 0 kB
1776798100.359817262 Zswapped:              0 kB
1776798100.359817262 Dirty:                96 kB
1776798100.359817262 Writeback:             0 kB
1776798100.359817262 AnonPages:         87376 kB
1776798100.359817262 Mapped:            88540 kB
1776798100.359817262 Shmem:              3456 kB
1776798100.359817262 KReclaimable:      29484 kB
1776798100.359817262 Slab:             119052 kB
1776798100.359817262 SReclaimable:      29484 kB
1776798100.359817262 SUnreclaim:        89568 kB
1776798100.359817262 KernelStack:        2944 kB
1776798100.359817262 PageTables:         3564 kB
1776798100.359817262 SecPageTables:         0 kB
1776798100.359817262 NFS_Unstable:          0 kB
1776798100.359817262 Bounce:                0 kB
1776798100.359817262 WritebackTmp:          0 kB
1776798100.359817262 CommitLimit:     3537964 kB
1776798100.359817262 Committed_AS:     400520 kB
1776798100.359817262 VmallocTotal:   135288315904 kB
1776798100.359817262 VmallocUsed:       18836 kB
1776798100.359817262 VmallocChunk:          0 kB
1776798100.359817262 Percpu:             1552 kB
1776798100.359817262 AnonHugePages:         0 kB
1776798100.359817262 ShmemHugePages:        0 kB
1776798100.359817262 ShmemPmdMapped:        0 kB
1776798100.359817262 FileHugePages:         0 kB
1776798100.359817262 FilePmdMapped:         0 kB
1776798100.359817262 CmaTotal:          65536 kB
1776798100.359817262 CmaFree:           49104 kB
1776798100.359817262 Balloon:               0 kB
1776798100.359817262 HugePages_Total:     512
1776798100.359817262 HugePages_Free:      512
1776798100.359817262 HugePages_Rsvd:        0
1776798100.359817262 HugePages_Surp:        0
1776798100.359817262 Hugepagesize:       2048 kB
1776798100.359817262 Hugetlb:         1048576 kB
1776798101.371089594 MemTotal:        8124504 kB
1776798101.371089594 MemFree:         6425672 kB
1776798101.371089594 MemAvailable:    6665372 kB
1776798101.371089594 Buffers:           29704 kB
1776798101.371089594 Cached:           338388 kB
1776798101.371089594 SwapCached:            0 kB
1776798101.371089594 Active:           353052 kB
1776798101.371089594 Inactive:         102492 kB
1776798101.371089594 Active(anon):      90828 kB
1776798101.371089594 Inactive(anon):        0 kB
1776798101.371089594 Active(file):     262224 kB
1776798101.371089594 Inactive(file):   102492 kB
1776798101.371089594 Unevictable:           0 kB
1776798101.371089594 Mlocked:               0 kB
1776798101.371089594 SwapTotal:             0 kB
1776798101.371089594 SwapFree:              0 kB
1776798101.371089594 Zswap:                 0 kB
1776798101.371089594 Zswapped:              0 kB
1776798101.371089594 Dirty:               104 kB
1776798101.371089594 Writeback:             0 kB
1776798101.371089594 AnonPages:         87488 kB
1776798101.371089594 Mapped:            88540 kB
1776798101.371089594 Shmem:              3456 kB
1776798101.371089594 KReclaimable:      29484 kB
1776798101.371089594 Slab:             119060 kB
1776798101.371089594 SReclaimable:      29484 kB
1776798101.371089594 SUnreclaim:        89576 kB
1776798101.371089594 KernelStack:        2960 kB
1776798101.371089594 PageTables:         3492 kB
1776798101.371089594 SecPageTables:         0 kB
1776798101.371089594 NFS_Unstable:          0 kB
1776798101.371089594 Bounce:                0 kB
1776798101.371089594 WritebackTmp:          0 kB
1776798101.371089594 CommitLimit:     3537964 kB
1776798101.371089594 Committed_AS:     400520 kB
1776798101.371089594 VmallocTotal:   135288315904 kB
1776798101.371089594 VmallocUsed:       18836 kB
1776798101.371089594 VmallocChunk:          0 kB
1776798101.371089594 Percpu:             1552 kB
1776798101.371089594 AnonHugePages:         0 kB
1776798101.371089594 ShmemHugePages:        0 kB
1776798101.371089594 ShmemPmdMapped:        0 kB
1776798101.371089594 FileHugePages:         0 kB
1776798101.371089594 FilePmdMapped:         0 kB
1776798101.371089594 CmaTotal:          65536 kB
1776798101.371089594 CmaFree:           49104 kB
1776798101.371089594 Balloon:               0 kB
1776798101.371089594 HugePages_Total:     512
1776798101.371089594 HugePages_Free:      512
1776798101.371089594 HugePages_Rsvd:        0
1776798101.371089594 HugePages_Surp:        0
1776798101.371089594 Hugepagesize:       2048 kB
1776798101.371089594 Hugetlb:         1048576 kB
1776798102.381171145 MemTotal:        8124504 kB
1776798102.381171145 MemFree:         6427864 kB
1776798102.381171145 MemAvailable:    6667568 kB
1776798102.381171145 Buffers:           29704 kB
1776798102.381171145 Cached:           338392 kB
1776798102.381171145 SwapCached:            0 kB
1776798102.381171145 Active:           352980 kB
1776798102.381171145 Inactive:         102500 kB
1776798102.381171145 Active(anon):      90760 kB
1776798102.381171145 Inactive(anon):        0 kB
1776798102.381171145 Active(file):     262220 kB
1776798102.381171145 Inactive(file):   102500 kB
1776798102.381171145 Unevictable:           0 kB
1776798102.381171145 Mlocked:               0 kB
1776798102.381171145 SwapTotal:             0 kB
1776798102.381171145 SwapFree:              0 kB
1776798102.381171145 Zswap:                 0 kB
1776798102.381171145 Zswapped:              0 kB
1776798102.381171145 Dirty:               108 kB
1776798102.381171145 Writeback:             0 kB
1776798102.381171145 AnonPages:         87400 kB
1776798102.381171145 Mapped:            88540 kB
1776798102.381171145 Shmem:              3456 kB
1776798102.381171145 KReclaimable:      29484 kB
1776798102.381171145 Slab:             119028 kB
1776798102.381171145 SReclaimable:      29484 kB
1776798102.381171145 SUnreclaim:        89544 kB
1776798102.381171145 KernelStack:        2944 kB
1776798102.381171145 PageTables:         3432 kB
1776798102.381171145 SecPageTables:         0 kB
1776798102.381171145 NFS_Unstable:          0 kB
1776798102.381171145 Bounce:                0 kB
1776798102.381171145 WritebackTmp:          0 kB
1776798102.381171145 CommitLimit:     3537964 kB
1776798102.381171145 Committed_AS:     400520 kB
1776798102.381171145 VmallocTotal:   135288315904 kB
1776798102.381171145 VmallocUsed:       18804 kB
1776798102.381171145 VmallocChunk:          0 kB
1776798102.381171145 Percpu:             1552 kB
1776798102.381171145 AnonHugePages:         0 kB
1776798102.381171145 ShmemHugePages:        0 kB
1776798102.381171145 ShmemPmdMapped:        0 kB
1776798102.381171145 FileHugePages:         0 kB
1776798102.381171145 FilePmdMapped:         0 kB
1776798102.381171145 CmaTotal:          65536 kB
1776798102.381171145 CmaFree:           49104 kB
1776798102.381171145 Balloon:               0 kB
1776798102.381171145 HugePages_Total:     512
1776798102.381171145 HugePages_Free:      512
1776798102.381171145 HugePages_Rsvd:        0
1776798102.381171145 HugePages_Surp:        0
1776798102.381171145 Hugepagesize:       2048 kB
1776798102.381171145 Hugetlb:         1048576 kB
1776798103.389811710 MemTotal:        8124504 kB
1776798103.389811710 MemFree:         6427448 kB
1776798103.389811710 MemAvailable:    6667152 kB
1776798103.389811710 Buffers:           29712 kB
1776798103.389811710 Cached:           338392 kB
1776798103.389811710 SwapCached:            0 kB
1776798103.389811710 Active:           352940 kB
1776798103.389811710 Inactive:         102500 kB
1776798103.389811710 Active(anon):      90720 kB
1776798103.389811710 Inactive(anon):        0 kB
1776798103.389811710 Active(file):     262220 kB
1776798103.389811710 Inactive(file):   102500 kB
1776798103.389811710 Unevictable:           0 kB
1776798103.389811710 Mlocked:               0 kB
1776798103.389811710 SwapTotal:             0 kB
1776798103.389811710 SwapFree:              0 kB
1776798103.389811710 Zswap:                 0 kB
1776798103.389811710 Zswapped:              0 kB
1776798103.389811710 Dirty:               108 kB
1776798103.389811710 Writeback:             0 kB
1776798103.389811710 AnonPages:         87488 kB
1776798103.389811710 Mapped:            88540 kB
1776798103.389811710 Shmem:              3456 kB
1776798103.389811710 KReclaimable:      29484 kB
1776798103.389811710 Slab:             119028 kB
1776798103.389811710 SReclaimable:      29484 kB
1776798103.389811710 SUnreclaim:        89544 kB
1776798103.389811710 KernelStack:        2960 kB
1776798103.389811710 PageTables:         3504 kB
1776798103.389811710 SecPageTables:         0 kB
1776798103.389811710 NFS_Unstable:          0 kB
1776798103.389811710 Bounce:                0 kB
1776798103.389811710 WritebackTmp:          0 kB
1776798103.389811710 CommitLimit:     3537964 kB
1776798103.389811710 Committed_AS:     400520 kB
1776798103.389811710 VmallocTotal:   135288315904 kB
1776798103.389811710 VmallocUsed:       18836 kB
1776798103.389811710 VmallocChunk:          0 kB
1776798103.389811710 Percpu:             1552 kB
1776798103.389811710 AnonHugePages:         0 kB
1776798103.389811710 ShmemHugePages:        0 kB
1776798103.389811710 ShmemPmdMapped:        0 kB
1776798103.389811710 FileHugePages:         0 kB
1776798103.389811710 FilePmdMapped:         0 kB
1776798103.389811710 CmaTotal:          65536 kB
1776798103.389811710 CmaFree:           49104 kB
1776798103.389811710 Balloon:               0 kB
1776798103.389811710 HugePages_Total:     512
1776798103.389811710 HugePages_Free:      512
1776798103.389811710 HugePages_Rsvd:        0
1776798103.389811710 HugePages_Surp:        0
1776798103.389811710 Hugepagesize:       2048 kB
1776798103.389811710 Hugetlb:         1048576 kB
1776798104.400847708 MemTotal:        8124504 kB
1776798104.400847708 MemFree:         6426200 kB
1776798104.400847708 MemAvailable:    6665920 kB
1776798104.400847708 Buffers:           29712 kB
1776798104.400847708 Cached:           338396 kB
1776798104.400847708 SwapCached:            0 kB
1776798104.400847708 Active:           352956 kB
1776798104.400847708 Inactive:         102512 kB
1776798104.400847708 Active(anon):      90732 kB
1776798104.400847708 Inactive(anon):        0 kB
1776798104.400847708 Active(file):     262224 kB
1776798104.400847708 Inactive(file):   102512 kB
1776798104.400847708 Unevictable:           0 kB
1776798104.400847708 Mlocked:               0 kB
1776798104.400847708 SwapTotal:             0 kB
1776798104.400847708 SwapFree:              0 kB
1776798104.400847708 Zswap:                 0 kB
1776798104.400847708 Zswapped:              0 kB
1776798104.400847708 Dirty:               112 kB
1776798104.400847708 Writeback:             0 kB
1776798104.400847708 AnonPages:         87432 kB
1776798104.400847708 Mapped:            88476 kB
1776798104.400847708 Shmem:              3456 kB
1776798104.400847708 KReclaimable:      29484 kB
1776798104.400847708 Slab:             119016 kB
1776798104.400847708 SReclaimable:      29484 kB
1776798104.400847708 SUnreclaim:        89532 kB
1776798104.400847708 KernelStack:        2952 kB
1776798104.400847708 PageTables:         3624 kB
1776798104.400847708 SecPageTables:         0 kB
1776798104.400847708 NFS_Unstable:          0 kB
1776798104.400847708 Bounce:                0 kB
1776798104.400847708 WritebackTmp:          0 kB
1776798104.400847708 CommitLimit:     3537964 kB
1776798104.400847708 Committed_AS:     400520 kB
1776798104.400847708 VmallocTotal:   135288315904 kB
1776798104.400847708 VmallocUsed:       18836 kB
1776798104.400847708 VmallocChunk:          0 kB
1776798104.400847708 Percpu:             1552 kB
1776798104.400847708 AnonHugePages:         0 kB
1776798104.400847708 ShmemHugePages:        0 kB
1776798104.400847708 ShmemPmdMapped:        0 kB
1776798104.400847708 FileHugePages:         0 kB
1776798104.400847708 FilePmdMapped:         0 kB
1776798104.400847708 CmaTotal:          65536 kB
1776798104.400847708 CmaFree:           49104 kB
1776798104.400847708 Balloon:               0 kB
1776798104.400847708 HugePages_Total:     512
1776798104.400847708 HugePages_Free:      512
1776798104.400847708 HugePages_Rsvd:        0
1776798104.400847708 HugePages_Surp:        0
1776798104.400847708 Hugepagesize:       2048 kB
1776798104.400847708 Hugetlb:         1048576 kB
1776798105.410910593 MemTotal:        8124504 kB
1776798105.410910593 MemFree:         6428524 kB
1776798105.410910593 MemAvailable:    6668244 kB
1776798105.410910593 Buffers:           29712 kB
1776798105.410910593 Cached:           338400 kB
1776798105.410910593 SwapCached:            0 kB
1776798105.410910593 Active:           352940 kB
1776798105.410910593 Inactive:         102516 kB
1776798105.410910593 Active(anon):      90720 kB
1776798105.410910593 Inactive(anon):        0 kB
1776798105.410910593 Active(file):     262220 kB
1776798105.410910593 Inactive(file):   102516 kB
1776798105.410910593 Unevictable:           0 kB
1776798105.410910593 Mlocked:               0 kB
1776798105.410910593 SwapTotal:             0 kB
1776798105.410910593 SwapFree:              0 kB
1776798105.410910593 Zswap:                 0 kB
1776798105.410910593 Zswapped:              0 kB
1776798105.410910593 Dirty:               116 kB
1776798105.410910593 Writeback:             0 kB
1776798105.410910593 AnonPages:         87488 kB
1776798105.410910593 Mapped:            88580 kB
1776798105.410910593 Shmem:              3456 kB
1776798105.410910593 KReclaimable:      29484 kB
1776798105.410910593 Slab:             119032 kB
1776798105.410910593 SReclaimable:      29484 kB
1776798105.410910593 SUnreclaim:        89548 kB
1776798105.410910593 KernelStack:        2968 kB
1776798105.410910593 PageTables:         3552 kB
1776798105.410910593 SecPageTables:         0 kB
1776798105.410910593 NFS_Unstable:          0 kB
1776798105.410910593 Bounce:                0 kB
1776798105.410910593 WritebackTmp:          0 kB
1776798105.410910593 CommitLimit:     3537964 kB
1776798105.410910593 Committed_AS:     400520 kB
1776798105.410910593 VmallocTotal:   135288315904 kB
1776798105.410910593 VmallocUsed:       18820 kB
1776798105.410910593 VmallocChunk:          0 kB
1776798105.410910593 Percpu:             1552 kB
1776798105.410910593 AnonHugePages:         0 kB
1776798105.410910593 ShmemHugePages:        0 kB
1776798105.410910593 ShmemPmdMapped:        0 kB
1776798105.410910593 FileHugePages:         0 kB
1776798105.410910593 FilePmdMapped:         0 kB
1776798105.410910593 CmaTotal:          65536 kB
1776798105.410910593 CmaFree:           49104 kB
1776798105.410910593 Balloon:               0 kB
1776798105.410910593 HugePages_Total:     512
1776798105.410910593 HugePages_Free:      512
1776798105.410910593 HugePages_Rsvd:        0
1776798105.410910593 HugePages_Surp:        0
1776798105.410910593 Hugepagesize:       2048 kB
1776798105.410910593 Hugetlb:         1048576 kB
1776798106.419645343 MemTotal:        8124504 kB
1776798106.419645343 MemFree:         6427116 kB
1776798106.419645343 MemAvailable:    6666852 kB
1776798106.419645343 Buffers:           29712 kB
1776798106.419645343 Cached:           338412 kB
1776798106.419645343 SwapCached:            0 kB
1776798106.419645343 Active:           353152 kB
1776798106.419645343 Inactive:         102528 kB
1776798106.419645343 Active(anon):      90928 kB
1776798106.419645343 Inactive(anon):        0 kB
1776798106.419645343 Active(file):     262224 kB
1776798106.419645343 Inactive(file):   102528 kB
1776798106.419645343 Unevictable:           0 kB
1776798106.419645343 Mlocked:               0 kB
1776798106.419645343 SwapTotal:             0 kB
1776798106.419645343 SwapFree:              0 kB
1776798106.419645343 Zswap:                 0 kB
1776798106.419645343 Zswapped:              0 kB
1776798106.419645343 Dirty:               128 kB
1776798106.419645343 Writeback:             0 kB
1776798106.419645343 AnonPages:         87516 kB
1776798106.419645343 Mapped:            88580 kB
1776798106.419645343 Shmem:              3456 kB
1776798106.419645343 KReclaimable:      29484 kB
1776798106.419645343 Slab:             119036 kB
1776798106.419645343 SReclaimable:      29484 kB
1776798106.419645343 SUnreclaim:        89552 kB
1776798106.419645343 KernelStack:        2944 kB
1776798106.419645343 PageTables:         3548 kB
1776798106.419645343 SecPageTables:         0 kB
1776798106.419645343 NFS_Unstable:          0 kB
1776798106.419645343 Bounce:                0 kB
1776798106.419645343 WritebackTmp:          0 kB
1776798106.419645343 CommitLimit:     3537964 kB
1776798106.419645343 Committed_AS:     400520 kB
1776798106.419645343 VmallocTotal:   135288315904 kB
1776798106.419645343 VmallocUsed:       18836 kB
1776798106.419645343 VmallocChunk:          0 kB
1776798106.419645343 Percpu:             1552 kB
1776798106.419645343 AnonHugePages:         0 kB
1776798106.419645343 ShmemHugePages:        0 kB
1776798106.419645343 ShmemPmdMapped:        0 kB
1776798106.419645343 FileHugePages:         0 kB
1776798106.419645343 FilePmdMapped:         0 kB
1776798106.419645343 CmaTotal:          65536 kB
1776798106.419645343 CmaFree:           49104 kB
1776798106.419645343 Balloon:               0 kB
1776798106.419645343 HugePages_Total:     512
1776798106.419645343 HugePages_Free:      512
1776798106.419645343 HugePages_Rsvd:        0
1776798106.419645343 HugePages_Surp:        0
1776798106.419645343 Hugepagesize:       2048 kB
1776798106.419645343 Hugetlb:         1048576 kB
1776798107.429344467 MemTotal:        8124504 kB
1776798107.429344467 MemFree:         6428480 kB
1776798107.429344467 MemAvailable:    6668216 kB
1776798107.429344467 Buffers:           29712 kB
1776798107.429344467 Cached:           338416 kB
1776798107.429344467 SwapCached:            0 kB
1776798107.429344467 Active:           353056 kB
1776798107.429344467 Inactive:         102532 kB
1776798107.429344467 Active(anon):      90836 kB
1776798107.429344467 Inactive(anon):        0 kB
1776798107.429344467 Active(file):     262220 kB
1776798107.429344467 Inactive(file):   102532 kB
1776798107.429344467 Unevictable:           0 kB
1776798107.429344467 Mlocked:               0 kB
1776798107.429344467 SwapTotal:             0 kB
1776798107.429344467 SwapFree:              0 kB
1776798107.429344467 Zswap:                 0 kB
1776798107.429344467 Zswapped:              0 kB
1776798107.429344467 Dirty:               132 kB
1776798107.429344467 Writeback:             0 kB
1776798107.429344467 AnonPages:         87488 kB
1776798107.429344467 Mapped:            88580 kB
1776798107.429344467 Shmem:              3456 kB
1776798107.429344467 KReclaimable:      29484 kB
1776798107.429344467 Slab:             119040 kB
1776798107.429344467 SReclaimable:      29484 kB
1776798107.429344467 SUnreclaim:        89556 kB
1776798107.429344467 KernelStack:        2960 kB
1776798107.429344467 PageTables:         3508 kB
1776798107.429344467 SecPageTables:         0 kB
1776798107.429344467 NFS_Unstable:          0 kB
1776798107.429344467 Bounce:                0 kB
1776798107.429344467 WritebackTmp:          0 kB
1776798107.429344467 CommitLimit:     3537964 kB
1776798107.429344467 Committed_AS:     400520 kB
1776798107.429344467 VmallocTotal:   135288315904 kB
1776798107.429344467 VmallocUsed:       18820 kB
1776798107.429344467 VmallocChunk:          0 kB
1776798107.429344467 Percpu:             1552 kB
1776798107.429344467 AnonHugePages:         0 kB
1776798107.429344467 ShmemHugePages:        0 kB
1776798107.429344467 ShmemPmdMapped:        0 kB
1776798107.429344467 FileHugePages:         0 kB
1776798107.429344467 FilePmdMapped:         0 kB
1776798107.429344467 CmaTotal:          65536 kB
1776798107.429344467 CmaFree:           49104 kB
1776798107.429344467 Balloon:               0 kB
1776798107.429344467 HugePages_Total:     512
1776798107.429344467 HugePages_Free:      512
1776798107.429344467 HugePages_Rsvd:        0
1776798107.429344467 HugePages_Surp:        0
1776798107.429344467 Hugepagesize:       2048 kB
1776798107.429344467 Hugetlb:         1048576 kB
1776798108.437436067 MemTotal:        8124504 kB
1776798108.437436067 MemFree:         6429316 kB
1776798108.437436067 MemAvailable:    6669060 kB
1776798108.437436067 Buffers:           29720 kB
1776798108.437436067 Cached:           338412 kB
1776798108.437436067 SwapCached:            0 kB
1776798108.437436067 Active:           353228 kB
1776798108.437436067 Inactive:         102532 kB
1776798108.437436067 Active(anon):      91000 kB
1776798108.437436067 Inactive(anon):        0 kB
1776798108.437436067 Active(file):     262228 kB
1776798108.437436067 Inactive(file):   102532 kB
1776798108.437436067 Unevictable:           0 kB
1776798108.437436067 Mlocked:               0 kB
1776798108.437436067 SwapTotal:             0 kB
1776798108.437436067 SwapFree:              0 kB
1776798108.437436067 Zswap:                 0 kB
1776798108.437436067 Zswapped:              0 kB
1776798108.437436067 Dirty:               136 kB
1776798108.437436067 Writeback:             0 kB
1776798108.437436067 AnonPages:         87508 kB
1776798108.437436067 Mapped:            88732 kB
1776798108.437436067 Shmem:              3456 kB
1776798108.437436067 KReclaimable:      29484 kB
1776798108.437436067 Slab:             119008 kB
1776798108.437436067 SReclaimable:      29484 kB
1776798108.437436067 SUnreclaim:        89524 kB
1776798108.437436067 KernelStack:        3008 kB
1776798108.437436067 PageTables:         3672 kB
1776798108.437436067 SecPageTables:         0 kB
1776798108.437436067 NFS_Unstable:          0 kB
1776798108.437436067 Bounce:                0 kB
1776798108.437436067 WritebackTmp:          0 kB
1776798108.437436067 CommitLimit:     3537964 kB
1776798108.437436067 Committed_AS:     400520 kB
1776798108.437436067 VmallocTotal:   135288315904 kB
1776798108.437436067 VmallocUsed:       18820 kB
1776798108.437436067 VmallocChunk:          0 kB
1776798108.437436067 Percpu:             1552 kB
1776798108.437436067 AnonHugePages:         0 kB
1776798108.437436067 ShmemHugePages:        0 kB
1776798108.437436067 ShmemPmdMapped:        0 kB
1776798108.437436067 FileHugePages:         0 kB
1776798108.437436067 FilePmdMapped:         0 kB
1776798108.437436067 CmaTotal:          65536 kB
1776798108.437436067 CmaFree:           49104 kB
1776798108.437436067 Balloon:               0 kB
1776798108.437436067 HugePages_Total:     512
1776798108.437436067 HugePages_Free:      512
1776798108.437436067 HugePages_Rsvd:        0
1776798108.437436067 HugePages_Surp:        0
1776798108.437436067 Hugepagesize:       2048 kB
1776798108.437436067 Hugetlb:         1048576 kB
1776798109.445539000 MemTotal:        8124504 kB
1776798109.445539000 MemFree:         6428472 kB
1776798109.445539000 MemAvailable:    6668228 kB
1776798109.445539000 Buffers:           29720 kB
1776798109.445539000 Cached:           338424 kB
1776798109.445539000 SwapCached:            0 kB
1776798109.445539000 Active:           353060 kB
1776798109.445539000 Inactive:         102548 kB
1776798109.445539000 Active(anon):      90836 kB
1776798109.445539000 Inactive(anon):        0 kB
1776798109.445539000 Active(file):     262224 kB
1776798109.445539000 Inactive(file):   102548 kB
1776798109.445539000 Unevictable:           0 kB
1776798109.445539000 Mlocked:               0 kB
1776798109.445539000 SwapTotal:             0 kB
1776798109.445539000 SwapFree:              0 kB
1776798109.445539000 Zswap:                 0 kB
1776798109.445539000 Zswapped:              0 kB
1776798109.445539000 Dirty:               140 kB
1776798109.445539000 Writeback:             0 kB
1776798109.445539000 AnonPages:         87496 kB
1776798109.445539000 Mapped:            88580 kB
1776798109.445539000 Shmem:              3456 kB
1776798109.445539000 KReclaimable:      29484 kB
1776798109.445539000 Slab:             119024 kB
1776798109.445539000 SReclaimable:      29484 kB
1776798109.445539000 SUnreclaim:        89540 kB
1776798109.445539000 KernelStack:        2960 kB
1776798109.445539000 PageTables:         3500 kB
1776798109.445539000 SecPageTables:         0 kB
1776798109.445539000 NFS_Unstable:          0 kB
1776798109.445539000 Bounce:                0 kB
1776798109.445539000 WritebackTmp:          0 kB
1776798109.445539000 CommitLimit:     3537964 kB
1776798109.445539000 Committed_AS:     400520 kB
1776798109.445539000 VmallocTotal:   135288315904 kB
1776798109.445539000 VmallocUsed:       18820 kB
1776798109.445539000 VmallocChunk:          0 kB
1776798109.445539000 Percpu:             1552 kB
1776798109.445539000 AnonHugePages:         0 kB
1776798109.445539000 ShmemHugePages:        0 kB
1776798109.445539000 ShmemPmdMapped:        0 kB
1776798109.445539000 FileHugePages:         0 kB
1776798109.445539000 FilePmdMapped:         0 kB
1776798109.445539000 CmaTotal:          65536 kB
1776798109.445539000 CmaFree:           49104 kB
1776798109.445539000 Balloon:               0 kB
1776798109.445539000 HugePages_Total:     512
1776798109.445539000 HugePages_Free:      512
1776798109.445539000 HugePages_Rsvd:        0
1776798109.445539000 HugePages_Surp:        0
1776798109.445539000 Hugepagesize:       2048 kB
1776798109.445539000 Hugetlb:         1048576 kB
1776798110.454866752 MemTotal:        8124504 kB
1776798110.454866752 MemFree:         6428472 kB
1776798110.454866752 MemAvailable:    6668228 kB
1776798110.454866752 Buffers:           29720 kB
1776798110.454866752 Cached:           338428 kB
1776798110.454866752 SwapCached:            0 kB
1776798110.454866752 Active:           353172 kB
1776798110.454866752 Inactive:         102552 kB
1776798110.454866752 Active(anon):      90952 kB
1776798110.454866752 Inactive(anon):        0 kB
1776798110.454866752 Active(file):     262220 kB
1776798110.454866752 Inactive(file):   102552 kB
1776798110.454866752 Unevictable:           0 kB
1776798110.454866752 Mlocked:               0 kB
1776798110.454866752 SwapTotal:             0 kB
1776798110.454866752 SwapFree:              0 kB
1776798110.454866752 Zswap:                 0 kB
1776798110.454866752 Zswapped:              0 kB
1776798110.454866752 Dirty:               144 kB
1776798110.454866752 Writeback:             0 kB
1776798110.454866752 AnonPages:         87548 kB
1776798110.454866752 Mapped:            88664 kB
1776798110.454866752 Shmem:              3456 kB
1776798110.454866752 KReclaimable:      29484 kB
1776798110.454866752 Slab:             119076 kB
1776798110.454866752 SReclaimable:      29484 kB
1776798110.454866752 SUnreclaim:        89592 kB
1776798110.454866752 KernelStack:        2952 kB
1776798110.454866752 PageTables:         3528 kB
1776798110.454866752 SecPageTables:         0 kB
1776798110.454866752 NFS_Unstable:          0 kB
1776798110.454866752 Bounce:                0 kB
1776798110.454866752 WritebackTmp:          0 kB
1776798110.454866752 CommitLimit:     3537964 kB
1776798110.454866752 Committed_AS:     400520 kB
1776798110.454866752 VmallocTotal:   135288315904 kB
1776798110.454866752 VmallocUsed:       18804 kB
1776798110.454866752 VmallocChunk:          0 kB
1776798110.454866752 Percpu:             1552 kB
1776798110.454866752 AnonHugePages:         0 kB
1776798110.454866752 ShmemHugePages:        0 kB
1776798110.454866752 ShmemPmdMapped:        0 kB
1776798110.454866752 FileHugePages:         0 kB
1776798110.454866752 FilePmdMapped:         0 kB
1776798110.454866752 CmaTotal:          65536 kB
1776798110.454866752 CmaFree:           49104 kB
1776798110.454866752 Balloon:               0 kB
1776798110.454866752 HugePages_Total:     512
1776798110.454866752 HugePages_Free:      512
1776798110.454866752 HugePages_Rsvd:        0
1776798110.454866752 HugePages_Surp:        0
1776798110.454866752 Hugepagesize:       2048 kB
1776798110.454866752 Hugetlb:         1048576 kB
1776798111.464502228 MemTotal:        8124504 kB
1776798111.464502228 MemFree:         6427716 kB
1776798111.464502228 MemAvailable:    6667480 kB
1776798111.464502228 Buffers:           29720 kB
1776798111.464502228 Cached:           338436 kB
1776798111.464502228 SwapCached:            0 kB
1776798111.464502228 Active:           353148 kB
1776798111.464502228 Inactive:         102556 kB
1776798111.464502228 Active(anon):      90924 kB
1776798111.464502228 Inactive(anon):        0 kB
1776798111.464502228 Active(file):     262224 kB
1776798111.464502228 Inactive(file):   102556 kB
1776798111.464502228 Unevictable:           0 kB
1776798111.464502228 Mlocked:               0 kB
1776798111.464502228 SwapTotal:             0 kB
1776798111.464502228 SwapFree:              0 kB
1776798111.464502228 Zswap:                 0 kB
1776798111.464502228 Zswapped:              0 kB
1776798111.464502228 Dirty:               152 kB
1776798111.464502228 Writeback:             0 kB
1776798111.464502228 AnonPages:         87576 kB
1776798111.464502228 Mapped:            88516 kB
1776798111.464502228 Shmem:              3456 kB
1776798111.464502228 KReclaimable:      29484 kB
1776798111.464502228 Slab:             119064 kB
1776798111.464502228 SReclaimable:      29484 kB
1776798111.464502228 SUnreclaim:        89580 kB
1776798111.464502228 KernelStack:        2960 kB
1776798111.464502228 PageTables:         3516 kB
1776798111.464502228 SecPageTables:         0 kB
1776798111.464502228 NFS_Unstable:          0 kB
1776798111.464502228 Bounce:                0 kB
1776798111.464502228 WritebackTmp:          0 kB
1776798111.464502228 CommitLimit:     3537964 kB
1776798111.464502228 Committed_AS:     400520 kB
1776798111.464502228 VmallocTotal:   135288315904 kB
1776798111.464502228 VmallocUsed:       18836 kB
1776798111.464502228 VmallocChunk:          0 kB
1776798111.464502228 Percpu:             1552 kB
1776798111.464502228 AnonHugePages:         0 kB
1776798111.464502228 ShmemHugePages:        0 kB
1776798111.464502228 ShmemPmdMapped:        0 kB
1776798111.464502228 FileHugePages:         0 kB
1776798111.464502228 FilePmdMapped:         0 kB
1776798111.464502228 CmaTotal:          65536 kB
1776798111.464502228 CmaFree:           49104 kB
1776798111.464502228 Balloon:               0 kB
1776798111.464502228 HugePages_Total:     512
1776798111.464502228 HugePages_Free:      512
1776798111.464502228 HugePages_Rsvd:        0
1776798111.464502228 HugePages_Surp:        0
1776798111.464502228 Hugepagesize:       2048 kB
1776798111.464502228 Hugetlb:         1048576 kB
1776798112.472771624 MemTotal:        8124504 kB
1776798112.472771624 MemFree:         6428144 kB
1776798112.472771624 MemAvailable:    6667916 kB
1776798112.472771624 Buffers:           29720 kB
1776798112.472771624 Cached:           338444 kB
1776798112.472771624 SwapCached:            0 kB
1776798112.472771624 Active:           352972 kB
1776798112.472771624 Inactive:         102564 kB
1776798112.472771624 Active(anon):      90748 kB
1776798112.472771624 Inactive(anon):        0 kB
1776798112.472771624 Active(file):     262224 kB
1776798112.472771624 Inactive(file):   102564 kB
1776798112.472771624 Unevictable:           0 kB
1776798112.472771624 Mlocked:               0 kB
1776798112.472771624 SwapTotal:             0 kB
1776798112.472771624 SwapFree:              0 kB
1776798112.472771624 Zswap:                 0 kB
1776798112.472771624 Zswapped:              0 kB
1776798112.472771624 Dirty:               160 kB
1776798112.472771624 Writeback:             0 kB
1776798112.472771624 AnonPages:         87576 kB
1776798112.472771624 Mapped:            88688 kB
1776798112.472771624 Shmem:              3456 kB
1776798112.472771624 KReclaimable:      29484 kB
1776798112.472771624 Slab:             119044 kB
1776798112.472771624 SReclaimable:      29484 kB
1776798112.472771624 SUnreclaim:        89560 kB
1776798112.472771624 KernelStack:        2968 kB
1776798112.472771624 PageTables:         3608 kB
1776798112.472771624 SecPageTables:         0 kB
1776798112.472771624 NFS_Unstable:          0 kB
1776798112.472771624 Bounce:                0 kB
1776798112.472771624 WritebackTmp:          0 kB
1776798112.472771624 CommitLimit:     3537964 kB
1776798112.472771624 Committed_AS:     400520 kB
1776798112.472771624 VmallocTotal:   135288315904 kB
1776798112.472771624 VmallocUsed:       18804 kB
1776798112.472771624 VmallocChunk:          0 kB
1776798112.472771624 Percpu:             1552 kB
1776798112.472771624 AnonHugePages:         0 kB
1776798112.472771624 ShmemHugePages:        0 kB
1776798112.472771624 ShmemPmdMapped:        0 kB
1776798112.472771624 FileHugePages:         0 kB
1776798112.472771624 FilePmdMapped:         0 kB
1776798112.472771624 CmaTotal:          65536 kB
1776798112.472771624 CmaFree:           49104 kB
1776798112.472771624 Balloon:               0 kB
1776798112.472771624 HugePages_Total:     512
1776798112.472771624 HugePages_Free:      512
1776798112.472771624 HugePages_Rsvd:        0
1776798112.472771624 HugePages_Surp:        0
1776798112.472771624 Hugepagesize:       2048 kB
1776798112.472771624 Hugetlb:         1048576 kB
1776798113.482593378 MemTotal:        8124504 kB
1776798113.482593378 MemFree:         6428196 kB
1776798113.482593378 MemAvailable:    6667968 kB
1776798113.482593378 Buffers:           29728 kB
1776798113.482593378 Cached:           338444 kB
1776798113.482593378 SwapCached:            0 kB
1776798113.482593378 Active:           352944 kB
1776798113.482593378 Inactive:         102568 kB
1776798113.482593378 Active(anon):      90724 kB
1776798113.482593378 Inactive(anon):        0 kB
1776798113.482593378 Active(file):     262220 kB
1776798113.482593378 Inactive(file):   102568 kB
1776798113.482593378 Unevictable:           0 kB
1776798113.482593378 Mlocked:               0 kB
1776798113.482593378 SwapTotal:             0 kB
1776798113.482593378 SwapFree:              0 kB
1776798113.482593378 Zswap:                 0 kB
1776798113.482593378 Zswapped:              0 kB
1776798113.482593378 Dirty:               160 kB
1776798113.482593378 Writeback:             0 kB
1776798113.482593378 AnonPages:         87496 kB
1776798113.482593378 Mapped:            88580 kB
1776798113.482593378 Shmem:              3456 kB
1776798113.482593378 KReclaimable:      29484 kB
1776798113.482593378 Slab:             119036 kB
1776798113.482593378 SReclaimable:      29484 kB
1776798113.482593378 SUnreclaim:        89552 kB
1776798113.482593378 KernelStack:        2960 kB
1776798113.482593378 PageTables:         3500 kB
1776798113.482593378 SecPageTables:         0 kB
1776798113.482593378 NFS_Unstable:          0 kB
1776798113.482593378 Bounce:                0 kB
1776798113.482593378 WritebackTmp:          0 kB
1776798113.482593378 CommitLimit:     3537964 kB
1776798113.482593378 Committed_AS:     400520 kB
1776798113.482593378 VmallocTotal:   135288315904 kB
1776798113.482593378 VmallocUsed:       18852 kB
1776798113.482593378 VmallocChunk:          0 kB
1776798113.482593378 Percpu:             1552 kB
1776798113.482593378 AnonHugePages:         0 kB
1776798113.482593378 ShmemHugePages:        0 kB
1776798113.482593378 ShmemPmdMapped:        0 kB
1776798113.482593378 FileHugePages:         0 kB
1776798113.482593378 FilePmdMapped:         0 kB
1776798113.482593378 CmaTotal:          65536 kB
1776798113.482593378 CmaFree:           49104 kB
1776798113.482593378 Balloon:               0 kB
1776798113.482593378 HugePages_Total:     512
1776798113.482593378 HugePages_Free:      512
1776798113.482593378 HugePages_Rsvd:        0
1776798113.482593378 HugePages_Surp:        0
1776798113.482593378 Hugepagesize:       2048 kB
1776798113.482593378 Hugetlb:         1048576 kB
1776798114.490854034 MemTotal:        8124504 kB
1776798114.490854034 MemFree:         6427692 kB
1776798114.490854034 MemAvailable:    6667476 kB
1776798114.490854034 Buffers:           29728 kB
1776798114.490854034 Cached:           338448 kB
1776798114.490854034 SwapCached:            0 kB
1776798114.490854034 Active:           353020 kB
1776798114.490854034 Inactive:         102580 kB
1776798114.490854034 Active(anon):      90800 kB
1776798114.490854034 Inactive(anon):        0 kB
1776798114.490854034 Active(file):     262220 kB
1776798114.490854034 Inactive(file):   102580 kB
1776798114.490854034 Unevictable:           0 kB
1776798114.490854034 Mlocked:               0 kB
1776798114.490854034 SwapTotal:             0 kB
1776798114.490854034 SwapFree:              0 kB
1776798114.490854034 Zswap:                 0 kB
1776798114.490854034 Zswapped:              0 kB
1776798114.490854034 Dirty:                 4 kB
1776798114.490854034 Writeback:             0 kB
1776798114.490854034 AnonPages:         87536 kB
1776798114.490854034 Mapped:            88684 kB
1776798114.490854034 Shmem:              3456 kB
1776798114.490854034 KReclaimable:      29484 kB
1776798114.490854034 Slab:             119040 kB
1776798114.490854034 SReclaimable:      29484 kB
1776798114.490854034 SUnreclaim:        89556 kB
1776798114.490854034 KernelStack:        2992 kB
1776798114.490854034 PageTables:         3588 kB
1776798114.490854034 SecPageTables:         0 kB
1776798114.490854034 NFS_Unstable:          0 kB
1776798114.490854034 Bounce:                0 kB
1776798114.490854034 WritebackTmp:          0 kB
1776798114.490854034 CommitLimit:     3537964 kB
1776798114.490854034 Committed_AS:     400520 kB
1776798114.490854034 VmallocTotal:   135288315904 kB
1776798114.490854034 VmallocUsed:       18836 kB
1776798114.490854034 VmallocChunk:          0 kB
1776798114.490854034 Percpu:             1552 kB
1776798114.490854034 AnonHugePages:         0 kB
1776798114.490854034 ShmemHugePages:        0 kB
1776798114.490854034 ShmemPmdMapped:        0 kB
1776798114.490854034 FileHugePages:         0 kB
1776798114.490854034 FilePmdMapped:         0 kB
1776798114.490854034 CmaTotal:          65536 kB
1776798114.490854034 CmaFree:           49104 kB
1776798114.490854034 Balloon:               0 kB
1776798114.490854034 HugePages_Total:     512
1776798114.490854034 HugePages_Free:      512
1776798114.490854034 HugePages_Rsvd:        0
1776798114.490854034 HugePages_Surp:        0
1776798114.490854034 Hugepagesize:       2048 kB
1776798114.490854034 Hugetlb:         1048576 kB
1776798115.502221737 MemTotal:        8124504 kB
1776798115.502221737 MemFree:         6428708 kB
1776798115.502221737 MemAvailable:    6668496 kB
1776798115.502221737 Buffers:           29728 kB
1776798115.502221737 Cached:           338452 kB
1776798115.502221737 SwapCached:            0 kB
1776798115.502221737 Active:           352876 kB
1776798115.502221737 Inactive:         102584 kB
1776798115.502221737 Active(anon):      90656 kB
1776798115.502221737 Inactive(anon):        0 kB
1776798115.502221737 Active(file):     262220 kB
1776798115.502221737 Inactive(file):   102584 kB
1776798115.502221737 Unevictable:           0 kB
1776798115.502221737 Mlocked:               0 kB
1776798115.502221737 SwapTotal:             0 kB
1776798115.502221737 SwapFree:              0 kB
1776798115.502221737 Zswap:                 0 kB
1776798115.502221737 Zswapped:              0 kB
1776798115.502221737 Dirty:                24 kB
1776798115.502221737 Writeback:             0 kB
1776798115.502221737 AnonPages:         87388 kB
1776798115.502221737 Mapped:            88600 kB
1776798115.502221737 Shmem:              3456 kB
1776798115.502221737 KReclaimable:      29484 kB
1776798115.502221737 Slab:             119012 kB
1776798115.502221737 SReclaimable:      29484 kB
1776798115.502221737 SUnreclaim:        89528 kB
1776798115.502221737 KernelStack:        2952 kB
1776798115.502221737 PageTables:         3644 kB
1776798115.502221737 SecPageTables:         0 kB
1776798115.502221737 NFS_Unstable:          0 kB
1776798115.502221737 Bounce:                0 kB
1776798115.502221737 WritebackTmp:          0 kB
1776798115.502221737 CommitLimit:     3537964 kB
1776798115.502221737 Committed_AS:     400520 kB
1776798115.502221737 VmallocTotal:   135288315904 kB
1776798115.502221737 VmallocUsed:       18804 kB
1776798115.502221737 VmallocChunk:          0 kB
1776798115.502221737 Percpu:             1552 kB
1776798115.502221737 AnonHugePages:         0 kB
1776798115.502221737 ShmemHugePages:        0 kB
1776798115.502221737 ShmemPmdMapped:        0 kB
1776798115.502221737 FileHugePages:         0 kB
1776798115.502221737 FilePmdMapped:         0 kB
1776798115.502221737 CmaTotal:          65536 kB
1776798115.502221737 CmaFree:           49104 kB
1776798115.502221737 Balloon:               0 kB
1776798115.502221737 HugePages_Total:     512
1776798115.502221737 HugePages_Free:      512
1776798115.502221737 HugePages_Rsvd:        0
1776798115.502221737 HugePages_Surp:        0
1776798115.502221737 Hugepagesize:       2048 kB
1776798115.502221737 Hugetlb:         1048576 kB
1776798116.512496215 MemTotal:        8124504 kB
1776798116.512496215 MemFree:         6428708 kB
1776798116.512496215 MemAvailable:    6668500 kB
1776798116.512496215 Buffers:           29728 kB
1776798116.512496215 Cached:           338456 kB
1776798116.512496215 SwapCached:            0 kB
1776798116.512496215 Active:           353056 kB
1776798116.512496215 Inactive:         102588 kB
1776798116.512496215 Active(anon):      90836 kB
1776798116.512496215 Inactive(anon):        0 kB
1776798116.512496215 Active(file):     262220 kB
1776798116.512496215 Inactive(file):   102588 kB
1776798116.512496215 Unevictable:           0 kB
1776798116.512496215 Mlocked:               0 kB
1776798116.512496215 SwapTotal:             0 kB
1776798116.512496215 SwapFree:              0 kB
1776798116.512496215 Zswap:                 0 kB
1776798116.512496215 Zswapped:              0 kB
1776798116.512496215 Dirty:                28 kB
1776798116.512496215 Writeback:             0 kB
1776798116.512496215 AnonPages:         87616 kB
1776798116.512496215 Mapped:            88612 kB
1776798116.512496215 Shmem:              3456 kB
1776798116.512496215 KReclaimable:      29484 kB
1776798116.512496215 Slab:             119024 kB
1776798116.512496215 SReclaimable:      29484 kB
1776798116.512496215 SUnreclaim:        89540 kB
1776798116.512496215 KernelStack:        2936 kB
1776798116.512496215 PageTables:         3544 kB
1776798116.512496215 SecPageTables:         0 kB
1776798116.512496215 NFS_Unstable:          0 kB
1776798116.512496215 Bounce:                0 kB
1776798116.512496215 WritebackTmp:          0 kB
1776798116.512496215 CommitLimit:     3537964 kB
1776798116.512496215 Committed_AS:     400520 kB
1776798116.512496215 VmallocTotal:   135288315904 kB
1776798116.512496215 VmallocUsed:       18820 kB
1776798116.512496215 VmallocChunk:          0 kB
1776798116.512496215 Percpu:             1552 kB
1776798116.512496215 AnonHugePages:         0 kB
1776798116.512496215 ShmemHugePages:        0 kB
1776798116.512496215 ShmemPmdMapped:        0 kB
1776798116.512496215 FileHugePages:         0 kB
1776798116.512496215 FilePmdMapped:         0 kB
1776798116.512496215 CmaTotal:          65536 kB
1776798116.512496215 CmaFree:           49104 kB
1776798116.512496215 Balloon:               0 kB
1776798116.512496215 HugePages_Total:     512
1776798116.512496215 HugePages_Free:      512
1776798116.512496215 HugePages_Rsvd:        0
1776798116.512496215 HugePages_Surp:        0
1776798116.512496215 Hugepagesize:       2048 kB
1776798116.512496215 Hugetlb:         1048576 kB
1776798117.521187465 MemTotal:        8124504 kB
1776798117.521187465 MemFree:         6428708 kB
1776798117.521187465 MemAvailable:    6668512 kB
1776798117.521187465 Buffers:           29728 kB
1776798117.521187465 Cached:           338464 kB
1776798117.521187465 SwapCached:            0 kB
1776798117.521187465 Active:           353040 kB
1776798117.521187465 Inactive:         102596 kB
1776798117.521187465 Active(anon):      90816 kB
1776798117.521187465 Inactive(anon):        0 kB
1776798117.521187465 Active(file):     262224 kB
1776798117.521187465 Inactive(file):   102596 kB
1776798117.521187465 Unevictable:           0 kB
1776798117.521187465 Mlocked:               0 kB
1776798117.521187465 SwapTotal:             0 kB
1776798117.521187465 SwapFree:              0 kB
1776798117.521187465 Zswap:                 0 kB
1776798117.521187465 Zswapped:              0 kB
1776798117.521187465 Dirty:                36 kB
1776798117.521187465 Writeback:             0 kB
1776798117.521187465 AnonPages:         87492 kB
1776798117.521187465 Mapped:            88580 kB
1776798117.521187465 Shmem:              3456 kB
1776798117.521187465 KReclaimable:      29484 kB
1776798117.521187465 Slab:             119044 kB
1776798117.521187465 SReclaimable:      29484 kB
1776798117.521187465 SUnreclaim:        89560 kB
1776798117.521187465 KernelStack:        2960 kB
1776798117.521187465 PageTables:         3504 kB
1776798117.521187465 SecPageTables:         0 kB
1776798117.521187465 NFS_Unstable:          0 kB
1776798117.521187465 Bounce:                0 kB
1776798117.521187465 WritebackTmp:          0 kB
1776798117.521187465 CommitLimit:     3537964 kB
1776798117.521187465 Committed_AS:     400520 kB
1776798117.521187465 VmallocTotal:   135288315904 kB
1776798117.521187465 VmallocUsed:       18820 kB
1776798117.521187465 VmallocChunk:          0 kB
1776798117.521187465 Percpu:             1552 kB
1776798117.521187465 AnonHugePages:         0 kB
1776798117.521187465 ShmemHugePages:        0 kB
1776798117.521187465 ShmemPmdMapped:        0 kB
1776798117.521187465 FileHugePages:         0 kB
1776798117.521187465 FilePmdMapped:         0 kB
1776798117.521187465 CmaTotal:          65536 kB
1776798117.521187465 CmaFree:           49104 kB
1776798117.521187465 Balloon:               0 kB
1776798117.521187465 HugePages_Total:     512
1776798117.521187465 HugePages_Free:      512
1776798117.521187465 HugePages_Rsvd:        0
1776798117.521187465 HugePages_Surp:        0
1776798117.521187465 Hugepagesize:       2048 kB
1776798117.521187465 Hugetlb:         1048576 kB
1776798118.530677866 MemTotal:        8124504 kB
1776798118.530677866 MemFree:         6428708 kB
1776798118.530677866 MemAvailable:    6668516 kB
1776798118.530677866 Buffers:           29736 kB
1776798118.530677866 Cached:           338460 kB
1776798118.530677866 SwapCached:            0 kB
1776798118.530677866 Active:           352940 kB
1776798118.530677866 Inactive:         102600 kB
1776798118.530677866 Active(anon):      90716 kB
1776798118.530677866 Inactive(anon):        0 kB
1776798118.530677866 Active(file):     262224 kB
1776798118.530677866 Inactive(file):   102600 kB
1776798118.530677866 Unevictable:           0 kB
1776798118.530677866 Mlocked:               0 kB
1776798118.530677866 SwapTotal:             0 kB
1776798118.530677866 SwapFree:              0 kB
1776798118.530677866 Zswap:                 0 kB
1776798118.530677866 Zswapped:              0 kB
1776798118.530677866 Dirty:                40 kB
1776798118.530677866 Writeback:             0 kB
1776798118.530677866 AnonPages:         87464 kB
1776798118.530677866 Mapped:            88772 kB
1776798118.530677866 Shmem:              3456 kB
1776798118.530677866 KReclaimable:      29484 kB
1776798118.530677866 Slab:             119068 kB
1776798118.530677866 SReclaimable:      29484 kB
1776798118.530677866 SUnreclaim:        89584 kB
1776798118.530677866 KernelStack:        3016 kB
1776798118.530677866 PageTables:         3648 kB
1776798118.530677866 SecPageTables:         0 kB
1776798118.530677866 NFS_Unstable:          0 kB
1776798118.530677866 Bounce:                0 kB
1776798118.530677866 WritebackTmp:          0 kB
1776798118.530677866 CommitLimit:     3537964 kB
1776798118.530677866 Committed_AS:     400520 kB
1776798118.530677866 VmallocTotal:   135288315904 kB
1776798118.530677866 VmallocUsed:       18836 kB
1776798118.530677866 VmallocChunk:          0 kB
1776798118.530677866 Percpu:             1552 kB
1776798118.530677866 AnonHugePages:         0 kB
1776798118.530677866 ShmemHugePages:        0 kB
1776798118.530677866 ShmemPmdMapped:        0 kB
1776798118.530677866 FileHugePages:         0 kB
1776798118.530677866 FilePmdMapped:         0 kB
1776798118.530677866 CmaTotal:          65536 kB
1776798118.530677866 CmaFree:           49104 kB
1776798118.530677866 Balloon:               0 kB
1776798118.530677866 HugePages_Total:     512
1776798118.530677866 HugePages_Free:      512
1776798118.530677866 HugePages_Rsvd:        0
1776798118.530677866 HugePages_Surp:        0
1776798118.530677866 Hugepagesize:       2048 kB
1776798118.530677866 Hugetlb:         1048576 kB
1776798119.542057106 MemTotal:        8124504 kB
1776798119.542057106 MemFree:         6428708 kB
1776798119.542057106 MemAvailable:    6668524 kB
1776798119.542057106 Buffers:           29736 kB
1776798119.542057106 Cached:           338472 kB
1776798119.542057106 SwapCached:            0 kB
1776798119.542057106 Active:           353028 kB
1776798119.542057106 Inactive:         102612 kB
1776798119.542057106 Active(anon):      90808 kB
1776798119.542057106 Inactive(anon):        0 kB
1776798119.542057106 Active(file):     262220 kB
1776798119.542057106 Inactive(file):   102612 kB
1776798119.542057106 Unevictable:           0 kB
1776798119.542057106 Mlocked:               0 kB
1776798119.542057106 SwapTotal:             0 kB
1776798119.542057106 SwapFree:              0 kB
1776798119.542057106 Zswap:                 0 kB
1776798119.542057106 Zswapped:              0 kB
1776798119.542057106 Dirty:                60 kB
1776798119.542057106 Writeback:             0 kB
1776798119.542057106 AnonPages:         87360 kB
1776798119.542057106 Mapped:            88600 kB
1776798119.542057106 Shmem:              3456 kB
1776798119.542057106 KReclaimable:      29484 kB
1776798119.542057106 Slab:             119052 kB
1776798119.542057106 SReclaimable:      29484 kB
1776798119.542057106 SUnreclaim:        89568 kB
1776798119.542057106 KernelStack:        2976 kB
1776798119.542057106 PageTables:         3564 kB
1776798119.542057106 SecPageTables:         0 kB
1776798119.542057106 NFS_Unstable:          0 kB
1776798119.542057106 Bounce:                0 kB
1776798119.542057106 WritebackTmp:          0 kB
1776798119.542057106 CommitLimit:     3537964 kB
1776798119.542057106 Committed_AS:     400520 kB
1776798119.542057106 VmallocTotal:   135288315904 kB
1776798119.542057106 VmallocUsed:       18820 kB
1776798119.542057106 VmallocChunk:          0 kB
1776798119.542057106 Percpu:             1552 kB
1776798119.542057106 AnonHugePages:         0 kB
1776798119.542057106 ShmemHugePages:        0 kB
1776798119.542057106 ShmemPmdMapped:        0 kB
1776798119.542057106 FileHugePages:         0 kB
1776798119.542057106 FilePmdMapped:         0 kB
1776798119.542057106 CmaTotal:          65536 kB
1776798119.542057106 CmaFree:           49104 kB
1776798119.542057106 Balloon:               0 kB
1776798119.542057106 HugePages_Total:     512
1776798119.542057106 HugePages_Free:      512
1776798119.542057106 HugePages_Rsvd:        0
1776798119.542057106 HugePages_Surp:        0
1776798119.542057106 Hugepagesize:       2048 kB
1776798119.542057106 Hugetlb:         1048576 kB
1776798120.550542541 MemTotal:        8124504 kB
1776798120.550542541 MemFree:         6428708 kB
1776798120.550542541 MemAvailable:    6668536 kB
1776798120.550542541 Buffers:           29736 kB
1776798120.550542541 Cached:           338480 kB
1776798120.550542541 SwapCached:            0 kB
1776798120.550542541 Active:           353048 kB
1776798120.550542541 Inactive:         102620 kB
1776798120.550542541 Active(anon):      90824 kB
1776798120.550542541 Inactive(anon):        0 kB
1776798120.550542541 Active(file):     262224 kB
1776798120.550542541 Inactive(file):   102620 kB
1776798120.550542541 Unevictable:           0 kB
1776798120.550542541 Mlocked:               0 kB
1776798120.550542541 SwapTotal:             0 kB
1776798120.550542541 SwapFree:              0 kB
1776798120.550542541 Zswap:                 0 kB
1776798120.550542541 Zswapped:              0 kB
1776798120.550542541 Dirty:                68 kB
1776798120.550542541 Writeback:             0 kB
1776798120.550542541 AnonPages:         87592 kB
1776798120.550542541 Mapped:            88688 kB
1776798120.550542541 Shmem:              3456 kB
1776798120.550542541 KReclaimable:      29484 kB
1776798120.550542541 Slab:             119032 kB
1776798120.550542541 SReclaimable:      29484 kB
1776798120.550542541 SUnreclaim:        89548 kB
1776798120.550542541 KernelStack:        2960 kB
1776798120.550542541 PageTables:         3668 kB
1776798120.550542541 SecPageTables:         0 kB
1776798120.550542541 NFS_Unstable:          0 kB
1776798120.550542541 Bounce:                0 kB
1776798120.550542541 WritebackTmp:          0 kB
1776798120.550542541 CommitLimit:     3537964 kB
1776798120.550542541 Committed_AS:     400520 kB
1776798120.550542541 VmallocTotal:   135288315904 kB
1776798120.550542541 VmallocUsed:       18820 kB
1776798120.550542541 VmallocChunk:          0 kB
1776798120.550542541 Percpu:             1552 kB
1776798120.550542541 AnonHugePages:         0 kB
1776798120.550542541 ShmemHugePages:        0 kB
1776798120.550542541 ShmemPmdMapped:        0 kB
1776798120.550542541 FileHugePages:         0 kB
1776798120.550542541 FilePmdMapped:         0 kB
1776798120.550542541 CmaTotal:          65536 kB
1776798120.550542541 CmaFree:           49104 kB
1776798120.550542541 Balloon:               0 kB
1776798120.550542541 HugePages_Total:     512
1776798120.550542541 HugePages_Free:      512
1776798120.550542541 HugePages_Rsvd:        0
1776798120.550542541 HugePages_Surp:        0
1776798120.550542541 Hugepagesize:       2048 kB
1776798120.550542541 Hugetlb:         1048576 kB
1776798121.560066053 MemTotal:        8124504 kB
1776798121.560066053 MemFree:         6428456 kB
1776798121.560066053 MemAvailable:    6668284 kB
1776798121.560066053 Buffers:           29736 kB
1776798121.560066053 Cached:           338484 kB
1776798121.560066053 SwapCached:            0 kB
1776798121.560066053 Active:           352896 kB
1776798121.560066053 Inactive:         102624 kB
1776798121.560066053 Active(anon):      90676 kB
1776798121.560066053 Inactive(anon):        0 kB
1776798121.560066053 Active(file):     262220 kB
1776798121.560066053 Inactive(file):   102624 kB
1776798121.560066053 Unevictable:           0 kB
1776798121.560066053 Mlocked:               0 kB
1776798121.560066053 SwapTotal:             0 kB
1776798121.560066053 SwapFree:              0 kB
1776798121.560066053 Zswap:                 0 kB
1776798121.560066053 Zswapped:              0 kB
1776798121.560066053 Dirty:                72 kB
1776798121.560066053 Writeback:             0 kB
1776798121.560066053 AnonPages:         87352 kB
1776798121.560066053 Mapped:            88688 kB
1776798121.560066053 Shmem:              3456 kB
1776798121.560066053 KReclaimable:      29484 kB
1776798121.560066053 Slab:             119044 kB
1776798121.560066053 SReclaimable:      29484 kB
1776798121.560066053 SUnreclaim:        89560 kB
1776798121.560066053 KernelStack:        2992 kB
1776798121.560066053 PageTables:         3540 kB
1776798121.560066053 SecPageTables:         0 kB
1776798121.560066053 NFS_Unstable:          0 kB
1776798121.560066053 Bounce:                0 kB
1776798121.560066053 WritebackTmp:          0 kB
1776798121.560066053 CommitLimit:     3537964 kB
1776798121.560066053 Committed_AS:     400520 kB
1776798121.560066053 VmallocTotal:   135288315904 kB
1776798121.560066053 VmallocUsed:       18836 kB
1776798121.560066053 VmallocChunk:          0 kB
1776798121.560066053 Percpu:             1552 kB
1776798121.560066053 AnonHugePages:         0 kB
1776798121.560066053 ShmemHugePages:        0 kB
1776798121.560066053 ShmemPmdMapped:        0 kB
1776798121.560066053 FileHugePages:         0 kB
1776798121.560066053 FilePmdMapped:         0 kB
1776798121.560066053 CmaTotal:          65536 kB
1776798121.560066053 CmaFree:           49104 kB
1776798121.560066053 Balloon:               0 kB
1776798121.560066053 HugePages_Total:     512
1776798121.560066053 HugePages_Free:      512
1776798121.560066053 HugePages_Rsvd:        0
1776798121.560066053 HugePages_Surp:        0
1776798121.560066053 Hugepagesize:       2048 kB
1776798121.560066053 Hugetlb:         1048576 kB
1776798122.571473163 MemTotal:        8124504 kB
1776798122.571473163 MemFree:         6428308 kB
1776798122.571473163 MemAvailable:    6668136 kB
1776798122.571473163 Buffers:           29736 kB
1776798122.571473163 Cached:           338484 kB
1776798122.571473163 SwapCached:            0 kB
1776798122.571473163 Active:           352824 kB
1776798122.571473163 Inactive:         102624 kB
1776798122.571473163 Active(anon):      90604 kB
1776798122.571473163 Inactive(anon):        0 kB
1776798122.571473163 Active(file):     262220 kB
1776798122.571473163 Inactive(file):   102624 kB
1776798122.571473163 Unevictable:           0 kB
1776798122.571473163 Mlocked:               0 kB
1776798122.571473163 SwapTotal:             0 kB
1776798122.571473163 SwapFree:              0 kB
1776798122.571473163 Zswap:                 0 kB
1776798122.571473163 Zswapped:              0 kB
1776798122.571473163 Dirty:                72 kB
1776798122.571473163 Writeback:             0 kB
1776798122.571473163 AnonPages:         87296 kB
1776798122.571473163 Mapped:            88672 kB
1776798122.571473163 Shmem:              3456 kB
1776798122.571473163 KReclaimable:      29484 kB
1776798122.571473163 Slab:             119032 kB
1776798122.571473163 SReclaimable:      29484 kB
1776798122.571473163 SUnreclaim:        89548 kB
1776798122.571473163 KernelStack:        2984 kB
1776798122.571473163 PageTables:         3840 kB
1776798122.571473163 SecPageTables:         0 kB
1776798122.571473163 NFS_Unstable:          0 kB
1776798122.571473163 Bounce:                0 kB
1776798122.571473163 WritebackTmp:          0 kB
1776798122.571473163 CommitLimit:     3537964 kB
1776798122.571473163 Committed_AS:     400520 kB
1776798122.571473163 VmallocTotal:   135288315904 kB
1776798122.571473163 VmallocUsed:       18852 kB
1776798122.571473163 VmallocChunk:          0 kB
1776798122.571473163 Percpu:             1552 kB
1776798122.571473163 AnonHugePages:         0 kB
1776798122.571473163 ShmemHugePages:        0 kB
1776798122.571473163 ShmemPmdMapped:        0 kB
1776798122.571473163 FileHugePages:         0 kB
1776798122.571473163 FilePmdMapped:         0 kB
1776798122.571473163 CmaTotal:          65536 kB
1776798122.571473163 CmaFree:           49104 kB
1776798122.571473163 Balloon:               0 kB
1776798122.571473163 HugePages_Total:     512
1776798122.571473163 HugePages_Free:      512
1776798122.571473163 HugePages_Rsvd:        0
1776798122.571473163 HugePages_Surp:        0
1776798122.571473163 Hugepagesize:       2048 kB
1776798122.571473163 Hugetlb:         1048576 kB
1776798123.579837209 MemTotal:        8124504 kB
1776798123.579837209 MemFree:         6428204 kB
1776798123.579837209 MemAvailable:    6668048 kB
1776798123.579837209 Buffers:           29744 kB
1776798123.579837209 Cached:           338492 kB
1776798123.579837209 SwapCached:            0 kB
1776798123.579837209 Active:           353004 kB
1776798123.579837209 Inactive:         102640 kB
1776798123.579837209 Active(anon):      90784 kB
1776798123.579837209 Inactive(anon):        0 kB
1776798123.579837209 Active(file):     262220 kB
1776798123.579837209 Inactive(file):   102640 kB
1776798123.579837209 Unevictable:           0 kB
1776798123.579837209 Mlocked:               0 kB
1776798123.579837209 SwapTotal:             0 kB
1776798123.579837209 SwapFree:              0 kB
1776798123.579837209 Zswap:                 0 kB
1776798123.579837209 Zswapped:              0 kB
1776798123.579837209 Dirty:                80 kB
1776798123.579837209 Writeback:             0 kB
1776798123.579837209 AnonPages:         87544 kB
1776798123.579837209 Mapped:            88648 kB
1776798123.579837209 Shmem:              3456 kB
1776798123.579837209 KReclaimable:      29484 kB
1776798123.579837209 Slab:             119036 kB
1776798123.579837209 SReclaimable:      29484 kB
1776798123.579837209 SUnreclaim:        89552 kB
1776798123.579837209 KernelStack:        2968 kB
1776798123.579837209 PageTables:         3660 kB
1776798123.579837209 SecPageTables:         0 kB
1776798123.579837209 NFS_Unstable:          0 kB
1776798123.579837209 Bounce:                0 kB
1776798123.579837209 WritebackTmp:          0 kB
1776798123.579837209 CommitLimit:     3537964 kB
1776798123.579837209 Committed_AS:     400520 kB
1776798123.579837209 VmallocTotal:   135288315904 kB
1776798123.579837209 VmallocUsed:       18868 kB
1776798123.579837209 VmallocChunk:          0 kB
1776798123.579837209 Percpu:             1552 kB
1776798123.579837209 AnonHugePages:         0 kB
1776798123.579837209 ShmemHugePages:        0 kB
1776798123.579837209 ShmemPmdMapped:        0 kB
1776798123.579837209 FileHugePages:         0 kB
1776798123.579837209 FilePmdMapped:         0 kB
1776798123.579837209 CmaTotal:          65536 kB
1776798123.579837209 CmaFree:           49104 kB
1776798123.579837209 Balloon:               0 kB
1776798123.579837209 HugePages_Total:     512
1776798123.579837209 HugePages_Free:      512
1776798123.579837209 HugePages_Rsvd:        0
1776798123.579837209 HugePages_Surp:        0
1776798123.579837209 Hugepagesize:       2048 kB
1776798123.579837209 Hugetlb:         1048576 kB
1776798124.588161161 MemTotal:        8124504 kB
1776798124.588161161 MemFree:         6428456 kB
1776798124.588161161 MemAvailable:    6668304 kB
1776798124.588161161 Buffers:           29744 kB
1776798124.588161161 Cached:           338496 kB
1776798124.588161161 SwapCached:            0 kB
1776798124.588161161 Active:           353120 kB
1776798124.588161161 Inactive:         102644 kB
1776798124.588161161 Active(anon):      90900 kB
1776798124.588161161 Inactive(anon):        0 kB
1776798124.588161161 Active(file):     262220 kB
1776798124.588161161 Inactive(file):   102644 kB
1776798124.588161161 Unevictable:           0 kB
1776798124.588161161 Mlocked:               0 kB
1776798124.588161161 SwapTotal:             0 kB
1776798124.588161161 SwapFree:              0 kB
1776798124.588161161 Zswap:                 0 kB
1776798124.588161161 Zswapped:              0 kB
1776798124.588161161 Dirty:                84 kB
1776798124.588161161 Writeback:             0 kB
1776798124.588161161 AnonPages:         87548 kB
1776798124.588161161 Mapped:            88704 kB
1776798124.588161161 Shmem:              3456 kB
1776798124.588161161 KReclaimable:      29484 kB
1776798124.588161161 Slab:             119048 kB
1776798124.588161161 SReclaimable:      29484 kB
1776798124.588161161 SUnreclaim:        89564 kB
1776798124.588161161 KernelStack:        3008 kB
1776798124.588161161 PageTables:         3604 kB
1776798124.588161161 SecPageTables:         0 kB
1776798124.588161161 NFS_Unstable:          0 kB
1776798124.588161161 Bounce:                0 kB
1776798124.588161161 WritebackTmp:          0 kB
1776798124.588161161 CommitLimit:     3537964 kB
1776798124.588161161 Committed_AS:     400520 kB
1776798124.588161161 VmallocTotal:   135288315904 kB
1776798124.588161161 VmallocUsed:       18836 kB
1776798124.588161161 VmallocChunk:          0 kB
1776798124.588161161 Percpu:             1552 kB
1776798124.588161161 AnonHugePages:         0 kB
1776798124.588161161 ShmemHugePages:        0 kB
1776798124.588161161 ShmemPmdMapped:        0 kB
1776798124.588161161 FileHugePages:         0 kB
1776798124.588161161 FilePmdMapped:         0 kB
1776798124.588161161 CmaTotal:          65536 kB
1776798124.588161161 CmaFree:           49104 kB
1776798124.588161161 Balloon:               0 kB
1776798124.588161161 HugePages_Total:     512
1776798124.588161161 HugePages_Free:      512
1776798124.588161161 HugePages_Rsvd:        0
1776798124.588161161 HugePages_Surp:        0
1776798124.588161161 Hugepagesize:       2048 kB
1776798124.588161161 Hugetlb:         1048576 kB
1776798125.597685210 MemTotal:        8124504 kB
1776798125.597685210 MemFree:         6428144 kB
1776798125.597685210 MemAvailable:    6667996 kB
1776798125.597685210 Buffers:           29744 kB
1776798125.597685210 Cached:           338500 kB
1776798125.597685210 SwapCached:            0 kB
1776798125.597685210 Active:           352840 kB
1776798125.597685210 Inactive:         102648 kB
1776798125.597685210 Active(anon):      90620 kB
1776798125.597685210 Inactive(anon):        0 kB
1776798125.597685210 Active(file):     262220 kB
1776798125.597685210 Inactive(file):   102648 kB
1776798125.597685210 Unevictable:           0 kB
1776798125.597685210 Mlocked:               0 kB
1776798125.597685210 SwapTotal:             0 kB
1776798125.597685210 SwapFree:              0 kB
1776798125.597685210 Zswap:                 0 kB
1776798125.597685210 Zswapped:              0 kB
1776798125.597685210 Dirty:                88 kB
1776798125.597685210 Writeback:             0 kB
1776798125.597685210 AnonPages:         87308 kB
1776798125.597685210 Mapped:            88748 kB
1776798125.597685210 Shmem:              3456 kB
1776798125.597685210 KReclaimable:      29484 kB
1776798125.597685210 Slab:             119064 kB
1776798125.597685210 SReclaimable:      29484 kB
1776798125.597685210 SUnreclaim:        89580 kB
1776798125.597685210 KernelStack:        3000 kB
1776798125.597685210 PageTables:         3744 kB
1776798125.597685210 SecPageTables:         0 kB
1776798125.597685210 NFS_Unstable:          0 kB
1776798125.597685210 Bounce:                0 kB
1776798125.597685210 WritebackTmp:          0 kB
1776798125.597685210 CommitLimit:     3537964 kB
1776798125.597685210 Committed_AS:     400520 kB
1776798125.597685210 VmallocTotal:   135288315904 kB
1776798125.597685210 VmallocUsed:       18836 kB
1776798125.597685210 VmallocChunk:          0 kB
1776798125.597685210 Percpu:             1552 kB
1776798125.597685210 AnonHugePages:         0 kB
1776798125.597685210 ShmemHugePages:        0 kB
1776798125.597685210 ShmemPmdMapped:        0 kB
1776798125.597685210 FileHugePages:         0 kB
1776798125.597685210 FilePmdMapped:         0 kB
1776798125.597685210 CmaTotal:          65536 kB
1776798125.597685210 CmaFree:           49104 kB
1776798125.597685210 Balloon:               0 kB
1776798125.597685210 HugePages_Total:     512
1776798125.597685210 HugePages_Free:      512
1776798125.597685210 HugePages_Rsvd:        0
1776798125.597685210 HugePages_Surp:        0
1776798125.597685210 Hugepagesize:       2048 kB
1776798125.597685210 Hugetlb:         1048576 kB
1776798126.607368519 MemTotal:        8124504 kB
1776798126.607368519 MemFree:         6429096 kB
1776798126.607368519 MemAvailable:    6668956 kB
1776798126.607368519 Buffers:           29744 kB
1776798126.607368519 Cached:           338504 kB
1776798126.607368519 SwapCached:            0 kB
1776798126.607368519 Active:           352936 kB
1776798126.607368519 Inactive:         102652 kB
1776798126.607368519 Active(anon):      90712 kB
1776798126.607368519 Inactive(anon):        0 kB
1776798126.607368519 Active(file):     262224 kB
1776798126.607368519 Inactive(file):   102652 kB
1776798126.607368519 Unevictable:           0 kB
1776798126.607368519 Mlocked:               0 kB
1776798126.607368519 SwapTotal:             0 kB
1776798126.607368519 SwapFree:              0 kB
1776798126.607368519 Zswap:                 0 kB
1776798126.607368519 Zswapped:              0 kB
1776798126.607368519 Dirty:                92 kB
1776798126.607368519 Writeback:             0 kB
1776798126.607368519 AnonPages:         87436 kB
1776798126.607368519 Mapped:            88776 kB
1776798126.607368519 Shmem:              3456 kB
1776798126.607368519 KReclaimable:      29484 kB
1776798126.607368519 Slab:             119056 kB
1776798126.607368519 SReclaimable:      29484 kB
1776798126.607368519 SUnreclaim:        89572 kB
1776798126.607368519 KernelStack:        3024 kB
1776798126.607368519 PageTables:         3672 kB
1776798126.607368519 SecPageTables:         0 kB
1776798126.607368519 NFS_Unstable:          0 kB
1776798126.607368519 Bounce:                0 kB
1776798126.607368519 WritebackTmp:          0 kB
1776798126.607368519 CommitLimit:     3537964 kB
1776798126.607368519 Committed_AS:     400520 kB
1776798126.607368519 VmallocTotal:   135288315904 kB
1776798126.607368519 VmallocUsed:       18836 kB
1776798126.607368519 VmallocChunk:          0 kB
1776798126.607368519 Percpu:             1552 kB
1776798126.607368519 AnonHugePages:         0 kB
1776798126.607368519 ShmemHugePages:        0 kB
1776798126.607368519 ShmemPmdMapped:        0 kB
1776798126.607368519 FileHugePages:         0 kB
1776798126.607368519 FilePmdMapped:         0 kB
1776798126.607368519 CmaTotal:          65536 kB
1776798126.607368519 CmaFree:           49104 kB
1776798126.607368519 Balloon:               0 kB
1776798126.607368519 HugePages_Total:     512
1776798126.607368519 HugePages_Free:      512
1776798126.607368519 HugePages_Rsvd:        0
1776798126.607368519 HugePages_Surp:        0
1776798126.607368519 Hugepagesize:       2048 kB
1776798126.607368519 Hugetlb:         1048576 kB
1776798127.616812087 MemTotal:        8124504 kB
1776798127.616812087 MemFree:         6429204 kB
1776798127.616812087 MemAvailable:    6669068 kB
1776798127.616812087 Buffers:           29744 kB
1776798127.616812087 Cached:           338512 kB
1776798127.616812087 SwapCached:            0 kB
1776798127.616812087 Active:           353204 kB
1776798127.616812087 Inactive:         102656 kB
1776798127.616812087 Active(anon):      90980 kB
1776798127.616812087 Inactive(anon):        0 kB
1776798127.616812087 Active(file):     262224 kB
1776798127.616812087 Inactive(file):   102656 kB
1776798127.616812087 Unevictable:           0 kB
1776798127.616812087 Mlocked:               0 kB
1776798127.616812087 SwapTotal:             0 kB
1776798127.616812087 SwapFree:              0 kB
1776798127.616812087 Zswap:                 0 kB
1776798127.616812087 Zswapped:              0 kB
1776798127.616812087 Dirty:               100 kB
1776798127.616812087 Writeback:             0 kB
1776798127.616812087 AnonPages:         87024 kB
1776798127.616812087 Mapped:            88764 kB
1776798127.616812087 Shmem:              3456 kB
1776798127.616812087 KReclaimable:      29484 kB
1776798127.616812087 Slab:             119060 kB
1776798127.616812087 SReclaimable:      29484 kB
1776798127.616812087 SUnreclaim:        89576 kB
1776798127.616812087 KernelStack:        3024 kB
1776798127.616812087 PageTables:         3956 kB
1776798127.616812087 SecPageTables:         0 kB
1776798127.616812087 NFS_Unstable:          0 kB
1776798127.616812087 Bounce:                0 kB
1776798127.616812087 WritebackTmp:          0 kB
1776798127.616812087 CommitLimit:     3537964 kB
1776798127.616812087 Committed_AS:     399444 kB
1776798127.616812087 VmallocTotal:   135288315904 kB
1776798127.616812087 VmallocUsed:       18884 kB
1776798127.616812087 VmallocChunk:          0 kB
1776798127.616812087 Percpu:             1552 kB
1776798127.616812087 AnonHugePages:         0 kB
1776798127.616812087 ShmemHugePages:        0 kB
1776798127.616812087 ShmemPmdMapped:        0 kB
1776798127.616812087 FileHugePages:         0 kB
1776798127.616812087 FilePmdMapped:         0 kB
1776798127.616812087 CmaTotal:          65536 kB
1776798127.616812087 CmaFree:           49104 kB
1776798127.616812087 Balloon:               0 kB
1776798127.616812087 HugePages_Total:     512
1776798127.616812087 HugePages_Free:      512
1776798127.616812087 HugePages_Rsvd:        0
1776798127.616812087 HugePages_Surp:        0
1776798127.616812087 Hugepagesize:       2048 kB
1776798127.616812087 Hugetlb:         1048576 kB
1776798128.627883381 MemTotal:        8124504 kB
1776798128.627883381 MemFree:         6429204 kB
1776798128.627883381 MemAvailable:    6669076 kB
1776798128.627883381 Buffers:           29752 kB
1776798128.627883381 Cached:           338520 kB
1776798128.627883381 SwapCached:            0 kB
1776798128.627883381 Active:           352416 kB
1776798128.627883381 Inactive:         102664 kB
1776798128.627883381 Active(anon):      90192 kB
1776798128.627883381 Inactive(anon):        0 kB
1776798128.627883381 Active(file):     262224 kB
1776798128.627883381 Inactive(file):   102664 kB
1776798128.627883381 Unevictable:           0 kB
1776798128.627883381 Mlocked:               0 kB
1776798128.627883381 SwapTotal:             0 kB
1776798128.627883381 SwapFree:              0 kB
1776798128.627883381 Zswap:                 0 kB
1776798128.627883381 Zswapped:              0 kB
1776798128.627883381 Dirty:               108 kB
1776798128.627883381 Writeback:             0 kB
1776798128.627883381 AnonPages:         86752 kB
1776798128.627883381 Mapped:            88620 kB
1776798128.627883381 Shmem:              3456 kB
1776798128.627883381 KReclaimable:      29484 kB
1776798128.627883381 Slab:             119048 kB
1776798128.627883381 SReclaimable:      29484 kB
1776798128.627883381 SUnreclaim:        89564 kB
1776798128.627883381 KernelStack:        2976 kB
1776798128.627883381 PageTables:         3528 kB
1776798128.627883381 SecPageTables:         0 kB
1776798128.627883381 NFS_Unstable:          0 kB
1776798128.627883381 Bounce:                0 kB
1776798128.627883381 WritebackTmp:          0 kB
1776798128.627883381 CommitLimit:     3537964 kB
1776798128.627883381 Committed_AS:     399928 kB
1776798128.627883381 VmallocTotal:   135288315904 kB
1776798128.627883381 VmallocUsed:       18836 kB
1776798128.627883381 VmallocChunk:          0 kB
1776798128.627883381 Percpu:             1552 kB
1776798128.627883381 AnonHugePages:         0 kB
1776798128.627883381 ShmemHugePages:        0 kB
1776798128.627883381 ShmemPmdMapped:        0 kB
1776798128.627883381 FileHugePages:         0 kB
1776798128.627883381 FilePmdMapped:         0 kB
1776798128.627883381 CmaTotal:          65536 kB
1776798128.627883381 CmaFree:           49104 kB
1776798128.627883381 Balloon:               0 kB
1776798128.627883381 HugePages_Total:     512
1776798128.627883381 HugePages_Free:      512
1776798128.627883381 HugePages_Rsvd:        0
1776798128.627883381 HugePages_Surp:        0
1776798128.627883381 Hugepagesize:       2048 kB
1776798128.627883381 Hugetlb:         1048576 kB
1776798129.638282507 MemTotal:        8124504 kB
1776798129.638282507 MemFree:         6429796 kB
1776798129.638282507 MemAvailable:    6669680 kB
1776798129.638282507 Buffers:           29752 kB
1776798129.638282507 Cached:           338524 kB
1776798129.638282507 SwapCached:            0 kB
1776798129.638282507 Active:           352948 kB
1776798129.638282507 Inactive:         102680 kB
1776798129.638282507 Active(anon):      90728 kB
1776798129.638282507 Inactive(anon):        0 kB
1776798129.638282507 Active(file):     262220 kB
1776798129.638282507 Inactive(file):   102680 kB
1776798129.638282507 Unevictable:           0 kB
1776798129.638282507 Mlocked:               0 kB
1776798129.638282507 SwapTotal:             0 kB
1776798129.638282507 SwapFree:              0 kB
1776798129.638282507 Zswap:                 0 kB
1776798129.638282507 Zswapped:              0 kB
1776798129.638282507 Dirty:               112 kB
1776798129.638282507 Writeback:             0 kB
1776798129.638282507 AnonPages:         87344 kB
1776798129.638282507 Mapped:            88452 kB
1776798129.638282507 Shmem:              3456 kB
1776798129.638282507 KReclaimable:      29484 kB
1776798129.638282507 Slab:             119104 kB
1776798129.638282507 SReclaimable:      29484 kB
1776798129.638282507 SUnreclaim:        89620 kB
1776798129.638282507 KernelStack:        2976 kB
1776798129.638282507 PageTables:         3516 kB
1776798129.638282507 SecPageTables:         0 kB
1776798129.638282507 NFS_Unstable:          0 kB
1776798129.638282507 Bounce:                0 kB
1776798129.638282507 WritebackTmp:          0 kB
1776798129.638282507 CommitLimit:     3537964 kB
1776798129.638282507 Committed_AS:     400520 kB
1776798129.638282507 VmallocTotal:   135288315904 kB
1776798129.638282507 VmallocUsed:       18852 kB
1776798129.638282507 VmallocChunk:          0 kB
1776798129.638282507 Percpu:             1552 kB
1776798129.638282507 AnonHugePages:         0 kB
1776798129.638282507 ShmemHugePages:        0 kB
1776798129.638282507 ShmemPmdMapped:        0 kB
1776798129.638282507 FileHugePages:         0 kB
1776798129.638282507 FilePmdMapped:         0 kB
1776798129.638282507 CmaTotal:          65536 kB
1776798129.638282507 CmaFree:           49104 kB
1776798129.638282507 Balloon:               0 kB
1776798129.638282507 HugePages_Total:     512
1776798129.638282507 HugePages_Free:      512
1776798129.638282507 HugePages_Rsvd:        0
1776798129.638282507 HugePages_Surp:        0
1776798129.638282507 Hugepagesize:       2048 kB
1776798129.638282507 Hugetlb:         1048576 kB
1776798130.648142891 MemTotal:        8124504 kB
1776798130.648142891 MemFree:         6428904 kB
1776798130.648142891 MemAvailable:    6668788 kB
1776798130.648142891 Buffers:           29752 kB
1776798130.648142891 Cached:           338524 kB
1776798130.648142891 SwapCached:            0 kB
1776798130.648142891 Active:           352960 kB
1776798130.648142891 Inactive:         102680 kB
1776798130.648142891 Active(anon):      90740 kB
1776798130.648142891 Inactive(anon):        0 kB
1776798130.648142891 Active(file):     262220 kB
1776798130.648142891 Inactive(file):   102680 kB
1776798130.648142891 Unevictable:           0 kB
1776798130.648142891 Mlocked:               0 kB
1776798130.648142891 SwapTotal:             0 kB
1776798130.648142891 SwapFree:              0 kB
1776798130.648142891 Zswap:                 0 kB
1776798130.648142891 Zswapped:              0 kB
1776798130.648142891 Dirty:               112 kB
1776798130.648142891 Writeback:             0 kB
1776798130.648142891 AnonPages:         87408 kB
1776798130.648142891 Mapped:            88540 kB
1776798130.648142891 Shmem:              3456 kB
1776798130.648142891 KReclaimable:      29484 kB
1776798130.648142891 Slab:             119092 kB
1776798130.648142891 SReclaimable:      29484 kB
1776798130.648142891 SUnreclaim:        89608 kB
1776798130.648142891 KernelStack:        2960 kB
1776798130.648142891 PageTables:         3520 kB
1776798130.648142891 SecPageTables:         0 kB
1776798130.648142891 NFS_Unstable:          0 kB
1776798130.648142891 Bounce:                0 kB
1776798130.648142891 WritebackTmp:          0 kB
1776798130.648142891 CommitLimit:     3537964 kB
1776798130.648142891 Committed_AS:     400520 kB
1776798130.648142891 VmallocTotal:   135288315904 kB
1776798130.648142891 VmallocUsed:       18852 kB
1776798130.648142891 VmallocChunk:          0 kB
1776798130.648142891 Percpu:             1552 kB
1776798130.648142891 AnonHugePages:         0 kB
1776798130.648142891 ShmemHugePages:        0 kB
1776798130.648142891 ShmemPmdMapped:        0 kB
1776798130.648142891 FileHugePages:         0 kB
1776798130.648142891 FilePmdMapped:         0 kB
1776798130.648142891 CmaTotal:          65536 kB
1776798130.648142891 CmaFree:           49104 kB
1776798130.648142891 Balloon:               0 kB
1776798130.648142891 HugePages_Total:     512
1776798130.648142891 HugePages_Free:      512
1776798130.648142891 HugePages_Rsvd:        0
1776798130.648142891 HugePages_Surp:        0
1776798130.648142891 Hugepagesize:       2048 kB
1776798130.648142891 Hugetlb:         1048576 kB
1776798131.658390313 MemTotal:        8124504 kB
1776798131.658390313 MemFree:         6427584 kB
1776798131.658390313 MemAvailable:    6667472 kB
1776798131.658390313 Buffers:           29752 kB
1776798131.658390313 Cached:           338532 kB
1776798131.658390313 SwapCached:            0 kB
1776798131.658390313 Active:           352956 kB
1776798131.658390313 Inactive:         102684 kB
1776798131.658390313 Active(anon):      90736 kB
1776798131.658390313 Inactive(anon):        0 kB
1776798131.658390313 Active(file):     262220 kB
1776798131.658390313 Inactive(file):   102684 kB
1776798131.658390313 Unevictable:           0 kB
1776798131.658390313 Mlocked:               0 kB
1776798131.658390313 SwapTotal:             0 kB
1776798131.658390313 SwapFree:              0 kB
1776798131.658390313 Zswap:                 0 kB
1776798131.658390313 Zswapped:              0 kB
1776798131.658390313 Dirty:               120 kB
1776798131.658390313 Writeback:             0 kB
1776798131.658390313 AnonPages:         87496 kB
1776798131.658390313 Mapped:            88580 kB
1776798131.658390313 Shmem:              3456 kB
1776798131.658390313 KReclaimable:      29488 kB
1776798131.658390313 Slab:             119100 kB
1776798131.658390313 SReclaimable:      29488 kB
1776798131.658390313 SUnreclaim:        89612 kB
1776798131.658390313 KernelStack:        2976 kB
1776798131.658390313 PageTables:         3520 kB
1776798131.658390313 SecPageTables:         0 kB
1776798131.658390313 NFS_Unstable:          0 kB
1776798131.658390313 Bounce:                0 kB
1776798131.658390313 WritebackTmp:          0 kB
1776798131.658390313 CommitLimit:     3537964 kB
1776798131.658390313 Committed_AS:     400520 kB
1776798131.658390313 VmallocTotal:   135288315904 kB
1776798131.658390313 VmallocUsed:       18820 kB
1776798131.658390313 VmallocChunk:          0 kB
1776798131.658390313 Percpu:             1552 kB
1776798131.658390313 AnonHugePages:         0 kB
1776798131.658390313 ShmemHugePages:        0 kB
1776798131.658390313 ShmemPmdMapped:        0 kB
1776798131.658390313 FileHugePages:         0 kB
1776798131.658390313 FilePmdMapped:         0 kB
1776798131.658390313 CmaTotal:          65536 kB
1776798131.658390313 CmaFree:           49104 kB
1776798131.658390313 Balloon:               0 kB
1776798131.658390313 HugePages_Total:     512
1776798131.658390313 HugePages_Free:      512
1776798131.658390313 HugePages_Rsvd:        0
1776798131.658390313 HugePages_Surp:        0
1776798131.658390313 Hugepagesize:       2048 kB
1776798131.658390313 Hugetlb:         1048576 kB
1776798132.668837920 MemTotal:        8124504 kB
1776798132.668837920 MemFree:         6428188 kB
1776798132.668837920 MemAvailable:    6668084 kB
1776798132.668837920 Buffers:           29752 kB
1776798132.668837920 Cached:           338532 kB
1776798132.668837920 SwapCached:            0 kB
1776798132.668837920 Active:           353020 kB
1776798132.668837920 Inactive:         102688 kB
1776798132.668837920 Active(anon):      90796 kB
1776798132.668837920 Inactive(anon):        0 kB
1776798132.668837920 Active(file):     262224 kB
1776798132.668837920 Inactive(file):   102688 kB
1776798132.668837920 Unevictable:           0 kB
1776798132.668837920 Mlocked:               0 kB
1776798132.668837920 SwapTotal:             0 kB
1776798132.668837920 SwapFree:              0 kB
1776798132.668837920 Zswap:                 0 kB
1776798132.668837920 Zswapped:              0 kB
1776798132.668837920 Dirty:               120 kB
1776798132.668837920 Writeback:             0 kB
1776798132.668837920 AnonPages:         87492 kB
1776798132.668837920 Mapped:            88580 kB
1776798132.668837920 Shmem:              3456 kB
1776798132.668837920 KReclaimable:      29488 kB
1776798132.668837920 Slab:             119108 kB
1776798132.668837920 SReclaimable:      29488 kB
1776798132.668837920 SUnreclaim:        89620 kB
1776798132.668837920 KernelStack:        2976 kB
1776798132.668837920 PageTables:         3524 kB
1776798132.668837920 SecPageTables:         0 kB
1776798132.668837920 NFS_Unstable:          0 kB
1776798132.668837920 Bounce:                0 kB
1776798132.668837920 WritebackTmp:          0 kB
1776798132.668837920 CommitLimit:     3537964 kB
1776798132.668837920 Committed_AS:     400520 kB
1776798132.668837920 VmallocTotal:   135288315904 kB
1776798132.668837920 VmallocUsed:       18852 kB
1776798132.668837920 VmallocChunk:          0 kB
1776798132.668837920 Percpu:             1552 kB
1776798132.668837920 AnonHugePages:         0 kB
1776798132.668837920 ShmemHugePages:        0 kB
1776798132.668837920 ShmemPmdMapped:        0 kB
1776798132.668837920 FileHugePages:         0 kB
1776798132.668837920 FilePmdMapped:         0 kB
1776798132.668837920 CmaTotal:          65536 kB
1776798132.668837920 CmaFree:           49104 kB
1776798132.668837920 Balloon:               0 kB
1776798132.668837920 HugePages_Total:     512
1776798132.668837920 HugePages_Free:      512
1776798132.668837920 HugePages_Rsvd:        0
1776798132.668837920 HugePages_Surp:        0
1776798132.668837920 Hugepagesize:       2048 kB
1776798132.668837920 Hugetlb:         1048576 kB
1776798133.679191972 MemTotal:        8124504 kB
1776798133.679191972 MemFree:         6427816 kB
1776798133.679191972 MemAvailable:    6667712 kB
1776798133.679191972 Buffers:           29760 kB
1776798133.679191972 Cached:           338540 kB
1776798133.679191972 SwapCached:            0 kB
1776798133.679191972 Active:           352968 kB
1776798133.679191972 Inactive:         102692 kB
1776798133.679191972 Active(anon):      90748 kB
1776798133.679191972 Inactive(anon):        0 kB
1776798133.679191972 Active(file):     262220 kB
1776798133.679191972 Inactive(file):   102692 kB
1776798133.679191972 Unevictable:           0 kB
1776798133.679191972 Mlocked:               0 kB
1776798133.679191972 SwapTotal:             0 kB
1776798133.679191972 SwapFree:              0 kB
1776798133.679191972 Zswap:                 0 kB
1776798133.679191972 Zswapped:              0 kB
1776798133.679191972 Dirty:               128 kB
1776798133.679191972 Writeback:             0 kB
1776798133.679191972 AnonPages:         87404 kB
1776798133.679191972 Mapped:            88540 kB
1776798133.679191972 Shmem:              3456 kB
1776798133.679191972 KReclaimable:      29488 kB
1776798133.679191972 Slab:             119104 kB
1776798133.679191972 SReclaimable:      29488 kB
1776798133.679191972 SUnreclaim:        89616 kB
1776798133.679191972 KernelStack:        2960 kB
1776798133.679191972 PageTables:         3460 kB
1776798133.679191972 SecPageTables:         0 kB
1776798133.679191972 NFS_Unstable:          0 kB
1776798133.679191972 Bounce:                0 kB
1776798133.679191972 WritebackTmp:          0 kB
1776798133.679191972 CommitLimit:     3537964 kB
1776798133.679191972 Committed_AS:     400520 kB
1776798133.679191972 VmallocTotal:   135288315904 kB
1776798133.679191972 VmallocUsed:       18852 kB
1776798133.679191972 VmallocChunk:          0 kB
1776798133.679191972 Percpu:             1552 kB
1776798133.679191972 AnonHugePages:         0 kB
1776798133.679191972 ShmemHugePages:        0 kB
1776798133.679191972 ShmemPmdMapped:        0 kB
1776798133.679191972 FileHugePages:         0 kB
1776798133.679191972 FilePmdMapped:         0 kB
1776798133.679191972 CmaTotal:          65536 kB
1776798133.679191972 CmaFree:           49104 kB
1776798133.679191972 Balloon:               0 kB
1776798133.679191972 HugePages_Total:     512
1776798133.679191972 HugePages_Free:      512
1776798133.679191972 HugePages_Rsvd:        0
1776798133.679191972 HugePages_Surp:        0
1776798133.679191972 Hugepagesize:       2048 kB
1776798133.679191972 Hugetlb:         1048576 kB
1776798134.689508061 MemTotal:        8124504 kB
1776798134.689508061 MemFree:         6429732 kB
1776798134.689508061 MemAvailable:    6669652 kB
1776798134.689508061 Buffers:           29760 kB
1776798134.689508061 Cached:           338552 kB
1776798134.689508061 SwapCached:            0 kB
1776798134.689508061 Active:           353000 kB
1776798134.689508061 Inactive:         102712 kB
1776798134.689508061 Active(anon):      90776 kB
1776798134.689508061 Inactive(anon):        0 kB
1776798134.689508061 Active(file):     262224 kB
1776798134.689508061 Inactive(file):   102712 kB
1776798134.689508061 Unevictable:           0 kB
1776798134.689508061 Mlocked:               0 kB
1776798134.689508061 SwapTotal:             0 kB
1776798134.689508061 SwapFree:              0 kB
1776798134.689508061 Zswap:                 0 kB
1776798134.689508061 Zswapped:              0 kB
1776798134.689508061 Dirty:               140 kB
1776798134.689508061 Writeback:             0 kB
1776798134.689508061 AnonPages:         87496 kB
1776798134.689508061 Mapped:            88580 kB
1776798134.689508061 Shmem:              3456 kB
1776798134.689508061 KReclaimable:      29488 kB
1776798134.689508061 Slab:             119060 kB
1776798134.689508061 SReclaimable:      29488 kB
1776798134.689508061 SUnreclaim:        89572 kB
1776798134.689508061 KernelStack:        2976 kB
1776798134.689508061 PageTables:         3524 kB
1776798134.689508061 SecPageTables:         0 kB
1776798134.689508061 NFS_Unstable:          0 kB
1776798134.689508061 Bounce:                0 kB
1776798134.689508061 WritebackTmp:          0 kB
1776798134.689508061 CommitLimit:     3537964 kB
1776798134.689508061 Committed_AS:     400520 kB
1776798134.689508061 VmallocTotal:   135288315904 kB
1776798134.689508061 VmallocUsed:       18836 kB
1776798134.689508061 VmallocChunk:          0 kB
1776798134.689508061 Percpu:             1552 kB
1776798134.689508061 AnonHugePages:         0 kB
1776798134.689508061 ShmemHugePages:        0 kB
1776798134.689508061 ShmemPmdMapped:        0 kB
1776798134.689508061 FileHugePages:         0 kB
1776798134.689508061 FilePmdMapped:         0 kB
1776798134.689508061 CmaTotal:          65536 kB
1776798134.689508061 CmaFree:           49104 kB
1776798134.689508061 Balloon:               0 kB
1776798134.689508061 HugePages_Total:     512
1776798134.689508061 HugePages_Free:      512
1776798134.689508061 HugePages_Rsvd:        0
1776798134.689508061 HugePages_Surp:        0
1776798134.689508061 Hugepagesize:       2048 kB
1776798134.689508061 Hugetlb:         1048576 kB
1776798135.699816094 MemTotal:        8124504 kB
1776798135.699816094 MemFree:         6429104 kB
1776798135.699816094 MemAvailable:    6669024 kB
1776798135.699816094 Buffers:           29760 kB
1776798135.699816094 Cached:           338552 kB
1776798135.699816094 SwapCached:            0 kB
1776798135.699816094 Active:           352944 kB
1776798135.699816094 Inactive:         102716 kB
1776798135.699816094 Active(anon):      90724 kB
1776798135.699816094 Inactive(anon):        0 kB
1776798135.699816094 Active(file):     262220 kB
1776798135.699816094 Inactive(file):   102716 kB
1776798135.699816094 Unevictable:           0 kB
1776798135.699816094 Mlocked:               0 kB
1776798135.699816094 SwapTotal:             0 kB
1776798135.699816094 SwapFree:              0 kB
1776798135.699816094 Zswap:                 0 kB
1776798135.699816094 Zswapped:              0 kB
1776798135.699816094 Dirty:               140 kB
1776798135.699816094 Writeback:             0 kB
1776798135.699816094 AnonPages:         87492 kB
1776798135.699816094 Mapped:            88580 kB
1776798135.699816094 Shmem:              3456 kB
1776798135.699816094 KReclaimable:      29488 kB
1776798135.699816094 Slab:             119088 kB
1776798135.699816094 SReclaimable:      29488 kB
1776798135.699816094 SUnreclaim:        89600 kB
1776798135.699816094 KernelStack:        2976 kB
1776798135.699816094 PageTables:         3524 kB
1776798135.699816094 SecPageTables:         0 kB
1776798135.699816094 NFS_Unstable:          0 kB
1776798135.699816094 Bounce:                0 kB
1776798135.699816094 WritebackTmp:          0 kB
1776798135.699816094 CommitLimit:     3537964 kB
1776798135.699816094 Committed_AS:     400520 kB
1776798135.699816094 VmallocTotal:   135288315904 kB
1776798135.699816094 VmallocUsed:       18836 kB
1776798135.699816094 VmallocChunk:          0 kB
1776798135.699816094 Percpu:             1552 kB
1776798135.699816094 AnonHugePages:         0 kB
1776798135.699816094 ShmemHugePages:        0 kB
1776798135.699816094 ShmemPmdMapped:        0 kB
1776798135.699816094 FileHugePages:         0 kB
1776798135.699816094 FilePmdMapped:         0 kB
1776798135.699816094 CmaTotal:          65536 kB
1776798135.699816094 CmaFree:           49104 kB
1776798135.699816094 Balloon:               0 kB
1776798135.699816094 HugePages_Total:     512
1776798135.699816094 HugePages_Free:      512
1776798135.699816094 HugePages_Rsvd:        0
1776798135.699816094 HugePages_Surp:        0
1776798135.699816094 Hugepagesize:       2048 kB
1776798135.699816094 Hugetlb:         1048576 kB
1776798136.710091145 MemTotal:        8124504 kB
1776798136.710091145 MemFree:         6428852 kB
1776798136.710091145 MemAvailable:    6668776 kB
1776798136.710091145 Buffers:           29760 kB
1776798136.710091145 Cached:           338556 kB
1776798136.710091145 SwapCached:            0 kB
1776798136.710091145 Active:           352960 kB
1776798136.710091145 Inactive:         102720 kB
1776798136.710091145 Active(anon):      90740 kB
1776798136.710091145 Inactive(anon):        0 kB
1776798136.710091145 Active(file):     262220 kB
1776798136.710091145 Inactive(file):   102720 kB
1776798136.710091145 Unevictable:           0 kB
1776798136.710091145 Mlocked:               0 kB
1776798136.710091145 SwapTotal:             0 kB
1776798136.710091145 SwapFree:              0 kB
1776798136.710091145 Zswap:                 0 kB
1776798136.710091145 Zswapped:              0 kB
1776798136.710091145 Dirty:               144 kB
1776798136.710091145 Writeback:             0 kB
1776798136.710091145 AnonPages:         87424 kB
1776798136.710091145 Mapped:            88584 kB
1776798136.710091145 Shmem:              3456 kB
1776798136.710091145 KReclaimable:      29488 kB
1776798136.710091145 Slab:             119092 kB
1776798136.710091145 SReclaimable:      29488 kB
1776798136.710091145 SUnreclaim:        89604 kB
1776798136.710091145 KernelStack:        2928 kB
1776798136.710091145 PageTables:         3644 kB
1776798136.710091145 SecPageTables:         0 kB
1776798136.710091145 NFS_Unstable:          0 kB
1776798136.710091145 Bounce:                0 kB
1776798136.710091145 WritebackTmp:          0 kB
1776798136.710091145 CommitLimit:     3537964 kB
1776798136.710091145 Committed_AS:     400520 kB
1776798136.710091145 VmallocTotal:   135288315904 kB
1776798136.710091145 VmallocUsed:       18836 kB
1776798136.710091145 VmallocChunk:          0 kB
1776798136.710091145 Percpu:             1552 kB
1776798136.710091145 AnonHugePages:         0 kB
1776798136.710091145 ShmemHugePages:        0 kB
1776798136.710091145 ShmemPmdMapped:        0 kB
1776798136.710091145 FileHugePages:         0 kB
1776798136.710091145 FilePmdMapped:         0 kB
1776798136.710091145 CmaTotal:          65536 kB
1776798136.710091145 CmaFree:           49104 kB
1776798136.710091145 Balloon:               0 kB
1776798136.710091145 HugePages_Total:     512
1776798136.710091145 HugePages_Free:      512
1776798136.710091145 HugePages_Rsvd:        0
1776798136.710091145 HugePages_Surp:        0
1776798136.710091145 Hugepagesize:       2048 kB
1776798136.710091145 Hugetlb:         1048576 kB
1776798137.720303215 MemTotal:        8124504 kB
1776798137.720303215 MemFree:         6429360 kB
1776798137.720303215 MemAvailable:    6669288 kB
1776798137.720303215 Buffers:           29760 kB
1776798137.720303215 Cached:           338560 kB
1776798137.720303215 SwapCached:            0 kB
1776798137.720303215 Active:           352936 kB
1776798137.720303215 Inactive:         102724 kB
1776798137.720303215 Active(anon):      90716 kB
1776798137.720303215 Inactive(anon):        0 kB
1776798137.720303215 Active(file):     262220 kB
1776798137.720303215 Inactive(file):   102724 kB
1776798137.720303215 Unevictable:           0 kB
1776798137.720303215 Mlocked:               0 kB
1776798137.720303215 SwapTotal:             0 kB
1776798137.720303215 SwapFree:              0 kB
1776798137.720303215 Zswap:                 0 kB
1776798137.720303215 Zswapped:              0 kB
1776798137.720303215 Dirty:               148 kB
1776798137.720303215 Writeback:             0 kB
1776798137.720303215 AnonPages:         87408 kB
1776798137.720303215 Mapped:            88540 kB
1776798137.720303215 Shmem:              3456 kB
1776798137.720303215 KReclaimable:      29488 kB
1776798137.720303215 Slab:             119072 kB
1776798137.720303215 SReclaimable:      29488 kB
1776798137.720303215 SUnreclaim:        89584 kB
1776798137.720303215 KernelStack:        2944 kB
1776798137.720303215 PageTables:         3460 kB
1776798137.720303215 SecPageTables:         0 kB
1776798137.720303215 NFS_Unstable:          0 kB
1776798137.720303215 Bounce:                0 kB
1776798137.720303215 WritebackTmp:          0 kB
1776798137.720303215 CommitLimit:     3537964 kB
1776798137.720303215 Committed_AS:     400520 kB
1776798137.720303215 VmallocTotal:   135288315904 kB
1776798137.720303215 VmallocUsed:       18836 kB
1776798137.720303215 VmallocChunk:          0 kB
1776798137.720303215 Percpu:             1552 kB
1776798137.720303215 AnonHugePages:         0 kB
1776798137.720303215 ShmemHugePages:        0 kB
1776798137.720303215 ShmemPmdMapped:        0 kB
1776798137.720303215 FileHugePages:         0 kB
1776798137.720303215 FilePmdMapped:         0 kB
1776798137.720303215 CmaTotal:          65536 kB
1776798137.720303215 CmaFree:           49104 kB
1776798137.720303215 Balloon:               0 kB
1776798137.720303215 HugePages_Total:     512
1776798137.720303215 HugePages_Free:      512
1776798137.720303215 HugePages_Rsvd:        0
1776798137.720303215 HugePages_Surp:        0
1776798137.720303215 Hugepagesize:       2048 kB
1776798137.720303215 Hugetlb:         1048576 kB
1776798138.730514710 MemTotal:        8124504 kB
1776798138.730514710 MemFree:         6428908 kB
1776798138.730514710 MemAvailable:    6668840 kB
1776798138.730514710 Buffers:           29768 kB
1776798138.730514710 Cached:           338564 kB
1776798138.730514710 SwapCached:            0 kB
1776798138.730514710 Active:           352992 kB
1776798138.730514710 Inactive:         102724 kB
1776798138.730514710 Active(anon):      90768 kB
1776798138.730514710 Inactive(anon):        0 kB
1776798138.730514710 Active(file):     262224 kB
1776798138.730514710 Inactive(file):   102724 kB
1776798138.730514710 Unevictable:           0 kB
1776798138.730514710 Mlocked:               0 kB
1776798138.730514710 SwapTotal:             0 kB
1776798138.730514710 SwapFree:              0 kB
1776798138.730514710 Zswap:                 0 kB
1776798138.730514710 Zswapped:              0 kB
1776798138.730514710 Dirty:               152 kB
1776798138.730514710 Writeback:             0 kB
1776798138.730514710 AnonPages:         87492 kB
1776798138.730514710 Mapped:            88580 kB
1776798138.730514710 Shmem:              3456 kB
1776798138.730514710 KReclaimable:      29488 kB
1776798138.730514710 Slab:             119068 kB
1776798138.730514710 SReclaimable:      29488 kB
1776798138.730514710 SUnreclaim:        89580 kB
1776798138.730514710 KernelStack:        2960 kB
1776798138.730514710 PageTables:         3524 kB
1776798138.730514710 SecPageTables:         0 kB
1776798138.730514710 NFS_Unstable:          0 kB
1776798138.730514710 Bounce:                0 kB
1776798138.730514710 WritebackTmp:          0 kB
1776798138.730514710 CommitLimit:     3537964 kB
1776798138.730514710 Committed_AS:     400520 kB
1776798138.730514710 VmallocTotal:   135288315904 kB
1776798138.730514710 VmallocUsed:       18820 kB
1776798138.730514710 VmallocChunk:          0 kB
1776798138.730514710 Percpu:             1552 kB
1776798138.730514710 AnonHugePages:         0 kB
1776798138.730514710 ShmemHugePages:        0 kB
1776798138.730514710 ShmemPmdMapped:        0 kB
1776798138.730514710 FileHugePages:         0 kB
1776798138.730514710 FilePmdMapped:         0 kB
1776798138.730514710 CmaTotal:          65536 kB
1776798138.730514710 CmaFree:           49104 kB
1776798138.730514710 Balloon:               0 kB
1776798138.730514710 HugePages_Total:     512
1776798138.730514710 HugePages_Free:      512
1776798138.730514710 HugePages_Rsvd:        0
1776798138.730514710 HugePages_Surp:        0
1776798138.730514710 Hugepagesize:       2048 kB
1776798138.730514710 Hugetlb:         1048576 kB
1776798139.740824595 MemTotal:        8124504 kB
1776798139.740824595 MemFree:         6427396 kB
1776798139.740824595 MemAvailable:    6667344 kB
1776798139.740824595 Buffers:           29768 kB
1776798139.740824595 Cached:           338572 kB
1776798139.740824595 SwapCached:            0 kB
1776798139.740824595 Active:           352980 kB
1776798139.740824595 Inactive:         102744 kB
1776798139.740824595 Active(anon):      90760 kB
1776798139.740824595 Inactive(anon):        0 kB
1776798139.740824595 Active(file):     262220 kB
1776798139.740824595 Inactive(file):   102744 kB
1776798139.740824595 Unevictable:           0 kB
1776798139.740824595 Mlocked:               0 kB
1776798139.740824595 SwapTotal:             0 kB
1776798139.740824595 SwapFree:              0 kB
1776798139.740824595 Zswap:                 0 kB
1776798139.740824595 Zswapped:              0 kB
1776798139.740824595 Dirty:               160 kB
1776798139.740824595 Writeback:             0 kB
1776798139.740824595 AnonPages:         87536 kB
1776798139.740824595 Mapped:            88580 kB
1776798139.740824595 Shmem:              3456 kB
1776798139.740824595 KReclaimable:      29488 kB
1776798139.740824595 Slab:             119080 kB
1776798139.740824595 SReclaimable:      29488 kB
1776798139.740824595 SUnreclaim:        89592 kB
1776798139.740824595 KernelStack:        2960 kB
1776798139.740824595 PageTables:         3640 kB
1776798139.740824595 SecPageTables:         0 kB
1776798139.740824595 NFS_Unstable:          0 kB
1776798139.740824595 Bounce:                0 kB
1776798139.740824595 WritebackTmp:          0 kB
1776798139.740824595 CommitLimit:     3537964 kB
1776798139.740824595 Committed_AS:     400520 kB
1776798139.740824595 VmallocTotal:   135288315904 kB
1776798139.740824595 VmallocUsed:       18804 kB
1776798139.740824595 VmallocChunk:          0 kB
1776798139.740824595 Percpu:             1552 kB
1776798139.740824595 AnonHugePages:         0 kB
1776798139.740824595 ShmemHugePages:        0 kB
1776798139.740824595 ShmemPmdMapped:        0 kB
1776798139.740824595 FileHugePages:         0 kB
1776798139.740824595 FilePmdMapped:         0 kB
1776798139.740824595 CmaTotal:          65536 kB
1776798139.740824595 CmaFree:           49104 kB
1776798139.740824595 Balloon:               0 kB
1776798139.740824595 HugePages_Total:     512
1776798139.740824595 HugePages_Free:      512
1776798139.740824595 HugePages_Rsvd:        0
1776798139.740824595 HugePages_Surp:        0
1776798139.740824595 Hugepagesize:       2048 kB
1776798139.740824595 Hugetlb:         1048576 kB
1776798140.751128499 MemTotal:        8124504 kB
1776798140.751128499 MemFree:         6427120 kB
1776798140.751128499 MemAvailable:    6667076 kB
1776798140.751128499 Buffers:           29768 kB
1776798140.751128499 Cached:           338580 kB
1776798140.751128499 SwapCached:            0 kB
1776798140.751128499 Active:           352928 kB
1776798140.751128499 Inactive:         102748 kB
1776798140.751128499 Active(anon):      90704 kB
1776798140.751128499 Inactive(anon):        0 kB
1776798140.751128499 Active(file):     262224 kB
1776798140.751128499 Inactive(file):   102748 kB
1776798140.751128499 Unevictable:           0 kB
1776798140.751128499 Mlocked:               0 kB
1776798140.751128499 SwapTotal:             0 kB
1776798140.751128499 SwapFree:              0 kB
1776798140.751128499 Zswap:                 0 kB
1776798140.751128499 Zswapped:              0 kB
1776798140.751128499 Dirty:               168 kB
1776798140.751128499 Writeback:             0 kB
1776798140.751128499 AnonPages:         87416 kB
1776798140.751128499 Mapped:            88600 kB
1776798140.751128499 Shmem:              3456 kB
1776798140.751128499 KReclaimable:      29488 kB
1776798140.751128499 Slab:             119076 kB
1776798140.751128499 SReclaimable:      29488 kB
1776798140.751128499 SUnreclaim:        89588 kB
1776798140.751128499 KernelStack:        2928 kB
1776798140.751128499 PageTables:         3652 kB
1776798140.751128499 SecPageTables:         0 kB
1776798140.751128499 NFS_Unstable:          0 kB
1776798140.751128499 Bounce:                0 kB
1776798140.751128499 WritebackTmp:          0 kB
1776798140.751128499 CommitLimit:     3537964 kB
1776798140.751128499 Committed_AS:     400520 kB
1776798140.751128499 VmallocTotal:   135288315904 kB
1776798140.751128499 VmallocUsed:       18820 kB
1776798140.751128499 VmallocChunk:          0 kB
1776798140.751128499 Percpu:             1552 kB
1776798140.751128499 AnonHugePages:         0 kB
1776798140.751128499 ShmemHugePages:        0 kB
1776798140.751128499 ShmemPmdMapped:        0 kB
1776798140.751128499 FileHugePages:         0 kB
1776798140.751128499 FilePmdMapped:         0 kB
1776798140.751128499 CmaTotal:          65536 kB
1776798140.751128499 CmaFree:           49104 kB
1776798140.751128499 Balloon:               0 kB
1776798140.751128499 HugePages_Total:     512
1776798140.751128499 HugePages_Free:      512
1776798140.751128499 HugePages_Rsvd:        0
1776798140.751128499 HugePages_Surp:        0
1776798140.751128499 Hugepagesize:       2048 kB
1776798140.751128499 Hugetlb:         1048576 kB
1776798141.761362883 MemTotal:        8124504 kB
1776798141.761362883 MemFree:         6427372 kB
1776798141.761362883 MemAvailable:    6667328 kB
1776798141.761362883 Buffers:           29768 kB
1776798141.761362883 Cached:           338580 kB
1776798141.761362883 SwapCached:            0 kB
1776798141.761362883 Active:           352948 kB
1776798141.761362883 Inactive:         102752 kB
1776798141.761362883 Active(anon):      90728 kB
1776798141.761362883 Inactive(anon):        0 kB
1776798141.761362883 Active(file):     262220 kB
1776798141.761362883 Inactive(file):   102752 kB
1776798141.761362883 Unevictable:           0 kB
1776798141.761362883 Mlocked:               0 kB
1776798141.761362883 SwapTotal:             0 kB
1776798141.761362883 SwapFree:              0 kB
1776798141.761362883 Zswap:                 0 kB
1776798141.761362883 Zswapped:              0 kB
1776798141.761362883 Dirty:               168 kB
1776798141.761362883 Writeback:             0 kB
1776798141.761362883 AnonPages:         87404 kB
1776798141.761362883 Mapped:            88540 kB
1776798141.761362883 Shmem:              3456 kB
1776798141.761362883 KReclaimable:      29488 kB
1776798141.761362883 Slab:             119076 kB
1776798141.761362883 SReclaimable:      29488 kB
1776798141.761362883 SUnreclaim:        89588 kB
1776798141.761362883 KernelStack:        2944 kB
1776798141.761362883 PageTables:         3456 kB
1776798141.761362883 SecPageTables:         0 kB
1776798141.761362883 NFS_Unstable:          0 kB
1776798141.761362883 Bounce:                0 kB
1776798141.761362883 WritebackTmp:          0 kB
1776798141.761362883 CommitLimit:     3537964 kB
1776798141.761362883 Committed_AS:     400520 kB
1776798141.761362883 VmallocTotal:   135288315904 kB
1776798141.761362883 VmallocUsed:       18804 kB
1776798141.761362883 VmallocChunk:          0 kB
1776798141.761362883 Percpu:             1552 kB
1776798141.761362883 AnonHugePages:         0 kB
1776798141.761362883 ShmemHugePages:        0 kB
1776798141.761362883 ShmemPmdMapped:        0 kB
1776798141.761362883 FileHugePages:         0 kB
1776798141.761362883 FilePmdMapped:         0 kB
1776798141.761362883 CmaTotal:          65536 kB
1776798141.761362883 CmaFree:           49104 kB
1776798141.761362883 Balloon:               0 kB
1776798141.761362883 HugePages_Total:     512
1776798141.761362883 HugePages_Free:      512
1776798141.761362883 HugePages_Rsvd:        0
1776798141.761362883 HugePages_Surp:        0
1776798141.761362883 Hugepagesize:       2048 kB
1776798141.761362883 Hugetlb:         1048576 kB
1776798142.772239603 MemTotal:        8124504 kB
1776798142.772239603 MemFree:         6428400 kB
1776798142.772239603 MemAvailable:    6668360 kB
1776798142.772239603 Buffers:           29768 kB
1776798142.772239603 Cached:           338588 kB
1776798142.772239603 SwapCached:            0 kB
1776798142.772239603 Active:           352948 kB
1776798142.772239603 Inactive:         102756 kB
1776798142.772239603 Active(anon):      90728 kB
1776798142.772239603 Inactive(anon):        0 kB
1776798142.772239603 Active(file):     262220 kB
1776798142.772239603 Inactive(file):   102756 kB
1776798142.772239603 Unevictable:           0 kB
1776798142.772239603 Mlocked:               0 kB
1776798142.772239603 SwapTotal:             0 kB
1776798142.772239603 SwapFree:              0 kB
1776798142.772239603 Zswap:                 0 kB
1776798142.772239603 Zswapped:              0 kB
1776798142.772239603 Dirty:               176 kB
1776798142.772239603 Writeback:             0 kB
1776798142.772239603 AnonPages:         87400 kB
1776798142.772239603 Mapped:            88540 kB
1776798142.772239603 Shmem:              3456 kB
1776798142.772239603 KReclaimable:      29488 kB
1776798142.772239603 Slab:             119080 kB
1776798142.772239603 SReclaimable:      29488 kB
1776798142.772239603 SUnreclaim:        89592 kB
1776798142.772239603 KernelStack:        2960 kB
1776798142.772239603 PageTables:         3460 kB
1776798142.772239603 SecPageTables:         0 kB
1776798142.772239603 NFS_Unstable:          0 kB
1776798142.772239603 Bounce:                0 kB
1776798142.772239603 WritebackTmp:          0 kB
1776798142.772239603 CommitLimit:     3537964 kB
1776798142.772239603 Committed_AS:     400520 kB
1776798142.772239603 VmallocTotal:   135288315904 kB
1776798142.772239603 VmallocUsed:       18836 kB
1776798142.772239603 VmallocChunk:          0 kB
1776798142.772239603 Percpu:             1552 kB
1776798142.772239603 AnonHugePages:         0 kB
1776798142.772239603 ShmemHugePages:        0 kB
1776798142.772239603 ShmemPmdMapped:        0 kB
1776798142.772239603 FileHugePages:         0 kB
1776798142.772239603 FilePmdMapped:         0 kB
1776798142.772239603 CmaTotal:          65536 kB
1776798142.772239603 CmaFree:           49104 kB
1776798142.772239603 Balloon:               0 kB
1776798142.772239603 HugePages_Total:     512
1776798142.772239603 HugePages_Free:      512
1776798142.772239603 HugePages_Rsvd:        0
1776798142.772239603 HugePages_Surp:        0
1776798142.772239603 Hugepagesize:       2048 kB
1776798142.772239603 Hugetlb:         1048576 kB
1776798143.782131561 MemTotal:        8124504 kB
1776798143.782131561 MemFree:         6428148 kB
1776798143.782131561 MemAvailable:    6668112 kB
1776798143.782131561 Buffers:           29776 kB
1776798143.782131561 Cached:           338588 kB
1776798143.782131561 SwapCached:            0 kB
1776798143.782131561 Active:           352928 kB
1776798143.782131561 Inactive:         102760 kB
1776798143.782131561 Active(anon):      90708 kB
1776798143.782131561 Inactive(anon):        0 kB
1776798143.782131561 Active(file):     262220 kB
1776798143.782131561 Inactive(file):   102760 kB
1776798143.782131561 Unevictable:           0 kB
1776798143.782131561 Mlocked:               0 kB
1776798143.782131561 SwapTotal:             0 kB
1776798143.782131561 SwapFree:              0 kB
1776798143.782131561 Zswap:                 0 kB
1776798143.782131561 Zswapped:              0 kB
1776798143.782131561 Dirty:               176 kB
1776798143.782131561 Writeback:             0 kB
1776798143.782131561 AnonPages:         87484 kB
1776798143.782131561 Mapped:            88516 kB
1776798143.782131561 Shmem:              3456 kB
1776798143.782131561 KReclaimable:      29488 kB
1776798143.782131561 Slab:             119116 kB
1776798143.782131561 SReclaimable:      29488 kB
1776798143.782131561 SUnreclaim:        89628 kB
1776798143.782131561 KernelStack:        2976 kB
1776798143.782131561 PageTables:         3576 kB
1776798143.782131561 SecPageTables:         0 kB
1776798143.782131561 NFS_Unstable:          0 kB
1776798143.782131561 Bounce:                0 kB
1776798143.782131561 WritebackTmp:          0 kB
1776798143.782131561 CommitLimit:     3537964 kB
1776798143.782131561 Committed_AS:     400520 kB
1776798143.782131561 VmallocTotal:   135288315904 kB
1776798143.782131561 VmallocUsed:       18836 kB
1776798143.782131561 VmallocChunk:          0 kB
1776798143.782131561 Percpu:             1552 kB
1776798143.782131561 AnonHugePages:         0 kB
1776798143.782131561 ShmemHugePages:        0 kB
1776798143.782131561 ShmemPmdMapped:        0 kB
1776798143.782131561 FileHugePages:         0 kB
1776798143.782131561 FilePmdMapped:         0 kB
1776798143.782131561 CmaTotal:          65536 kB
1776798143.782131561 CmaFree:           49104 kB
1776798143.782131561 Balloon:               0 kB
1776798143.782131561 HugePages_Total:     512
1776798143.782131561 HugePages_Free:      512
1776798143.782131561 HugePages_Rsvd:        0
1776798143.782131561 HugePages_Surp:        0
1776798143.782131561 Hugepagesize:       2048 kB
1776798143.782131561 Hugetlb:         1048576 kB
1776798144.790247643 MemTotal:        8124504 kB
1776798144.790247643 MemFree:         6428904 kB
1776798144.790247643 MemAvailable:    6668880 kB
1776798144.790247643 Buffers:           29776 kB
1776798144.790247643 Cached:           338592 kB
1776798144.790247643 SwapCached:            0 kB
1776798144.790247643 Active:           353072 kB
1776798144.790247643 Inactive:         102772 kB
1776798144.790247643 Active(anon):      90852 kB
1776798144.790247643 Inactive(anon):        0 kB
1776798144.790247643 Active(file):     262220 kB
1776798144.790247643 Inactive(file):   102772 kB
1776798144.790247643 Unevictable:           0 kB
1776798144.790247643 Mlocked:               0 kB
1776798144.790247643 SwapTotal:             0 kB
1776798144.790247643 SwapFree:              0 kB
1776798144.790247643 Zswap:                 0 kB
1776798144.790247643 Zswapped:              0 kB
1776798144.790247643 Dirty:               180 kB
1776798144.790247643 Writeback:             0 kB
1776798144.790247643 AnonPages:         87400 kB
1776798144.790247643 Mapped:            88540 kB
1776798144.790247643 Shmem:              3456 kB
1776798144.790247643 KReclaimable:      29488 kB
1776798144.790247643 Slab:             119128 kB
1776798144.790247643 SReclaimable:      29488 kB
1776798144.790247643 SUnreclaim:        89640 kB
1776798144.790247643 KernelStack:        2976 kB
1776798144.790247643 PageTables:         3528 kB
1776798144.790247643 SecPageTables:         0 kB
1776798144.790247643 NFS_Unstable:          0 kB
1776798144.790247643 Bounce:                0 kB
1776798144.790247643 WritebackTmp:          0 kB
1776798144.790247643 CommitLimit:     3537964 kB
1776798144.790247643 Committed_AS:     400520 kB
1776798144.790247643 VmallocTotal:   135288315904 kB
1776798144.790247643 VmallocUsed:       18852 kB
1776798144.790247643 VmallocChunk:          0 kB
1776798144.790247643 Percpu:             1552 kB
1776798144.790247643 AnonHugePages:         0 kB
1776798144.790247643 ShmemHugePages:        0 kB
1776798144.790247643 ShmemPmdMapped:        0 kB
1776798144.790247643 FileHugePages:         0 kB
1776798144.790247643 FilePmdMapped:         0 kB
1776798144.790247643 CmaTotal:          65536 kB
1776798144.790247643 CmaFree:           49104 kB
1776798144.790247643 Balloon:               0 kB
1776798144.790247643 HugePages_Total:     512
1776798144.790247643 HugePages_Free:      512
1776798144.790247643 HugePages_Rsvd:        0
1776798144.790247643 HugePages_Surp:        0
1776798144.790247643 Hugepagesize:       2048 kB
1776798144.790247643 Hugetlb:         1048576 kB
1776798145.800088156 MemTotal:        8124504 kB
1776798145.800088156 MemFree:         6428652 kB
1776798145.800088156 MemAvailable:    6668636 kB
1776798145.800088156 Buffers:           29776 kB
1776798145.800088156 Cached:           338600 kB
1776798145.800088156 SwapCached:            0 kB
1776798145.800088156 Active:           353000 kB
1776798145.800088156 Inactive:         102780 kB
1776798145.800088156 Active(anon):      90780 kB
1776798145.800088156 Inactive(anon):        0 kB
1776798145.800088156 Active(file):     262220 kB
1776798145.800088156 Inactive(file):   102780 kB
1776798145.800088156 Unevictable:           0 kB
1776798145.800088156 Mlocked:               0 kB
1776798145.800088156 SwapTotal:             0 kB
1776798145.800088156 SwapFree:              0 kB
1776798145.800088156 Zswap:                 0 kB
1776798145.800088156 Zswapped:              0 kB
1776798145.800088156 Dirty:                44 kB
1776798145.800088156 Writeback:            48 kB
1776798145.800088156 AnonPages:         87456 kB
1776798145.800088156 Mapped:            88600 kB
1776798145.800088156 Shmem:              3456 kB
1776798145.800088156 KReclaimable:      29488 kB
1776798145.800088156 Slab:             119124 kB
1776798145.800088156 SReclaimable:      29488 kB
1776798145.800088156 SUnreclaim:        89636 kB
1776798145.800088156 KernelStack:        2984 kB
1776798145.800088156 PageTables:         3656 kB
1776798145.800088156 SecPageTables:         0 kB
1776798145.800088156 NFS_Unstable:          0 kB
1776798145.800088156 Bounce:                0 kB
1776798145.800088156 WritebackTmp:          0 kB
1776798145.800088156 CommitLimit:     3537964 kB
1776798145.800088156 Committed_AS:     400520 kB
1776798145.800088156 VmallocTotal:   135288315904 kB
1776798145.800088156 VmallocUsed:       18836 kB
1776798145.800088156 VmallocChunk:          0 kB
1776798145.800088156 Percpu:             1552 kB
1776798145.800088156 AnonHugePages:         0 kB
1776798145.800088156 ShmemHugePages:        0 kB
1776798145.800088156 ShmemPmdMapped:        0 kB
1776798145.800088156 FileHugePages:         0 kB
1776798145.800088156 FilePmdMapped:         0 kB
1776798145.800088156 CmaTotal:          65536 kB
1776798145.800088156 CmaFree:           49104 kB
1776798145.800088156 Balloon:               0 kB
1776798145.800088156 HugePages_Total:     512
1776798145.800088156 HugePages_Free:      512
1776798145.800088156 HugePages_Rsvd:        0
1776798145.800088156 HugePages_Surp:        0
1776798145.800088156 Hugepagesize:       2048 kB
1776798145.800088156 Hugetlb:         1048576 kB
1776798146.808761109 MemTotal:        8124504 kB
1776798146.808761109 MemFree:         6428652 kB
1776798146.808761109 MemAvailable:    6668640 kB
1776798146.808761109 Buffers:           29776 kB
1776798146.808761109 Cached:           338604 kB
1776798146.808761109 SwapCached:            0 kB
1776798146.808761109 Active:           352980 kB
1776798146.808761109 Inactive:         102784 kB
1776798146.808761109 Active(anon):      90760 kB
1776798146.808761109 Inactive(anon):        0 kB
1776798146.808761109 Active(file):     262220 kB
1776798146.808761109 Inactive(file):   102784 kB
1776798146.808761109 Unevictable:           0 kB
1776798146.808761109 Mlocked:               0 kB
1776798146.808761109 SwapTotal:             0 kB
1776798146.808761109 SwapFree:              0 kB
1776798146.808761109 Zswap:                 0 kB
1776798146.808761109 Zswapped:              0 kB
1776798146.808761109 Dirty:                40 kB
1776798146.808761109 Writeback:             0 kB
1776798146.808761109 AnonPages:         87480 kB
1776798146.808761109 Mapped:            88540 kB
1776798146.808761109 Shmem:              3456 kB
1776798146.808761109 KReclaimable:      29488 kB
1776798146.808761109 Slab:             119108 kB
1776798146.808761109 SReclaimable:      29488 kB
1776798146.808761109 SUnreclaim:        89620 kB
1776798146.808761109 KernelStack:        2960 kB
1776798146.808761109 PageTables:         3556 kB
1776798146.808761109 SecPageTables:         0 kB
1776798146.808761109 NFS_Unstable:          0 kB
1776798146.808761109 Bounce:                0 kB
1776798146.808761109 WritebackTmp:          0 kB
1776798146.808761109 CommitLimit:     3537964 kB
1776798146.808761109 Committed_AS:     400520 kB
1776798146.808761109 VmallocTotal:   135288315904 kB
1776798146.808761109 VmallocUsed:       18836 kB
1776798146.808761109 VmallocChunk:          0 kB
1776798146.808761109 Percpu:             1552 kB
1776798146.808761109 AnonHugePages:         0 kB
1776798146.808761109 ShmemHugePages:        0 kB
1776798146.808761109 ShmemPmdMapped:        0 kB
1776798146.808761109 FileHugePages:         0 kB
1776798146.808761109 FilePmdMapped:         0 kB
1776798146.808761109 CmaTotal:          65536 kB
1776798146.808761109 CmaFree:           49104 kB
1776798146.808761109 Balloon:               0 kB
1776798146.808761109 HugePages_Total:     512
1776798146.808761109 HugePages_Free:      512
1776798146.808761109 HugePages_Rsvd:        0
1776798146.808761109 HugePages_Surp:        0
1776798146.808761109 Hugepagesize:       2048 kB
1776798146.808761109 Hugetlb:         1048576 kB
1776798147.818766568 MemTotal:        8124504 kB
1776798147.818766568 MemFree:         6427896 kB
1776798147.818766568 MemAvailable:    6667896 kB
1776798147.818766568 Buffers:           29776 kB
1776798147.818766568 Cached:           338612 kB
1776798147.818766568 SwapCached:            0 kB
1776798147.818766568 Active:           353044 kB
1776798147.818766568 Inactive:         102792 kB
1776798147.818766568 Active(anon):      90820 kB
1776798147.818766568 Inactive(anon):        0 kB
1776798147.818766568 Active(file):     262224 kB
1776798147.818766568 Inactive(file):   102792 kB
1776798147.818766568 Unevictable:           0 kB
1776798147.818766568 Mlocked:               0 kB
1776798147.818766568 SwapTotal:             0 kB
1776798147.818766568 SwapFree:              0 kB
1776798147.818766568 Zswap:                 0 kB
1776798147.818766568 Zswapped:              0 kB
1776798147.818766568 Dirty:                40 kB
1776798147.818766568 Writeback:             0 kB
1776798147.818766568 AnonPages:         87368 kB
1776798147.818766568 Mapped:            88536 kB
1776798147.818766568 Shmem:              3456 kB
1776798147.818766568 KReclaimable:      29488 kB
1776798147.818766568 Slab:             119088 kB
1776798147.818766568 SReclaimable:      29488 kB
1776798147.818766568 SUnreclaim:        89600 kB
1776798147.818766568 KernelStack:        2960 kB
1776798147.818766568 PageTables:         3488 kB
1776798147.818766568 SecPageTables:         0 kB
1776798147.818766568 NFS_Unstable:          0 kB
1776798147.818766568 Bounce:                0 kB
1776798147.818766568 WritebackTmp:          0 kB
1776798147.818766568 CommitLimit:     3537964 kB
1776798147.818766568 Committed_AS:     400132 kB
1776798147.818766568 VmallocTotal:   135288315904 kB
1776798147.818766568 VmallocUsed:       18852 kB
1776798147.818766568 VmallocChunk:          0 kB
1776798147.818766568 Percpu:             1552 kB
1776798147.818766568 AnonHugePages:         0 kB
1776798147.818766568 ShmemHugePages:        0 kB
1776798147.818766568 ShmemPmdMapped:        0 kB
1776798147.818766568 FileHugePages:         0 kB
1776798147.818766568 FilePmdMapped:         0 kB
1776798147.818766568 CmaTotal:          65536 kB
1776798147.818766568 CmaFree:           49104 kB
1776798147.818766568 Balloon:               0 kB
1776798147.818766568 HugePages_Total:     512
1776798147.818766568 HugePages_Free:      512
1776798147.818766568 HugePages_Rsvd:        0
1776798147.818766568 HugePages_Surp:        0
1776798147.818766568 Hugepagesize:       2048 kB
1776798147.818766568 Hugetlb:         1048576 kB
