# timestamp field value_kB
1776796615.616359310 MemTotal:        8124504 kB
1776796615.616359310 MemFree:         6462264 kB
1776796615.616359310 MemAvailable:    6665772 kB
1776796615.616359310 Buffers:           28448 kB
1776796615.616359310 Cached:           303928 kB
1776796615.616359310 SwapCached:            0 kB
1776796615.616359310 Active:           336320 kB
1776796615.616359310 Inactive:          83176 kB
1776796615.616359310 Active(anon):      90512 kB
1776796615.616359310 Inactive(anon):        0 kB
1776796615.616359310 Active(file):     245808 kB
1776796615.616359310 Inactive(file):    83176 kB
1776796615.616359310 Unevictable:           0 kB
1776796615.616359310 Mlocked:               0 kB
1776796615.616359310 SwapTotal:             0 kB
1776796615.616359310 SwapFree:              0 kB
1776796615.616359310 Zswap:                 0 kB
1776796615.616359310 Zswapped:              0 kB
1776796615.616359310 Dirty:              4952 kB
1776796615.616359310 Writeback:             0 kB
1776796615.616359310 AnonPages:         87300 kB
1776796615.616359310 Mapped:            86328 kB
1776796615.616359310 Shmem:              3456 kB
1776796615.616359310 KReclaimable:      28568 kB
1776796615.616359310 Slab:             116920 kB
1776796615.616359310 SReclaimable:      28568 kB
1776796615.616359310 SUnreclaim:        88352 kB
1776796615.616359310 KernelStack:        2976 kB
1776796615.616359310 PageTables:         3816 kB
1776796615.616359310 SecPageTables:         0 kB
1776796615.616359310 NFS_Unstable:          0 kB
1776796615.616359310 Bounce:                0 kB
1776796615.616359310 WritebackTmp:          0 kB
1776796615.616359310 CommitLimit:     3537964 kB
1776796615.616359310 Committed_AS:     401712 kB
1776796615.616359310 VmallocTotal:   135288315904 kB
1776796615.616359310 VmallocUsed:       18820 kB
1776796615.616359310 VmallocChunk:          0 kB
1776796615.616359310 Percpu:             1504 kB
1776796615.616359310 AnonHugePages:         0 kB
1776796615.616359310 ShmemHugePages:        0 kB
1776796615.616359310 ShmemPmdMapped:        0 kB
1776796615.616359310 FileHugePages:         0 kB
1776796615.616359310 FilePmdMapped:         0 kB
1776796615.616359310 CmaTotal:          65536 kB
1776796615.616359310 CmaFree:           49104 kB
1776796615.616359310 Balloon:               0 kB
1776796615.616359310 HugePages_Total:     512
1776796615.616359310 HugePages_Free:      512
1776796615.616359310 HugePages_Rsvd:        0
1776796615.616359310 HugePages_Surp:        0
1776796615.616359310 Hugepagesize:       2048 kB
1776796615.616359310 Hugetlb:         1048576 kB
1776796616.627059406 MemTotal:        8124504 kB
1776796616.627059406 MemFree:         6459800 kB
1776796616.627059406 MemAvailable:    6663160 kB
1776796616.627059406 Buffers:           28448 kB
1776796616.627059406 Cached:           303764 kB
1776796616.627059406 SwapCached:            0 kB
1776796616.627059406 Active:           336472 kB
1776796616.627059406 Inactive:          83020 kB
1776796616.627059406 Active(anon):      90652 kB
1776796616.627059406 Inactive(anon):        0 kB
1776796616.627059406 Active(file):     245820 kB
1776796616.627059406 Inactive(file):    83020 kB
1776796616.627059406 Unevictable:           0 kB
1776796616.627059406 Mlocked:               0 kB
1776796616.627059406 SwapTotal:             0 kB
1776796616.627059406 SwapFree:              0 kB
1776796616.627059406 Zswap:                 0 kB
1776796616.627059406 Zswapped:              0 kB
1776796616.627059406 Dirty:              4972 kB
1776796616.627059406 Writeback:             0 kB
1776796616.627059406 AnonPages:         87356 kB
1776796616.627059406 Mapped:            88500 kB
1776796616.627059406 Shmem:              3456 kB
1776796616.627059406 KReclaimable:      28560 kB
1776796616.627059406 Slab:             116960 kB
1776796616.627059406 SReclaimable:      28560 kB
1776796616.627059406 SUnreclaim:        88400 kB
1776796616.627059406 KernelStack:        2960 kB
1776796616.627059406 PageTables:         3280 kB
1776796616.627059406 SecPageTables:         0 kB
1776796616.627059406 NFS_Unstable:          0 kB
1776796616.627059406 Bounce:                0 kB
1776796616.627059406 WritebackTmp:          0 kB
1776796616.627059406 CommitLimit:     3537964 kB
1776796616.627059406 Committed_AS:     400388 kB
1776796616.627059406 VmallocTotal:   135288315904 kB
1776796616.627059406 VmallocUsed:       18852 kB
1776796616.627059406 VmallocChunk:          0 kB
1776796616.627059406 Percpu:             1504 kB
1776796616.627059406 AnonHugePages:         0 kB
1776796616.627059406 ShmemHugePages:        0 kB
1776796616.627059406 ShmemPmdMapped:        0 kB
1776796616.627059406 FileHugePages:         0 kB
1776796616.627059406 FilePmdMapped:         0 kB
1776796616.627059406 CmaTotal:          65536 kB
1776796616.627059406 CmaFree:           49104 kB
1776796616.627059406 Balloon:               0 kB
1776796616.627059406 HugePages_Total:     512
1776796616.627059406 HugePages_Free:      512
1776796616.627059406 HugePages_Rsvd:        0
1776796616.627059406 HugePages_Surp:        0
1776796616.627059406 Hugepagesize:       2048 kB
1776796616.627059406 Hugetlb:         1048576 kB
1776796617.635495214 MemTotal:        8124504 kB
1776796617.635495214 MemFree:         6460708 kB
1776796617.635495214 MemAvailable:    6664072 kB
1776796617.635495214 Buffers:           28448 kB
1776796617.635495214 Cached:           303768 kB
1776796617.635495214 SwapCached:            0 kB
1776796617.635495214 Active:           336480 kB
1776796617.635495214 Inactive:          83024 kB
1776796617.635495214 Active(anon):      90660 kB
1776796617.635495214 Inactive(anon):        0 kB
1776796617.635495214 Active(file):     245820 kB
1776796617.635495214 Inactive(file):    83024 kB
1776796617.635495214 Unevictable:           0 kB
1776796617.635495214 Mlocked:               0 kB
1776796617.635495214 SwapTotal:             0 kB
1776796617.635495214 SwapFree:              0 kB
1776796617.635495214 Zswap:                 0 kB
1776796617.635495214 Zswapped:              0 kB
1776796617.635495214 Dirty:              4976 kB
1776796617.635495214 Writeback:             0 kB
1776796617.635495214 AnonPages:         87356 kB
1776796617.635495214 Mapped:            88460 kB
1776796617.635495214 Shmem:              3456 kB
1776796617.635495214 KReclaimable:      28560 kB
1776796617.635495214 Slab:             116968 kB
1776796617.635495214 SReclaimable:      28560 kB
1776796617.635495214 SUnreclaim:        88408 kB
1776796617.635495214 KernelStack:        2960 kB
1776796617.635495214 PageTables:         3284 kB
1776796617.635495214 SecPageTables:         0 kB
1776796617.635495214 NFS_Unstable:          0 kB
1776796617.635495214 Bounce:                0 kB
1776796617.635495214 WritebackTmp:          0 kB
1776796617.635495214 CommitLimit:     3537964 kB
1776796617.635495214 Committed_AS:     400388 kB
1776796617.635495214 VmallocTotal:   135288315904 kB
1776796617.635495214 VmallocUsed:       18852 kB
1776796617.635495214 VmallocChunk:          0 kB
1776796617.635495214 Percpu:             1504 kB
1776796617.635495214 AnonHugePages:         0 kB
1776796617.635495214 ShmemHugePages:        0 kB
1776796617.635495214 ShmemPmdMapped:        0 kB
1776796617.635495214 FileHugePages:         0 kB
1776796617.635495214 FilePmdMapped:         0 kB
1776796617.635495214 CmaTotal:          65536 kB
1776796617.635495214 CmaFree:           49104 kB
1776796617.635495214 Balloon:               0 kB
1776796617.635495214 HugePages_Total:     512
1776796617.635495214 HugePages_Free:      512
1776796617.635495214 HugePages_Rsvd:        0
1776796617.635495214 HugePages_Surp:        0
1776796617.635495214 Hugepagesize:       2048 kB
1776796617.635495214 Hugetlb:         1048576 kB
1776796618.643735280 MemTotal:        8124504 kB
1776796618.643735280 MemFree:         6460560 kB
1776796618.643735280 MemAvailable:    6663920 kB
1776796618.643735280 Buffers:           28448 kB
1776796618.643735280 Cached:           303772 kB
1776796618.643735280 SwapCached:            0 kB
1776796618.643735280 Active:           336588 kB
1776796618.643735280 Inactive:          83024 kB
1776796618.643735280 Active(anon):      90772 kB
1776796618.643735280 Inactive(anon):        0 kB
1776796618.643735280 Active(file):     245816 kB
1776796618.643735280 Inactive(file):    83024 kB
1776796618.643735280 Unevictable:           0 kB
1776796618.643735280 Mlocked:               0 kB
1776796618.643735280 SwapTotal:             0 kB
1776796618.643735280 SwapFree:              0 kB
1776796618.643735280 Zswap:                 0 kB
1776796618.643735280 Zswapped:              0 kB
1776796618.643735280 Dirty:              4980 kB
1776796618.643735280 Writeback:             0 kB
1776796618.643735280 AnonPages:         87360 kB
1776796618.643735280 Mapped:            88500 kB
1776796618.643735280 Shmem:              3456 kB
1776796618.643735280 KReclaimable:      28560 kB
1776796618.643735280 Slab:             116968 kB
1776796618.643735280 SReclaimable:      28560 kB
1776796618.643735280 SUnreclaim:        88408 kB
1776796618.643735280 KernelStack:        2960 kB
1776796618.643735280 PageTables:         3292 kB
1776796618.643735280 SecPageTables:         0 kB
1776796618.643735280 NFS_Unstable:          0 kB
1776796618.643735280 Bounce:                0 kB
1776796618.643735280 WritebackTmp:          0 kB
1776796618.643735280 CommitLimit:     3537964 kB
1776796618.643735280 Committed_AS:     400388 kB
1776796618.643735280 VmallocTotal:   135288315904 kB
1776796618.643735280 VmallocUsed:       18820 kB
1776796618.643735280 VmallocChunk:          0 kB
1776796618.643735280 Percpu:             1504 kB
1776796618.643735280 AnonHugePages:         0 kB
1776796618.643735280 ShmemHugePages:        0 kB
1776796618.643735280 ShmemPmdMapped:        0 kB
1776796618.643735280 FileHugePages:         0 kB
1776796618.643735280 FilePmdMapped:         0 kB
1776796618.643735280 CmaTotal:          65536 kB
1776796618.643735280 CmaFree:           49104 kB
1776796618.643735280 Balloon:               0 kB
1776796618.643735280 HugePages_Total:     512
1776796618.643735280 HugePages_Free:      512
1776796618.643735280 HugePages_Rsvd:        0
1776796618.643735280 HugePages_Surp:        0
1776796618.643735280 Hugepagesize:       2048 kB
1776796618.643735280 Hugetlb:         1048576 kB
1776796619.652562942 MemTotal:        8124504 kB
1776796619.652562942 MemFree:         6460984 kB
1776796619.652562942 MemAvailable:    6664356 kB
1776796619.652562942 Buffers:           28448 kB
1776796619.652562942 Cached:           303776 kB
1776796619.652562942 SwapCached:            0 kB
1776796619.652562942 Active:           336436 kB
1776796619.652562942 Inactive:          83032 kB
1776796619.652562942 Active(anon):      90616 kB
1776796619.652562942 Inactive(anon):        0 kB
1776796619.652562942 Active(file):     245820 kB
1776796619.652562942 Inactive(file):    83032 kB
1776796619.652562942 Unevictable:           0 kB
1776796619.652562942 Mlocked:               0 kB
1776796619.652562942 SwapTotal:             0 kB
1776796619.652562942 SwapFree:              0 kB
1776796619.652562942 Zswap:                 0 kB
1776796619.652562942 Zswapped:              0 kB
1776796619.652562942 Dirty:              4984 kB
1776796619.652562942 Writeback:             0 kB
1776796619.652562942 AnonPages:         87400 kB
1776796619.652562942 Mapped:            88460 kB
1776796619.652562942 Shmem:              3456 kB
1776796619.652562942 KReclaimable:      28560 kB
1776796619.652562942 Slab:             116976 kB
1776796619.652562942 SReclaimable:      28560 kB
1776796619.652562942 SUnreclaim:        88416 kB
1776796619.652562942 KernelStack:        2976 kB
1776796619.652562942 PageTables:         3320 kB
1776796619.652562942 SecPageTables:         0 kB
1776796619.652562942 NFS_Unstable:          0 kB
1776796619.652562942 Bounce:                0 kB
1776796619.652562942 WritebackTmp:          0 kB
1776796619.652562942 CommitLimit:     3537964 kB
1776796619.652562942 Committed_AS:     400388 kB
1776796619.652562942 VmallocTotal:   135288315904 kB
1776796619.652562942 VmallocUsed:       18852 kB
1776796619.652562942 VmallocChunk:          0 kB
1776796619.652562942 Percpu:             1504 kB
1776796619.652562942 AnonHugePages:         0 kB
1776796619.652562942 ShmemHugePages:        0 kB
1776796619.652562942 ShmemPmdMapped:        0 kB
1776796619.652562942 FileHugePages:         0 kB
1776796619.652562942 FilePmdMapped:         0 kB
1776796619.652562942 CmaTotal:          65536 kB
1776796619.652562942 CmaFree:           49104 kB
1776796619.652562942 Balloon:               0 kB
1776796619.652562942 HugePages_Total:     512
1776796619.652562942 HugePages_Free:      512
1776796619.652562942 HugePages_Rsvd:        0
1776796619.652562942 HugePages_Surp:        0
1776796619.652562942 Hugepagesize:       2048 kB
1776796619.652562942 Hugetlb:         1048576 kB
1776796620.660946046 MemTotal:        8124504 kB
1776796620.660946046 MemFree:         6460056 kB
1776796620.660946046 MemAvailable:    6663428 kB
1776796620.660946046 Buffers:           28456 kB
1776796620.660946046 Cached:           303780 kB
1776796620.660946046 SwapCached:            0 kB
1776796620.660946046 Active:           336364 kB
1776796620.660946046 Inactive:          83036 kB
1776796620.660946046 Active(anon):      90548 kB
1776796620.660946046 Inactive(anon):        0 kB
1776796620.660946046 Active(file):     245816 kB
1776796620.660946046 Inactive(file):    83036 kB
1776796620.660946046 Unevictable:           0 kB
1776796620.660946046 Mlocked:               0 kB
1776796620.660946046 SwapTotal:             0 kB
1776796620.660946046 SwapFree:              0 kB
1776796620.660946046 Zswap:                 0 kB
1776796620.660946046 Zswapped:              0 kB
1776796620.660946046 Dirty:              5016 kB
1776796620.660946046 Writeback:             0 kB
1776796620.660946046 AnonPages:         87352 kB
1776796620.660946046 Mapped:            88460 kB
1776796620.660946046 Shmem:              3456 kB
1776796620.660946046 KReclaimable:      28560 kB
1776796620.660946046 Slab:             116956 kB
1776796620.660946046 SReclaimable:      28560 kB
1776796620.660946046 SUnreclaim:        88396 kB
1776796620.660946046 KernelStack:        2960 kB
1776796620.660946046 PageTables:         3288 kB
1776796620.660946046 SecPageTables:         0 kB
1776796620.660946046 NFS_Unstable:          0 kB
1776796620.660946046 Bounce:                0 kB
1776796620.660946046 WritebackTmp:          0 kB
1776796620.660946046 CommitLimit:     3537964 kB
1776796620.660946046 Committed_AS:     400388 kB
1776796620.660946046 VmallocTotal:   135288315904 kB
1776796620.660946046 VmallocUsed:       18804 kB
1776796620.660946046 VmallocChunk:          0 kB
1776796620.660946046 Percpu:             1504 kB
1776796620.660946046 AnonHugePages:         0 kB
1776796620.660946046 ShmemHugePages:        0 kB
1776796620.660946046 ShmemPmdMapped:        0 kB
1776796620.660946046 FileHugePages:         0 kB
1776796620.660946046 FilePmdMapped:         0 kB
1776796620.660946046 CmaTotal:          65536 kB
1776796620.660946046 CmaFree:           49104 kB
1776796620.660946046 Balloon:               0 kB
1776796620.660946046 HugePages_Total:     512
1776796620.660946046 HugePages_Free:      512
1776796620.660946046 HugePages_Rsvd:        0
1776796620.660946046 HugePages_Surp:        0
1776796620.660946046 Hugepagesize:       2048 kB
1776796620.660946046 Hugetlb:         1048576 kB
1776796621.669817079 MemTotal:        8124504 kB
1776796621.669817079 MemFree:         6459724 kB
1776796621.669817079 MemAvailable:    6663108 kB
1776796621.669817079 Buffers:           28456 kB
1776796621.669817079 Cached:           303784 kB
1776796621.669817079 SwapCached:            0 kB
1776796621.669817079 Active:           336436 kB
1776796621.669817079 Inactive:          83048 kB
1776796621.669817079 Active(anon):      90620 kB
1776796621.669817079 Inactive(anon):        0 kB
1776796621.669817079 Active(file):     245816 kB
1776796621.669817079 Inactive(file):    83048 kB
1776796621.669817079 Unevictable:           0 kB
1776796621.669817079 Mlocked:               0 kB
1776796621.669817079 SwapTotal:             0 kB
1776796621.669817079 SwapFree:              0 kB
1776796621.669817079 Zswap:                 0 kB
1776796621.669817079 Zswapped:              0 kB
1776796621.669817079 Dirty:              5020 kB
1776796621.669817079 Writeback:             0 kB
1776796621.669817079 AnonPages:         87216 kB
1776796621.669817079 Mapped:            88608 kB
1776796621.669817079 Shmem:              3456 kB
1776796621.669817079 KReclaimable:      28560 kB
1776796621.669817079 Slab:             116960 kB
1776796621.669817079 SReclaimable:      28560 kB
1776796621.669817079 SUnreclaim:        88400 kB
1776796621.669817079 KernelStack:        2968 kB
1776796621.669817079 PageTables:         3404 kB
1776796621.669817079 SecPageTables:         0 kB
1776796621.669817079 NFS_Unstable:          0 kB
1776796621.669817079 Bounce:                0 kB
1776796621.669817079 WritebackTmp:          0 kB
1776796621.669817079 CommitLimit:     3537964 kB
1776796621.669817079 Committed_AS:     400388 kB
1776796621.669817079 VmallocTotal:   135288315904 kB
1776796621.669817079 VmallocUsed:       18804 kB
1776796621.669817079 VmallocChunk:          0 kB
1776796621.669817079 Percpu:             1504 kB
1776796621.669817079 AnonHugePages:         0 kB
1776796621.669817079 ShmemHugePages:        0 kB
1776796621.669817079 ShmemPmdMapped:        0 kB
1776796621.669817079 FileHugePages:         0 kB
1776796621.669817079 FilePmdMapped:         0 kB
1776796621.669817079 CmaTotal:          65536 kB
1776796621.669817079 CmaFree:           49104 kB
1776796621.669817079 Balloon:               0 kB
1776796621.669817079 HugePages_Total:     512
1776796621.669817079 HugePages_Free:      512
1776796621.669817079 HugePages_Rsvd:        0
1776796621.669817079 HugePages_Surp:        0
1776796621.669817079 Hugepagesize:       2048 kB
1776796621.669817079 Hugetlb:         1048576 kB
1776796622.678442073 MemTotal:        8124504 kB
1776796622.678442073 MemFree:         6459352 kB
1776796622.678442073 MemAvailable:    6662740 kB
1776796622.678442073 Buffers:           28456 kB
1776796622.678442073 Cached:           303796 kB
1776796622.678442073 SwapCached:            0 kB
1776796622.678442073 Active:           336512 kB
1776796622.678442073 Inactive:          83052 kB
1776796622.678442073 Active(anon):      90696 kB
1776796622.678442073 Inactive(anon):        0 kB
1776796622.678442073 Active(file):     245816 kB
1776796622.678442073 Inactive(file):    83052 kB
1776796622.678442073 Unevictable:           0 kB
1776796622.678442073 Mlocked:               0 kB
1776796622.678442073 SwapTotal:             0 kB
1776796622.678442073 SwapFree:              0 kB
1776796622.678442073 Zswap:                 0 kB
1776796622.678442073 Zswapped:              0 kB
1776796622.678442073 Dirty:              5032 kB
1776796622.678442073 Writeback:             0 kB
1776796622.678442073 AnonPages:         87364 kB
1776796622.678442073 Mapped:            88500 kB
1776796622.678442073 Shmem:              3456 kB
1776796622.678442073 KReclaimable:      28560 kB
1776796622.678442073 Slab:             116968 kB
1776796622.678442073 SReclaimable:      28560 kB
1776796622.678442073 SUnreclaim:        88408 kB
1776796622.678442073 KernelStack:        2960 kB
1776796622.678442073 PageTables:         3284 kB
1776796622.678442073 SecPageTables:         0 kB
1776796622.678442073 NFS_Unstable:          0 kB
1776796622.678442073 Bounce:                0 kB
1776796622.678442073 WritebackTmp:          0 kB
1776796622.678442073 CommitLimit:     3537964 kB
1776796622.678442073 Committed_AS:     400388 kB
1776796622.678442073 VmallocTotal:   135288315904 kB
1776796622.678442073 VmallocUsed:       18820 kB
1776796622.678442073 VmallocChunk:          0 kB
1776796622.678442073 Percpu:             1504 kB
1776796622.678442073 AnonHugePages:         0 kB
1776796622.678442073 ShmemHugePages:        0 kB
1776796622.678442073 ShmemPmdMapped:        0 kB
1776796622.678442073 FileHugePages:         0 kB
1776796622.678442073 FilePmdMapped:         0 kB
1776796622.678442073 CmaTotal:          65536 kB
1776796622.678442073 CmaFree:           49104 kB
1776796622.678442073 Balloon:               0 kB
1776796622.678442073 HugePages_Total:     512
1776796622.678442073 HugePages_Free:      512
1776796622.678442073 HugePages_Rsvd:        0
1776796622.678442073 HugePages_Surp:        0
1776796622.678442073 Hugepagesize:       2048 kB
1776796622.678442073 Hugetlb:         1048576 kB
1776796623.687045100 MemTotal:        8124504 kB
1776796623.687045100 MemFree:         6459180 kB
1776796623.687045100 MemAvailable:    6662584 kB
1776796623.687045100 Buffers:           28456 kB
1776796623.687045100 Cached:           303800 kB
1776796623.687045100 SwapCached:            0 kB
1776796623.687045100 Active:           336420 kB
1776796623.687045100 Inactive:          83064 kB
1776796623.687045100 Active(anon):      90600 kB
1776796623.687045100 Inactive(anon):        0 kB
1776796623.687045100 Active(file):     245820 kB
1776796623.687045100 Inactive(file):    83064 kB
1776796623.687045100 Unevictable:           0 kB
1776796623.687045100 Mlocked:               0 kB
1776796623.687045100 SwapTotal:             0 kB
1776796623.687045100 SwapFree:              0 kB
1776796623.687045100 Zswap:                 0 kB
1776796623.687045100 Zswapped:              0 kB
1776796623.687045100 Dirty:              5036 kB
1776796623.687045100 Writeback:             0 kB
1776796623.687045100 AnonPages:         87404 kB
1776796623.687045100 Mapped:            88520 kB
1776796623.687045100 Shmem:              3456 kB
1776796623.687045100 KReclaimable:      28556 kB
1776796623.687045100 Slab:             116956 kB
1776796623.687045100 SReclaimable:      28556 kB
1776796623.687045100 SUnreclaim:        88400 kB
1776796623.687045100 KernelStack:        2952 kB
1776796623.687045100 PageTables:         3308 kB
1776796623.687045100 SecPageTables:         0 kB
1776796623.687045100 NFS_Unstable:          0 kB
1776796623.687045100 Bounce:                0 kB
1776796623.687045100 WritebackTmp:          0 kB
1776796623.687045100 CommitLimit:     3537964 kB
1776796623.687045100 Committed_AS:     400388 kB
1776796623.687045100 VmallocTotal:   135288315904 kB
1776796623.687045100 VmallocUsed:       18836 kB
1776796623.687045100 VmallocChunk:          0 kB
1776796623.687045100 Percpu:             1504 kB
1776796623.687045100 AnonHugePages:         0 kB
1776796623.687045100 ShmemHugePages:        0 kB
1776796623.687045100 ShmemPmdMapped:        0 kB
1776796623.687045100 FileHugePages:         0 kB
1776796623.687045100 FilePmdMapped:         0 kB
1776796623.687045100 CmaTotal:          65536 kB
1776796623.687045100 CmaFree:           49104 kB
1776796623.687045100 Balloon:               0 kB
1776796623.687045100 HugePages_Total:     512
1776796623.687045100 HugePages_Free:      512
1776796623.687045100 HugePages_Rsvd:        0
1776796623.687045100 HugePages_Surp:        0
1776796623.687045100 Hugepagesize:       2048 kB
1776796623.687045100 Hugetlb:         1048576 kB
1776796624.695364831 MemTotal:        8124504 kB
1776796624.695364831 MemFree:         6459104 kB
1776796624.695364831 MemAvailable:    6662504 kB
1776796624.695364831 Buffers:           28456 kB
1776796624.695364831 Cached:           303800 kB
1776796624.695364831 SwapCached:            0 kB
1776796624.695364831 Active:           336448 kB
1776796624.695364831 Inactive:          83064 kB
1776796624.695364831 Active(anon):      90632 kB
1776796624.695364831 Inactive(anon):        0 kB
1776796624.695364831 Active(file):     245816 kB
1776796624.695364831 Inactive(file):    83064 kB
1776796624.695364831 Unevictable:           0 kB
1776796624.695364831 Mlocked:               0 kB
1776796624.695364831 SwapTotal:             0 kB
1776796624.695364831 SwapFree:              0 kB
1776796624.695364831 Zswap:                 0 kB
1776796624.695364831 Zswapped:              0 kB
1776796624.695364831 Dirty:              5036 kB
1776796624.695364831 Writeback:             0 kB
1776796624.695364831 AnonPages:         87364 kB
1776796624.695364831 Mapped:            88500 kB
1776796624.695364831 Shmem:              3456 kB
1776796624.695364831 KReclaimable:      28556 kB
1776796624.695364831 Slab:             116988 kB
1776796624.695364831 SReclaimable:      28556 kB
1776796624.695364831 SUnreclaim:        88432 kB
1776796624.695364831 KernelStack:        2960 kB
1776796624.695364831 PageTables:         3304 kB
1776796624.695364831 SecPageTables:         0 kB
1776796624.695364831 NFS_Unstable:          0 kB
1776796624.695364831 Bounce:                0 kB
1776796624.695364831 WritebackTmp:          0 kB
1776796624.695364831 CommitLimit:     3537964 kB
1776796624.695364831 Committed_AS:     400388 kB
1776796624.695364831 VmallocTotal:   135288315904 kB
1776796624.695364831 VmallocUsed:       18820 kB
1776796624.695364831 VmallocChunk:          0 kB
1776796624.695364831 Percpu:             1504 kB
1776796624.695364831 AnonHugePages:         0 kB
1776796624.695364831 ShmemHugePages:        0 kB
1776796624.695364831 ShmemPmdMapped:        0 kB
1776796624.695364831 FileHugePages:         0 kB
1776796624.695364831 FilePmdMapped:         0 kB
1776796624.695364831 CmaTotal:          65536 kB
1776796624.695364831 CmaFree:           49104 kB
1776796624.695364831 Balloon:               0 kB
1776796624.695364831 HugePages_Total:     512
1776796624.695364831 HugePages_Free:      512
1776796624.695364831 HugePages_Rsvd:        0
1776796624.695364831 HugePages_Surp:        0
1776796624.695364831 Hugepagesize:       2048 kB
1776796624.695364831 Hugetlb:         1048576 kB
1776796625.704334620 MemTotal:        8124504 kB
1776796625.704334620 MemFree:         6460504 kB
1776796625.704334620 MemAvailable:    6663908 kB
1776796625.704334620 Buffers:           28464 kB
1776796625.704334620 Cached:           303804 kB
1776796625.704334620 SwapCached:            0 kB
1776796625.704334620 Active:           336476 kB
1776796625.704334620 Inactive:          83068 kB
1776796625.704334620 Active(anon):      90660 kB
1776796625.704334620 Inactive(anon):        0 kB
1776796625.704334620 Active(file):     245816 kB
1776796625.704334620 Inactive(file):    83068 kB
1776796625.704334620 Unevictable:           0 kB
1776796625.704334620 Mlocked:               0 kB
1776796625.704334620 SwapTotal:             0 kB
1776796625.704334620 SwapFree:              0 kB
1776796625.704334620 Zswap:                 0 kB
1776796625.704334620 Zswapped:              0 kB
1776796625.704334620 Dirty:              5040 kB
1776796625.704334620 Writeback:             0 kB
1776796625.704334620 AnonPages:         87232 kB
1776796625.704334620 Mapped:            88608 kB
1776796625.704334620 Shmem:              3456 kB
1776796625.704334620 KReclaimable:      28556 kB
1776796625.704334620 Slab:             116964 kB
1776796625.704334620 SReclaimable:      28556 kB
1776796625.704334620 SUnreclaim:        88408 kB
1776796625.704334620 KernelStack:        2968 kB
1776796625.704334620 PageTables:         3328 kB
1776796625.704334620 SecPageTables:         0 kB
1776796625.704334620 NFS_Unstable:          0 kB
1776796625.704334620 Bounce:                0 kB
1776796625.704334620 WritebackTmp:          0 kB
1776796625.704334620 CommitLimit:     3537964 kB
1776796625.704334620 Committed_AS:     400388 kB
1776796625.704334620 VmallocTotal:   135288315904 kB
1776796625.704334620 VmallocUsed:       18836 kB
1776796625.704334620 VmallocChunk:          0 kB
1776796625.704334620 Percpu:             1504 kB
1776796625.704334620 AnonHugePages:         0 kB
1776796625.704334620 ShmemHugePages:        0 kB
1776796625.704334620 ShmemPmdMapped:        0 kB
1776796625.704334620 FileHugePages:         0 kB
1776796625.704334620 FilePmdMapped:         0 kB
1776796625.704334620 CmaTotal:          65536 kB
1776796625.704334620 CmaFree:           49104 kB
1776796625.704334620 Balloon:               0 kB
1776796625.704334620 HugePages_Total:     512
1776796625.704334620 HugePages_Free:      512
1776796625.704334620 HugePages_Rsvd:        0
1776796625.704334620 HugePages_Surp:        0
1776796625.704334620 Hugepagesize:       2048 kB
1776796625.704334620 Hugetlb:         1048576 kB
1776796626.713639318 MemTotal:        8124504 kB
1776796626.713639318 MemFree:         6460420 kB
1776796626.713639318 MemAvailable:    6663836 kB
1776796626.713639318 Buffers:           28464 kB
1776796626.713639318 Cached:           303808 kB
1776796626.713639318 SwapCached:            0 kB
1776796626.713639318 Active:           336532 kB
1776796626.713639318 Inactive:          83076 kB
1776796626.713639318 Active(anon):      90712 kB
1776796626.713639318 Inactive(anon):        0 kB
1776796626.713639318 Active(file):     245820 kB
1776796626.713639318 Inactive(file):    83076 kB
1776796626.713639318 Unevictable:           0 kB
1776796626.713639318 Mlocked:               0 kB
1776796626.713639318 SwapTotal:             0 kB
1776796626.713639318 SwapFree:              0 kB
1776796626.713639318 Zswap:                 0 kB
1776796626.713639318 Zswapped:              0 kB
1776796626.713639318 Dirty:              5044 kB
1776796626.713639318 Writeback:             0 kB
1776796626.713639318 AnonPages:         87364 kB
1776796626.713639318 Mapped:            88500 kB
1776796626.713639318 Shmem:              3456 kB
1776796626.713639318 KReclaimable:      28556 kB
1776796626.713639318 Slab:             116968 kB
1776796626.713639318 SReclaimable:      28556 kB
1776796626.713639318 SUnreclaim:        88412 kB
1776796626.713639318 KernelStack:        2960 kB
1776796626.713639318 PageTables:         3288 kB
1776796626.713639318 SecPageTables:         0 kB
1776796626.713639318 NFS_Unstable:          0 kB
1776796626.713639318 Bounce:                0 kB
1776796626.713639318 WritebackTmp:          0 kB
1776796626.713639318 CommitLimit:     3537964 kB
1776796626.713639318 Committed_AS:     400388 kB
1776796626.713639318 VmallocTotal:   135288315904 kB
1776796626.713639318 VmallocUsed:       18820 kB
1776796626.713639318 VmallocChunk:          0 kB
1776796626.713639318 Percpu:             1504 kB
1776796626.713639318 AnonHugePages:         0 kB
1776796626.713639318 ShmemHugePages:        0 kB
1776796626.713639318 ShmemPmdMapped:        0 kB
1776796626.713639318 FileHugePages:         0 kB
1776796626.713639318 FilePmdMapped:         0 kB
1776796626.713639318 CmaTotal:          65536 kB
1776796626.713639318 CmaFree:           49104 kB
1776796626.713639318 Balloon:               0 kB
1776796626.713639318 HugePages_Total:     512
1776796626.713639318 HugePages_Free:      512
1776796626.713639318 HugePages_Rsvd:        0
1776796626.713639318 HugePages_Surp:        0
1776796626.713639318 Hugepagesize:       2048 kB
1776796626.713639318 Hugetlb:         1048576 kB
1776796627.721912790 MemTotal:        8124504 kB
1776796627.721912790 MemFree:         6459164 kB
1776796627.721912790 MemAvailable:    6662592 kB
1776796627.721912790 Buffers:           28464 kB
1776796627.721912790 Cached:           303816 kB
1776796627.721912790 SwapCached:            0 kB
1776796627.721912790 Active:           336496 kB
1776796627.721912790 Inactive:          83088 kB
1776796627.721912790 Active(anon):      90676 kB
1776796627.721912790 Inactive(anon):        0 kB
1776796627.721912790 Active(file):     245820 kB
1776796627.721912790 Inactive(file):    83088 kB
1776796627.721912790 Unevictable:           0 kB
1776796627.721912790 Mlocked:               0 kB
1776796627.721912790 SwapTotal:             0 kB
1776796627.721912790 SwapFree:              0 kB
1776796627.721912790 Zswap:                 0 kB
1776796627.721912790 Zswapped:              0 kB
1776796627.721912790 Dirty:              5052 kB
1776796627.721912790 Writeback:             0 kB
1776796627.721912790 AnonPages:         87452 kB
1776796627.721912790 Mapped:            88640 kB
1776796627.721912790 Shmem:              3456 kB
1776796627.721912790 KReclaimable:      28556 kB
1776796627.721912790 Slab:             116996 kB
1776796627.721912790 SReclaimable:      28556 kB
1776796627.721912790 SUnreclaim:        88440 kB
1776796627.721912790 KernelStack:        2992 kB
1776796627.721912790 PageTables:         3372 kB
1776796627.721912790 SecPageTables:         0 kB
1776796627.721912790 NFS_Unstable:          0 kB
1776796627.721912790 Bounce:                0 kB
1776796627.721912790 WritebackTmp:          0 kB
1776796627.721912790 CommitLimit:     3537964 kB
1776796627.721912790 Committed_AS:     400388 kB
1776796627.721912790 VmallocTotal:   135288315904 kB
1776796627.721912790 VmallocUsed:       18836 kB
1776796627.721912790 VmallocChunk:          0 kB
1776796627.721912790 Percpu:             1504 kB
1776796627.721912790 AnonHugePages:         0 kB
1776796627.721912790 ShmemHugePages:        0 kB
1776796627.721912790 ShmemPmdMapped:        0 kB
1776796627.721912790 FileHugePages:         0 kB
1776796627.721912790 FilePmdMapped:         0 kB
1776796627.721912790 CmaTotal:          65536 kB
1776796627.721912790 CmaFree:           49104 kB
1776796627.721912790 Balloon:               0 kB
1776796627.721912790 HugePages_Total:     512
1776796627.721912790 HugePages_Free:      512
1776796627.721912790 HugePages_Rsvd:        0
1776796627.721912790 HugePages_Surp:        0
1776796627.721912790 Hugepagesize:       2048 kB
1776796627.721912790 Hugetlb:         1048576 kB
1776796628.729587074 MemTotal:        8124504 kB
1776796628.729587074 MemFree:         6460168 kB
1776796628.729587074 MemAvailable:    6663600 kB
1776796628.729587074 Buffers:           28464 kB
1776796628.729587074 Cached:           303820 kB
1776796628.729587074 SwapCached:            0 kB
1776796628.729587074 Active:           336500 kB
1776796628.729587074 Inactive:          83092 kB
1776796628.729587074 Active(anon):      90680 kB
1776796628.729587074 Inactive(anon):        0 kB
1776796628.729587074 Active(file):     245820 kB
1776796628.729587074 Inactive(file):    83092 kB
1776796628.729587074 Unevictable:           0 kB
1776796628.729587074 Mlocked:               0 kB
1776796628.729587074 SwapTotal:             0 kB
1776796628.729587074 SwapFree:              0 kB
1776796628.729587074 Zswap:                 0 kB
1776796628.729587074 Zswapped:              0 kB
1776796628.729587074 Dirty:              5056 kB
1776796628.729587074 Writeback:             0 kB
1776796628.729587074 AnonPages:         87372 kB
1776796628.729587074 Mapped:            88460 kB
1776796628.729587074 Shmem:              3456 kB
1776796628.729587074 KReclaimable:      28556 kB
1776796628.729587074 Slab:             116992 kB
1776796628.729587074 SReclaimable:      28556 kB
1776796628.729587074 SUnreclaim:        88436 kB
1776796628.729587074 KernelStack:        2960 kB
1776796628.729587074 PageTables:         3296 kB
1776796628.729587074 SecPageTables:         0 kB
1776796628.729587074 NFS_Unstable:          0 kB
1776796628.729587074 Bounce:                0 kB
1776796628.729587074 WritebackTmp:          0 kB
1776796628.729587074 CommitLimit:     3537964 kB
1776796628.729587074 Committed_AS:     400388 kB
1776796628.729587074 VmallocTotal:   135288315904 kB
1776796628.729587074 VmallocUsed:       18820 kB
1776796628.729587074 VmallocChunk:          0 kB
1776796628.729587074 Percpu:             1504 kB
1776796628.729587074 AnonHugePages:         0 kB
1776796628.729587074 ShmemHugePages:        0 kB
1776796628.729587074 ShmemPmdMapped:        0 kB
1776796628.729587074 FileHugePages:         0 kB
1776796628.729587074 FilePmdMapped:         0 kB
1776796628.729587074 CmaTotal:          65536 kB
1776796628.729587074 CmaFree:           49104 kB
1776796628.729587074 Balloon:               0 kB
1776796628.729587074 HugePages_Total:     512
1776796628.729587074 HugePages_Free:      512
1776796628.729587074 HugePages_Rsvd:        0
1776796628.729587074 HugePages_Surp:        0
1776796628.729587074 Hugepagesize:       2048 kB
1776796628.729587074 Hugetlb:         1048576 kB
1776796629.737246358 MemTotal:        8124504 kB
1776796629.737246358 MemFree:         6460128 kB
1776796629.737246358 MemAvailable:    6663556 kB
1776796629.737246358 Buffers:           28464 kB
1776796629.737246358 Cached:           303828 kB
1776796629.737246358 SwapCached:            0 kB
1776796629.737246358 Active:           336560 kB
1776796629.737246358 Inactive:          83092 kB
1776796629.737246358 Active(anon):      90744 kB
1776796629.737246358 Inactive(anon):        0 kB
1776796629.737246358 Active(file):     245816 kB
1776796629.737246358 Inactive(file):    83092 kB
1776796629.737246358 Unevictable:           0 kB
1776796629.737246358 Mlocked:               0 kB
1776796629.737246358 SwapTotal:             0 kB
1776796629.737246358 SwapFree:              0 kB
1776796629.737246358 Zswap:                 0 kB
1776796629.737246358 Zswapped:              0 kB
1776796629.737246358 Dirty:              5064 kB
1776796629.737246358 Writeback:             0 kB
1776796629.737246358 AnonPages:         87368 kB
1776796629.737246358 Mapped:            88500 kB
1776796629.737246358 Shmem:              3456 kB
1776796629.737246358 KReclaimable:      28556 kB
1776796629.737246358 Slab:             116980 kB
1776796629.737246358 SReclaimable:      28556 kB
1776796629.737246358 SUnreclaim:        88424 kB
1776796629.737246358 KernelStack:        2960 kB
1776796629.737246358 PageTables:         3292 kB
1776796629.737246358 SecPageTables:         0 kB
1776796629.737246358 NFS_Unstable:          0 kB
1776796629.737246358 Bounce:                0 kB
1776796629.737246358 WritebackTmp:          0 kB
1776796629.737246358 CommitLimit:     3537964 kB
1776796629.737246358 Committed_AS:     400388 kB
1776796629.737246358 VmallocTotal:   135288315904 kB
1776796629.737246358 VmallocUsed:       18820 kB
1776796629.737246358 VmallocChunk:          0 kB
1776796629.737246358 Percpu:             1504 kB
1776796629.737246358 AnonHugePages:         0 kB
1776796629.737246358 ShmemHugePages:        0 kB
1776796629.737246358 ShmemPmdMapped:        0 kB
1776796629.737246358 FileHugePages:         0 kB
1776796629.737246358 FilePmdMapped:         0 kB
1776796629.737246358 CmaTotal:          65536 kB
1776796629.737246358 CmaFree:           49104 kB
1776796629.737246358 Balloon:               0 kB
1776796629.737246358 HugePages_Total:     512
1776796629.737246358 HugePages_Free:      512
1776796629.737246358 HugePages_Rsvd:        0
1776796629.737246358 HugePages_Surp:        0
1776796629.737246358 Hugepagesize:       2048 kB
1776796629.737246358 Hugetlb:         1048576 kB
1776796630.749379401 MemTotal:        8124504 kB
1776796630.749379401 MemFree:         6459556 kB
1776796630.749379401 MemAvailable:    6663000 kB
1776796630.749379401 Buffers:           28468 kB
1776796630.749379401 Cached:           303828 kB
1776796630.749379401 SwapCached:            0 kB
1776796630.749379401 Active:           336484 kB
1776796630.749379401 Inactive:          83104 kB
1776796630.749379401 Active(anon):      90664 kB
1776796630.749379401 Inactive(anon):        0 kB
1776796630.749379401 Active(file):     245820 kB
1776796630.749379401 Inactive(file):    83104 kB
1776796630.749379401 Unevictable:           0 kB
1776796630.749379401 Mlocked:               0 kB
1776796630.749379401 SwapTotal:             0 kB
1776796630.749379401 SwapFree:              0 kB
1776796630.749379401 Zswap:                 0 kB
1776796630.749379401 Zswapped:              0 kB
1776796630.749379401 Dirty:              5068 kB
1776796630.749379401 Writeback:             0 kB
1776796630.749379401 AnonPages:         87368 kB
1776796630.749379401 Mapped:            88500 kB
1776796630.749379401 Shmem:              3456 kB
1776796630.749379401 KReclaimable:      28556 kB
1776796630.749379401 Slab:             117000 kB
1776796630.749379401 SReclaimable:      28556 kB
1776796630.749379401 SUnreclaim:        88444 kB
1776796630.749379401 KernelStack:        2960 kB
1776796630.749379401 PageTables:         3284 kB
1776796630.749379401 SecPageTables:         0 kB
1776796630.749379401 NFS_Unstable:          0 kB
1776796630.749379401 Bounce:                0 kB
1776796630.749379401 WritebackTmp:          0 kB
1776796630.749379401 CommitLimit:     3537964 kB
1776796630.749379401 Committed_AS:     400388 kB
1776796630.749379401 VmallocTotal:   135288315904 kB
1776796630.749379401 VmallocUsed:       18852 kB
1776796630.749379401 VmallocChunk:          0 kB
1776796630.749379401 Percpu:             1504 kB
1776796630.749379401 AnonHugePages:         0 kB
1776796630.749379401 ShmemHugePages:        0 kB
1776796630.749379401 ShmemPmdMapped:        0 kB
1776796630.749379401 FileHugePages:         0 kB
1776796630.749379401 FilePmdMapped:         0 kB
1776796630.749379401 CmaTotal:          65536 kB
1776796630.749379401 CmaFree:           49104 kB
1776796630.749379401 Balloon:               0 kB
1776796630.749379401 HugePages_Total:     512
1776796630.749379401 HugePages_Free:      512
1776796630.749379401 HugePages_Rsvd:        0
1776796630.749379401 HugePages_Surp:        0
1776796630.749379401 Hugepagesize:       2048 kB
1776796630.749379401 Hugetlb:         1048576 kB
1776796631.759005526 MemTotal:        8124504 kB
1776796631.759005526 MemFree:         6459016 kB
1776796631.759005526 MemAvailable:    6662464 kB
1776796631.759005526 Buffers:           28472 kB
1776796631.759005526 Cached:           303836 kB
1776796631.759005526 SwapCached:            0 kB
1776796631.759005526 Active:           336368 kB
1776796631.759005526 Inactive:          83116 kB
1776796631.759005526 Active(anon):      90556 kB
1776796631.759005526 Inactive(anon):        0 kB
1776796631.759005526 Active(file):     245812 kB
1776796631.759005526 Inactive(file):    83116 kB
1776796631.759005526 Unevictable:           0 kB
1776796631.759005526 Mlocked:               0 kB
1776796631.759005526 SwapTotal:             0 kB
1776796631.759005526 SwapFree:              0 kB
1776796631.759005526 Zswap:                 0 kB
1776796631.759005526 Zswapped:              0 kB
1776796631.759005526 Dirty:              2324 kB
1776796631.759005526 Writeback:             0 kB
1776796631.759005526 AnonPages:         87284 kB
1776796631.759005526 Mapped:            88460 kB
1776796631.759005526 Shmem:              3456 kB
1776796631.759005526 KReclaimable:      28556 kB
1776796631.759005526 Slab:             116984 kB
1776796631.759005526 SReclaimable:      28556 kB
1776796631.759005526 SUnreclaim:        88428 kB
1776796631.759005526 KernelStack:        2960 kB
1776796631.759005526 PageTables:         3300 kB
1776796631.759005526 SecPageTables:         0 kB
1776796631.759005526 NFS_Unstable:          0 kB
1776796631.759005526 Bounce:                0 kB
1776796631.759005526 WritebackTmp:          0 kB
1776796631.759005526 CommitLimit:     3537964 kB
1776796631.759005526 Committed_AS:     400388 kB
1776796631.759005526 VmallocTotal:   135288315904 kB
1776796631.759005526 VmallocUsed:       18836 kB
1776796631.759005526 VmallocChunk:          0 kB
1776796631.759005526 Percpu:             1504 kB
1776796631.759005526 AnonHugePages:         0 kB
1776796631.759005526 ShmemHugePages:        0 kB
1776796631.759005526 ShmemPmdMapped:        0 kB
1776796631.759005526 FileHugePages:         0 kB
1776796631.759005526 FilePmdMapped:         0 kB
1776796631.759005526 CmaTotal:          65536 kB
1776796631.759005526 CmaFree:           49104 kB
1776796631.759005526 Balloon:               0 kB
1776796631.759005526 HugePages_Total:     512
1776796631.759005526 HugePages_Free:      512
1776796631.759005526 HugePages_Rsvd:        0
1776796631.759005526 HugePages_Surp:        0
1776796631.759005526 Hugepagesize:       2048 kB
1776796631.759005526 Hugetlb:         1048576 kB
1776796632.766729236 MemTotal:        8124504 kB
1776796632.766729236 MemFree:         6458360 kB
1776796632.766729236 MemAvailable:    6661816 kB
1776796632.766729236 Buffers:           28472 kB
1776796632.766729236 Cached:           303840 kB
1776796632.766729236 SwapCached:            0 kB
1776796632.766729236 Active:           336520 kB
1776796632.766729236 Inactive:          83120 kB
1776796632.766729236 Active(anon):      90704 kB
1776796632.766729236 Inactive(anon):        0 kB
1776796632.766729236 Active(file):     245816 kB
1776796632.766729236 Inactive(file):    83120 kB
1776796632.766729236 Unevictable:           0 kB
1776796632.766729236 Mlocked:               0 kB
1776796632.766729236 SwapTotal:             0 kB
1776796632.766729236 SwapFree:              0 kB
1776796632.766729236 Zswap:                 0 kB
1776796632.766729236 Zswapped:              0 kB
1776796632.766729236 Dirty:              2328 kB
1776796632.766729236 Writeback:             0 kB
1776796632.766729236 AnonPages:         87428 kB
1776796632.766729236 Mapped:            88608 kB
1776796632.766729236 Shmem:              3456 kB
1776796632.766729236 KReclaimable:      28556 kB
1776796632.766729236 Slab:             116988 kB
1776796632.766729236 SReclaimable:      28556 kB
1776796632.766729236 SUnreclaim:        88432 kB
1776796632.766729236 KernelStack:        3008 kB
1776796632.766729236 PageTables:         3356 kB
1776796632.766729236 SecPageTables:         0 kB
1776796632.766729236 NFS_Unstable:          0 kB
1776796632.766729236 Bounce:                0 kB
1776796632.766729236 WritebackTmp:          0 kB
1776796632.766729236 CommitLimit:     3537964 kB
1776796632.766729236 Committed_AS:     400388 kB
1776796632.766729236 VmallocTotal:   135288315904 kB
1776796632.766729236 VmallocUsed:       18836 kB
1776796632.766729236 VmallocChunk:          0 kB
1776796632.766729236 Percpu:             1504 kB
1776796632.766729236 AnonHugePages:         0 kB
1776796632.766729236 ShmemHugePages:        0 kB
1776796632.766729236 ShmemPmdMapped:        0 kB
1776796632.766729236 FileHugePages:         0 kB
1776796632.766729236 FilePmdMapped:         0 kB
1776796632.766729236 CmaTotal:          65536 kB
1776796632.766729236 CmaFree:           49104 kB
1776796632.766729236 Balloon:               0 kB
1776796632.766729236 HugePages_Total:     512
1776796632.766729236 HugePages_Free:      512
1776796632.766729236 HugePages_Rsvd:        0
1776796632.766729236 HugePages_Surp:        0
1776796632.766729236 Hugepagesize:       2048 kB
1776796632.766729236 Hugetlb:         1048576 kB
1776796633.778832909 MemTotal:        8124504 kB
1776796633.778832909 MemFree:         6459152 kB
1776796633.778832909 MemAvailable:    6662616 kB
1776796633.778832909 Buffers:           28472 kB
1776796633.778832909 Cached:           303848 kB
1776796633.778832909 SwapCached:            0 kB
1776796633.778832909 Active:           336600 kB
1776796633.778832909 Inactive:          83124 kB
1776796633.778832909 Active(anon):      90780 kB
1776796633.778832909 Inactive(anon):        0 kB
1776796633.778832909 Active(file):     245820 kB
1776796633.778832909 Inactive(file):    83124 kB
1776796633.778832909 Unevictable:           0 kB
1776796633.778832909 Mlocked:               0 kB
1776796633.778832909 SwapTotal:             0 kB
1776796633.778832909 SwapFree:              0 kB
1776796633.778832909 Zswap:                 0 kB
1776796633.778832909 Zswapped:              0 kB
1776796633.778832909 Dirty:              2336 kB
1776796633.778832909 Writeback:             0 kB
1776796633.778832909 AnonPages:         87372 kB
1776796633.778832909 Mapped:            88500 kB
1776796633.778832909 Shmem:              3456 kB
1776796633.778832909 KReclaimable:      28556 kB
1776796633.778832909 Slab:             116996 kB
1776796633.778832909 SReclaimable:      28556 kB
1776796633.778832909 SUnreclaim:        88440 kB
1776796633.778832909 KernelStack:        2976 kB
1776796633.778832909 PageTables:         3300 kB
1776796633.778832909 SecPageTables:         0 kB
1776796633.778832909 NFS_Unstable:          0 kB
1776796633.778832909 Bounce:                0 kB
1776796633.778832909 WritebackTmp:          0 kB
1776796633.778832909 CommitLimit:     3537964 kB
1776796633.778832909 Committed_AS:     400388 kB
1776796633.778832909 VmallocTotal:   135288315904 kB
1776796633.778832909 VmallocUsed:       18836 kB
1776796633.778832909 VmallocChunk:          0 kB
1776796633.778832909 Percpu:             1504 kB
1776796633.778832909 AnonHugePages:         0 kB
1776796633.778832909 ShmemHugePages:        0 kB
1776796633.778832909 ShmemPmdMapped:        0 kB
1776796633.778832909 FileHugePages:         0 kB
1776796633.778832909 FilePmdMapped:         0 kB
1776796633.778832909 CmaTotal:          65536 kB
1776796633.778832909 CmaFree:           49104 kB
1776796633.778832909 Balloon:               0 kB
1776796633.778832909 HugePages_Total:     512
1776796633.778832909 HugePages_Free:      512
1776796633.778832909 HugePages_Rsvd:        0
1776796633.778832909 HugePages_Surp:        0
1776796633.778832909 Hugepagesize:       2048 kB
1776796633.778832909 Hugetlb:         1048576 kB
1776796634.786225025 MemTotal:        8124504 kB
1776796634.786225025 MemFree:         6458636 kB
1776796634.786225025 MemAvailable:    6662104 kB
1776796634.786225025 Buffers:           28472 kB
1776796634.786225025 Cached:           303852 kB
1776796634.786225025 SwapCached:            0 kB
1776796634.786225025 Active:           336428 kB
1776796634.786225025 Inactive:          83132 kB
1776796634.786225025 Active(anon):      90612 kB
1776796634.786225025 Inactive(anon):        0 kB
1776796634.786225025 Active(file):     245816 kB
1776796634.786225025 Inactive(file):    83132 kB
1776796634.786225025 Unevictable:           0 kB
1776796634.786225025 Mlocked:               0 kB
1776796634.786225025 SwapTotal:             0 kB
1776796634.786225025 SwapFree:              0 kB
1776796634.786225025 Zswap:                 0 kB
1776796634.786225025 Zswapped:              0 kB
1776796634.786225025 Dirty:              2340 kB
1776796634.786225025 Writeback:             0 kB
1776796634.786225025 AnonPages:         87356 kB
1776796634.786225025 Mapped:            88460 kB
1776796634.786225025 Shmem:              3456 kB
1776796634.786225025 KReclaimable:      28556 kB
1776796634.786225025 Slab:             117004 kB
1776796634.786225025 SReclaimable:      28556 kB
1776796634.786225025 SUnreclaim:        88448 kB
1776796634.786225025 KernelStack:        2960 kB
1776796634.786225025 PageTables:         3308 kB
1776796634.786225025 SecPageTables:         0 kB
1776796634.786225025 NFS_Unstable:          0 kB
1776796634.786225025 Bounce:                0 kB
1776796634.786225025 WritebackTmp:          0 kB
1776796634.786225025 CommitLimit:     3537964 kB
1776796634.786225025 Committed_AS:     400388 kB
1776796634.786225025 VmallocTotal:   135288315904 kB
1776796634.786225025 VmallocUsed:       18836 kB
1776796634.786225025 VmallocChunk:          0 kB
1776796634.786225025 Percpu:             1504 kB
1776796634.786225025 AnonHugePages:         0 kB
1776796634.786225025 ShmemHugePages:        0 kB
1776796634.786225025 ShmemPmdMapped:        0 kB
1776796634.786225025 FileHugePages:         0 kB
1776796634.786225025 FilePmdMapped:         0 kB
1776796634.786225025 CmaTotal:          65536 kB
1776796634.786225025 CmaFree:           49104 kB
1776796634.786225025 Balloon:               0 kB
1776796634.786225025 HugePages_Total:     512
1776796634.786225025 HugePages_Free:      512
1776796634.786225025 HugePages_Rsvd:        0
1776796634.786225025 HugePages_Surp:        0
1776796634.786225025 Hugepagesize:       2048 kB
1776796634.786225025 Hugetlb:         1048576 kB
1776796635.793788938 MemTotal:        8124504 kB
1776796635.793788938 MemFree:         6458612 kB
1776796635.793788938 MemAvailable:    6662084 kB
1776796635.793788938 Buffers:           28476 kB
1776796635.793788938 Cached:           303848 kB
1776796635.793788938 SwapCached:            0 kB
1776796635.793788938 Active:           336516 kB
1776796635.793788938 Inactive:          83132 kB
1776796635.793788938 Active(anon):      90696 kB
1776796635.793788938 Inactive(anon):        0 kB
1776796635.793788938 Active(file):     245820 kB
1776796635.793788938 Inactive(file):    83132 kB
1776796635.793788938 Unevictable:           0 kB
1776796635.793788938 Mlocked:               0 kB
1776796635.793788938 SwapTotal:             0 kB
1776796635.793788938 SwapFree:              0 kB
1776796635.793788938 Zswap:                 0 kB
1776796635.793788938 Zswapped:              0 kB
1776796635.793788938 Dirty:              2340 kB
1776796635.793788938 Writeback:             0 kB
1776796635.793788938 AnonPages:         87284 kB
1776796635.793788938 Mapped:            88460 kB
1776796635.793788938 Shmem:              3456 kB
1776796635.793788938 KReclaimable:      28556 kB
1776796635.793788938 Slab:             117004 kB
1776796635.793788938 SReclaimable:      28556 kB
1776796635.793788938 SUnreclaim:        88448 kB
1776796635.793788938 KernelStack:        2976 kB
1776796635.793788938 PageTables:         3412 kB
1776796635.793788938 SecPageTables:         0 kB
1776796635.793788938 NFS_Unstable:          0 kB
1776796635.793788938 Bounce:                0 kB
1776796635.793788938 WritebackTmp:          0 kB
1776796635.793788938 CommitLimit:     3537964 kB
1776796635.793788938 Committed_AS:     400388 kB
1776796635.793788938 VmallocTotal:   135288315904 kB
1776796635.793788938 VmallocUsed:       18820 kB
1776796635.793788938 VmallocChunk:          0 kB
1776796635.793788938 Percpu:             1504 kB
1776796635.793788938 AnonHugePages:         0 kB
1776796635.793788938 ShmemHugePages:        0 kB
1776796635.793788938 ShmemPmdMapped:        0 kB
1776796635.793788938 FileHugePages:         0 kB
1776796635.793788938 FilePmdMapped:         0 kB
1776796635.793788938 CmaTotal:          65536 kB
1776796635.793788938 CmaFree:           49104 kB
1776796635.793788938 Balloon:               0 kB
1776796635.793788938 HugePages_Total:     512
1776796635.793788938 HugePages_Free:      512
1776796635.793788938 HugePages_Rsvd:        0
1776796635.793788938 HugePages_Surp:        0
1776796635.793788938 Hugepagesize:       2048 kB
1776796635.793788938 Hugetlb:         1048576 kB
1776796636.801366777 MemTotal:        8124504 kB
1776796636.801366777 MemFree:         6458040 kB
1776796636.801366777 MemAvailable:    6661520 kB
1776796636.801366777 Buffers:           28480 kB
1776796636.801366777 Cached:           303860 kB
1776796636.801366777 SwapCached:            0 kB
1776796636.801366777 Active:           336516 kB
1776796636.801366777 Inactive:          83144 kB
1776796636.801366777 Active(anon):      90700 kB
1776796636.801366777 Inactive(anon):        0 kB
1776796636.801366777 Active(file):     245816 kB
1776796636.801366777 Inactive(file):    83144 kB
1776796636.801366777 Unevictable:           0 kB
1776796636.801366777 Mlocked:               0 kB
1776796636.801366777 SwapTotal:             0 kB
1776796636.801366777 SwapFree:              0 kB
1776796636.801366777 Zswap:                 0 kB
1776796636.801366777 Zswapped:              0 kB
1776796636.801366777 Dirty:              2292 kB
1776796636.801366777 Writeback:             0 kB
1776796636.801366777 AnonPages:         87400 kB
1776796636.801366777 Mapped:            88460 kB
1776796636.801366777 Shmem:              3456 kB
1776796636.801366777 KReclaimable:      28556 kB
1776796636.801366777 Slab:             117020 kB
1776796636.801366777 SReclaimable:      28556 kB
1776796636.801366777 SUnreclaim:        88464 kB
1776796636.801366777 KernelStack:        2976 kB
1776796636.801366777 PageTables:         3364 kB
1776796636.801366777 SecPageTables:         0 kB
1776796636.801366777 NFS_Unstable:          0 kB
1776796636.801366777 Bounce:                0 kB
1776796636.801366777 WritebackTmp:          0 kB
1776796636.801366777 CommitLimit:     3537964 kB
1776796636.801366777 Committed_AS:     400388 kB
1776796636.801366777 VmallocTotal:   135288315904 kB
1776796636.801366777 VmallocUsed:       18852 kB
1776796636.801366777 VmallocChunk:          0 kB
1776796636.801366777 Percpu:             1504 kB
1776796636.801366777 AnonHugePages:         0 kB
1776796636.801366777 ShmemHugePages:        0 kB
1776796636.801366777 ShmemPmdMapped:        0 kB
1776796636.801366777 FileHugePages:         0 kB
1776796636.801366777 FilePmdMapped:         0 kB
1776796636.801366777 CmaTotal:          65536 kB
1776796636.801366777 CmaFree:           49104 kB
1776796636.801366777 Balloon:               0 kB
1776796636.801366777 HugePages_Total:     512
1776796636.801366777 HugePages_Free:      512
1776796636.801366777 HugePages_Rsvd:        0
1776796636.801366777 HugePages_Surp:        0
1776796636.801366777 Hugepagesize:       2048 kB
1776796636.801366777 Hugetlb:         1048576 kB
1776796637.813837988 MemTotal:        8124504 kB
1776796637.813837988 MemFree:         6458544 kB
1776796637.813837988 MemAvailable:    6662028 kB
1776796637.813837988 Buffers:           28480 kB
1776796637.813837988 Cached:           303864 kB
1776796637.813837988 SwapCached:            0 kB
1776796637.813837988 Active:           336420 kB
1776796637.813837988 Inactive:          83148 kB
1776796637.813837988 Active(anon):      90604 kB
1776796637.813837988 Inactive(anon):        0 kB
1776796637.813837988 Active(file):     245816 kB
1776796637.813837988 Inactive(file):    83148 kB
1776796637.813837988 Unevictable:           0 kB
1776796637.813837988 Mlocked:               0 kB
1776796637.813837988 SwapTotal:             0 kB
1776796637.813837988 SwapFree:              0 kB
1776796637.813837988 Zswap:                 0 kB
1776796637.813837988 Zswapped:              0 kB
1776796637.813837988 Dirty:              2296 kB
1776796637.813837988 Writeback:             0 kB
1776796637.813837988 AnonPages:         87320 kB
1776796637.813837988 Mapped:            88460 kB
1776796637.813837988 Shmem:              3456 kB
1776796637.813837988 KReclaimable:      28556 kB
1776796637.813837988 Slab:             117008 kB
1776796637.813837988 SReclaimable:      28556 kB
1776796637.813837988 SUnreclaim:        88452 kB
1776796637.813837988 KernelStack:        2992 kB
1776796637.813837988 PageTables:         3344 kB
1776796637.813837988 SecPageTables:         0 kB
1776796637.813837988 NFS_Unstable:          0 kB
1776796637.813837988 Bounce:                0 kB
1776796637.813837988 WritebackTmp:          0 kB
1776796637.813837988 CommitLimit:     3537964 kB
1776796637.813837988 Committed_AS:     400388 kB
1776796637.813837988 VmallocTotal:   135288315904 kB
1776796637.813837988 VmallocUsed:       18852 kB
1776796637.813837988 VmallocChunk:          0 kB
1776796637.813837988 Percpu:             1504 kB
1776796637.813837988 AnonHugePages:         0 kB
1776796637.813837988 ShmemHugePages:        0 kB
1776796637.813837988 ShmemPmdMapped:        0 kB
1776796637.813837988 FileHugePages:         0 kB
1776796637.813837988 FilePmdMapped:         0 kB
1776796637.813837988 CmaTotal:          65536 kB
1776796637.813837988 CmaFree:           49104 kB
1776796637.813837988 Balloon:               0 kB
1776796637.813837988 HugePages_Total:     512
1776796637.813837988 HugePages_Free:      512
1776796637.813837988 HugePages_Rsvd:        0
1776796637.813837988 HugePages_Surp:        0
1776796637.813837988 Hugepagesize:       2048 kB
1776796637.813837988 Hugetlb:         1048576 kB
1776796638.823060001 MemTotal:        8124504 kB
1776796638.823060001 MemFree:         6457864 kB
1776796638.823060001 MemAvailable:    6661364 kB
1776796638.823060001 Buffers:           28480 kB
1776796638.823060001 Cached:           303872 kB
1776796638.823060001 SwapCached:            0 kB
1776796638.823060001 Active:           336456 kB
1776796638.823060001 Inactive:          83160 kB
1776796638.823060001 Active(anon):      90636 kB
1776796638.823060001 Inactive(anon):        0 kB
1776796638.823060001 Active(file):     245820 kB
1776796638.823060001 Inactive(file):    83160 kB
1776796638.823060001 Unevictable:           0 kB
1776796638.823060001 Mlocked:               0 kB
1776796638.823060001 SwapTotal:             0 kB
1776796638.823060001 SwapFree:              0 kB
1776796638.823060001 Zswap:                 0 kB
1776796638.823060001 Zswapped:              0 kB
1776796638.823060001 Dirty:              2304 kB
1776796638.823060001 Writeback:             0 kB
1776796638.823060001 AnonPages:         87248 kB
1776796638.823060001 Mapped:            88460 kB
1776796638.823060001 Shmem:              3456 kB
1776796638.823060001 KReclaimable:      28556 kB
1776796638.823060001 Slab:             117020 kB
1776796638.823060001 SReclaimable:      28556 kB
1776796638.823060001 SUnreclaim:        88464 kB
1776796638.823060001 KernelStack:        2976 kB
1776796638.823060001 PageTables:         3372 kB
1776796638.823060001 SecPageTables:         0 kB
1776796638.823060001 NFS_Unstable:          0 kB
1776796638.823060001 Bounce:                0 kB
1776796638.823060001 WritebackTmp:          0 kB
1776796638.823060001 CommitLimit:     3537964 kB
1776796638.823060001 Committed_AS:     400388 kB
1776796638.823060001 VmallocTotal:   135288315904 kB
1776796638.823060001 VmallocUsed:       18852 kB
1776796638.823060001 VmallocChunk:          0 kB
1776796638.823060001 Percpu:             1504 kB
1776796638.823060001 AnonHugePages:         0 kB
1776796638.823060001 ShmemHugePages:        0 kB
1776796638.823060001 ShmemPmdMapped:        0 kB
1776796638.823060001 FileHugePages:         0 kB
1776796638.823060001 FilePmdMapped:         0 kB
1776796638.823060001 CmaTotal:          65536 kB
1776796638.823060001 CmaFree:           49104 kB
1776796638.823060001 Balloon:               0 kB
1776796638.823060001 HugePages_Total:     512
1776796638.823060001 HugePages_Free:      512
1776796638.823060001 HugePages_Rsvd:        0
1776796638.823060001 HugePages_Surp:        0
1776796638.823060001 Hugepagesize:       2048 kB
1776796638.823060001 Hugetlb:         1048576 kB
1776796639.830743729 MemTotal:        8124504 kB
1776796639.830743729 MemFree:         6458292 kB
1776796639.830743729 MemAvailable:    6661796 kB
1776796639.830743729 Buffers:           28480 kB
1776796639.830743729 Cached:           303876 kB
1776796639.830743729 SwapCached:            0 kB
1776796639.830743729 Active:           336468 kB
1776796639.830743729 Inactive:          83164 kB
1776796639.830743729 Active(anon):      90648 kB
1776796639.830743729 Inactive(anon):        0 kB
1776796639.830743729 Active(file):     245820 kB
1776796639.830743729 Inactive(file):    83164 kB
1776796639.830743729 Unevictable:           0 kB
1776796639.830743729 Mlocked:               0 kB
1776796639.830743729 SwapTotal:             0 kB
1776796639.830743729 SwapFree:              0 kB
1776796639.830743729 Zswap:                 0 kB
1776796639.830743729 Zswapped:              0 kB
1776796639.830743729 Dirty:              2308 kB
1776796639.830743729 Writeback:             0 kB
1776796639.830743729 AnonPages:         87240 kB
1776796639.830743729 Mapped:            88460 kB
1776796639.830743729 Shmem:              3456 kB
1776796639.830743729 KReclaimable:      28556 kB
1776796639.830743729 Slab:             117004 kB
1776796639.830743729 SReclaimable:      28556 kB
1776796639.830743729 SUnreclaim:        88448 kB
1776796639.830743729 KernelStack:        2960 kB
1776796639.830743729 PageTables:         3384 kB
1776796639.830743729 SecPageTables:         0 kB
1776796639.830743729 NFS_Unstable:          0 kB
1776796639.830743729 Bounce:                0 kB
1776796639.830743729 WritebackTmp:          0 kB
1776796639.830743729 CommitLimit:     3537964 kB
1776796639.830743729 Committed_AS:     400388 kB
1776796639.830743729 VmallocTotal:   135288315904 kB
1776796639.830743729 VmallocUsed:       18836 kB
1776796639.830743729 VmallocChunk:          0 kB
1776796639.830743729 Percpu:             1504 kB
1776796639.830743729 AnonHugePages:         0 kB
1776796639.830743729 ShmemHugePages:        0 kB
1776796639.830743729 ShmemPmdMapped:        0 kB
1776796639.830743729 FileHugePages:         0 kB
1776796639.830743729 FilePmdMapped:         0 kB
1776796639.830743729 CmaTotal:          65536 kB
1776796639.830743729 CmaFree:           49104 kB
1776796639.830743729 Balloon:               0 kB
1776796639.830743729 HugePages_Total:     512
1776796639.830743729 HugePages_Free:      512
1776796639.830743729 HugePages_Rsvd:        0
1776796639.830743729 HugePages_Surp:        0
1776796639.830743729 Hugepagesize:       2048 kB
1776796639.830743729 Hugetlb:         1048576 kB
1776796640.843014328 MemTotal:        8124504 kB
1776796640.843014328 MemFree:         6458548 kB
1776796640.843014328 MemAvailable:    6662052 kB
1776796640.843014328 Buffers:           28484 kB
1776796640.843014328 Cached:           303876 kB
1776796640.843014328 SwapCached:            0 kB
1776796640.843014328 Active:           336552 kB
1776796640.843014328 Inactive:          83164 kB
1776796640.843014328 Active(anon):      90732 kB
1776796640.843014328 Inactive(anon):        0 kB
1776796640.843014328 Active(file):     245820 kB
1776796640.843014328 Inactive(file):    83164 kB
1776796640.843014328 Unevictable:           0 kB
1776796640.843014328 Mlocked:               0 kB
1776796640.843014328 SwapTotal:             0 kB
1776796640.843014328 SwapFree:              0 kB
1776796640.843014328 Zswap:                 0 kB
1776796640.843014328 Zswapped:              0 kB
1776796640.843014328 Dirty:              2312 kB
1776796640.843014328 Writeback:             0 kB
1776796640.843014328 AnonPages:         87336 kB
1776796640.843014328 Mapped:            88500 kB
1776796640.843014328 Shmem:              3456 kB
1776796640.843014328 KReclaimable:      28556 kB
1776796640.843014328 Slab:             116992 kB
1776796640.843014328 SReclaimable:      28556 kB
1776796640.843014328 SUnreclaim:        88436 kB
1776796640.843014328 KernelStack:        2976 kB
1776796640.843014328 PageTables:         3372 kB
1776796640.843014328 SecPageTables:         0 kB
1776796640.843014328 NFS_Unstable:          0 kB
1776796640.843014328 Bounce:                0 kB
1776796640.843014328 WritebackTmp:          0 kB
1776796640.843014328 CommitLimit:     3537964 kB
1776796640.843014328 Committed_AS:     400388 kB
1776796640.843014328 VmallocTotal:   135288315904 kB
1776796640.843014328 VmallocUsed:       18836 kB
1776796640.843014328 VmallocChunk:          0 kB
1776796640.843014328 Percpu:             1504 kB
1776796640.843014328 AnonHugePages:         0 kB
1776796640.843014328 ShmemHugePages:        0 kB
1776796640.843014328 ShmemPmdMapped:        0 kB
1776796640.843014328 FileHugePages:         0 kB
1776796640.843014328 FilePmdMapped:         0 kB
1776796640.843014328 CmaTotal:          65536 kB
1776796640.843014328 CmaFree:           49104 kB
1776796640.843014328 Balloon:               0 kB
1776796640.843014328 HugePages_Total:     512
1776796640.843014328 HugePages_Free:      512
1776796640.843014328 HugePages_Rsvd:        0
1776796640.843014328 HugePages_Surp:        0
1776796640.843014328 Hugepagesize:       2048 kB
1776796640.843014328 Hugetlb:         1048576 kB
1776796641.856672878 MemTotal:        8124504 kB
1776796641.856672878 MemFree:         6457972 kB
1776796641.856672878 MemAvailable:    6661488 kB
1776796641.856672878 Buffers:           28488 kB
1776796641.856672878 Cached:           303884 kB
1776796641.856672878 SwapCached:            0 kB
1776796641.856672878 Active:           336424 kB
1776796641.856672878 Inactive:          83180 kB
1776796641.856672878 Active(anon):      90608 kB
1776796641.856672878 Inactive(anon):        0 kB
1776796641.856672878 Active(file):     245816 kB
1776796641.856672878 Inactive(file):    83180 kB
1776796641.856672878 Unevictable:           0 kB
1776796641.856672878 Mlocked:               0 kB
1776796641.856672878 SwapTotal:             0 kB
1776796641.856672878 SwapFree:              0 kB
1776796641.856672878 Zswap:                 0 kB
1776796641.856672878 Zswapped:              0 kB
1776796641.856672878 Dirty:               144 kB
1776796641.856672878 Writeback:             0 kB
1776796641.856672878 AnonPages:         87284 kB
1776796641.856672878 Mapped:            88460 kB
1776796641.856672878 Shmem:              3456 kB
1776796641.856672878 KReclaimable:      28556 kB
1776796641.856672878 Slab:             117004 kB
1776796641.856672878 SReclaimable:      28556 kB
1776796641.856672878 SUnreclaim:        88448 kB
1776796641.856672878 KernelStack:        2992 kB
1776796641.856672878 PageTables:         3308 kB
1776796641.856672878 SecPageTables:         0 kB
1776796641.856672878 NFS_Unstable:          0 kB
1776796641.856672878 Bounce:                0 kB
1776796641.856672878 WritebackTmp:          0 kB
1776796641.856672878 CommitLimit:     3537964 kB
1776796641.856672878 Committed_AS:     400388 kB
1776796641.856672878 VmallocTotal:   135288315904 kB
1776796641.856672878 VmallocUsed:       18852 kB
1776796641.856672878 VmallocChunk:          0 kB
1776796641.856672878 Percpu:             1504 kB
1776796641.856672878 AnonHugePages:         0 kB
1776796641.856672878 ShmemHugePages:        0 kB
1776796641.856672878 ShmemPmdMapped:        0 kB
1776796641.856672878 FileHugePages:         0 kB
1776796641.856672878 FilePmdMapped:         0 kB
1776796641.856672878 CmaTotal:          65536 kB
1776796641.856672878 CmaFree:           49104 kB
1776796641.856672878 Balloon:               0 kB
1776796641.856672878 HugePages_Total:     512
1776796641.856672878 HugePages_Free:      512
1776796641.856672878 HugePages_Rsvd:        0
1776796641.856672878 HugePages_Surp:        0
1776796641.856672878 Hugepagesize:       2048 kB
1776796641.856672878 Hugetlb:         1048576 kB
1776796642.865770741 MemTotal:        8124504 kB
1776796642.865770741 MemFree:         6457660 kB
1776796642.865770741 MemAvailable:    6661180 kB
1776796642.865770741 Buffers:           28488 kB
1776796642.865770741 Cached:           303888 kB
1776796642.865770741 SwapCached:            0 kB
1776796642.865770741 Active:           336424 kB
1776796642.865770741 Inactive:          83184 kB
1776796642.865770741 Active(anon):      90608 kB
1776796642.865770741 Inactive(anon):        0 kB
1776796642.865770741 Active(file):     245816 kB
1776796642.865770741 Inactive(file):    83184 kB
1776796642.865770741 Unevictable:           0 kB
1776796642.865770741 Mlocked:               0 kB
1776796642.865770741 SwapTotal:             0 kB
1776796642.865770741 SwapFree:              0 kB
1776796642.865770741 Zswap:                 0 kB
1776796642.865770741 Zswapped:              0 kB
1776796642.865770741 Dirty:               148 kB
1776796642.865770741 Writeback:             0 kB
1776796642.865770741 AnonPages:         87248 kB
1776796642.865770741 Mapped:            88460 kB
1776796642.865770741 Shmem:              3456 kB
1776796642.865770741 KReclaimable:      28556 kB
1776796642.865770741 Slab:             117020 kB
1776796642.865770741 SReclaimable:      28556 kB
1776796642.865770741 SUnreclaim:        88464 kB
1776796642.865770741 KernelStack:        2976 kB
1776796642.865770741 PageTables:         3376 kB
1776796642.865770741 SecPageTables:         0 kB
1776796642.865770741 NFS_Unstable:          0 kB
1776796642.865770741 Bounce:                0 kB
1776796642.865770741 WritebackTmp:          0 kB
1776796642.865770741 CommitLimit:     3537964 kB
1776796642.865770741 Committed_AS:     400388 kB
1776796642.865770741 VmallocTotal:   135288315904 kB
1776796642.865770741 VmallocUsed:       18868 kB
1776796642.865770741 VmallocChunk:          0 kB
1776796642.865770741 Percpu:             1504 kB
1776796642.865770741 AnonHugePages:         0 kB
1776796642.865770741 ShmemHugePages:        0 kB
1776796642.865770741 ShmemPmdMapped:        0 kB
1776796642.865770741 FileHugePages:         0 kB
1776796642.865770741 FilePmdMapped:         0 kB
1776796642.865770741 CmaTotal:          65536 kB
1776796642.865770741 CmaFree:           49104 kB
1776796642.865770741 Balloon:               0 kB
1776796642.865770741 HugePages_Total:     512
1776796642.865770741 HugePages_Free:      512
1776796642.865770741 HugePages_Rsvd:        0
1776796642.865770741 HugePages_Surp:        0
1776796642.865770741 Hugepagesize:       2048 kB
1776796642.865770741 Hugetlb:         1048576 kB
1776796643.877707487 MemTotal:        8124504 kB
1776796643.877707487 MemFree:         6458028 kB
1776796643.877707487 MemAvailable:    6661552 kB
1776796643.877707487 Buffers:           28488 kB
1776796643.877707487 Cached:           303892 kB
1776796643.877707487 SwapCached:            0 kB
1776796643.877707487 Active:           336504 kB
1776796643.877707487 Inactive:          83188 kB
1776796643.877707487 Active(anon):      90688 kB
1776796643.877707487 Inactive(anon):        0 kB
1776796643.877707487 Active(file):     245816 kB
1776796643.877707487 Inactive(file):    83188 kB
1776796643.877707487 Unevictable:           0 kB
1776796643.877707487 Mlocked:               0 kB
1776796643.877707487 SwapTotal:             0 kB
1776796643.877707487 SwapFree:              0 kB
1776796643.877707487 Zswap:                 0 kB
1776796643.877707487 Zswapped:              0 kB
1776796643.877707487 Dirty:               152 kB
1776796643.877707487 Writeback:             0 kB
1776796643.877707487 AnonPages:         87412 kB
1776796643.877707487 Mapped:            88500 kB
1776796643.877707487 Shmem:              3456 kB
1776796643.877707487 KReclaimable:      28556 kB
1776796643.877707487 Slab:             117004 kB
1776796643.877707487 SReclaimable:      28556 kB
1776796643.877707487 SUnreclaim:        88448 kB
1776796643.877707487 KernelStack:        2992 kB
1776796643.877707487 PageTables:         3368 kB
1776796643.877707487 SecPageTables:         0 kB
1776796643.877707487 NFS_Unstable:          0 kB
1776796643.877707487 Bounce:                0 kB
1776796643.877707487 WritebackTmp:          0 kB
1776796643.877707487 CommitLimit:     3537964 kB
1776796643.877707487 Committed_AS:     400388 kB
1776796643.877707487 VmallocTotal:   135288315904 kB
1776796643.877707487 VmallocUsed:       18852 kB
1776796643.877707487 VmallocChunk:          0 kB
1776796643.877707487 Percpu:             1504 kB
1776796643.877707487 AnonHugePages:         0 kB
1776796643.877707487 ShmemHugePages:        0 kB
1776796643.877707487 ShmemPmdMapped:        0 kB
1776796643.877707487 FileHugePages:         0 kB
1776796643.877707487 FilePmdMapped:         0 kB
1776796643.877707487 CmaTotal:          65536 kB
1776796643.877707487 CmaFree:           49104 kB
1776796643.877707487 Balloon:               0 kB
1776796643.877707487 HugePages_Total:     512
1776796643.877707487 HugePages_Free:      512
1776796643.877707487 HugePages_Rsvd:        0
1776796643.877707487 HugePages_Surp:        0
1776796643.877707487 Hugepagesize:       2048 kB
1776796643.877707487 Hugetlb:         1048576 kB
1776796644.885344697 MemTotal:        8124504 kB
1776796644.885344697 MemFree:         6459704 kB
1776796644.885344697 MemAvailable:    6663240 kB
1776796644.885344697 Buffers:           28488 kB
1776796644.885344697 Cached:           303904 kB
1776796644.885344697 SwapCached:            0 kB
1776796644.885344697 Active:           336412 kB
1776796644.885344697 Inactive:          83200 kB
1776796644.885344697 Active(anon):      90596 kB
1776796644.885344697 Inactive(anon):        0 kB
1776796644.885344697 Active(file):     245816 kB
1776796644.885344697 Inactive(file):    83200 kB
1776796644.885344697 Unevictable:           0 kB
1776796644.885344697 Mlocked:               0 kB
1776796644.885344697 SwapTotal:             0 kB
1776796644.885344697 SwapFree:              0 kB
1776796644.885344697 Zswap:                 0 kB
1776796644.885344697 Zswapped:              0 kB
1776796644.885344697 Dirty:               164 kB
1776796644.885344697 Writeback:             0 kB
1776796644.885344697 AnonPages:         87368 kB
1776796644.885344697 Mapped:            88460 kB
1776796644.885344697 Shmem:              3456 kB
1776796644.885344697 KReclaimable:      28556 kB
1776796644.885344697 Slab:             117008 kB
1776796644.885344697 SReclaimable:      28556 kB
1776796644.885344697 SUnreclaim:        88452 kB
1776796644.885344697 KernelStack:        2992 kB
1776796644.885344697 PageTables:         3304 kB
1776796644.885344697 SecPageTables:         0 kB
1776796644.885344697 NFS_Unstable:          0 kB
1776796644.885344697 Bounce:                0 kB
1776796644.885344697 WritebackTmp:          0 kB
1776796644.885344697 CommitLimit:     3537964 kB
1776796644.885344697 Committed_AS:     400388 kB
1776796644.885344697 VmallocTotal:   135288315904 kB
1776796644.885344697 VmallocUsed:       18868 kB
1776796644.885344697 VmallocChunk:          0 kB
1776796644.885344697 Percpu:             1504 kB
1776796644.885344697 AnonHugePages:         0 kB
1776796644.885344697 ShmemHugePages:        0 kB
1776796644.885344697 ShmemPmdMapped:        0 kB
1776796644.885344697 FileHugePages:         0 kB
1776796644.885344697 FilePmdMapped:         0 kB
1776796644.885344697 CmaTotal:          65536 kB
1776796644.885344697 CmaFree:           49104 kB
1776796644.885344697 Balloon:               0 kB
1776796644.885344697 HugePages_Total:     512
1776796644.885344697 HugePages_Free:      512
1776796644.885344697 HugePages_Rsvd:        0
1776796644.885344697 HugePages_Surp:        0
1776796644.885344697 Hugepagesize:       2048 kB
1776796644.885344697 Hugetlb:         1048576 kB
1776796645.892884518 MemTotal:        8124504 kB
1776796645.892884518 MemFree:         6457664 kB
1776796645.892884518 MemAvailable:    6661204 kB
1776796645.892884518 Buffers:           28492 kB
1776796645.892884518 Cached:           303900 kB
1776796645.892884518 SwapCached:            0 kB
1776796645.892884518 Active:           336436 kB
1776796645.892884518 Inactive:          83200 kB
1776796645.892884518 Active(anon):      90616 kB
1776796645.892884518 Inactive(anon):        0 kB
1776796645.892884518 Active(file):     245820 kB
1776796645.892884518 Inactive(file):    83200 kB
1776796645.892884518 Unevictable:           0 kB
1776796645.892884518 Mlocked:               0 kB
1776796645.892884518 SwapTotal:             0 kB
1776796645.892884518 SwapFree:              0 kB
1776796645.892884518 Zswap:                 0 kB
1776796645.892884518 Zswapped:              0 kB
1776796645.892884518 Dirty:               164 kB
1776796645.892884518 Writeback:             0 kB
1776796645.892884518 AnonPages:         87372 kB
1776796645.892884518 Mapped:            88500 kB
1776796645.892884518 Shmem:              3456 kB
1776796645.892884518 KReclaimable:      28556 kB
1776796645.892884518 Slab:             117032 kB
1776796645.892884518 SReclaimable:      28556 kB
1776796645.892884518 SUnreclaim:        88476 kB
1776796645.892884518 KernelStack:        2992 kB
1776796645.892884518 PageTables:         3304 kB
1776796645.892884518 SecPageTables:         0 kB
1776796645.892884518 NFS_Unstable:          0 kB
1776796645.892884518 Bounce:                0 kB
1776796645.892884518 WritebackTmp:          0 kB
1776796645.892884518 CommitLimit:     3537964 kB
1776796645.892884518 Committed_AS:     400388 kB
1776796645.892884518 VmallocTotal:   135288315904 kB
1776796645.892884518 VmallocUsed:       18852 kB
1776796645.892884518 VmallocChunk:          0 kB
1776796645.892884518 Percpu:             1504 kB
1776796645.892884518 AnonHugePages:         0 kB
1776796645.892884518 ShmemHugePages:        0 kB
1776796645.892884518 ShmemPmdMapped:        0 kB
1776796645.892884518 FileHugePages:         0 kB
1776796645.892884518 FilePmdMapped:         0 kB
1776796645.892884518 CmaTotal:          65536 kB
1776796645.892884518 CmaFree:           49104 kB
1776796645.892884518 Balloon:               0 kB
1776796645.892884518 HugePages_Total:     512
1776796645.892884518 HugePages_Free:      512
1776796645.892884518 HugePages_Rsvd:        0
1776796645.892884518 HugePages_Surp:        0
1776796645.892884518 Hugepagesize:       2048 kB
1776796645.892884518 Hugetlb:         1048576 kB
1776796646.906970069 MemTotal:        8124504 kB
1776796646.906970069 MemFree:         6458504 kB
1776796646.906970069 MemAvailable:    6662056 kB
1776796646.906970069 Buffers:           28496 kB
1776796646.906970069 Cached:           303908 kB
1776796646.906970069 SwapCached:            0 kB
1776796646.906970069 Active:           336552 kB
1776796646.906970069 Inactive:          83212 kB
1776796646.906970069 Active(anon):      90732 kB
1776796646.906970069 Inactive(anon):        0 kB
1776796646.906970069 Active(file):     245820 kB
1776796646.906970069 Inactive(file):    83212 kB
1776796646.906970069 Unevictable:           0 kB
1776796646.906970069 Mlocked:               0 kB
1776796646.906970069 SwapTotal:             0 kB
1776796646.906970069 SwapFree:              0 kB
1776796646.906970069 Zswap:                 0 kB
1776796646.906970069 Zswapped:              0 kB
1776796646.906970069 Dirty:                20 kB
1776796646.906970069 Writeback:             0 kB
1776796646.906970069 AnonPages:         87408 kB
1776796646.906970069 Mapped:            88584 kB
1776796646.906970069 Shmem:              3456 kB
1776796646.906970069 KReclaimable:      28556 kB
1776796646.906970069 Slab:             117012 kB
1776796646.906970069 SReclaimable:      28556 kB
1776796646.906970069 SUnreclaim:        88456 kB
1776796646.906970069 KernelStack:        2992 kB
1776796646.906970069 PageTables:         3352 kB
1776796646.906970069 SecPageTables:         0 kB
1776796646.906970069 NFS_Unstable:          0 kB
1776796646.906970069 Bounce:                0 kB
1776796646.906970069 WritebackTmp:          0 kB
1776796646.906970069 CommitLimit:     3537964 kB
1776796646.906970069 Committed_AS:     400388 kB
1776796646.906970069 VmallocTotal:   135288315904 kB
1776796646.906970069 VmallocUsed:       18852 kB
1776796646.906970069 VmallocChunk:          0 kB
1776796646.906970069 Percpu:             1504 kB
1776796646.906970069 AnonHugePages:         0 kB
1776796646.906970069 ShmemHugePages:        0 kB
1776796646.906970069 ShmemPmdMapped:        0 kB
1776796646.906970069 FileHugePages:         0 kB
1776796646.906970069 FilePmdMapped:         0 kB
1776796646.906970069 CmaTotal:          65536 kB
1776796646.906970069 CmaFree:           49104 kB
1776796646.906970069 Balloon:               0 kB
1776796646.906970069 HugePages_Total:     512
1776796646.906970069 HugePages_Free:      512
1776796646.906970069 HugePages_Rsvd:        0
1776796646.906970069 HugePages_Surp:        0
1776796646.906970069 Hugepagesize:       2048 kB
1776796646.906970069 Hugetlb:         1048576 kB
1776796647.914649501 MemTotal:        8124504 kB
1776796647.914649501 MemFree:         6458180 kB
1776796647.914649501 MemAvailable:    6661728 kB
1776796647.914649501 Buffers:           28496 kB
1776796647.914649501 Cached:           303912 kB
1776796647.914649501 SwapCached:            0 kB
1776796647.914649501 Active:           336400 kB
1776796647.914649501 Inactive:          83216 kB
1776796647.914649501 Active(anon):      90588 kB
1776796647.914649501 Inactive(anon):        0 kB
1776796647.914649501 Active(file):     245812 kB
1776796647.914649501 Inactive(file):    83216 kB
1776796647.914649501 Unevictable:           0 kB
1776796647.914649501 Mlocked:               0 kB
1776796647.914649501 SwapTotal:             0 kB
1776796647.914649501 SwapFree:              0 kB
1776796647.914649501 Zswap:                 0 kB
1776796647.914649501 Zswapped:              0 kB
1776796647.914649501 Dirty:                32 kB
1776796647.914649501 Writeback:             0 kB
1776796647.914649501 AnonPages:         87456 kB
1776796647.914649501 Mapped:            88628 kB
1776796647.914649501 Shmem:              3456 kB
1776796647.914649501 KReclaimable:      28556 kB
1776796647.914649501 Slab:             117020 kB
1776796647.914649501 SReclaimable:      28556 kB
1776796647.914649501 SUnreclaim:        88464 kB
1776796647.914649501 KernelStack:        2984 kB
1776796647.914649501 PageTables:         3520 kB
1776796647.914649501 SecPageTables:         0 kB
1776796647.914649501 NFS_Unstable:          0 kB
1776796647.914649501 Bounce:                0 kB
1776796647.914649501 WritebackTmp:          0 kB
1776796647.914649501 CommitLimit:     3537964 kB
1776796647.914649501 Committed_AS:     400388 kB
1776796647.914649501 VmallocTotal:   135288315904 kB
1776796647.914649501 VmallocUsed:       18852 kB
1776796647.914649501 VmallocChunk:          0 kB
1776796647.914649501 Percpu:             1504 kB
1776796647.914649501 AnonHugePages:         0 kB
1776796647.914649501 ShmemHugePages:        0 kB
1776796647.914649501 ShmemPmdMapped:        0 kB
1776796647.914649501 FileHugePages:         0 kB
1776796647.914649501 FilePmdMapped:         0 kB
1776796647.914649501 CmaTotal:          65536 kB
1776796647.914649501 CmaFree:           49104 kB
1776796647.914649501 Balloon:               0 kB
1776796647.914649501 HugePages_Total:     512
1776796647.914649501 HugePages_Free:      512
1776796647.914649501 HugePages_Rsvd:        0
1776796647.914649501 HugePages_Surp:        0
1776796647.914649501 Hugepagesize:       2048 kB
1776796647.914649501 Hugetlb:         1048576 kB
1776796648.926364764 MemTotal:        8124504 kB
1776796648.926364764 MemFree:         6458620 kB
1776796648.926364764 MemAvailable:    6662172 kB
1776796648.926364764 Buffers:           28496 kB
1776796648.926364764 Cached:           303916 kB
1776796648.926364764 SwapCached:            0 kB
1776796648.926364764 Active:           336688 kB
1776796648.926364764 Inactive:          83216 kB
1776796648.926364764 Active(anon):      90872 kB
1776796648.926364764 Inactive(anon):        0 kB
1776796648.926364764 Active(file):     245816 kB
1776796648.926364764 Inactive(file):    83216 kB
1776796648.926364764 Unevictable:           0 kB
1776796648.926364764 Mlocked:               0 kB
1776796648.926364764 SwapTotal:             0 kB
1776796648.926364764 SwapFree:              0 kB
1776796648.926364764 Zswap:                 0 kB
1776796648.926364764 Zswapped:              0 kB
1776796648.926364764 Dirty:                36 kB
1776796648.926364764 Writeback:             0 kB
1776796648.926364764 AnonPages:         87664 kB
1776796648.926364764 Mapped:            89504 kB
1776796648.926364764 Shmem:              3456 kB
1776796648.926364764 KReclaimable:      28556 kB
1776796648.926364764 Slab:             117024 kB
1776796648.926364764 SReclaimable:      28556 kB
1776796648.926364764 SUnreclaim:        88468 kB
1776796648.926364764 KernelStack:        2992 kB
1776796648.926364764 PageTables:         3900 kB
1776796648.926364764 SecPageTables:         0 kB
1776796648.926364764 NFS_Unstable:          0 kB
1776796648.926364764 Bounce:                0 kB
1776796648.926364764 WritebackTmp:          0 kB
1776796648.926364764 CommitLimit:     3537964 kB
1776796648.926364764 Committed_AS:     401412 kB
1776796648.926364764 VmallocTotal:   135288315904 kB
1776796648.926364764 VmallocUsed:       18884 kB
1776796648.926364764 VmallocChunk:          0 kB
1776796648.926364764 Percpu:             1504 kB
1776796648.926364764 AnonHugePages:         0 kB
1776796648.926364764 ShmemHugePages:        0 kB
1776796648.926364764 ShmemPmdMapped:        0 kB
1776796648.926364764 FileHugePages:         0 kB
1776796648.926364764 FilePmdMapped:         0 kB
1776796648.926364764 CmaTotal:          65536 kB
1776796648.926364764 CmaFree:           49104 kB
1776796648.926364764 Balloon:               0 kB
1776796648.926364764 HugePages_Total:     512
1776796648.926364764 HugePages_Free:      512
1776796648.926364764 HugePages_Rsvd:        0
1776796648.926364764 HugePages_Surp:        0
1776796648.926364764 Hugepagesize:       2048 kB
1776796648.926364764 Hugetlb:         1048576 kB
1776796649.938482011 MemTotal:        8124504 kB
1776796649.938482011 MemFree:         6459644 kB
1776796649.938482011 MemAvailable:    6663204 kB
1776796649.938482011 Buffers:           28496 kB
1776796649.938482011 Cached:           303924 kB
1776796649.938482011 SwapCached:            0 kB
1776796649.938482011 Active:           336408 kB
1776796649.938482011 Inactive:          83224 kB
1776796649.938482011 Active(anon):      90592 kB
1776796649.938482011 Inactive(anon):        0 kB
1776796649.938482011 Active(file):     245816 kB
1776796649.938482011 Inactive(file):    83224 kB
1776796649.938482011 Unevictable:           0 kB
1776796649.938482011 Mlocked:               0 kB
1776796649.938482011 SwapTotal:             0 kB
1776796649.938482011 SwapFree:              0 kB
1776796649.938482011 Zswap:                 0 kB
1776796649.938482011 Zswapped:              0 kB
1776796649.938482011 Dirty:                44 kB
1776796649.938482011 Writeback:             0 kB
1776796649.938482011 AnonPages:         87364 kB
1776796649.938482011 Mapped:            88500 kB
1776796649.938482011 Shmem:              3456 kB
1776796649.938482011 KReclaimable:      28556 kB
1776796649.938482011 Slab:             117008 kB
1776796649.938482011 SReclaimable:      28556 kB
1776796649.938482011 SUnreclaim:        88452 kB
1776796649.938482011 KernelStack:        2992 kB
1776796649.938482011 PageTables:         3312 kB
1776796649.938482011 SecPageTables:         0 kB
1776796649.938482011 NFS_Unstable:          0 kB
1776796649.938482011 Bounce:                0 kB
1776796649.938482011 WritebackTmp:          0 kB
1776796649.938482011 CommitLimit:     3537964 kB
1776796649.938482011 Committed_AS:     400388 kB
1776796649.938482011 VmallocTotal:   135288315904 kB
1776796649.938482011 VmallocUsed:       18852 kB
1776796649.938482011 VmallocChunk:          0 kB
1776796649.938482011 Percpu:             1504 kB
1776796649.938482011 AnonHugePages:         0 kB
1776796649.938482011 ShmemHugePages:        0 kB
1776796649.938482011 ShmemPmdMapped:        0 kB
1776796649.938482011 FileHugePages:         0 kB
1776796649.938482011 FilePmdMapped:         0 kB
1776796649.938482011 CmaTotal:          65536 kB
1776796649.938482011 CmaFree:           49104 kB
1776796649.938482011 Balloon:               0 kB
1776796649.938482011 HugePages_Total:     512
1776796649.938482011 HugePages_Free:      512
1776796649.938482011 HugePages_Rsvd:        0
1776796649.938482011 HugePages_Surp:        0
1776796649.938482011 Hugepagesize:       2048 kB
1776796649.938482011 Hugetlb:         1048576 kB
1776796650.947744098 MemTotal:        8124504 kB
1776796650.947744098 MemFree:         6457600 kB
1776796650.947744098 MemAvailable:    6661172 kB
1776796650.947744098 Buffers:           28504 kB
1776796650.947744098 Cached:           303920 kB
1776796650.947744098 SwapCached:            0 kB
1776796650.947744098 Active:           336452 kB
1776796650.947744098 Inactive:          83232 kB
1776796650.947744098 Active(anon):      90632 kB
1776796650.947744098 Inactive(anon):        0 kB
1776796650.947744098 Active(file):     245820 kB
1776796650.947744098 Inactive(file):    83232 kB
1776796650.947744098 Unevictable:           0 kB
1776796650.947744098 Mlocked:               0 kB
1776796650.947744098 SwapTotal:             0 kB
1776796650.947744098 SwapFree:              0 kB
1776796650.947744098 Zswap:                 0 kB
1776796650.947744098 Zswapped:              0 kB
1776796650.947744098 Dirty:                48 kB
1776796650.947744098 Writeback:             0 kB
1776796650.947744098 AnonPages:         87372 kB
1776796650.947744098 Mapped:            88460 kB
1776796650.947744098 Shmem:              3456 kB
1776796650.947744098 KReclaimable:      28556 kB
1776796650.947744098 Slab:             117024 kB
1776796650.947744098 SReclaimable:      28556 kB
1776796650.947744098 SUnreclaim:        88468 kB
1776796650.947744098 KernelStack:        2992 kB
1776796650.947744098 PageTables:         3308 kB
1776796650.947744098 SecPageTables:         0 kB
1776796650.947744098 NFS_Unstable:          0 kB
1776796650.947744098 Bounce:                0 kB
1776796650.947744098 WritebackTmp:          0 kB
1776796650.947744098 CommitLimit:     3537964 kB
1776796650.947744098 Committed_AS:     400388 kB
1776796650.947744098 VmallocTotal:   135288315904 kB
1776796650.947744098 VmallocUsed:       18852 kB
1776796650.947744098 VmallocChunk:          0 kB
1776796650.947744098 Percpu:             1504 kB
1776796650.947744098 AnonHugePages:         0 kB
1776796650.947744098 ShmemHugePages:        0 kB
1776796650.947744098 ShmemPmdMapped:        0 kB
1776796650.947744098 FileHugePages:         0 kB
1776796650.947744098 FilePmdMapped:         0 kB
1776796650.947744098 CmaTotal:          65536 kB
1776796650.947744098 CmaFree:           49104 kB
1776796650.947744098 Balloon:               0 kB
1776796650.947744098 HugePages_Total:     512
1776796650.947744098 HugePages_Free:      512
1776796650.947744098 HugePages_Rsvd:        0
1776796650.947744098 HugePages_Surp:        0
1776796650.947744098 Hugepagesize:       2048 kB
1776796650.947744098 Hugetlb:         1048576 kB
1776796651.962457577 MemTotal:        8124504 kB
1776796651.962457577 MemFree:         6458472 kB
1776796651.962457577 MemAvailable:    6662048 kB
1776796651.962457577 Buffers:           28504 kB
1776796651.962457577 Cached:           303932 kB
1776796651.962457577 SwapCached:            0 kB
1776796651.962457577 Active:           336424 kB
1776796651.962457577 Inactive:          83240 kB
1776796651.962457577 Active(anon):      90608 kB
1776796651.962457577 Inactive(anon):        0 kB
1776796651.962457577 Active(file):     245816 kB
1776796651.962457577 Inactive(file):    83240 kB
1776796651.962457577 Unevictable:           0 kB
1776796651.962457577 Mlocked:               0 kB
1776796651.962457577 SwapTotal:             0 kB
1776796651.962457577 SwapFree:              0 kB
1776796651.962457577 Zswap:                 0 kB
1776796651.962457577 Zswapped:              0 kB
1776796651.962457577 Dirty:                64 kB
1776796651.962457577 Writeback:             0 kB
1776796651.962457577 AnonPages:         87284 kB
1776796651.962457577 Mapped:            88460 kB
1776796651.962457577 Shmem:              3456 kB
1776796651.962457577 KReclaimable:      28556 kB
1776796651.962457577 Slab:             117032 kB
1776796651.962457577 SReclaimable:      28556 kB
1776796651.962457577 SUnreclaim:        88476 kB
1776796651.962457577 KernelStack:        2976 kB
1776796651.962457577 PageTables:         3244 kB
1776796651.962457577 SecPageTables:         0 kB
1776796651.962457577 NFS_Unstable:          0 kB
1776796651.962457577 Bounce:                0 kB
1776796651.962457577 WritebackTmp:          0 kB
1776796651.962457577 CommitLimit:     3537964 kB
1776796651.962457577 Committed_AS:     400388 kB
1776796651.962457577 VmallocTotal:   135288315904 kB
1776796651.962457577 VmallocUsed:       18836 kB
1776796651.962457577 VmallocChunk:          0 kB
1776796651.962457577 Percpu:             1504 kB
1776796651.962457577 AnonHugePages:         0 kB
1776796651.962457577 ShmemHugePages:        0 kB
1776796651.962457577 ShmemPmdMapped:        0 kB
1776796651.962457577 FileHugePages:         0 kB
1776796651.962457577 FilePmdMapped:         0 kB
1776796651.962457577 CmaTotal:          65536 kB
1776796651.962457577 CmaFree:           49104 kB
1776796651.962457577 Balloon:               0 kB
1776796651.962457577 HugePages_Total:     512
1776796651.962457577 HugePages_Free:      512
1776796651.962457577 HugePages_Rsvd:        0
1776796651.962457577 HugePages_Surp:        0
1776796651.962457577 Hugepagesize:       2048 kB
1776796651.962457577 Hugetlb:         1048576 kB
1776796652.971568108 MemTotal:        8124504 kB
1776796652.971568108 MemFree:         6459116 kB
1776796652.971568108 MemAvailable:    6662700 kB
1776796652.971568108 Buffers:           28504 kB
1776796652.971568108 Cached:           303940 kB
1776796652.971568108 SwapCached:            0 kB
1776796652.971568108 Active:           336412 kB
1776796652.971568108 Inactive:          83248 kB
1776796652.971568108 Active(anon):      90596 kB
1776796652.971568108 Inactive(anon):        0 kB
1776796652.971568108 Active(file):     245816 kB
1776796652.971568108 Inactive(file):    83248 kB
1776796652.971568108 Unevictable:           0 kB
1776796652.971568108 Mlocked:               0 kB
1776796652.971568108 SwapTotal:             0 kB
1776796652.971568108 SwapFree:              0 kB
1776796652.971568108 Zswap:                 0 kB
1776796652.971568108 Zswapped:              0 kB
1776796652.971568108 Dirty:                72 kB
1776796652.971568108 Writeback:             0 kB
1776796652.971568108 AnonPages:         87400 kB
1776796652.971568108 Mapped:            88460 kB
1776796652.971568108 Shmem:              3456 kB
1776796652.971568108 KReclaimable:      28556 kB
1776796652.971568108 Slab:             117032 kB
1776796652.971568108 SReclaimable:      28556 kB
1776796652.971568108 SUnreclaim:        88476 kB
1776796652.971568108 KernelStack:        3008 kB
1776796652.971568108 PageTables:         3340 kB
1776796652.971568108 SecPageTables:         0 kB
1776796652.971568108 NFS_Unstable:          0 kB
1776796652.971568108 Bounce:                0 kB
1776796652.971568108 WritebackTmp:          0 kB
1776796652.971568108 CommitLimit:     3537964 kB
1776796652.971568108 Committed_AS:     400388 kB
1776796652.971568108 VmallocTotal:   135288315904 kB
1776796652.971568108 VmallocUsed:       18868 kB
1776796652.971568108 VmallocChunk:          0 kB
1776796652.971568108 Percpu:             1504 kB
1776796652.971568108 AnonHugePages:         0 kB
1776796652.971568108 ShmemHugePages:        0 kB
1776796652.971568108 ShmemPmdMapped:        0 kB
1776796652.971568108 FileHugePages:         0 kB
1776796652.971568108 FilePmdMapped:         0 kB
1776796652.971568108 CmaTotal:          65536 kB
1776796652.971568108 CmaFree:           49104 kB
1776796652.971568108 Balloon:               0 kB
1776796652.971568108 HugePages_Total:     512
1776796652.971568108 HugePages_Free:      512
1776796652.971568108 HugePages_Rsvd:        0
1776796652.971568108 HugePages_Surp:        0
1776796652.971568108 Hugepagesize:       2048 kB
1776796652.971568108 Hugetlb:         1048576 kB
1776796653.983974282 MemTotal:        8124504 kB
1776796653.983974282 MemFree:         6459244 kB
1776796653.983974282 MemAvailable:    6662836 kB
1776796653.983974282 Buffers:           28504 kB
1776796653.983974282 Cached:           303944 kB
1776796653.983974282 SwapCached:            0 kB
1776796653.983974282 Active:           336332 kB
1776796653.983974282 Inactive:          83256 kB
1776796653.983974282 Active(anon):      90520 kB
1776796653.983974282 Inactive(anon):        0 kB
1776796653.983974282 Active(file):     245812 kB
1776796653.983974282 Inactive(file):    83256 kB
1776796653.983974282 Unevictable:           0 kB
1776796653.983974282 Mlocked:               0 kB
1776796653.983974282 SwapTotal:             0 kB
1776796653.983974282 SwapFree:              0 kB
1776796653.983974282 Zswap:                 0 kB
1776796653.983974282 Zswapped:              0 kB
1776796653.983974282 Dirty:                76 kB
1776796653.983974282 Writeback:             0 kB
1776796653.983974282 AnonPages:         87320 kB
1776796653.983974282 Mapped:            88460 kB
1776796653.983974282 Shmem:              3456 kB
1776796653.983974282 KReclaimable:      28556 kB
1776796653.983974282 Slab:             117036 kB
1776796653.983974282 SReclaimable:      28556 kB
1776796653.983974282 SUnreclaim:        88480 kB
1776796653.983974282 KernelStack:        2992 kB
1776796653.983974282 PageTables:         3276 kB
1776796653.983974282 SecPageTables:         0 kB
1776796653.983974282 NFS_Unstable:          0 kB
1776796653.983974282 Bounce:                0 kB
1776796653.983974282 WritebackTmp:          0 kB
1776796653.983974282 CommitLimit:     3537964 kB
1776796653.983974282 Committed_AS:     400388 kB
1776796653.983974282 VmallocTotal:   135288315904 kB
1776796653.983974282 VmallocUsed:       18852 kB
1776796653.983974282 VmallocChunk:          0 kB
1776796653.983974282 Percpu:             1504 kB
1776796653.983974282 AnonHugePages:         0 kB
1776796653.983974282 ShmemHugePages:        0 kB
1776796653.983974282 ShmemPmdMapped:        0 kB
1776796653.983974282 FileHugePages:         0 kB
1776796653.983974282 FilePmdMapped:         0 kB
1776796653.983974282 CmaTotal:          65536 kB
1776796653.983974282 CmaFree:           49104 kB
1776796653.983974282 Balloon:               0 kB
1776796653.983974282 HugePages_Total:     512
1776796653.983974282 HugePages_Free:      512
1776796653.983974282 HugePages_Rsvd:        0
1776796653.983974282 HugePages_Surp:        0
1776796653.983974282 Hugepagesize:       2048 kB
1776796653.983974282 Hugetlb:         1048576 kB
1776796654.993312998 MemTotal:        8124504 kB
1776796654.993312998 MemFree:         6457904 kB
1776796654.993312998 MemAvailable:    6661496 kB
1776796654.993312998 Buffers:           28504 kB
1776796654.993312998 Cached:           303944 kB
1776796654.993312998 SwapCached:            0 kB
1776796654.993312998 Active:           336420 kB
1776796654.993312998 Inactive:          83256 kB
1776796654.993312998 Active(anon):      90604 kB
1776796654.993312998 Inactive(anon):        0 kB
1776796654.993312998 Active(file):     245816 kB
1776796654.993312998 Inactive(file):    83256 kB
1776796654.993312998 Unevictable:           0 kB
1776796654.993312998 Mlocked:               0 kB
1776796654.993312998 SwapTotal:             0 kB
1776796654.993312998 SwapFree:              0 kB
1776796654.993312998 Zswap:                 0 kB
1776796654.993312998 Zswapped:              0 kB
1776796654.993312998 Dirty:                76 kB
1776796654.993312998 Writeback:             0 kB
1776796654.993312998 AnonPages:         87284 kB
1776796654.993312998 Mapped:            88460 kB
1776796654.993312998 Shmem:              3456 kB
1776796654.993312998 KReclaimable:      28556 kB
1776796654.993312998 Slab:             117032 kB
1776796654.993312998 SReclaimable:      28556 kB
1776796654.993312998 SUnreclaim:        88476 kB
1776796654.993312998 KernelStack:        2992 kB
1776796654.993312998 PageTables:         3316 kB
1776796654.993312998 SecPageTables:         0 kB
1776796654.993312998 NFS_Unstable:          0 kB
1776796654.993312998 Bounce:                0 kB
1776796654.993312998 WritebackTmp:          0 kB
1776796654.993312998 CommitLimit:     3537964 kB
1776796654.993312998 Committed_AS:     400388 kB
1776796654.993312998 VmallocTotal:   135288315904 kB
1776796654.993312998 VmallocUsed:       18852 kB
1776796654.993312998 VmallocChunk:          0 kB
1776796654.993312998 Percpu:             1504 kB
1776796654.993312998 AnonHugePages:         0 kB
1776796654.993312998 ShmemHugePages:        0 kB
1776796654.993312998 ShmemPmdMapped:        0 kB
1776796654.993312998 FileHugePages:         0 kB
1776796654.993312998 FilePmdMapped:         0 kB
1776796654.993312998 CmaTotal:          65536 kB
1776796654.993312998 CmaFree:           49104 kB
1776796654.993312998 Balloon:               0 kB
1776796654.993312998 HugePages_Total:     512
1776796654.993312998 HugePages_Free:      512
1776796654.993312998 HugePages_Rsvd:        0
1776796654.993312998 HugePages_Surp:        0
1776796654.993312998 Hugepagesize:       2048 kB
1776796654.993312998 Hugetlb:         1048576 kB
1776796656.000870986 MemTotal:        8124504 kB
1776796656.000870986 MemFree:         6457652 kB
1776796656.000870986 MemAvailable:    6661260 kB
1776796656.000870986 Buffers:           28508 kB
1776796656.000870986 Cached:           303952 kB
1776796656.000870986 SwapCached:            0 kB
1776796656.000870986 Active:           336544 kB
1776796656.000870986 Inactive:          83268 kB
1776796656.000870986 Active(anon):      90724 kB
1776796656.000870986 Inactive(anon):        0 kB
1776796656.000870986 Active(file):     245820 kB
1776796656.000870986 Inactive(file):    83268 kB
1776796656.000870986 Unevictable:           0 kB
1776796656.000870986 Mlocked:               0 kB
1776796656.000870986 SwapTotal:             0 kB
1776796656.000870986 SwapFree:              0 kB
1776796656.000870986 Zswap:                 0 kB
1776796656.000870986 Zswapped:              0 kB
1776796656.000870986 Dirty:                88 kB
1776796656.000870986 Writeback:             0 kB
1776796656.000870986 AnonPages:         87328 kB
1776796656.000870986 Mapped:            88500 kB
1776796656.000870986 Shmem:              3456 kB
1776796656.000870986 KReclaimable:      28556 kB
1776796656.000870986 Slab:             117028 kB
1776796656.000870986 SReclaimable:      28556 kB
1776796656.000870986 SUnreclaim:        88472 kB
1776796656.000870986 KernelStack:        2992 kB
1776796656.000870986 PageTables:         3368 kB
1776796656.000870986 SecPageTables:         0 kB
1776796656.000870986 NFS_Unstable:          0 kB
1776796656.000870986 Bounce:                0 kB
1776796656.000870986 WritebackTmp:          0 kB
1776796656.000870986 CommitLimit:     3537964 kB
1776796656.000870986 Committed_AS:     400388 kB
1776796656.000870986 VmallocTotal:   135288315904 kB
1776796656.000870986 VmallocUsed:       18836 kB
1776796656.000870986 VmallocChunk:          0 kB
1776796656.000870986 Percpu:             1504 kB
1776796656.000870986 AnonHugePages:         0 kB
1776796656.000870986 ShmemHugePages:        0 kB
1776796656.000870986 ShmemPmdMapped:        0 kB
1776796656.000870986 FileHugePages:         0 kB
1776796656.000870986 FilePmdMapped:         0 kB
1776796656.000870986 CmaTotal:          65536 kB
1776796656.000870986 CmaFree:           49104 kB
1776796656.000870986 Balloon:               0 kB
1776796656.000870986 HugePages_Total:     512
1776796656.000870986 HugePages_Free:      512
1776796656.000870986 HugePages_Rsvd:        0
1776796656.000870986 HugePages_Surp:        0
1776796656.000870986 Hugepagesize:       2048 kB
1776796656.000870986 Hugetlb:         1048576 kB
1776796657.008846271 MemTotal:        8124504 kB
1776796657.008846271 MemFree:         6457900 kB
1776796657.008846271 MemAvailable:    6661516 kB
1776796657.008846271 Buffers:           28512 kB
1776796657.008846271 Cached:           303956 kB
1776796657.008846271 SwapCached:            0 kB
1776796657.008846271 Active:           336520 kB
1776796657.008846271 Inactive:          83276 kB
1776796657.008846271 Active(anon):      90700 kB
1776796657.008846271 Inactive(anon):        0 kB
1776796657.008846271 Active(file):     245820 kB
1776796657.008846271 Inactive(file):    83276 kB
1776796657.008846271 Unevictable:           0 kB
1776796657.008846271 Mlocked:               0 kB
1776796657.008846271 SwapTotal:             0 kB
1776796657.008846271 SwapFree:              0 kB
1776796657.008846271 Zswap:                 0 kB
1776796657.008846271 Zswapped:              0 kB
1776796657.008846271 Dirty:                92 kB
1776796657.008846271 Writeback:             0 kB
1776796657.008846271 AnonPages:         87364 kB
1776796657.008846271 Mapped:            88500 kB
1776796657.008846271 Shmem:              3456 kB
1776796657.008846271 KReclaimable:      28556 kB
1776796657.008846271 Slab:             117040 kB
1776796657.008846271 SReclaimable:      28556 kB
1776796657.008846271 SUnreclaim:        88484 kB
1776796657.008846271 KernelStack:        2992 kB
1776796657.008846271 PageTables:         3308 kB
1776796657.008846271 SecPageTables:         0 kB
1776796657.008846271 NFS_Unstable:          0 kB
1776796657.008846271 Bounce:                0 kB
1776796657.008846271 WritebackTmp:          0 kB
1776796657.008846271 CommitLimit:     3537964 kB
1776796657.008846271 Committed_AS:     400388 kB
1776796657.008846271 VmallocTotal:   135288315904 kB
1776796657.008846271 VmallocUsed:       18836 kB
1776796657.008846271 VmallocChunk:          0 kB
1776796657.008846271 Percpu:             1504 kB
1776796657.008846271 AnonHugePages:         0 kB
1776796657.008846271 ShmemHugePages:        0 kB
1776796657.008846271 ShmemPmdMapped:        0 kB
1776796657.008846271 FileHugePages:         0 kB
1776796657.008846271 FilePmdMapped:         0 kB
1776796657.008846271 CmaTotal:          65536 kB
1776796657.008846271 CmaFree:           49104 kB
1776796657.008846271 Balloon:               0 kB
1776796657.008846271 HugePages_Total:     512
1776796657.008846271 HugePages_Free:      512
1776796657.008846271 HugePages_Rsvd:        0
1776796657.008846271 HugePages_Surp:        0
1776796657.008846271 Hugepagesize:       2048 kB
1776796657.008846271 Hugetlb:         1048576 kB
1776796658.016427240 MemTotal:        8124504 kB
1776796658.016427240 MemFree:         6458224 kB
1776796658.016427240 MemAvailable:    6661844 kB
1776796658.016427240 Buffers:           28512 kB
1776796658.016427240 Cached:           303960 kB
1776796658.016427240 SwapCached:            0 kB
1776796658.016427240 Active:           336528 kB
1776796658.016427240 Inactive:          83280 kB
1776796658.016427240 Active(anon):      90708 kB
1776796658.016427240 Inactive(anon):        0 kB
1776796658.016427240 Active(file):     245820 kB
1776796658.016427240 Inactive(file):    83280 kB
1776796658.016427240 Unevictable:           0 kB
1776796658.016427240 Mlocked:               0 kB
1776796658.016427240 SwapTotal:             0 kB
1776796658.016427240 SwapFree:              0 kB
1776796658.016427240 Zswap:                 0 kB
1776796658.016427240 Zswapped:              0 kB
1776796658.016427240 Dirty:                96 kB
1776796658.016427240 Writeback:             0 kB
1776796658.016427240 AnonPages:         87292 kB
1776796658.016427240 Mapped:            88460 kB
1776796658.016427240 Shmem:              3456 kB
1776796658.016427240 KReclaimable:      28556 kB
1776796658.016427240 Slab:             117024 kB
1776796658.016427240 SReclaimable:      28556 kB
1776796658.016427240 SUnreclaim:        88468 kB
1776796658.016427240 KernelStack:        2992 kB
1776796658.016427240 PageTables:         3332 kB
1776796658.016427240 SecPageTables:         0 kB
1776796658.016427240 NFS_Unstable:          0 kB
1776796658.016427240 Bounce:                0 kB
1776796658.016427240 WritebackTmp:          0 kB
1776796658.016427240 CommitLimit:     3537964 kB
1776796658.016427240 Committed_AS:     400388 kB
1776796658.016427240 VmallocTotal:   135288315904 kB
1776796658.016427240 VmallocUsed:       18836 kB
1776796658.016427240 VmallocChunk:          0 kB
1776796658.016427240 Percpu:             1504 kB
1776796658.016427240 AnonHugePages:         0 kB
1776796658.016427240 ShmemHugePages:        0 kB
1776796658.016427240 ShmemPmdMapped:        0 kB
1776796658.016427240 FileHugePages:         0 kB
1776796658.016427240 FilePmdMapped:         0 kB
1776796658.016427240 CmaTotal:          65536 kB
1776796658.016427240 CmaFree:           49104 kB
1776796658.016427240 Balloon:               0 kB
1776796658.016427240 HugePages_Total:     512
1776796658.016427240 HugePages_Free:      512
1776796658.016427240 HugePages_Rsvd:        0
1776796658.016427240 HugePages_Surp:        0
1776796658.016427240 Hugepagesize:       2048 kB
1776796658.016427240 Hugetlb:         1048576 kB
1776796659.028611690 MemTotal:        8124504 kB
1776796659.028611690 MemFree:         6457128 kB
1776796659.028611690 MemAvailable:    6660748 kB
1776796659.028611690 Buffers:           28512 kB
1776796659.028611690 Cached:           303968 kB
1776796659.028611690 SwapCached:            0 kB
1776796659.028611690 Active:           336368 kB
1776796659.028611690 Inactive:          83284 kB
1776796659.028611690 Active(anon):      90552 kB
1776796659.028611690 Inactive(anon):        0 kB
1776796659.028611690 Active(file):     245816 kB
1776796659.028611690 Inactive(file):    83284 kB
1776796659.028611690 Unevictable:           0 kB
1776796659.028611690 Mlocked:               0 kB
1776796659.028611690 SwapTotal:             0 kB
1776796659.028611690 SwapFree:              0 kB
1776796659.028611690 Zswap:                 0 kB
1776796659.028611690 Zswapped:              0 kB
1776796659.028611690 Dirty:               104 kB
1776796659.028611690 Writeback:             0 kB
1776796659.028611690 AnonPages:         87392 kB
1776796659.028611690 Mapped:            88500 kB
1776796659.028611690 Shmem:              3456 kB
1776796659.028611690 KReclaimable:      28556 kB
1776796659.028611690 Slab:             117060 kB
1776796659.028611690 SReclaimable:      28556 kB
1776796659.028611690 SUnreclaim:        88504 kB
1776796659.028611690 KernelStack:        3008 kB
1776796659.028611690 PageTables:         3344 kB
1776796659.028611690 SecPageTables:         0 kB
1776796659.028611690 NFS_Unstable:          0 kB
1776796659.028611690 Bounce:                0 kB
1776796659.028611690 WritebackTmp:          0 kB
1776796659.028611690 CommitLimit:     3537964 kB
1776796659.028611690 Committed_AS:     400388 kB
1776796659.028611690 VmallocTotal:   135288315904 kB
1776796659.028611690 VmallocUsed:       18868 kB
1776796659.028611690 VmallocChunk:          0 kB
1776796659.028611690 Percpu:             1504 kB
1776796659.028611690 AnonHugePages:         0 kB
1776796659.028611690 ShmemHugePages:        0 kB
1776796659.028611690 ShmemPmdMapped:        0 kB
1776796659.028611690 FileHugePages:         0 kB
1776796659.028611690 FilePmdMapped:         0 kB
1776796659.028611690 CmaTotal:          65536 kB
1776796659.028611690 CmaFree:           49104 kB
1776796659.028611690 Balloon:               0 kB
1776796659.028611690 HugePages_Total:     512
1776796659.028611690 HugePages_Free:      512
1776796659.028611690 HugePages_Rsvd:        0
1776796659.028611690 HugePages_Surp:        0
1776796659.028611690 Hugepagesize:       2048 kB
1776796659.028611690 Hugetlb:         1048576 kB
1776796660.042674352 MemTotal:        8124504 kB
1776796660.042674352 MemFree:         6457288 kB
1776796660.042674352 MemAvailable:    6660916 kB
1776796660.042674352 Buffers:           28512 kB
1776796660.042674352 Cached:           303972 kB
1776796660.042674352 SwapCached:            0 kB
1776796660.042674352 Active:           336468 kB
1776796660.042674352 Inactive:          83292 kB
1776796660.042674352 Active(anon):      90652 kB
1776796660.042674352 Inactive(anon):        0 kB
1776796660.042674352 Active(file):     245816 kB
1776796660.042674352 Inactive(file):    83292 kB
1776796660.042674352 Unevictable:           0 kB
1776796660.042674352 Mlocked:               0 kB
1776796660.042674352 SwapTotal:             0 kB
1776796660.042674352 SwapFree:              0 kB
1776796660.042674352 Zswap:                 0 kB
1776796660.042674352 Zswapped:              0 kB
1776796660.042674352 Dirty:               108 kB
1776796660.042674352 Writeback:             0 kB
1776796660.042674352 AnonPages:         87280 kB
1776796660.042674352 Mapped:            88460 kB
1776796660.042674352 Shmem:              3456 kB
1776796660.042674352 KReclaimable:      28556 kB
1776796660.042674352 Slab:             117028 kB
1776796660.042674352 SReclaimable:      28556 kB
1776796660.042674352 SUnreclaim:        88472 kB
1776796660.042674352 KernelStack:        2976 kB
1776796660.042674352 PageTables:         3248 kB
1776796660.042674352 SecPageTables:         0 kB
1776796660.042674352 NFS_Unstable:          0 kB
1776796660.042674352 Bounce:                0 kB
1776796660.042674352 WritebackTmp:          0 kB
1776796660.042674352 CommitLimit:     3537964 kB
1776796660.042674352 Committed_AS:     400388 kB
1776796660.042674352 VmallocTotal:   135288315904 kB
1776796660.042674352 VmallocUsed:       18836 kB
1776796660.042674352 VmallocChunk:          0 kB
1776796660.042674352 Percpu:             1504 kB
1776796660.042674352 AnonHugePages:         0 kB
1776796660.042674352 ShmemHugePages:        0 kB
1776796660.042674352 ShmemPmdMapped:        0 kB
1776796660.042674352 FileHugePages:         0 kB
1776796660.042674352 FilePmdMapped:         0 kB
1776796660.042674352 CmaTotal:          65536 kB
1776796660.042674352 CmaFree:           49104 kB
1776796660.042674352 Balloon:               0 kB
1776796660.042674352 HugePages_Total:     512
1776796660.042674352 HugePages_Free:      512
1776796660.042674352 HugePages_Rsvd:        0
1776796660.042674352 HugePages_Surp:        0
1776796660.042674352 Hugepagesize:       2048 kB
1776796660.042674352 Hugetlb:         1048576 kB
1776796661.056745440 MemTotal:        8124504 kB
1776796661.056745440 MemFree:         6458596 kB
1776796661.056745440 MemAvailable:    6662228 kB
1776796661.056745440 Buffers:           28512 kB
1776796661.056745440 Cached:           303976 kB
1776796661.056745440 SwapCached:            0 kB
1776796661.056745440 Active:           336532 kB
1776796661.056745440 Inactive:          83296 kB
1776796661.056745440 Active(anon):      90716 kB
1776796661.056745440 Inactive(anon):        0 kB
1776796661.056745440 Active(file):     245816 kB
1776796661.056745440 Inactive(file):    83296 kB
1776796661.056745440 Unevictable:           0 kB
1776796661.056745440 Mlocked:               0 kB
1776796661.056745440 SwapTotal:             0 kB
1776796661.056745440 SwapFree:              0 kB
1776796661.056745440 Zswap:                 0 kB
1776796661.056745440 Zswapped:              0 kB
1776796661.056745440 Dirty:               112 kB
1776796661.056745440 Writeback:             0 kB
1776796661.056745440 AnonPages:         87408 kB
1776796661.056745440 Mapped:            88500 kB
1776796661.056745440 Shmem:              3456 kB
1776796661.056745440 KReclaimable:      28556 kB
1776796661.056745440 Slab:             117040 kB
1776796661.056745440 SReclaimable:      28556 kB
1776796661.056745440 SUnreclaim:        88484 kB
1776796661.056745440 KernelStack:        3008 kB
1776796661.056745440 PageTables:         3360 kB
1776796661.056745440 SecPageTables:         0 kB
1776796661.056745440 NFS_Unstable:          0 kB
1776796661.056745440 Bounce:                0 kB
1776796661.056745440 WritebackTmp:          0 kB
1776796661.056745440 CommitLimit:     3537964 kB
1776796661.056745440 Committed_AS:     400388 kB
1776796661.056745440 VmallocTotal:   135288315904 kB
1776796661.056745440 VmallocUsed:       18868 kB
1776796661.056745440 VmallocChunk:          0 kB
1776796661.056745440 Percpu:             1504 kB
1776796661.056745440 AnonHugePages:         0 kB
1776796661.056745440 ShmemHugePages:        0 kB
1776796661.056745440 ShmemPmdMapped:        0 kB
1776796661.056745440 FileHugePages:         0 kB
1776796661.056745440 FilePmdMapped:         0 kB
1776796661.056745440 CmaTotal:          65536 kB
1776796661.056745440 CmaFree:           49104 kB
1776796661.056745440 Balloon:               0 kB
1776796661.056745440 HugePages_Total:     512
1776796661.056745440 HugePages_Free:      512
1776796661.056745440 HugePages_Rsvd:        0
1776796661.056745440 HugePages_Surp:        0
1776796661.056745440 Hugepagesize:       2048 kB
1776796661.056745440 Hugetlb:         1048576 kB
1776796662.070932918 MemTotal:        8124504 kB
1776796662.070932918 MemFree:         6459352 kB
1776796662.070932918 MemAvailable:    6662996 kB
1776796662.070932918 Buffers:           28520 kB
1776796662.070932918 Cached:           303984 kB
1776796662.070932918 SwapCached:            0 kB
1776796662.070932918 Active:           336484 kB
1776796662.070932918 Inactive:          83312 kB
1776796662.070932918 Active(anon):      90672 kB
1776796662.070932918 Inactive(anon):        0 kB
1776796662.070932918 Active(file):     245812 kB
1776796662.070932918 Inactive(file):    83312 kB
1776796662.070932918 Unevictable:           0 kB
1776796662.070932918 Mlocked:               0 kB
1776796662.070932918 SwapTotal:             0 kB
1776796662.070932918 SwapFree:              0 kB
1776796662.070932918 Zswap:                 0 kB
1776796662.070932918 Zswapped:              0 kB
1776796662.070932918 Dirty:               120 kB
1776796662.070932918 Writeback:             0 kB
1776796662.070932918 AnonPages:         87280 kB
1776796662.070932918 Mapped:            88460 kB
1776796662.070932918 Shmem:              3456 kB
1776796662.070932918 KReclaimable:      28556 kB
1776796662.070932918 Slab:             117032 kB
1776796662.070932918 SReclaimable:      28556 kB
1776796662.070932918 SUnreclaim:        88476 kB
1776796662.070932918 KernelStack:        2976 kB
1776796662.070932918 PageTables:         3244 kB
1776796662.070932918 SecPageTables:         0 kB
1776796662.070932918 NFS_Unstable:          0 kB
1776796662.070932918 Bounce:                0 kB
1776796662.070932918 WritebackTmp:          0 kB
1776796662.070932918 CommitLimit:     3537964 kB
1776796662.070932918 Committed_AS:     400388 kB
1776796662.070932918 VmallocTotal:   135288315904 kB
1776796662.070932918 VmallocUsed:       18852 kB
1776796662.070932918 VmallocChunk:          0 kB
1776796662.070932918 Percpu:             1504 kB
1776796662.070932918 AnonHugePages:         0 kB
1776796662.070932918 ShmemHugePages:        0 kB
1776796662.070932918 ShmemPmdMapped:        0 kB
1776796662.070932918 FileHugePages:         0 kB
1776796662.070932918 FilePmdMapped:         0 kB
1776796662.070932918 CmaTotal:          65536 kB
1776796662.070932918 CmaFree:           49104 kB
1776796662.070932918 Balloon:               0 kB
1776796662.070932918 HugePages_Total:     512
1776796662.070932918 HugePages_Free:      512
1776796662.070932918 HugePages_Rsvd:        0
1776796662.070932918 HugePages_Surp:        0
1776796662.070932918 Hugepagesize:       2048 kB
1776796662.070932918 Hugetlb:         1048576 kB
1776796663.085067913 MemTotal:        8124504 kB
1776796663.085067913 MemFree:         6457956 kB
1776796663.085067913 MemAvailable:    6661608 kB
1776796663.085067913 Buffers:           28520 kB
1776796663.085067913 Cached:           303984 kB
1776796663.085067913 SwapCached:            0 kB
1776796663.085067913 Active:           336480 kB
1776796663.085067913 Inactive:          83312 kB
1776796663.085067913 Active(anon):      90660 kB
1776796663.085067913 Inactive(anon):        0 kB
1776796663.085067913 Active(file):     245820 kB
1776796663.085067913 Inactive(file):    83312 kB
1776796663.085067913 Unevictable:           0 kB
1776796663.085067913 Mlocked:               0 kB
1776796663.085067913 SwapTotal:             0 kB
1776796663.085067913 SwapFree:              0 kB
1776796663.085067913 Zswap:                 0 kB
1776796663.085067913 Zswapped:              0 kB
1776796663.085067913 Dirty:               120 kB
1776796663.085067913 Writeback:             0 kB
1776796663.085067913 AnonPages:         87368 kB
1776796663.085067913 Mapped:            88500 kB
1776796663.085067913 Shmem:              3456 kB
1776796663.085067913 KReclaimable:      28556 kB
1776796663.085067913 Slab:             117040 kB
1776796663.085067913 SReclaimable:      28556 kB
1776796663.085067913 SUnreclaim:        88484 kB
1776796663.085067913 KernelStack:        2992 kB
1776796663.085067913 PageTables:         3312 kB
1776796663.085067913 SecPageTables:         0 kB
1776796663.085067913 NFS_Unstable:          0 kB
1776796663.085067913 Bounce:                0 kB
1776796663.085067913 WritebackTmp:          0 kB
1776796663.085067913 CommitLimit:     3537964 kB
1776796663.085067913 Committed_AS:     400388 kB
1776796663.085067913 VmallocTotal:   135288315904 kB
1776796663.085067913 VmallocUsed:       18852 kB
1776796663.085067913 VmallocChunk:          0 kB
1776796663.085067913 Percpu:             1504 kB
1776796663.085067913 AnonHugePages:         0 kB
1776796663.085067913 ShmemHugePages:        0 kB
1776796663.085067913 ShmemPmdMapped:        0 kB
1776796663.085067913 FileHugePages:         0 kB
1776796663.085067913 FilePmdMapped:         0 kB
1776796663.085067913 CmaTotal:          65536 kB
1776796663.085067913 CmaFree:           49104 kB
1776796663.085067913 Balloon:               0 kB
1776796663.085067913 HugePages_Total:     512
1776796663.085067913 HugePages_Free:      512
1776796663.085067913 HugePages_Rsvd:        0
1776796663.085067913 HugePages_Surp:        0
1776796663.085067913 Hugepagesize:       2048 kB
1776796663.085067913 Hugetlb:         1048576 kB
1776796664.094016425 MemTotal:        8124504 kB
1776796664.094016425 MemFree:         6457960 kB
1776796664.094016425 MemAvailable:    6661612 kB
1776796664.094016425 Buffers:           28520 kB
1776796664.094016425 Cached:           303992 kB
1776796664.094016425 SwapCached:            0 kB
1776796664.094016425 Active:           336420 kB
1776796664.094016425 Inactive:          83316 kB
1776796664.094016425 Active(anon):      90604 kB
1776796664.094016425 Inactive(anon):        0 kB
1776796664.094016425 Active(file):     245816 kB
1776796664.094016425 Inactive(file):    83316 kB
1776796664.094016425 Unevictable:           0 kB
1776796664.094016425 Mlocked:               0 kB
1776796664.094016425 SwapTotal:             0 kB
1776796664.094016425 SwapFree:              0 kB
1776796664.094016425 Zswap:                 0 kB
1776796664.094016425 Zswapped:              0 kB
1776796664.094016425 Dirty:               128 kB
1776796664.094016425 Writeback:             0 kB
1776796664.094016425 AnonPages:         87364 kB
1776796664.094016425 Mapped:            88500 kB
1776796664.094016425 Shmem:              3456 kB
1776796664.094016425 KReclaimable:      28556 kB
1776796664.094016425 Slab:             117044 kB
1776796664.094016425 SReclaimable:      28556 kB
1776796664.094016425 SUnreclaim:        88488 kB
1776796664.094016425 KernelStack:        2992 kB
1776796664.094016425 PageTables:         3320 kB
1776796664.094016425 SecPageTables:         0 kB
1776796664.094016425 NFS_Unstable:          0 kB
1776796664.094016425 Bounce:                0 kB
1776796664.094016425 WritebackTmp:          0 kB
1776796664.094016425 CommitLimit:     3537964 kB
1776796664.094016425 Committed_AS:     400388 kB
1776796664.094016425 VmallocTotal:   135288315904 kB
1776796664.094016425 VmallocUsed:       18852 kB
1776796664.094016425 VmallocChunk:          0 kB
1776796664.094016425 Percpu:             1504 kB
1776796664.094016425 AnonHugePages:         0 kB
1776796664.094016425 ShmemHugePages:        0 kB
1776796664.094016425 ShmemPmdMapped:        0 kB
1776796664.094016425 FileHugePages:         0 kB
1776796664.094016425 FilePmdMapped:         0 kB
1776796664.094016425 CmaTotal:          65536 kB
1776796664.094016425 CmaFree:           49104 kB
1776796664.094016425 Balloon:               0 kB
1776796664.094016425 HugePages_Total:     512
1776796664.094016425 HugePages_Free:      512
1776796664.094016425 HugePages_Rsvd:        0
1776796664.094016425 HugePages_Surp:        0
1776796664.094016425 Hugepagesize:       2048 kB
1776796664.094016425 Hugetlb:         1048576 kB
1776796665.106635840 MemTotal:        8124504 kB
1776796665.106635840 MemFree:         6458276 kB
1776796665.106635840 MemAvailable:    6661928 kB
1776796665.106635840 Buffers:           28520 kB
1776796665.106635840 Cached:           303992 kB
1776796665.106635840 SwapCached:            0 kB
1776796665.106635840 Active:           336384 kB
1776796665.106635840 Inactive:          83320 kB
1776796665.106635840 Active(anon):      90572 kB
1776796665.106635840 Inactive(anon):        0 kB
1776796665.106635840 Active(file):     245812 kB
1776796665.106635840 Inactive(file):    83320 kB
1776796665.106635840 Unevictable:           0 kB
1776796665.106635840 Mlocked:               0 kB
1776796665.106635840 SwapTotal:             0 kB
1776796665.106635840 SwapFree:              0 kB
1776796665.106635840 Zswap:                 0 kB
1776796665.106635840 Zswapped:              0 kB
1776796665.106635840 Dirty:               128 kB
1776796665.106635840 Writeback:             0 kB
1776796665.106635840 AnonPages:         87284 kB
1776796665.106635840 Mapped:            88460 kB
1776796665.106635840 Shmem:              3456 kB
1776796665.106635840 KReclaimable:      28556 kB
1776796665.106635840 Slab:             117056 kB
1776796665.106635840 SReclaimable:      28556 kB
1776796665.106635840 SUnreclaim:        88500 kB
1776796665.106635840 KernelStack:        2992 kB
1776796665.106635840 PageTables:         3252 kB
1776796665.106635840 SecPageTables:         0 kB
1776796665.106635840 NFS_Unstable:          0 kB
1776796665.106635840 Bounce:                0 kB
1776796665.106635840 WritebackTmp:          0 kB
1776796665.106635840 CommitLimit:     3537964 kB
1776796665.106635840 Committed_AS:     400388 kB
1776796665.106635840 VmallocTotal:   135288315904 kB
1776796665.106635840 VmallocUsed:       18868 kB
1776796665.106635840 VmallocChunk:          0 kB
1776796665.106635840 Percpu:             1504 kB
1776796665.106635840 AnonHugePages:         0 kB
1776796665.106635840 ShmemHugePages:        0 kB
1776796665.106635840 ShmemPmdMapped:        0 kB
1776796665.106635840 FileHugePages:         0 kB
1776796665.106635840 FilePmdMapped:         0 kB
1776796665.106635840 CmaTotal:          65536 kB
1776796665.106635840 CmaFree:           49104 kB
1776796665.106635840 Balloon:               0 kB
1776796665.106635840 HugePages_Total:     512
1776796665.106635840 HugePages_Free:      512
1776796665.106635840 HugePages_Rsvd:        0
1776796665.106635840 HugePages_Surp:        0
1776796665.106635840 Hugepagesize:       2048 kB
1776796665.106635840 Hugetlb:         1048576 kB
1776796666.120767614 MemTotal:        8124504 kB
1776796666.120767614 MemFree:         6458256 kB
1776796666.120767614 MemAvailable:    6661916 kB
1776796666.120767614 Buffers:           28520 kB
1776796666.120767614 Cached:           304000 kB
1776796666.120767614 SwapCached:            0 kB
1776796666.120767614 Active:           336380 kB
1776796666.120767614 Inactive:          83328 kB
1776796666.120767614 Active(anon):      90568 kB
1776796666.120767614 Inactive(anon):        0 kB
1776796666.120767614 Active(file):     245812 kB
1776796666.120767614 Inactive(file):    83328 kB
1776796666.120767614 Unevictable:           0 kB
1776796666.120767614 Mlocked:               0 kB
1776796666.120767614 SwapTotal:             0 kB
1776796666.120767614 SwapFree:              0 kB
1776796666.120767614 Zswap:                 0 kB
1776796666.120767614 Zswapped:              0 kB
1776796666.120767614 Dirty:               136 kB
1776796666.120767614 Writeback:             0 kB
1776796666.120767614 AnonPages:         87280 kB
1776796666.120767614 Mapped:            88460 kB
1776796666.120767614 Shmem:              3456 kB
1776796666.120767614 KReclaimable:      28556 kB
1776796666.120767614 Slab:             117036 kB
1776796666.120767614 SReclaimable:      28556 kB
1776796666.120767614 SUnreclaim:        88480 kB
1776796666.120767614 KernelStack:        2992 kB
1776796666.120767614 PageTables:         3252 kB
1776796666.120767614 SecPageTables:         0 kB
1776796666.120767614 NFS_Unstable:          0 kB
1776796666.120767614 Bounce:                0 kB
1776796666.120767614 WritebackTmp:          0 kB
1776796666.120767614 CommitLimit:     3537964 kB
1776796666.120767614 Committed_AS:     400388 kB
1776796666.120767614 VmallocTotal:   135288315904 kB
1776796666.120767614 VmallocUsed:       18852 kB
1776796666.120767614 VmallocChunk:          0 kB
1776796666.120767614 Percpu:             1504 kB
1776796666.120767614 AnonHugePages:         0 kB
1776796666.120767614 ShmemHugePages:        0 kB
1776796666.120767614 ShmemPmdMapped:        0 kB
1776796666.120767614 FileHugePages:         0 kB
1776796666.120767614 FilePmdMapped:         0 kB
1776796666.120767614 CmaTotal:          65536 kB
1776796666.120767614 CmaFree:           49104 kB
1776796666.120767614 Balloon:               0 kB
1776796666.120767614 HugePages_Total:     512
1776796666.120767614 HugePages_Free:      512
1776796666.120767614 HugePages_Rsvd:        0
1776796666.120767614 HugePages_Surp:        0
1776796666.120767614 Hugepagesize:       2048 kB
1776796666.120767614 Hugetlb:         1048576 kB
1776796667.135174740 MemTotal:        8124504 kB
1776796667.135174740 MemFree:         6458528 kB
1776796667.135174740 MemAvailable:    6662216 kB
1776796667.135174740 Buffers:           28528 kB
1776796667.135174740 Cached:           304012 kB
1776796667.135174740 SwapCached:            0 kB
1776796667.135174740 Active:           336460 kB
1776796667.135174740 Inactive:          83348 kB
1776796667.135174740 Active(anon):      90640 kB
1776796667.135174740 Inactive(anon):        0 kB
1776796667.135174740 Active(file):     245820 kB
1776796667.135174740 Inactive(file):    83348 kB
1776796667.135174740 Unevictable:           0 kB
1776796667.135174740 Mlocked:               0 kB
1776796667.135174740 SwapTotal:             0 kB
1776796667.135174740 SwapFree:              0 kB
1776796667.135174740 Zswap:                 0 kB
1776796667.135174740 Zswapped:              0 kB
1776796667.135174740 Dirty:               148 kB
1776796667.135174740 Writeback:             0 kB
1776796667.135174740 AnonPages:         87368 kB
1776796667.135174740 Mapped:            88500 kB
1776796667.135174740 Shmem:              3456 kB
1776796667.135174740 KReclaimable:      28556 kB
1776796667.135174740 Slab:             117048 kB
1776796667.135174740 SReclaimable:      28556 kB
1776796667.135174740 SUnreclaim:        88492 kB
1776796667.135174740 KernelStack:        3008 kB
1776796667.135174740 PageTables:         3328 kB
1776796667.135174740 SecPageTables:         0 kB
1776796667.135174740 NFS_Unstable:          0 kB
1776796667.135174740 Bounce:                0 kB
1776796667.135174740 WritebackTmp:          0 kB
1776796667.135174740 CommitLimit:     3537964 kB
1776796667.135174740 Committed_AS:     400388 kB
1776796667.135174740 VmallocTotal:   135288315904 kB
1776796667.135174740 VmallocUsed:       18868 kB
1776796667.135174740 VmallocChunk:          0 kB
1776796667.135174740 Percpu:             1504 kB
1776796667.135174740 AnonHugePages:         0 kB
1776796667.135174740 ShmemHugePages:        0 kB
1776796667.135174740 ShmemPmdMapped:        0 kB
1776796667.135174740 FileHugePages:         0 kB
1776796667.135174740 FilePmdMapped:         0 kB
1776796667.135174740 CmaTotal:          65536 kB
1776796667.135174740 CmaFree:           49104 kB
1776796667.135174740 Balloon:               0 kB
1776796667.135174740 HugePages_Total:     512
1776796667.135174740 HugePages_Free:      512
1776796667.135174740 HugePages_Rsvd:        0
1776796667.135174740 HugePages_Surp:        0
1776796667.135174740 Hugepagesize:       2048 kB
1776796667.135174740 Hugetlb:         1048576 kB
1776796668.145012811 MemTotal:        8124504 kB
1776796668.145012811 MemFree:         6457736 kB
1776796668.145012811 MemAvailable:    6661420 kB
1776796668.145012811 Buffers:           28528 kB
1776796668.145012811 Cached:           304012 kB
1776796668.145012811 SwapCached:            0 kB
1776796668.145012811 Active:           336320 kB
1776796668.145012811 Inactive:          83348 kB
1776796668.145012811 Active(anon):      90504 kB
1776796668.145012811 Inactive(anon):        0 kB
1776796668.145012811 Active(file):     245816 kB
1776796668.145012811 Inactive(file):    83348 kB
1776796668.145012811 Unevictable:           0 kB
1776796668.145012811 Mlocked:               0 kB
1776796668.145012811 SwapTotal:             0 kB
1776796668.145012811 SwapFree:              0 kB
1776796668.145012811 Zswap:                 0 kB
1776796668.145012811 Zswapped:              0 kB
1776796668.145012811 Dirty:               148 kB
1776796668.145012811 Writeback:             0 kB
1776796668.145012811 AnonPages:         87220 kB
1776796668.145012811 Mapped:            88460 kB
1776796668.145012811 Shmem:              3456 kB
1776796668.145012811 KReclaimable:      28556 kB
1776796668.145012811 Slab:             117068 kB
1776796668.145012811 SReclaimable:      28556 kB
1776796668.145012811 SUnreclaim:        88512 kB
1776796668.145012811 KernelStack:        3008 kB
1776796668.145012811 PageTables:         3320 kB
1776796668.145012811 SecPageTables:         0 kB
1776796668.145012811 NFS_Unstable:          0 kB
1776796668.145012811 Bounce:                0 kB
1776796668.145012811 WritebackTmp:          0 kB
1776796668.145012811 CommitLimit:     3537964 kB
1776796668.145012811 Committed_AS:     400388 kB
1776796668.145012811 VmallocTotal:   135288315904 kB
1776796668.145012811 VmallocUsed:       18900 kB
1776796668.145012811 VmallocChunk:          0 kB
1776796668.145012811 Percpu:             1504 kB
1776796668.145012811 AnonHugePages:         0 kB
1776796668.145012811 ShmemHugePages:        0 kB
1776796668.145012811 ShmemPmdMapped:        0 kB
1776796668.145012811 FileHugePages:         0 kB
1776796668.145012811 FilePmdMapped:         0 kB
1776796668.145012811 CmaTotal:          65536 kB
1776796668.145012811 CmaFree:           49104 kB
1776796668.145012811 Balloon:               0 kB
1776796668.145012811 HugePages_Total:     512
1776796668.145012811 HugePages_Free:      512
1776796668.145012811 HugePages_Rsvd:        0
1776796668.145012811 HugePages_Surp:        0
1776796668.145012811 Hugepagesize:       2048 kB
1776796668.145012811 Hugetlb:         1048576 kB
1776796669.152657095 MemTotal:        8124504 kB
1776796669.152657095 MemFree:         6458140 kB
1776796669.152657095 MemAvailable:    6661828 kB
1776796669.152657095 Buffers:           28528 kB
1776796669.152657095 Cached:           304016 kB
1776796669.152657095 SwapCached:            0 kB
1776796669.152657095 Active:           336436 kB
1776796669.152657095 Inactive:          83352 kB
1776796669.152657095 Active(anon):      90620 kB
1776796669.152657095 Inactive(anon):        0 kB
1776796669.152657095 Active(file):     245816 kB
1776796669.152657095 Inactive(file):    83352 kB
1776796669.152657095 Unevictable:           0 kB
1776796669.152657095 Mlocked:               0 kB
1776796669.152657095 SwapTotal:             0 kB
1776796669.152657095 SwapFree:              0 kB
1776796669.152657095 Zswap:                 0 kB
1776796669.152657095 Zswapped:              0 kB
1776796669.152657095 Dirty:               152 kB
1776796669.152657095 Writeback:             0 kB
1776796669.152657095 AnonPages:         87364 kB
1776796669.152657095 Mapped:            88500 kB
1776796669.152657095 Shmem:              3456 kB
1776796669.152657095 KReclaimable:      28556 kB
1776796669.152657095 Slab:             117072 kB
1776796669.152657095 SReclaimable:      28556 kB
1776796669.152657095 SUnreclaim:        88516 kB
1776796669.152657095 KernelStack:        3008 kB
1776796669.152657095 PageTables:         3320 kB
1776796669.152657095 SecPageTables:         0 kB
1776796669.152657095 NFS_Unstable:          0 kB
1776796669.152657095 Bounce:                0 kB
1776796669.152657095 WritebackTmp:          0 kB
1776796669.152657095 CommitLimit:     3537964 kB
1776796669.152657095 Committed_AS:     400388 kB
1776796669.152657095 VmallocTotal:   135288315904 kB
1776796669.152657095 VmallocUsed:       18868 kB
1776796669.152657095 VmallocChunk:          0 kB
1776796669.152657095 Percpu:             1504 kB
1776796669.152657095 AnonHugePages:         0 kB
1776796669.152657095 ShmemHugePages:        0 kB
1776796669.152657095 ShmemPmdMapped:        0 kB
1776796669.152657095 FileHugePages:         0 kB
1776796669.152657095 FilePmdMapped:         0 kB
1776796669.152657095 CmaTotal:          65536 kB
1776796669.152657095 CmaFree:           49104 kB
1776796669.152657095 Balloon:               0 kB
1776796669.152657095 HugePages_Total:     512
1776796669.152657095 HugePages_Free:      512
1776796669.152657095 HugePages_Rsvd:        0
1776796669.152657095 HugePages_Surp:        0
1776796669.152657095 Hugepagesize:       2048 kB
1776796669.152657095 Hugetlb:         1048576 kB
1776796670.164467970 MemTotal:        8124504 kB
1776796670.164467970 MemFree:         6457940 kB
1776796670.164467970 MemAvailable:    6661636 kB
1776796670.164467970 Buffers:           28528 kB
1776796670.164467970 Cached:           304020 kB
1776796670.164467970 SwapCached:            0 kB
1776796670.164467970 Active:           336556 kB
1776796670.164467970 Inactive:          83356 kB
1776796670.164467970 Active(anon):      90736 kB
1776796670.164467970 Inactive(anon):        0 kB
1776796670.164467970 Active(file):     245820 kB
1776796670.164467970 Inactive(file):    83356 kB
1776796670.164467970 Unevictable:           0 kB
1776796670.164467970 Mlocked:               0 kB
1776796670.164467970 SwapTotal:             0 kB
1776796670.164467970 SwapFree:              0 kB
1776796670.164467970 Zswap:                 0 kB
1776796670.164467970 Zswapped:              0 kB
1776796670.164467970 Dirty:               156 kB
1776796670.164467970 Writeback:             0 kB
1776796670.164467970 AnonPages:         87408 kB
1776796670.164467970 Mapped:            88584 kB
1776796670.164467970 Shmem:              3456 kB
1776796670.164467970 KReclaimable:      28556 kB
1776796670.164467970 Slab:             117068 kB
1776796670.164467970 SReclaimable:      28556 kB
1776796670.164467970 SUnreclaim:        88512 kB
1776796670.164467970 KernelStack:        3008 kB
1776796670.164467970 PageTables:         3324 kB
1776796670.164467970 SecPageTables:         0 kB
1776796670.164467970 NFS_Unstable:          0 kB
1776796670.164467970 Bounce:                0 kB
1776796670.164467970 WritebackTmp:          0 kB
1776796670.164467970 CommitLimit:     3537964 kB
1776796670.164467970 Committed_AS:     400388 kB
1776796670.164467970 VmallocTotal:   135288315904 kB
1776796670.164467970 VmallocUsed:       18884 kB
1776796670.164467970 VmallocChunk:          0 kB
1776796670.164467970 Percpu:             1504 kB
1776796670.164467970 AnonHugePages:         0 kB
1776796670.164467970 ShmemHugePages:        0 kB
1776796670.164467970 ShmemPmdMapped:        0 kB
1776796670.164467970 FileHugePages:         0 kB
1776796670.164467970 FilePmdMapped:         0 kB
1776796670.164467970 CmaTotal:          65536 kB
1776796670.164467970 CmaFree:           49104 kB
1776796670.164467970 Balloon:               0 kB
1776796670.164467970 HugePages_Total:     512
1776796670.164467970 HugePages_Free:      512
1776796670.164467970 HugePages_Rsvd:        0
1776796670.164467970 HugePages_Surp:        0
1776796670.164467970 Hugepagesize:       2048 kB
1776796670.164467970 Hugetlb:         1048576 kB
1776796671.176718328 MemTotal:        8124504 kB
1776796671.176718328 MemFree:         6459272 kB
1776796671.176718328 MemAvailable:    6662964 kB
1776796671.176718328 Buffers:           28528 kB
1776796671.176718328 Cached:           304024 kB
1776796671.176718328 SwapCached:            0 kB
1776796671.176718328 Active:           336384 kB
1776796671.176718328 Inactive:          83360 kB
1776796671.176718328 Active(anon):      90572 kB
1776796671.176718328 Inactive(anon):        0 kB
1776796671.176718328 Active(file):     245812 kB
1776796671.176718328 Inactive(file):    83360 kB
1776796671.176718328 Unevictable:           0 kB
1776796671.176718328 Mlocked:               0 kB
1776796671.176718328 SwapTotal:             0 kB
1776796671.176718328 SwapFree:              0 kB
1776796671.176718328 Zswap:                 0 kB
1776796671.176718328 Zswapped:              0 kB
1776796671.176718328 Dirty:               160 kB
1776796671.176718328 Writeback:             0 kB
1776796671.176718328 AnonPages:         87384 kB
1776796671.176718328 Mapped:            88692 kB
1776796671.176718328 Shmem:              3456 kB
1776796671.176718328 KReclaimable:      28556 kB
1776796671.176718328 Slab:             117056 kB
1776796671.176718328 SReclaimable:      28556 kB
1776796671.176718328 SUnreclaim:        88500 kB
1776796671.176718328 KernelStack:        3016 kB
1776796671.176718328 PageTables:         3464 kB
1776796671.176718328 SecPageTables:         0 kB
1776796671.176718328 NFS_Unstable:          0 kB
1776796671.176718328 Bounce:                0 kB
1776796671.176718328 WritebackTmp:          0 kB
1776796671.176718328 CommitLimit:     3537964 kB
1776796671.176718328 Committed_AS:     400388 kB
1776796671.176718328 VmallocTotal:   135288315904 kB
1776796671.176718328 VmallocUsed:       18884 kB
1776796671.176718328 VmallocChunk:          0 kB
1776796671.176718328 Percpu:             1504 kB
1776796671.176718328 AnonHugePages:         0 kB
1776796671.176718328 ShmemHugePages:        0 kB
1776796671.176718328 ShmemPmdMapped:        0 kB
1776796671.176718328 FileHugePages:         0 kB
1776796671.176718328 FilePmdMapped:         0 kB
1776796671.176718328 CmaTotal:          65536 kB
1776796671.176718328 CmaFree:           49104 kB
1776796671.176718328 Balloon:               0 kB
1776796671.176718328 HugePages_Total:     512
1776796671.176718328 HugePages_Free:      512
1776796671.176718328 HugePages_Rsvd:        0
1776796671.176718328 HugePages_Surp:        0
1776796671.176718328 Hugepagesize:       2048 kB
1776796671.176718328 Hugetlb:         1048576 kB
1776796672.190309581 MemTotal:        8124504 kB
1776796672.190309581 MemFree:         6457640 kB
1776796672.190309581 MemAvailable:    6661348 kB
1776796672.190309581 Buffers:           28536 kB
1776796672.190309581 Cached:           304028 kB
1776796672.190309581 SwapCached:            0 kB
1776796672.190309581 Active:           336400 kB
1776796672.190309581 Inactive:          83372 kB
1776796672.190309581 Active(anon):      90584 kB
1776796672.190309581 Inactive(anon):        0 kB
1776796672.190309581 Active(file):     245816 kB
1776796672.190309581 Inactive(file):    83372 kB
1776796672.190309581 Unevictable:           0 kB
1776796672.190309581 Mlocked:               0 kB
1776796672.190309581 SwapTotal:             0 kB
1776796672.190309581 SwapFree:              0 kB
1776796672.190309581 Zswap:                 0 kB
1776796672.190309581 Zswapped:              0 kB
1776796672.190309581 Dirty:               144 kB
1776796672.190309581 Writeback:             0 kB
1776796672.190309581 AnonPages:         87252 kB
1776796672.190309581 Mapped:            88460 kB
1776796672.190309581 Shmem:              3456 kB
1776796672.190309581 KReclaimable:      28556 kB
1776796672.190309581 Slab:             117060 kB
1776796672.190309581 SReclaimable:      28556 kB
1776796672.190309581 SUnreclaim:        88504 kB
1776796672.190309581 KernelStack:        2984 kB
1776796672.190309581 PageTables:         3396 kB
1776796672.190309581 SecPageTables:         0 kB
1776796672.190309581 NFS_Unstable:          0 kB
1776796672.190309581 Bounce:                0 kB
1776796672.190309581 WritebackTmp:          0 kB
1776796672.190309581 CommitLimit:     3537964 kB
1776796672.190309581 Committed_AS:     400388 kB
1776796672.190309581 VmallocTotal:   135288315904 kB
1776796672.190309581 VmallocUsed:       18836 kB
1776796672.190309581 VmallocChunk:          0 kB
1776796672.190309581 Percpu:             1504 kB
1776796672.190309581 AnonHugePages:         0 kB
1776796672.190309581 ShmemHugePages:        0 kB
1776796672.190309581 ShmemPmdMapped:        0 kB
1776796672.190309581 FileHugePages:         0 kB
1776796672.190309581 FilePmdMapped:         0 kB
1776796672.190309581 CmaTotal:          65536 kB
1776796672.190309581 CmaFree:           49104 kB
1776796672.190309581 Balloon:               0 kB
1776796672.190309581 HugePages_Total:     512
1776796672.190309581 HugePages_Free:      512
1776796672.190309581 HugePages_Rsvd:        0
1776796672.190309581 HugePages_Surp:        0
1776796672.190309581 Hugepagesize:       2048 kB
1776796672.190309581 Hugetlb:         1048576 kB
1776796673.199361648 MemTotal:        8124504 kB
1776796673.199361648 MemFree:         6457932 kB
1776796673.199361648 MemAvailable:    6661644 kB
1776796673.199361648 Buffers:           28536 kB
1776796673.199361648 Cached:           304040 kB
1776796673.199361648 SwapCached:            0 kB
1776796673.199361648 Active:           336396 kB
1776796673.199361648 Inactive:          83376 kB
1776796673.199361648 Active(anon):      90580 kB
1776796673.199361648 Inactive(anon):        0 kB
1776796673.199361648 Active(file):     245816 kB
1776796673.199361648 Inactive(file):    83376 kB
1776796673.199361648 Unevictable:           0 kB
1776796673.199361648 Mlocked:               0 kB
1776796673.199361648 SwapTotal:             0 kB
1776796673.199361648 SwapFree:              0 kB
1776796673.199361648 Zswap:                 0 kB
1776796673.199361648 Zswapped:              0 kB
1776796673.199361648 Dirty:               156 kB
1776796673.199361648 Writeback:             0 kB
1776796673.199361648 AnonPages:         87356 kB
1776796673.199361648 Mapped:            88396 kB
1776796673.199361648 Shmem:              3456 kB
1776796673.199361648 KReclaimable:      28556 kB
1776796673.199361648 Slab:             117080 kB
1776796673.199361648 SReclaimable:      28556 kB
1776796673.199361648 SUnreclaim:        88524 kB
1776796673.199361648 KernelStack:        2976 kB
1776796673.199361648 PageTables:         3456 kB
1776796673.199361648 SecPageTables:         0 kB
1776796673.199361648 NFS_Unstable:          0 kB
1776796673.199361648 Bounce:                0 kB
1776796673.199361648 WritebackTmp:          0 kB
1776796673.199361648 CommitLimit:     3537964 kB
1776796673.199361648 Committed_AS:     400388 kB
1776796673.199361648 VmallocTotal:   135288315904 kB
1776796673.199361648 VmallocUsed:       18884 kB
1776796673.199361648 VmallocChunk:          0 kB
1776796673.199361648 Percpu:             1504 kB
1776796673.199361648 AnonHugePages:         0 kB
1776796673.199361648 ShmemHugePages:        0 kB
1776796673.199361648 ShmemPmdMapped:        0 kB
1776796673.199361648 FileHugePages:         0 kB
1776796673.199361648 FilePmdMapped:         0 kB
1776796673.199361648 CmaTotal:          65536 kB
1776796673.199361648 CmaFree:           49104 kB
1776796673.199361648 Balloon:               0 kB
1776796673.199361648 HugePages_Total:     512
1776796673.199361648 HugePages_Free:      512
1776796673.199361648 HugePages_Rsvd:        0
1776796673.199361648 HugePages_Surp:        0
1776796673.199361648 Hugepagesize:       2048 kB
1776796673.199361648 Hugetlb:         1048576 kB
1776796674.211616877 MemTotal:        8124504 kB
1776796674.211616877 MemFree:         6458060 kB
1776796674.211616877 MemAvailable:    6661780 kB
1776796674.211616877 Buffers:           28536 kB
1776796674.211616877 Cached:           304040 kB
1776796674.211616877 SwapCached:            0 kB
1776796674.211616877 Active:           336464 kB
1776796674.211616877 Inactive:          83384 kB
1776796674.211616877 Active(anon):      90648 kB
1776796674.211616877 Inactive(anon):        0 kB
1776796674.211616877 Active(file):     245816 kB
1776796674.211616877 Inactive(file):    83384 kB
1776796674.211616877 Unevictable:           0 kB
1776796674.211616877 Mlocked:               0 kB
1776796674.211616877 SwapTotal:             0 kB
1776796674.211616877 SwapFree:              0 kB
1776796674.211616877 Zswap:                 0 kB
1776796674.211616877 Zswapped:              0 kB
1776796674.211616877 Dirty:               156 kB
1776796674.211616877 Writeback:             0 kB
1776796674.211616877 AnonPages:         87420 kB
1776796674.211616877 Mapped:            88568 kB
1776796674.211616877 Shmem:              3456 kB
1776796674.211616877 KReclaimable:      28556 kB
1776796674.211616877 Slab:             117088 kB
1776796674.211616877 SReclaimable:      28556 kB
1776796674.211616877 SUnreclaim:        88532 kB
1776796674.211616877 KernelStack:        3000 kB
1776796674.211616877 PageTables:         3444 kB
1776796674.211616877 SecPageTables:         0 kB
1776796674.211616877 NFS_Unstable:          0 kB
1776796674.211616877 Bounce:                0 kB
1776796674.211616877 WritebackTmp:          0 kB
1776796674.211616877 CommitLimit:     3537964 kB
1776796674.211616877 Committed_AS:     400388 kB
1776796674.211616877 VmallocTotal:   135288315904 kB
1776796674.211616877 VmallocUsed:       18868 kB
1776796674.211616877 VmallocChunk:          0 kB
1776796674.211616877 Percpu:             1504 kB
1776796674.211616877 AnonHugePages:         0 kB
1776796674.211616877 ShmemHugePages:        0 kB
1776796674.211616877 ShmemPmdMapped:        0 kB
1776796674.211616877 FileHugePages:         0 kB
1776796674.211616877 FilePmdMapped:         0 kB
1776796674.211616877 CmaTotal:          65536 kB
1776796674.211616877 CmaFree:           49104 kB
1776796674.211616877 Balloon:               0 kB
1776796674.211616877 HugePages_Total:     512
1776796674.211616877 HugePages_Free:      512
1776796674.211616877 HugePages_Rsvd:        0
1776796674.211616877 HugePages_Surp:        0
1776796674.211616877 Hugepagesize:       2048 kB
1776796674.211616877 Hugetlb:         1048576 kB
1776796675.223784605 MemTotal:        8124504 kB
1776796675.223784605 MemFree:         6459104 kB
1776796675.223784605 MemAvailable:    6662836 kB
1776796675.223784605 Buffers:           28536 kB
1776796675.223784605 Cached:           304048 kB
1776796675.223784605 SwapCached:            0 kB
1776796675.223784605 Active:           336508 kB
1776796675.223784605 Inactive:          83392 kB
1776796675.223784605 Active(anon):      90688 kB
1776796675.223784605 Inactive(anon):        0 kB
1776796675.223784605 Active(file):     245820 kB
1776796675.223784605 Inactive(file):    83392 kB
1776796675.223784605 Unevictable:           0 kB
1776796675.223784605 Mlocked:               0 kB
1776796675.223784605 SwapTotal:             0 kB
1776796675.223784605 SwapFree:              0 kB
1776796675.223784605 Zswap:                 0 kB
1776796675.223784605 Zswapped:              0 kB
1776796675.223784605 Dirty:               164 kB
1776796675.223784605 Writeback:             0 kB
1776796675.223784605 AnonPages:         87412 kB
1776796675.223784605 Mapped:            88500 kB
1776796675.223784605 Shmem:              3456 kB
1776796675.223784605 KReclaimable:      28556 kB
1776796675.223784605 Slab:             117044 kB
1776796675.223784605 SReclaimable:      28556 kB
1776796675.223784605 SUnreclaim:        88488 kB
1776796675.223784605 KernelStack:        3016 kB
1776796675.223784605 PageTables:         3352 kB
1776796675.223784605 SecPageTables:         0 kB
1776796675.223784605 NFS_Unstable:          0 kB
1776796675.223784605 Bounce:                0 kB
1776796675.223784605 WritebackTmp:          0 kB
1776796675.223784605 CommitLimit:     3537964 kB
1776796675.223784605 Committed_AS:     400388 kB
1776796675.223784605 VmallocTotal:   135288315904 kB
1776796675.223784605 VmallocUsed:       18868 kB
1776796675.223784605 VmallocChunk:          0 kB
1776796675.223784605 Percpu:             1504 kB
1776796675.223784605 AnonHugePages:         0 kB
1776796675.223784605 ShmemHugePages:        0 kB
1776796675.223784605 ShmemPmdMapped:        0 kB
1776796675.223784605 FileHugePages:         0 kB
1776796675.223784605 FilePmdMapped:         0 kB
1776796675.223784605 CmaTotal:          65536 kB
1776796675.223784605 CmaFree:           49104 kB
1776796675.223784605 Balloon:               0 kB
1776796675.223784605 HugePages_Total:     512
1776796675.223784605 HugePages_Free:      512
1776796675.223784605 HugePages_Rsvd:        0
1776796675.223784605 HugePages_Surp:        0
1776796675.223784605 Hugepagesize:       2048 kB
1776796675.223784605 Hugetlb:         1048576 kB
1776796676.236211409 MemTotal:        8124504 kB
1776796676.236211409 MemFree:         6458844 kB
1776796676.236211409 MemAvailable:    6662572 kB
1776796676.236211409 Buffers:           28536 kB
1776796676.236211409 Cached:           304048 kB
1776796676.236211409 SwapCached:            0 kB
1776796676.236211409 Active:           336460 kB
1776796676.236211409 Inactive:          83392 kB
1776796676.236211409 Active(anon):      90644 kB
1776796676.236211409 Inactive(anon):        0 kB
1776796676.236211409 Active(file):     245816 kB
1776796676.236211409 Inactive(file):    83392 kB
1776796676.236211409 Unevictable:           0 kB
1776796676.236211409 Mlocked:               0 kB
1776796676.236211409 SwapTotal:             0 kB
1776796676.236211409 SwapFree:              0 kB
1776796676.236211409 Zswap:                 0 kB
1776796676.236211409 Zswapped:              0 kB
1776796676.236211409 Dirty:               164 kB
1776796676.236211409 Writeback:             0 kB
1776796676.236211409 AnonPages:         87340 kB
1776796676.236211409 Mapped:            88692 kB
1776796676.236211409 Shmem:              3456 kB
1776796676.236211409 KReclaimable:      28556 kB
1776796676.236211409 Slab:             117088 kB
1776796676.236211409 SReclaimable:      28556 kB
1776796676.236211409 SUnreclaim:        88532 kB
1776796676.236211409 KernelStack:        2992 kB
1776796676.236211409 PageTables:         3484 kB
1776796676.236211409 SecPageTables:         0 kB
1776796676.236211409 NFS_Unstable:          0 kB
1776796676.236211409 Bounce:                0 kB
1776796676.236211409 WritebackTmp:          0 kB
1776796676.236211409 CommitLimit:     3537964 kB
1776796676.236211409 Committed_AS:     400388 kB
1776796676.236211409 VmallocTotal:   135288315904 kB
1776796676.236211409 VmallocUsed:       18884 kB
1776796676.236211409 VmallocChunk:          0 kB
1776796676.236211409 Percpu:             1504 kB
1776796676.236211409 AnonHugePages:         0 kB
1776796676.236211409 ShmemHugePages:        0 kB
1776796676.236211409 ShmemPmdMapped:        0 kB
1776796676.236211409 FileHugePages:         0 kB
1776796676.236211409 FilePmdMapped:         0 kB
1776796676.236211409 CmaTotal:          65536 kB
1776796676.236211409 CmaFree:           49104 kB
1776796676.236211409 Balloon:               0 kB
1776796676.236211409 HugePages_Total:     512
1776796676.236211409 HugePages_Free:      512
1776796676.236211409 HugePages_Rsvd:        0
1776796676.236211409 HugePages_Surp:        0
1776796676.236211409 Hugepagesize:       2048 kB
1776796676.236211409 Hugetlb:         1048576 kB
1776796677.243937452 MemTotal:        8124504 kB
1776796677.243937452 MemFree:         6458444 kB
1776796677.243937452 MemAvailable:    6662184 kB
1776796677.243937452 Buffers:           28544 kB
1776796677.243937452 Cached:           304052 kB
1776796677.243937452 SwapCached:            0 kB
1776796677.243937452 Active:           336324 kB
1776796677.243937452 Inactive:          83404 kB
1776796677.243937452 Active(anon):      90508 kB
1776796677.243937452 Inactive(anon):        0 kB
1776796677.243937452 Active(file):     245816 kB
1776796677.243937452 Inactive(file):    83404 kB
1776796677.243937452 Unevictable:           0 kB
1776796677.243937452 Mlocked:               0 kB
1776796677.243937452 SwapTotal:             0 kB
1776796677.243937452 SwapFree:              0 kB
1776796677.243937452 Zswap:                 0 kB
1776796677.243937452 Zswapped:              0 kB
1776796677.243937452 Dirty:               172 kB
1776796677.243937452 Writeback:             0 kB
1776796677.243937452 AnonPages:         87460 kB
1776796677.243937452 Mapped:            88652 kB
1776796677.243937452 Shmem:              3456 kB
1776796677.243937452 KReclaimable:      28556 kB
1776796677.243937452 Slab:             117072 kB
1776796677.243937452 SReclaimable:      28556 kB
1776796677.243937452 SUnreclaim:        88516 kB
1776796677.243937452 KernelStack:        3024 kB
1776796677.243937452 PageTables:         3580 kB
1776796677.243937452 SecPageTables:         0 kB
1776796677.243937452 NFS_Unstable:          0 kB
1776796677.243937452 Bounce:                0 kB
1776796677.243937452 WritebackTmp:          0 kB
1776796677.243937452 CommitLimit:     3537964 kB
1776796677.243937452 Committed_AS:     400388 kB
1776796677.243937452 VmallocTotal:   135288315904 kB
1776796677.243937452 VmallocUsed:       18868 kB
1776796677.243937452 VmallocChunk:          0 kB
1776796677.243937452 Percpu:             1504 kB
1776796677.243937452 AnonHugePages:         0 kB
1776796677.243937452 ShmemHugePages:        0 kB
1776796677.243937452 ShmemPmdMapped:        0 kB
1776796677.243937452 FileHugePages:         0 kB
1776796677.243937452 FilePmdMapped:         0 kB
1776796677.243937452 CmaTotal:          65536 kB
1776796677.243937452 CmaFree:           49104 kB
1776796677.243937452 Balloon:               0 kB
1776796677.243937452 HugePages_Total:     512
1776796677.243937452 HugePages_Free:      512
1776796677.243937452 HugePages_Rsvd:        0
1776796677.243937452 HugePages_Surp:        0
1776796677.243937452 Hugepagesize:       2048 kB
1776796677.243937452 Hugetlb:         1048576 kB
1776796678.255960347 MemTotal:        8124504 kB
1776796678.255960347 MemFree:         6458304 kB
1776796678.255960347 MemAvailable:    6662044 kB
1776796678.255960347 Buffers:           28544 kB
1776796678.255960347 Cached:           304060 kB
1776796678.255960347 SwapCached:            0 kB
1776796678.255960347 Active:           336576 kB
1776796678.255960347 Inactive:          83408 kB
1776796678.255960347 Active(anon):      90764 kB
1776796678.255960347 Inactive(anon):        0 kB
1776796678.255960347 Active(file):     245812 kB
1776796678.255960347 Inactive(file):    83408 kB
1776796678.255960347 Unevictable:           0 kB
1776796678.255960347 Mlocked:               0 kB
1776796678.255960347 SwapTotal:             0 kB
1776796678.255960347 SwapFree:              0 kB
1776796678.255960347 Zswap:                 0 kB
1776796678.255960347 Zswapped:              0 kB
1776796678.255960347 Dirty:                 8 kB
1776796678.255960347 Writeback:             0 kB
1776796678.255960347 AnonPages:         87232 kB
1776796678.255960347 Mapped:            88692 kB
1776796678.255960347 Shmem:              3456 kB
1776796678.255960347 KReclaimable:      28556 kB
1776796678.255960347 Slab:             117056 kB
1776796678.255960347 SReclaimable:      28556 kB
1776796678.255960347 SUnreclaim:        88500 kB
1776796678.255960347 KernelStack:        3000 kB
1776796678.255960347 PageTables:         3532 kB
1776796678.255960347 SecPageTables:         0 kB
1776796678.255960347 NFS_Unstable:          0 kB
1776796678.255960347 Bounce:                0 kB
1776796678.255960347 WritebackTmp:          0 kB
1776796678.255960347 CommitLimit:     3537964 kB
1776796678.255960347 Committed_AS:     400388 kB
1776796678.255960347 VmallocTotal:   135288315904 kB
1776796678.255960347 VmallocUsed:       18884 kB
1776796678.255960347 VmallocChunk:          0 kB
1776796678.255960347 Percpu:             1504 kB
1776796678.255960347 AnonHugePages:         0 kB
1776796678.255960347 ShmemHugePages:        0 kB
1776796678.255960347 ShmemPmdMapped:        0 kB
1776796678.255960347 FileHugePages:         0 kB
1776796678.255960347 FilePmdMapped:         0 kB
1776796678.255960347 CmaTotal:          65536 kB
1776796678.255960347 CmaFree:           49104 kB
1776796678.255960347 Balloon:               0 kB
1776796678.255960347 HugePages_Total:     512
1776796678.255960347 HugePages_Free:      512
1776796678.255960347 HugePages_Rsvd:        0
1776796678.255960347 HugePages_Surp:        0
1776796678.255960347 Hugepagesize:       2048 kB
1776796678.255960347 Hugetlb:         1048576 kB
1776796679.266077604 MemTotal:        8124504 kB
1776796679.266077604 MemFree:         6459044 kB
1776796679.266077604 MemAvailable:    6662792 kB
1776796679.266077604 Buffers:           28544 kB
1776796679.266077604 Cached:           304064 kB
1776796679.266077604 SwapCached:            0 kB
1776796679.266077604 Active:           335944 kB
1776796679.266077604 Inactive:          83412 kB
1776796679.266077604 Active(anon):      90720 kB
1776796679.266077604 Inactive(anon):        0 kB
1776796679.266077604 Active(file):     245816 kB
1776796679.266077604 Inactive(file):    83412 kB
1776796679.266077604 Unevictable:           0 kB
1776796679.266077604 Mlocked:               0 kB
1776796679.266077604 SwapTotal:             0 kB
1776796679.266077604 SwapFree:              0 kB
1776796679.266077604 Zswap:                 0 kB
1776796679.266077604 Zswapped:              0 kB
1776796679.266077604 Dirty:                32 kB
1776796679.266077604 Writeback:             0 kB
1776796679.266077604 AnonPages:         86780 kB
1776796679.266077604 Mapped:            88468 kB
1776796679.266077604 Shmem:              3456 kB
1776796679.266077604 KReclaimable:      28556 kB
1776796679.266077604 Slab:             117076 kB
1776796679.266077604 SReclaimable:      28556 kB
1776796679.266077604 SUnreclaim:        88520 kB
1776796679.266077604 KernelStack:        3040 kB
1776796679.266077604 PageTables:         3680 kB
1776796679.266077604 SecPageTables:         0 kB
1776796679.266077604 NFS_Unstable:          0 kB
1776796679.266077604 Bounce:                0 kB
1776796679.266077604 WritebackTmp:          0 kB
1776796679.266077604 CommitLimit:     3537964 kB
1776796679.266077604 Committed_AS:     401404 kB
1776796679.266077604 VmallocTotal:   135288315904 kB
1776796679.266077604 VmallocUsed:       18900 kB
1776796679.266077604 VmallocChunk:          0 kB
1776796679.266077604 Percpu:             1504 kB
1776796679.266077604 AnonHugePages:         0 kB
1776796679.266077604 ShmemHugePages:        0 kB
1776796679.266077604 ShmemPmdMapped:        0 kB
1776796679.266077604 FileHugePages:         0 kB
1776796679.266077604 FilePmdMapped:         0 kB
1776796679.266077604 CmaTotal:          65536 kB
1776796679.266077604 CmaFree:           49104 kB
1776796679.266077604 Balloon:               0 kB
1776796679.266077604 HugePages_Total:     512
1776796679.266077604 HugePages_Free:      512
1776796679.266077604 HugePages_Rsvd:        0
1776796679.266077604 HugePages_Surp:        0
1776796679.266077604 Hugepagesize:       2048 kB
1776796679.266077604 Hugetlb:         1048576 kB
