# timestamp field value_kB
1777804303.053198377 MemTotal:        8124504 kB
1777804303.053198377 MemFree:         6311600 kB
1777804303.053198377 MemAvailable:    6632936 kB
1777804303.053198377 Buffers:           30388 kB
1777804303.053198377 Cached:           420744 kB
1777804303.053198377 SwapCached:            0 kB
1777804303.053198377 Active:           436040 kB
1777804303.053198377 Inactive:         110952 kB
1777804303.053198377 Active(anon):     101032 kB
1777804303.053198377 Inactive(anon):        0 kB
1777804303.053198377 Active(file):     335008 kB
1777804303.053198377 Inactive(file):   110952 kB
1777804303.053198377 Unevictable:           0 kB
1777804303.053198377 Mlocked:               0 kB
1777804303.053198377 SwapTotal:             0 kB
1777804303.053198377 SwapFree:              0 kB
1777804303.053198377 Zswap:                 0 kB
1777804303.053198377 Zswapped:              0 kB
1777804303.053198377 Dirty:                64 kB
1777804303.053198377 Writeback:             0 kB
1777804303.053198377 AnonPages:         95860 kB
1777804303.053198377 Mapped:           100408 kB
1777804303.053198377 Shmem:              5240 kB
1777804303.053198377 KReclaimable:      30272 kB
1777804303.053198377 Slab:             122200 kB
1777804303.053198377 SReclaimable:      30272 kB
1777804303.053198377 SUnreclaim:        91928 kB
1777804303.053198377 KernelStack:        3232 kB
1777804303.053198377 PageTables:         4704 kB
1777804303.053198377 SecPageTables:         0 kB
1777804303.053198377 NFS_Unstable:          0 kB
1777804303.053198377 Bounce:                0 kB
1777804303.053198377 WritebackTmp:          0 kB
1777804303.053198377 CommitLimit:     3537964 kB
1777804303.053198377 Committed_AS:     509756 kB
1777804303.053198377 VmallocTotal:   135288315904 kB
1777804303.053198377 VmallocUsed:       19588 kB
1777804303.053198377 VmallocChunk:          0 kB
1777804303.053198377 Percpu:             1504 kB
1777804303.053198377 AnonHugePages:         0 kB
1777804303.053198377 ShmemHugePages:        0 kB
1777804303.053198377 ShmemPmdMapped:        0 kB
1777804303.053198377 FileHugePages:         0 kB
1777804303.053198377 FilePmdMapped:         0 kB
1777804303.053198377 CmaTotal:          65536 kB
1777804303.053198377 CmaFree:           49104 kB
1777804303.053198377 Balloon:               0 kB
1777804303.053198377 HugePages_Total:     512
1777804303.053198377 HugePages_Free:      488
1777804303.053198377 HugePages_Rsvd:        0
1777804303.053198377 HugePages_Surp:        0
1777804303.053198377 Hugepagesize:       2048 kB
1777804303.053198377 Hugetlb:         1048576 kB
1777804304.063039425 MemTotal:        8124504 kB
1777804304.063039425 MemFree:         6312308 kB
1777804304.063039425 MemAvailable:    6633684 kB
1777804304.063039425 Buffers:           30388 kB
1777804304.063039425 Cached:           420768 kB
1777804304.063039425 SwapCached:            0 kB
1777804304.063039425 Active:           437300 kB
1777804304.063039425 Inactive:         110984 kB
1777804304.063039425 Active(anon):     102284 kB
1777804304.063039425 Inactive(anon):        0 kB
1777804304.063039425 Active(file):     335016 kB
1777804304.063039425 Inactive(file):   110984 kB
1777804304.063039425 Unevictable:           0 kB
1777804304.063039425 Mlocked:               0 kB
1777804304.063039425 SwapTotal:             0 kB
1777804304.063039425 SwapFree:              0 kB
1777804304.063039425 Zswap:                 0 kB
1777804304.063039425 Zswapped:              0 kB
1777804304.063039425 Dirty:                84 kB
1777804304.063039425 Writeback:             0 kB
1777804304.063039425 AnonPages:         97456 kB
1777804304.063039425 Mapped:           104124 kB
1777804304.063039425 Shmem:              5240 kB
1777804304.063039425 KReclaimable:      30272 kB
1777804304.063039425 Slab:             122356 kB
1777804304.063039425 SReclaimable:      30272 kB
1777804304.063039425 SUnreclaim:        92084 kB
1777804304.063039425 KernelStack:        3200 kB
1777804304.063039425 PageTables:         4252 kB
1777804304.063039425 SecPageTables:         0 kB
1777804304.063039425 NFS_Unstable:          0 kB
1777804304.063039425 Bounce:                0 kB
1777804304.063039425 WritebackTmp:          0 kB
1777804304.063039425 CommitLimit:     3537964 kB
1777804304.063039425 Committed_AS:     510468 kB
1777804304.063039425 VmallocTotal:   135288315904 kB
1777804304.063039425 VmallocUsed:       19604 kB
1777804304.063039425 VmallocChunk:          0 kB
1777804304.063039425 Percpu:             1504 kB
1777804304.063039425 AnonHugePages:         0 kB
1777804304.063039425 ShmemHugePages:        0 kB
1777804304.063039425 ShmemPmdMapped:        0 kB
1777804304.063039425 FileHugePages:         0 kB
1777804304.063039425 FilePmdMapped:         0 kB
1777804304.063039425 CmaTotal:          65536 kB
1777804304.063039425 CmaFree:           49104 kB
1777804304.063039425 Balloon:               0 kB
1777804304.063039425 HugePages_Total:     512
1777804304.063039425 HugePages_Free:      488
1777804304.063039425 HugePages_Rsvd:        0
1777804304.063039425 HugePages_Surp:        0
1777804304.063039425 Hugepagesize:       2048 kB
1777804304.063039425 Hugetlb:         1048576 kB
1777804305.069952881 MemTotal:        8124504 kB
1777804305.069952881 MemFree:         6314040 kB
1777804305.069952881 MemAvailable:    6635432 kB
1777804305.069952881 Buffers:           30388 kB
1777804305.069952881 Cached:           420772 kB
1777804305.069952881 SwapCached:            0 kB
1777804305.069952881 Active:           437552 kB
1777804305.069952881 Inactive:         110988 kB
1777804305.069952881 Active(anon):     102524 kB
1777804305.069952881 Inactive(anon):        0 kB
1777804305.069952881 Active(file):     335028 kB
1777804305.069952881 Inactive(file):   110988 kB
1777804305.069952881 Unevictable:           0 kB
1777804305.069952881 Mlocked:               0 kB
1777804305.069952881 SwapTotal:             0 kB
1777804305.069952881 SwapFree:              0 kB
1777804305.069952881 Zswap:                 0 kB
1777804305.069952881 Zswapped:              0 kB
1777804305.069952881 Dirty:                88 kB
1777804305.069952881 Writeback:             0 kB
1777804305.069952881 AnonPages:         97448 kB
1777804305.069952881 Mapped:           104164 kB
1777804305.069952881 Shmem:              5240 kB
1777804305.069952881 KReclaimable:      30272 kB
1777804305.069952881 Slab:             122380 kB
1777804305.069952881 SReclaimable:      30272 kB
1777804305.069952881 SUnreclaim:        92108 kB
1777804305.069952881 KernelStack:        3216 kB
1777804305.069952881 PageTables:         4316 kB
1777804305.069952881 SecPageTables:         0 kB
1777804305.069952881 NFS_Unstable:          0 kB
1777804305.069952881 Bounce:                0 kB
1777804305.069952881 WritebackTmp:          0 kB
1777804305.069952881 CommitLimit:     3537964 kB
1777804305.069952881 Committed_AS:     510468 kB
1777804305.069952881 VmallocTotal:   135288315904 kB
1777804305.069952881 VmallocUsed:       19620 kB
1777804305.069952881 VmallocChunk:          0 kB
1777804305.069952881 Percpu:             1504 kB
1777804305.069952881 AnonHugePages:         0 kB
1777804305.069952881 ShmemHugePages:        0 kB
1777804305.069952881 ShmemPmdMapped:        0 kB
1777804305.069952881 FileHugePages:         0 kB
1777804305.069952881 FilePmdMapped:         0 kB
1777804305.069952881 CmaTotal:          65536 kB
1777804305.069952881 CmaFree:           49104 kB
1777804305.069952881 Balloon:               0 kB
1777804305.069952881 HugePages_Total:     512
1777804305.069952881 HugePages_Free:      488
1777804305.069952881 HugePages_Rsvd:        0
1777804305.069952881 HugePages_Surp:        0
1777804305.069952881 Hugepagesize:       2048 kB
1777804305.069952881 Hugetlb:         1048576 kB
1777804306.076827986 MemTotal:        8124504 kB
1777804306.076827986 MemFree:         6315256 kB
1777804306.076827986 MemAvailable:    6636636 kB
1777804306.076827986 Buffers:           30388 kB
1777804306.076827986 Cached:           420776 kB
1777804306.076827986 SwapCached:            0 kB
1777804306.076827986 Active:           437332 kB
1777804306.076827986 Inactive:         110988 kB
1777804306.076827986 Active(anon):     102316 kB
1777804306.076827986 Inactive(anon):        0 kB
1777804306.076827986 Active(file):     335016 kB
1777804306.076827986 Inactive(file):   110988 kB
1777804306.076827986 Unevictable:           0 kB
1777804306.076827986 Mlocked:               0 kB
1777804306.076827986 SwapTotal:             0 kB
1777804306.076827986 SwapFree:              0 kB
1777804306.076827986 Zswap:                 0 kB
1777804306.076827986 Zswapped:              0 kB
1777804306.076827986 Dirty:                92 kB
1777804306.076827986 Writeback:             0 kB
1777804306.076827986 AnonPages:         97396 kB
1777804306.076827986 Mapped:           104124 kB
1777804306.076827986 Shmem:              5240 kB
1777804306.076827986 KReclaimable:      30272 kB
1777804306.076827986 Slab:             122340 kB
1777804306.076827986 SReclaimable:      30272 kB
1777804306.076827986 SUnreclaim:        92068 kB
1777804306.076827986 KernelStack:        3216 kB
1777804306.076827986 PageTables:         4228 kB
1777804306.076827986 SecPageTables:         0 kB
1777804306.076827986 NFS_Unstable:          0 kB
1777804306.076827986 Bounce:                0 kB
1777804306.076827986 WritebackTmp:          0 kB
1777804306.076827986 CommitLimit:     3537964 kB
1777804306.076827986 Committed_AS:     510468 kB
1777804306.076827986 VmallocTotal:   135288315904 kB
1777804306.076827986 VmallocUsed:       19604 kB
1777804306.076827986 VmallocChunk:          0 kB
1777804306.076827986 Percpu:             1504 kB
1777804306.076827986 AnonHugePages:         0 kB
1777804306.076827986 ShmemHugePages:        0 kB
1777804306.076827986 ShmemPmdMapped:        0 kB
1777804306.076827986 FileHugePages:         0 kB
1777804306.076827986 FilePmdMapped:         0 kB
1777804306.076827986 CmaTotal:          65536 kB
1777804306.076827986 CmaFree:           49104 kB
1777804306.076827986 Balloon:               0 kB
1777804306.076827986 HugePages_Total:     512
1777804306.076827986 HugePages_Free:      488
1777804306.076827986 HugePages_Rsvd:        0
1777804306.076827986 HugePages_Surp:        0
1777804306.076827986 Hugepagesize:       2048 kB
1777804306.076827986 Hugetlb:         1048576 kB
1777804307.083654237 MemTotal:        8124504 kB
1777804307.083654237 MemFree:         6317532 kB
1777804307.083654237 MemAvailable:    6638920 kB
1777804307.083654237 Buffers:           30388 kB
1777804307.083654237 Cached:           420780 kB
1777804307.083654237 SwapCached:            0 kB
1777804307.083654237 Active:           437308 kB
1777804307.083654237 Inactive:         110996 kB
1777804307.083654237 Active(anon):     102292 kB
1777804307.083654237 Inactive(anon):        0 kB
1777804307.083654237 Active(file):     335016 kB
1777804307.083654237 Inactive(file):   110996 kB
1777804307.083654237 Unevictable:           0 kB
1777804307.083654237 Mlocked:               0 kB
1777804307.083654237 SwapTotal:             0 kB
1777804307.083654237 SwapFree:              0 kB
1777804307.083654237 Zswap:                 0 kB
1777804307.083654237 Zswapped:              0 kB
1777804307.083654237 Dirty:                96 kB
1777804307.083654237 Writeback:             0 kB
1777804307.083654237 AnonPages:         97392 kB
1777804307.083654237 Mapped:           104124 kB
1777804307.083654237 Shmem:              5240 kB
1777804307.083654237 KReclaimable:      30272 kB
1777804307.083654237 Slab:             122412 kB
1777804307.083654237 SReclaimable:      30272 kB
1777804307.083654237 SUnreclaim:        92140 kB
1777804307.083654237 KernelStack:        3216 kB
1777804307.083654237 PageTables:         4228 kB
1777804307.083654237 SecPageTables:         0 kB
1777804307.083654237 NFS_Unstable:          0 kB
1777804307.083654237 Bounce:                0 kB
1777804307.083654237 WritebackTmp:          0 kB
1777804307.083654237 CommitLimit:     3537964 kB
1777804307.083654237 Committed_AS:     510468 kB
1777804307.083654237 VmallocTotal:   135288315904 kB
1777804307.083654237 VmallocUsed:       19620 kB
1777804307.083654237 VmallocChunk:          0 kB
1777804307.083654237 Percpu:             1504 kB
1777804307.083654237 AnonHugePages:         0 kB
1777804307.083654237 ShmemHugePages:        0 kB
1777804307.083654237 ShmemPmdMapped:        0 kB
1777804307.083654237 FileHugePages:         0 kB
1777804307.083654237 FilePmdMapped:         0 kB
1777804307.083654237 CmaTotal:          65536 kB
1777804307.083654237 CmaFree:           49104 kB
1777804307.083654237 Balloon:               0 kB
1777804307.083654237 HugePages_Total:     512
1777804307.083654237 HugePages_Free:      488
1777804307.083654237 HugePages_Rsvd:        0
1777804307.083654237 HugePages_Surp:        0
1777804307.083654237 Hugepagesize:       2048 kB
1777804307.083654237 Hugetlb:         1048576 kB
1777804308.090471154 MemTotal:        8124504 kB
1777804308.090471154 MemFree:         6318260 kB
1777804308.090471154 MemAvailable:    6639660 kB
1777804308.090471154 Buffers:           30396 kB
1777804308.090471154 Cached:           420784 kB
1777804308.090471154 SwapCached:            0 kB
1777804308.090471154 Active:           437372 kB
1777804308.090471154 Inactive:         111008 kB
1777804308.090471154 Active(anon):     102356 kB
1777804308.090471154 Inactive(anon):        0 kB
1777804308.090471154 Active(file):     335016 kB
1777804308.090471154 Inactive(file):   111008 kB
1777804308.090471154 Unevictable:           0 kB
1777804308.090471154 Mlocked:               0 kB
1777804308.090471154 SwapTotal:             0 kB
1777804308.090471154 SwapFree:              0 kB
1777804308.090471154 Zswap:                 0 kB
1777804308.090471154 Zswapped:              0 kB
1777804308.090471154 Dirty:               116 kB
1777804308.090471154 Writeback:             0 kB
1777804308.090471154 AnonPages:         97400 kB
1777804308.090471154 Mapped:           104124 kB
1777804308.090471154 Shmem:              5240 kB
1777804308.090471154 KReclaimable:      30272 kB
1777804308.090471154 Slab:             122412 kB
1777804308.090471154 SReclaimable:      30272 kB
1777804308.090471154 SUnreclaim:        92140 kB
1777804308.090471154 KernelStack:        3200 kB
1777804308.090471154 PageTables:         4224 kB
1777804308.090471154 SecPageTables:         0 kB
1777804308.090471154 NFS_Unstable:          0 kB
1777804308.090471154 Bounce:                0 kB
1777804308.090471154 WritebackTmp:          0 kB
1777804308.090471154 CommitLimit:     3537964 kB
1777804308.090471154 Committed_AS:     510468 kB
1777804308.090471154 VmallocTotal:   135288315904 kB
1777804308.090471154 VmallocUsed:       19620 kB
1777804308.090471154 VmallocChunk:          0 kB
1777804308.090471154 Percpu:             1504 kB
1777804308.090471154 AnonHugePages:         0 kB
1777804308.090471154 ShmemHugePages:        0 kB
1777804308.090471154 ShmemPmdMapped:        0 kB
1777804308.090471154 FileHugePages:         0 kB
1777804308.090471154 FilePmdMapped:         0 kB
1777804308.090471154 CmaTotal:          65536 kB
1777804308.090471154 CmaFree:           49104 kB
1777804308.090471154 Balloon:               0 kB
1777804308.090471154 HugePages_Total:     512
1777804308.090471154 HugePages_Free:      488
1777804308.090471154 HugePages_Rsvd:        0
1777804308.090471154 HugePages_Surp:        0
1777804308.090471154 Hugepagesize:       2048 kB
1777804308.090471154 Hugetlb:         1048576 kB
1777804309.097412908 MemTotal:        8124504 kB
1777804309.097412908 MemFree:         6321068 kB
1777804309.097412908 MemAvailable:    6642480 kB
1777804309.097412908 Buffers:           30396 kB
1777804309.097412908 Cached:           420784 kB
1777804309.097412908 SwapCached:            0 kB
1777804309.097412908 Active:           437564 kB
1777804309.097412908 Inactive:         111008 kB
1777804309.097412908 Active(anon):     102536 kB
1777804309.097412908 Inactive(anon):        0 kB
1777804309.097412908 Active(file):     335028 kB
1777804309.097412908 Inactive(file):   111008 kB
1777804309.097412908 Unevictable:           0 kB
1777804309.097412908 Mlocked:               0 kB
1777804309.097412908 SwapTotal:             0 kB
1777804309.097412908 SwapFree:              0 kB
1777804309.097412908 Zswap:                 0 kB
1777804309.097412908 Zswapped:              0 kB
1777804309.097412908 Dirty:               116 kB
1777804309.097412908 Writeback:             0 kB
1777804309.097412908 AnonPages:         97480 kB
1777804309.097412908 Mapped:           104164 kB
1777804309.097412908 Shmem:              5240 kB
1777804309.097412908 KReclaimable:      30272 kB
1777804309.097412908 Slab:             122432 kB
1777804309.097412908 SReclaimable:      30272 kB
1777804309.097412908 SUnreclaim:        92160 kB
1777804309.097412908 KernelStack:        3216 kB
1777804309.097412908 PageTables:         4296 kB
1777804309.097412908 SecPageTables:         0 kB
1777804309.097412908 NFS_Unstable:          0 kB
1777804309.097412908 Bounce:                0 kB
1777804309.097412908 WritebackTmp:          0 kB
1777804309.097412908 CommitLimit:     3537964 kB
1777804309.097412908 Committed_AS:     510468 kB
1777804309.097412908 VmallocTotal:   135288315904 kB
1777804309.097412908 VmallocUsed:       19604 kB
1777804309.097412908 VmallocChunk:          0 kB
1777804309.097412908 Percpu:             1504 kB
1777804309.097412908 AnonHugePages:         0 kB
1777804309.097412908 ShmemHugePages:        0 kB
1777804309.097412908 ShmemPmdMapped:        0 kB
1777804309.097412908 FileHugePages:         0 kB
1777804309.097412908 FilePmdMapped:         0 kB
1777804309.097412908 CmaTotal:          65536 kB
1777804309.097412908 CmaFree:           49104 kB
1777804309.097412908 Balloon:               0 kB
1777804309.097412908 HugePages_Total:     512
1777804309.097412908 HugePages_Free:      488
1777804309.097412908 HugePages_Rsvd:        0
1777804309.097412908 HugePages_Surp:        0
1777804309.097412908 Hugepagesize:       2048 kB
1777804309.097412908 Hugetlb:         1048576 kB
1777804310.104269438 MemTotal:        8124504 kB
1777804310.104269438 MemFree:         6321120 kB
1777804310.104269438 MemAvailable:    6642536 kB
1777804310.104269438 Buffers:           30396 kB
1777804310.104269438 Cached:           420800 kB
1777804310.104269438 SwapCached:            0 kB
1777804310.104269438 Active:           437588 kB
1777804310.104269438 Inactive:         111020 kB
1777804310.104269438 Active(anon):     102568 kB
1777804310.104269438 Inactive(anon):        0 kB
1777804310.104269438 Active(file):     335020 kB
1777804310.104269438 Inactive(file):   111020 kB
1777804310.104269438 Unevictable:           0 kB
1777804310.104269438 Mlocked:               0 kB
1777804310.104269438 SwapTotal:             0 kB
1777804310.104269438 SwapFree:              0 kB
1777804310.104269438 Zswap:                 0 kB
1777804310.104269438 Zswapped:              0 kB
1777804310.104269438 Dirty:               132 kB
1777804310.104269438 Writeback:             0 kB
1777804310.104269438 AnonPages:         97560 kB
1777804310.104269438 Mapped:           104164 kB
1777804310.104269438 Shmem:              5240 kB
1777804310.104269438 KReclaimable:      30272 kB
1777804310.104269438 Slab:             122436 kB
1777804310.104269438 SReclaimable:      30272 kB
1777804310.104269438 SUnreclaim:        92164 kB
1777804310.104269438 KernelStack:        3216 kB
1777804310.104269438 PageTables:         4256 kB
1777804310.104269438 SecPageTables:         0 kB
1777804310.104269438 NFS_Unstable:          0 kB
1777804310.104269438 Bounce:                0 kB
1777804310.104269438 WritebackTmp:          0 kB
1777804310.104269438 CommitLimit:     3537964 kB
1777804310.104269438 Committed_AS:     510468 kB
1777804310.104269438 VmallocTotal:   135288315904 kB
1777804310.104269438 VmallocUsed:       19604 kB
1777804310.104269438 VmallocChunk:          0 kB
1777804310.104269438 Percpu:             1504 kB
1777804310.104269438 AnonHugePages:         0 kB
1777804310.104269438 ShmemHugePages:        0 kB
1777804310.104269438 ShmemPmdMapped:        0 kB
1777804310.104269438 FileHugePages:         0 kB
1777804310.104269438 FilePmdMapped:         0 kB
1777804310.104269438 CmaTotal:          65536 kB
1777804310.104269438 CmaFree:           49104 kB
1777804310.104269438 Balloon:               0 kB
1777804310.104269438 HugePages_Total:     512
1777804310.104269438 HugePages_Free:      488
1777804310.104269438 HugePages_Rsvd:        0
1777804310.104269438 HugePages_Surp:        0
1777804310.104269438 Hugepagesize:       2048 kB
1777804310.104269438 Hugetlb:         1048576 kB
1777804311.111034447 MemTotal:        8124504 kB
1777804311.111034447 MemFree:         6321472 kB
1777804311.111034447 MemAvailable:    6642896 kB
1777804311.111034447 Buffers:           30396 kB
1777804311.111034447 Cached:           420804 kB
1777804311.111034447 SwapCached:            0 kB
1777804311.111034447 Active:           437364 kB
1777804311.111034447 Inactive:         111028 kB
1777804311.111034447 Active(anon):     102344 kB
1777804311.111034447 Inactive(anon):        0 kB
1777804311.111034447 Active(file):     335020 kB
1777804311.111034447 Inactive(file):   111028 kB
1777804311.111034447 Unevictable:           0 kB
1777804311.111034447 Mlocked:               0 kB
1777804311.111034447 SwapTotal:             0 kB
1777804311.111034447 SwapFree:              0 kB
1777804311.111034447 Zswap:                 0 kB
1777804311.111034447 Zswapped:              0 kB
1777804311.111034447 Dirty:               136 kB
1777804311.111034447 Writeback:             0 kB
1777804311.111034447 AnonPages:         97328 kB
1777804311.111034447 Mapped:           104124 kB
1777804311.111034447 Shmem:              5240 kB
1777804311.111034447 KReclaimable:      30272 kB
1777804311.111034447 Slab:             122380 kB
1777804311.111034447 SReclaimable:      30272 kB
1777804311.111034447 SUnreclaim:        92108 kB
1777804311.111034447 KernelStack:        3184 kB
1777804311.111034447 PageTables:         4260 kB
1777804311.111034447 SecPageTables:         0 kB
1777804311.111034447 NFS_Unstable:          0 kB
1777804311.111034447 Bounce:                0 kB
1777804311.111034447 WritebackTmp:          0 kB
1777804311.111034447 CommitLimit:     3537964 kB
1777804311.111034447 Committed_AS:     510468 kB
1777804311.111034447 VmallocTotal:   135288315904 kB
1777804311.111034447 VmallocUsed:       19620 kB
1777804311.111034447 VmallocChunk:          0 kB
1777804311.111034447 Percpu:             1504 kB
1777804311.111034447 AnonHugePages:         0 kB
1777804311.111034447 ShmemHugePages:        0 kB
1777804311.111034447 ShmemPmdMapped:        0 kB
1777804311.111034447 FileHugePages:         0 kB
1777804311.111034447 FilePmdMapped:         0 kB
1777804311.111034447 CmaTotal:          65536 kB
1777804311.111034447 CmaFree:           49104 kB
1777804311.111034447 Balloon:               0 kB
1777804311.111034447 HugePages_Total:     512
1777804311.111034447 HugePages_Free:      488
1777804311.111034447 HugePages_Rsvd:        0
1777804311.111034447 HugePages_Surp:        0
1777804311.111034447 Hugepagesize:       2048 kB
1777804311.111034447 Hugetlb:         1048576 kB
1777804312.117882106 MemTotal:        8124504 kB
1777804312.117882106 MemFree:         6322600 kB
1777804312.117882106 MemAvailable:    6644032 kB
1777804312.117882106 Buffers:           30396 kB
1777804312.117882106 Cached:           420804 kB
1777804312.117882106 SwapCached:            0 kB
1777804312.117882106 Active:           437488 kB
1777804312.117882106 Inactive:         111028 kB
1777804312.117882106 Active(anon):     102464 kB
1777804312.117882106 Inactive(anon):        0 kB
1777804312.117882106 Active(file):     335024 kB
1777804312.117882106 Inactive(file):   111028 kB
1777804312.117882106 Unevictable:           0 kB
1777804312.117882106 Mlocked:               0 kB
1777804312.117882106 SwapTotal:             0 kB
1777804312.117882106 SwapFree:              0 kB
1777804312.117882106 Zswap:                 0 kB
1777804312.117882106 Zswapped:              0 kB
1777804312.117882106 Dirty:               136 kB
1777804312.117882106 Writeback:             0 kB
1777804312.117882106 AnonPages:         97336 kB
1777804312.117882106 Mapped:           104124 kB
1777804312.117882106 Shmem:              5240 kB
1777804312.117882106 KReclaimable:      30276 kB
1777804312.117882106 Slab:             122332 kB
1777804312.117882106 SReclaimable:      30276 kB
1777804312.117882106 SUnreclaim:        92056 kB
1777804312.117882106 KernelStack:        3184 kB
1777804312.117882106 PageTables:         4272 kB
1777804312.117882106 SecPageTables:         0 kB
1777804312.117882106 NFS_Unstable:          0 kB
1777804312.117882106 Bounce:                0 kB
1777804312.117882106 WritebackTmp:          0 kB
1777804312.117882106 CommitLimit:     3537964 kB
1777804312.117882106 Committed_AS:     510468 kB
1777804312.117882106 VmallocTotal:   135288315904 kB
1777804312.117882106 VmallocUsed:       19620 kB
1777804312.117882106 VmallocChunk:          0 kB
1777804312.117882106 Percpu:             1504 kB
1777804312.117882106 AnonHugePages:         0 kB
1777804312.117882106 ShmemHugePages:        0 kB
1777804312.117882106 ShmemPmdMapped:        0 kB
1777804312.117882106 FileHugePages:         0 kB
1777804312.117882106 FilePmdMapped:         0 kB
1777804312.117882106 CmaTotal:          65536 kB
1777804312.117882106 CmaFree:           49104 kB
1777804312.117882106 Balloon:               0 kB
1777804312.117882106 HugePages_Total:     512
1777804312.117882106 HugePages_Free:      488
1777804312.117882106 HugePages_Rsvd:        0
1777804312.117882106 HugePages_Surp:        0
1777804312.117882106 Hugepagesize:       2048 kB
1777804312.117882106 Hugetlb:         1048576 kB
1777804313.124690523 MemTotal:        8124504 kB
1777804313.124690523 MemFree:         6324528 kB
1777804313.124690523 MemAvailable:    6645964 kB
1777804313.124690523 Buffers:           30404 kB
1777804313.124690523 Cached:           420808 kB
1777804313.124690523 SwapCached:            0 kB
1777804313.124690523 Active:           437380 kB
1777804313.124690523 Inactive:         111036 kB
1777804313.124690523 Active(anon):     102360 kB
1777804313.124690523 Inactive(anon):        0 kB
1777804313.124690523 Active(file):     335020 kB
1777804313.124690523 Inactive(file):   111036 kB
1777804313.124690523 Unevictable:           0 kB
1777804313.124690523 Mlocked:               0 kB
1777804313.124690523 SwapTotal:             0 kB
1777804313.124690523 SwapFree:              0 kB
1777804313.124690523 Zswap:                 0 kB
1777804313.124690523 Zswapped:              0 kB
1777804313.124690523 Dirty:               140 kB
1777804313.124690523 Writeback:             0 kB
1777804313.124690523 AnonPages:         97364 kB
1777804313.124690523 Mapped:           104124 kB
1777804313.124690523 Shmem:              5240 kB
1777804313.124690523 KReclaimable:      30276 kB
1777804313.124690523 Slab:             122396 kB
1777804313.124690523 SReclaimable:      30276 kB
1777804313.124690523 SUnreclaim:        92120 kB
1777804313.124690523 KernelStack:        3200 kB
1777804313.124690523 PageTables:         4176 kB
1777804313.124690523 SecPageTables:         0 kB
1777804313.124690523 NFS_Unstable:          0 kB
1777804313.124690523 Bounce:                0 kB
1777804313.124690523 WritebackTmp:          0 kB
1777804313.124690523 CommitLimit:     3537964 kB
1777804313.124690523 Committed_AS:     510468 kB
1777804313.124690523 VmallocTotal:   135288315904 kB
1777804313.124690523 VmallocUsed:       19604 kB
1777804313.124690523 VmallocChunk:          0 kB
1777804313.124690523 Percpu:             1504 kB
1777804313.124690523 AnonHugePages:         0 kB
1777804313.124690523 ShmemHugePages:        0 kB
1777804313.124690523 ShmemPmdMapped:        0 kB
1777804313.124690523 FileHugePages:         0 kB
1777804313.124690523 FilePmdMapped:         0 kB
1777804313.124690523 CmaTotal:          65536 kB
1777804313.124690523 CmaFree:           49104 kB
1777804313.124690523 Balloon:               0 kB
1777804313.124690523 HugePages_Total:     512
1777804313.124690523 HugePages_Free:      488
1777804313.124690523 HugePages_Rsvd:        0
1777804313.124690523 HugePages_Surp:        0
1777804313.124690523 Hugepagesize:       2048 kB
1777804313.124690523 Hugetlb:         1048576 kB
1777804314.131460828 MemTotal:        8124504 kB
1777804314.131460828 MemFree:         6324048 kB
1777804314.131460828 MemAvailable:    6645484 kB
1777804314.131460828 Buffers:           30404 kB
1777804314.131460828 Cached:           420812 kB
1777804314.131460828 SwapCached:            0 kB
1777804314.131460828 Active:           437348 kB
1777804314.131460828 Inactive:         111040 kB
1777804314.131460828 Active(anon):     102332 kB
1777804314.131460828 Inactive(anon):        0 kB
1777804314.131460828 Active(file):     335016 kB
1777804314.131460828 Inactive(file):   111040 kB
1777804314.131460828 Unevictable:           0 kB
1777804314.131460828 Mlocked:               0 kB
1777804314.131460828 SwapTotal:             0 kB
1777804314.131460828 SwapFree:              0 kB
1777804314.131460828 Zswap:                 0 kB
1777804314.131460828 Zswapped:              0 kB
1777804314.131460828 Dirty:               144 kB
1777804314.131460828 Writeback:             0 kB
1777804314.131460828 AnonPages:         97360 kB
1777804314.131460828 Mapped:           104124 kB
1777804314.131460828 Shmem:              5240 kB
1777804314.131460828 KReclaimable:      30276 kB
1777804314.131460828 Slab:             122372 kB
1777804314.131460828 SReclaimable:      30276 kB
1777804314.131460828 SUnreclaim:        92096 kB
1777804314.131460828 KernelStack:        3184 kB
1777804314.131460828 PageTables:         4188 kB
1777804314.131460828 SecPageTables:         0 kB
1777804314.131460828 NFS_Unstable:          0 kB
1777804314.131460828 Bounce:                0 kB
1777804314.131460828 WritebackTmp:          0 kB
1777804314.131460828 CommitLimit:     3537964 kB
1777804314.131460828 Committed_AS:     510468 kB
1777804314.131460828 VmallocTotal:   135288315904 kB
1777804314.131460828 VmallocUsed:       19620 kB
1777804314.131460828 VmallocChunk:          0 kB
1777804314.131460828 Percpu:             1504 kB
1777804314.131460828 AnonHugePages:         0 kB
1777804314.131460828 ShmemHugePages:        0 kB
1777804314.131460828 ShmemPmdMapped:        0 kB
1777804314.131460828 FileHugePages:         0 kB
1777804314.131460828 FilePmdMapped:         0 kB
1777804314.131460828 CmaTotal:          65536 kB
1777804314.131460828 CmaFree:           49104 kB
1777804314.131460828 Balloon:               0 kB
1777804314.131460828 HugePages_Total:     512
1777804314.131460828 HugePages_Free:      488
1777804314.131460828 HugePages_Rsvd:        0
1777804314.131460828 HugePages_Surp:        0
1777804314.131460828 Hugepagesize:       2048 kB
1777804314.131460828 Hugetlb:         1048576 kB
1777804315.138372137 MemTotal:        8124504 kB
1777804315.138372137 MemFree:         6325396 kB
1777804315.138372137 MemAvailable:    6646844 kB
1777804315.138372137 Buffers:           30404 kB
1777804315.138372137 Cached:           420816 kB
1777804315.138372137 SwapCached:            0 kB
1777804315.138372137 Active:           437548 kB
1777804315.138372137 Inactive:         111048 kB
1777804315.138372137 Active(anon):     102528 kB
1777804315.138372137 Inactive(anon):        0 kB
1777804315.138372137 Active(file):     335020 kB
1777804315.138372137 Inactive(file):   111048 kB
1777804315.138372137 Unevictable:           0 kB
1777804315.138372137 Mlocked:               0 kB
1777804315.138372137 SwapTotal:             0 kB
1777804315.138372137 SwapFree:              0 kB
1777804315.138372137 Zswap:                 0 kB
1777804315.138372137 Zswapped:              0 kB
1777804315.138372137 Dirty:               144 kB
1777804315.138372137 Writeback:             0 kB
1777804315.138372137 AnonPages:         97456 kB
1777804315.138372137 Mapped:           104124 kB
1777804315.138372137 Shmem:              5240 kB
1777804315.138372137 KReclaimable:      30276 kB
1777804315.138372137 Slab:             122360 kB
1777804315.138372137 SReclaimable:      30276 kB
1777804315.138372137 SUnreclaim:        92084 kB
1777804315.138372137 KernelStack:        3184 kB
1777804315.138372137 PageTables:         4236 kB
1777804315.138372137 SecPageTables:         0 kB
1777804315.138372137 NFS_Unstable:          0 kB
1777804315.138372137 Bounce:                0 kB
1777804315.138372137 WritebackTmp:          0 kB
1777804315.138372137 CommitLimit:     3537964 kB
1777804315.138372137 Committed_AS:     510468 kB
1777804315.138372137 VmallocTotal:   135288315904 kB
1777804315.138372137 VmallocUsed:       19588 kB
1777804315.138372137 VmallocChunk:          0 kB
1777804315.138372137 Percpu:             1504 kB
1777804315.138372137 AnonHugePages:         0 kB
1777804315.138372137 ShmemHugePages:        0 kB
1777804315.138372137 ShmemPmdMapped:        0 kB
1777804315.138372137 FileHugePages:         0 kB
1777804315.138372137 FilePmdMapped:         0 kB
1777804315.138372137 CmaTotal:          65536 kB
1777804315.138372137 CmaFree:           49104 kB
1777804315.138372137 Balloon:               0 kB
1777804315.138372137 HugePages_Total:     512
1777804315.138372137 HugePages_Free:      488
1777804315.138372137 HugePages_Rsvd:        0
1777804315.138372137 HugePages_Surp:        0
1777804315.138372137 Hugepagesize:       2048 kB
1777804315.138372137 Hugetlb:         1048576 kB
1777804316.145256741 MemTotal:        8124504 kB
1777804316.145256741 MemFree:         6325020 kB
1777804316.145256741 MemAvailable:    6646468 kB
1777804316.145256741 Buffers:           30404 kB
1777804316.145256741 Cached:           420820 kB
1777804316.145256741 SwapCached:            0 kB
1777804316.145256741 Active:           437444 kB
1777804316.145256741 Inactive:         111052 kB
1777804316.145256741 Active(anon):     102428 kB
1777804316.145256741 Inactive(anon):        0 kB
1777804316.145256741 Active(file):     335016 kB
1777804316.145256741 Inactive(file):   111052 kB
1777804316.145256741 Unevictable:           0 kB
1777804316.145256741 Mlocked:               0 kB
1777804316.145256741 SwapTotal:             0 kB
1777804316.145256741 SwapFree:              0 kB
1777804316.145256741 Zswap:                 0 kB
1777804316.145256741 Zswapped:              0 kB
1777804316.145256741 Dirty:               148 kB
1777804316.145256741 Writeback:             0 kB
1777804316.145256741 AnonPages:         97360 kB
1777804316.145256741 Mapped:           104124 kB
1777804316.145256741 Shmem:              5240 kB
1777804316.145256741 KReclaimable:      30280 kB
1777804316.145256741 Slab:             122404 kB
1777804316.145256741 SReclaimable:      30280 kB
1777804316.145256741 SUnreclaim:        92124 kB
1777804316.145256741 KernelStack:        3184 kB
1777804316.145256741 PageTables:         4188 kB
1777804316.145256741 SecPageTables:         0 kB
1777804316.145256741 NFS_Unstable:          0 kB
1777804316.145256741 Bounce:                0 kB
1777804316.145256741 WritebackTmp:          0 kB
1777804316.145256741 CommitLimit:     3537964 kB
1777804316.145256741 Committed_AS:     510468 kB
1777804316.145256741 VmallocTotal:   135288315904 kB
1777804316.145256741 VmallocUsed:       19620 kB
1777804316.145256741 VmallocChunk:          0 kB
1777804316.145256741 Percpu:             1504 kB
1777804316.145256741 AnonHugePages:         0 kB
1777804316.145256741 ShmemHugePages:        0 kB
1777804316.145256741 ShmemPmdMapped:        0 kB
1777804316.145256741 FileHugePages:         0 kB
1777804316.145256741 FilePmdMapped:         0 kB
1777804316.145256741 CmaTotal:          65536 kB
1777804316.145256741 CmaFree:           49104 kB
1777804316.145256741 Balloon:               0 kB
1777804316.145256741 HugePages_Total:     512
1777804316.145256741 HugePages_Free:      488
1777804316.145256741 HugePages_Rsvd:        0
1777804316.145256741 HugePages_Surp:        0
1777804316.145256741 Hugepagesize:       2048 kB
1777804316.145256741 Hugetlb:         1048576 kB
1777804317.153239540 MemTotal:        8124504 kB
1777804317.153239540 MemFree:         6325784 kB
1777804317.153239540 MemAvailable:    6647244 kB
1777804317.153239540 Buffers:           30404 kB
1777804317.153239540 Cached:           420832 kB
1777804317.153239540 SwapCached:            0 kB
1777804317.153239540 Active:           437440 kB
1777804317.153239540 Inactive:         111060 kB
1777804317.153239540 Active(anon):     102420 kB
1777804317.153239540 Inactive(anon):        0 kB
1777804317.153239540 Active(file):     335020 kB
1777804317.153239540 Inactive(file):   111060 kB
1777804317.153239540 Unevictable:           0 kB
1777804317.153239540 Mlocked:               0 kB
1777804317.153239540 SwapTotal:             0 kB
1777804317.153239540 SwapFree:              0 kB
1777804317.153239540 Zswap:                 0 kB
1777804317.153239540 Zswapped:              0 kB
1777804317.153239540 Dirty:               160 kB
1777804317.153239540 Writeback:             0 kB
1777804317.153239540 AnonPages:         97440 kB
1777804317.153239540 Mapped:           104124 kB
1777804317.153239540 Shmem:              5240 kB
1777804317.153239540 KReclaimable:      30280 kB
1777804317.153239540 Slab:             122428 kB
1777804317.153239540 SReclaimable:      30280 kB
1777804317.153239540 SUnreclaim:        92148 kB
1777804317.153239540 KernelStack:        3184 kB
1777804317.153239540 PageTables:         4200 kB
1777804317.153239540 SecPageTables:         0 kB
1777804317.153239540 NFS_Unstable:          0 kB
1777804317.153239540 Bounce:                0 kB
1777804317.153239540 WritebackTmp:          0 kB
1777804317.153239540 CommitLimit:     3537964 kB
1777804317.153239540 Committed_AS:     510468 kB
1777804317.153239540 VmallocTotal:   135288315904 kB
1777804317.153239540 VmallocUsed:       19620 kB
1777804317.153239540 VmallocChunk:          0 kB
1777804317.153239540 Percpu:             1504 kB
1777804317.153239540 AnonHugePages:         0 kB
1777804317.153239540 ShmemHugePages:        0 kB
1777804317.153239540 ShmemPmdMapped:        0 kB
1777804317.153239540 FileHugePages:         0 kB
1777804317.153239540 FilePmdMapped:         0 kB
1777804317.153239540 CmaTotal:          65536 kB
1777804317.153239540 CmaFree:           49104 kB
1777804317.153239540 Balloon:               0 kB
1777804317.153239540 HugePages_Total:     512
1777804317.153239540 HugePages_Free:      488
1777804317.153239540 HugePages_Rsvd:        0
1777804317.153239540 HugePages_Surp:        0
1777804317.153239540 Hugepagesize:       2048 kB
1777804317.153239540 Hugetlb:         1048576 kB
1777804318.161873039 MemTotal:        8124504 kB
1777804318.161873039 MemFree:         6326140 kB
1777804318.161873039 MemAvailable:    6647604 kB
1777804318.161873039 Buffers:           30412 kB
1777804318.161873039 Cached:           420836 kB
1777804318.161873039 SwapCached:            0 kB
1777804318.161873039 Active:           437428 kB
1777804318.161873039 Inactive:         111068 kB
1777804318.161873039 Active(anon):     102412 kB
1777804318.161873039 Inactive(anon):        0 kB
1777804318.161873039 Active(file):     335016 kB
1777804318.161873039 Inactive(file):   111068 kB
1777804318.161873039 Unevictable:           0 kB
1777804318.161873039 Mlocked:               0 kB
1777804318.161873039 SwapTotal:             0 kB
1777804318.161873039 SwapFree:              0 kB
1777804318.161873039 Zswap:                 0 kB
1777804318.161873039 Zswapped:              0 kB
1777804318.161873039 Dirty:               164 kB
1777804318.161873039 Writeback:             0 kB
1777804318.161873039 AnonPages:         97356 kB
1777804318.161873039 Mapped:           104124 kB
1777804318.161873039 Shmem:              5240 kB
1777804318.161873039 KReclaimable:      30280 kB
1777804318.161873039 Slab:             122312 kB
1777804318.161873039 SReclaimable:      30280 kB
1777804318.161873039 SUnreclaim:        92032 kB
1777804318.161873039 KernelStack:        3200 kB
1777804318.161873039 PageTables:         4188 kB
1777804318.161873039 SecPageTables:         0 kB
1777804318.161873039 NFS_Unstable:          0 kB
1777804318.161873039 Bounce:                0 kB
1777804318.161873039 WritebackTmp:          0 kB
1777804318.161873039 CommitLimit:     3537964 kB
1777804318.161873039 Committed_AS:     510468 kB
1777804318.161873039 VmallocTotal:   135288315904 kB
1777804318.161873039 VmallocUsed:       19620 kB
1777804318.161873039 VmallocChunk:          0 kB
1777804318.161873039 Percpu:             1504 kB
1777804318.161873039 AnonHugePages:         0 kB
1777804318.161873039 ShmemHugePages:        0 kB
1777804318.161873039 ShmemPmdMapped:        0 kB
1777804318.161873039 FileHugePages:         0 kB
1777804318.161873039 FilePmdMapped:         0 kB
1777804318.161873039 CmaTotal:          65536 kB
1777804318.161873039 CmaFree:           49104 kB
1777804318.161873039 Balloon:               0 kB
1777804318.161873039 HugePages_Total:     512
1777804318.161873039 HugePages_Free:      488
1777804318.161873039 HugePages_Rsvd:        0
1777804318.161873039 HugePages_Surp:        0
1777804318.161873039 Hugepagesize:       2048 kB
1777804318.161873039 Hugetlb:         1048576 kB
1777804319.170645653 MemTotal:        8124504 kB
1777804319.170645653 MemFree:         6323112 kB
1777804319.170645653 MemAvailable:    6644592 kB
1777804319.170645653 Buffers:           30412 kB
1777804319.170645653 Cached:           420840 kB
1777804319.170645653 SwapCached:            0 kB
1777804319.170645653 Active:           437540 kB
1777804319.170645653 Inactive:         111080 kB
1777804319.170645653 Active(anon):     102520 kB
1777804319.170645653 Inactive(anon):        0 kB
1777804319.170645653 Active(file):     335020 kB
1777804319.170645653 Inactive(file):   111080 kB
1777804319.170645653 Unevictable:           0 kB
1777804319.170645653 Mlocked:               0 kB
1777804319.170645653 SwapTotal:             0 kB
1777804319.170645653 SwapFree:              0 kB
1777804319.170645653 Zswap:                 0 kB
1777804319.170645653 Zswapped:              0 kB
1777804319.170645653 Dirty:                92 kB
1777804319.170645653 Writeback:             0 kB
1777804319.170645653 AnonPages:         97360 kB
1777804319.170645653 Mapped:           104124 kB
1777804319.170645653 Shmem:              5240 kB
1777804319.170645653 KReclaimable:      30280 kB
1777804319.170645653 Slab:             122236 kB
1777804319.170645653 SReclaimable:      30280 kB
1777804319.170645653 SUnreclaim:        91956 kB
1777804319.170645653 KernelStack:        3184 kB
1777804319.170645653 PageTables:         4188 kB
1777804319.170645653 SecPageTables:         0 kB
1777804319.170645653 NFS_Unstable:          0 kB
1777804319.170645653 Bounce:                0 kB
1777804319.170645653 WritebackTmp:          0 kB
1777804319.170645653 CommitLimit:     3537964 kB
1777804319.170645653 Committed_AS:     510468 kB
1777804319.170645653 VmallocTotal:   135288315904 kB
1777804319.170645653 VmallocUsed:       19604 kB
1777804319.170645653 VmallocChunk:          0 kB
1777804319.170645653 Percpu:             1504 kB
1777804319.170645653 AnonHugePages:         0 kB
1777804319.170645653 ShmemHugePages:        0 kB
1777804319.170645653 ShmemPmdMapped:        0 kB
1777804319.170645653 FileHugePages:         0 kB
1777804319.170645653 FilePmdMapped:         0 kB
1777804319.170645653 CmaTotal:          65536 kB
1777804319.170645653 CmaFree:           49104 kB
1777804319.170645653 Balloon:               0 kB
1777804319.170645653 HugePages_Total:     512
1777804319.170645653 HugePages_Free:      488
1777804319.170645653 HugePages_Rsvd:        0
1777804319.170645653 HugePages_Surp:        0
1777804319.170645653 Hugepagesize:       2048 kB
1777804319.170645653 Hugetlb:         1048576 kB
1777804320.179790498 MemTotal:        8124504 kB
1777804320.179790498 MemFree:         6324888 kB
1777804320.179790498 MemAvailable:    6646368 kB
1777804320.179790498 Buffers:           30412 kB
1777804320.179790498 Cached:           420840 kB
1777804320.179790498 SwapCached:            0 kB
1777804320.179790498 Active:           437380 kB
1777804320.179790498 Inactive:         111080 kB
1777804320.179790498 Active(anon):     102360 kB
1777804320.179790498 Inactive(anon):        0 kB
1777804320.179790498 Active(file):     335020 kB
1777804320.179790498 Inactive(file):   111080 kB
1777804320.179790498 Unevictable:           0 kB
1777804320.179790498 Mlocked:               0 kB
1777804320.179790498 SwapTotal:             0 kB
1777804320.179790498 SwapFree:              0 kB
1777804320.179790498 Zswap:                 0 kB
1777804320.179790498 Zswapped:              0 kB
1777804320.179790498 Dirty:                92 kB
1777804320.179790498 Writeback:             0 kB
1777804320.179790498 AnonPages:         97452 kB
1777804320.179790498 Mapped:           104124 kB
1777804320.179790498 Shmem:              5240 kB
1777804320.179790498 KReclaimable:      30280 kB
1777804320.179790498 Slab:             122276 kB
1777804320.179790498 SReclaimable:      30280 kB
1777804320.179790498 SUnreclaim:        91996 kB
1777804320.179790498 KernelStack:        3200 kB
1777804320.179790498 PageTables:         4192 kB
1777804320.179790498 SecPageTables:         0 kB
1777804320.179790498 NFS_Unstable:          0 kB
1777804320.179790498 Bounce:                0 kB
1777804320.179790498 WritebackTmp:          0 kB
1777804320.179790498 CommitLimit:     3537964 kB
1777804320.179790498 Committed_AS:     510468 kB
1777804320.179790498 VmallocTotal:   135288315904 kB
1777804320.179790498 VmallocUsed:       19604 kB
1777804320.179790498 VmallocChunk:          0 kB
1777804320.179790498 Percpu:             1504 kB
1777804320.179790498 AnonHugePages:         0 kB
1777804320.179790498 ShmemHugePages:        0 kB
1777804320.179790498 ShmemPmdMapped:        0 kB
1777804320.179790498 FileHugePages:         0 kB
1777804320.179790498 FilePmdMapped:         0 kB
1777804320.179790498 CmaTotal:          65536 kB
1777804320.179790498 CmaFree:           49104 kB
1777804320.179790498 Balloon:               0 kB
1777804320.179790498 HugePages_Total:     512
1777804320.179790498 HugePages_Free:      488
1777804320.179790498 HugePages_Rsvd:        0
1777804320.179790498 HugePages_Surp:        0
1777804320.179790498 Hugepagesize:       2048 kB
1777804320.179790498 Hugetlb:         1048576 kB
1777804321.188575094 MemTotal:        8124504 kB
1777804321.188575094 MemFree:         6319996 kB
1777804321.188575094 MemAvailable:    6641480 kB
1777804321.188575094 Buffers:           30412 kB
1777804321.188575094 Cached:           420848 kB
1777804321.188575094 SwapCached:            0 kB
1777804321.188575094 Active:           437528 kB
1777804321.188575094 Inactive:         111084 kB
1777804321.188575094 Active(anon):     102508 kB
1777804321.188575094 Inactive(anon):        0 kB
1777804321.188575094 Active(file):     335020 kB
1777804321.188575094 Inactive(file):   111084 kB
1777804321.188575094 Unevictable:           0 kB
1777804321.188575094 Mlocked:               0 kB
1777804321.188575094 SwapTotal:             0 kB
1777804321.188575094 SwapFree:              0 kB
1777804321.188575094 Zswap:                 0 kB
1777804321.188575094 Zswapped:              0 kB
1777804321.188575094 Dirty:               100 kB
1777804321.188575094 Writeback:             0 kB
1777804321.188575094 AnonPages:         97448 kB
1777804321.188575094 Mapped:           104164 kB
1777804321.188575094 Shmem:              5240 kB
1777804321.188575094 KReclaimable:      30280 kB
1777804321.188575094 Slab:             122324 kB
1777804321.188575094 SReclaimable:      30280 kB
1777804321.188575094 SUnreclaim:        92044 kB
1777804321.188575094 KernelStack:        3200 kB
1777804321.188575094 PageTables:         4180 kB
1777804321.188575094 SecPageTables:         0 kB
1777804321.188575094 NFS_Unstable:          0 kB
1777804321.188575094 Bounce:                0 kB
1777804321.188575094 WritebackTmp:          0 kB
1777804321.188575094 CommitLimit:     3537964 kB
1777804321.188575094 Committed_AS:     510468 kB
1777804321.188575094 VmallocTotal:   135288315904 kB
1777804321.188575094 VmallocUsed:       19620 kB
1777804321.188575094 VmallocChunk:          0 kB
1777804321.188575094 Percpu:             1504 kB
1777804321.188575094 AnonHugePages:         0 kB
1777804321.188575094 ShmemHugePages:        0 kB
1777804321.188575094 ShmemPmdMapped:        0 kB
1777804321.188575094 FileHugePages:         0 kB
1777804321.188575094 FilePmdMapped:         0 kB
1777804321.188575094 CmaTotal:          65536 kB
1777804321.188575094 CmaFree:           49104 kB
1777804321.188575094 Balloon:               0 kB
1777804321.188575094 HugePages_Total:     512
1777804321.188575094 HugePages_Free:      488
1777804321.188575094 HugePages_Rsvd:        0
1777804321.188575094 HugePages_Surp:        0
1777804321.188575094 Hugepagesize:       2048 kB
1777804321.188575094 Hugetlb:         1048576 kB
1777804322.197298947 MemTotal:        8124504 kB
1777804322.197298947 MemFree:         6321704 kB
1777804322.197298947 MemAvailable:    6643200 kB
1777804322.197298947 Buffers:           30412 kB
1777804322.197298947 Cached:           420852 kB
1777804322.197298947 SwapCached:            0 kB
1777804322.197298947 Active:           437496 kB
1777804322.197298947 Inactive:         111092 kB
1777804322.197298947 Active(anon):     102472 kB
1777804322.197298947 Inactive(anon):        0 kB
1777804322.197298947 Active(file):     335024 kB
1777804322.197298947 Inactive(file):   111092 kB
1777804322.197298947 Unevictable:           0 kB
1777804322.197298947 Mlocked:               0 kB
1777804322.197298947 SwapTotal:             0 kB
1777804322.197298947 SwapFree:              0 kB
1777804322.197298947 Zswap:                 0 kB
1777804322.197298947 Zswapped:              0 kB
1777804322.197298947 Dirty:               104 kB
1777804322.197298947 Writeback:             0 kB
1777804322.197298947 AnonPages:         97544 kB
1777804322.197298947 Mapped:           104164 kB
1777804322.197298947 Shmem:              5240 kB
1777804322.197298947 KReclaimable:      30280 kB
1777804322.197298947 Slab:             122284 kB
1777804322.197298947 SReclaimable:      30280 kB
1777804322.197298947 SUnreclaim:        92004 kB
1777804322.197298947 KernelStack:        3216 kB
1777804322.197298947 PageTables:         4256 kB
1777804322.197298947 SecPageTables:         0 kB
1777804322.197298947 NFS_Unstable:          0 kB
1777804322.197298947 Bounce:                0 kB
1777804322.197298947 WritebackTmp:          0 kB
1777804322.197298947 CommitLimit:     3537964 kB
1777804322.197298947 Committed_AS:     510468 kB
1777804322.197298947 VmallocTotal:   135288315904 kB
1777804322.197298947 VmallocUsed:       19620 kB
1777804322.197298947 VmallocChunk:          0 kB
1777804322.197298947 Percpu:             1504 kB
1777804322.197298947 AnonHugePages:         0 kB
1777804322.197298947 ShmemHugePages:        0 kB
1777804322.197298947 ShmemPmdMapped:        0 kB
1777804322.197298947 FileHugePages:         0 kB
1777804322.197298947 FilePmdMapped:         0 kB
1777804322.197298947 CmaTotal:          65536 kB
1777804322.197298947 CmaFree:           49104 kB
1777804322.197298947 Balloon:               0 kB
1777804322.197298947 HugePages_Total:     512
1777804322.197298947 HugePages_Free:      488
1777804322.197298947 HugePages_Rsvd:        0
1777804322.197298947 HugePages_Surp:        0
1777804322.197298947 Hugepagesize:       2048 kB
1777804322.197298947 Hugetlb:         1048576 kB
1777804323.206204213 MemTotal:        8124504 kB
1777804323.206204213 MemFree:         6324476 kB
1777804323.206204213 MemAvailable:    6645972 kB
1777804323.206204213 Buffers:           30416 kB
1777804323.206204213 Cached:           420848 kB
1777804323.206204213 SwapCached:            0 kB
1777804323.206204213 Active:           437496 kB
1777804323.206204213 Inactive:         111092 kB
1777804323.206204213 Active(anon):     102472 kB
1777804323.206204213 Inactive(anon):        0 kB
1777804323.206204213 Active(file):     335024 kB
1777804323.206204213 Inactive(file):   111092 kB
1777804323.206204213 Unevictable:           0 kB
1777804323.206204213 Mlocked:               0 kB
1777804323.206204213 SwapTotal:             0 kB
1777804323.206204213 SwapFree:              0 kB
1777804323.206204213 Zswap:                 0 kB
1777804323.206204213 Zswapped:              0 kB
1777804323.206204213 Dirty:               104 kB
1777804323.206204213 Writeback:             0 kB
1777804323.206204213 AnonPages:         97448 kB
1777804323.206204213 Mapped:           104124 kB
1777804323.206204213 Shmem:              5240 kB
1777804323.206204213 KReclaimable:      30280 kB
1777804323.206204213 Slab:             122200 kB
1777804323.206204213 SReclaimable:      30280 kB
1777804323.206204213 SUnreclaim:        91920 kB
1777804323.206204213 KernelStack:        3200 kB
1777804323.206204213 PageTables:         4184 kB
1777804323.206204213 SecPageTables:         0 kB
1777804323.206204213 NFS_Unstable:          0 kB
1777804323.206204213 Bounce:                0 kB
1777804323.206204213 WritebackTmp:          0 kB
1777804323.206204213 CommitLimit:     3537964 kB
1777804323.206204213 Committed_AS:     510468 kB
1777804323.206204213 VmallocTotal:   135288315904 kB
1777804323.206204213 VmallocUsed:       19620 kB
1777804323.206204213 VmallocChunk:          0 kB
1777804323.206204213 Percpu:             1504 kB
1777804323.206204213 AnonHugePages:         0 kB
1777804323.206204213 ShmemHugePages:        0 kB
1777804323.206204213 ShmemPmdMapped:        0 kB
1777804323.206204213 FileHugePages:         0 kB
1777804323.206204213 FilePmdMapped:         0 kB
1777804323.206204213 CmaTotal:          65536 kB
1777804323.206204213 CmaFree:           49104 kB
1777804323.206204213 Balloon:               0 kB
1777804323.206204213 HugePages_Total:     512
1777804323.206204213 HugePages_Free:      488
1777804323.206204213 HugePages_Rsvd:        0
1777804323.206204213 HugePages_Surp:        0
1777804323.206204213 Hugepagesize:       2048 kB
1777804323.206204213 Hugetlb:         1048576 kB
1777804324.216542606 MemTotal:        8124504 kB
1777804324.216542606 MemFree:         6328148 kB
1777804324.216542606 MemAvailable:    6649652 kB
1777804324.216542606 Buffers:           30420 kB
1777804324.216542606 Cached:           420860 kB
1777804324.216542606 SwapCached:            0 kB
1777804324.216542606 Active:           437540 kB
1777804324.216542606 Inactive:         111104 kB
1777804324.216542606 Active(anon):     102520 kB
1777804324.216542606 Inactive(anon):        0 kB
1777804324.216542606 Active(file):     335020 kB
1777804324.216542606 Inactive(file):   111104 kB
1777804324.216542606 Unevictable:           0 kB
1777804324.216542606 Mlocked:               0 kB
1777804324.216542606 SwapTotal:             0 kB
1777804324.216542606 SwapFree:              0 kB
1777804324.216542606 Zswap:                 0 kB
1777804324.216542606 Zswapped:              0 kB
1777804324.216542606 Dirty:               112 kB
1777804324.216542606 Writeback:             0 kB
1777804324.216542606 AnonPages:         97400 kB
1777804324.216542606 Mapped:           104124 kB
1777804324.216542606 Shmem:              5240 kB
1777804324.216542606 KReclaimable:      30280 kB
1777804324.216542606 Slab:             122220 kB
1777804324.216542606 SReclaimable:      30280 kB
1777804324.216542606 SUnreclaim:        91940 kB
1777804324.216542606 KernelStack:        3200 kB
1777804324.216542606 PageTables:         4228 kB
1777804324.216542606 SecPageTables:         0 kB
1777804324.216542606 NFS_Unstable:          0 kB
1777804324.216542606 Bounce:                0 kB
1777804324.216542606 WritebackTmp:          0 kB
1777804324.216542606 CommitLimit:     3537964 kB
1777804324.216542606 Committed_AS:     510468 kB
1777804324.216542606 VmallocTotal:   135288315904 kB
1777804324.216542606 VmallocUsed:       19620 kB
1777804324.216542606 VmallocChunk:          0 kB
1777804324.216542606 Percpu:             1504 kB
1777804324.216542606 AnonHugePages:         0 kB
1777804324.216542606 ShmemHugePages:        0 kB
1777804324.216542606 ShmemPmdMapped:        0 kB
1777804324.216542606 FileHugePages:         0 kB
1777804324.216542606 FilePmdMapped:         0 kB
1777804324.216542606 CmaTotal:          65536 kB
1777804324.216542606 CmaFree:           49104 kB
1777804324.216542606 Balloon:               0 kB
1777804324.216542606 HugePages_Total:     512
1777804324.216542606 HugePages_Free:      488
1777804324.216542606 HugePages_Rsvd:        0
1777804324.216542606 HugePages_Surp:        0
1777804324.216542606 Hugepagesize:       2048 kB
1777804324.216542606 Hugetlb:         1048576 kB
1777804325.225691081 MemTotal:        8124504 kB
1777804325.225691081 MemFree:         6321048 kB
1777804325.225691081 MemAvailable:    6642560 kB
1777804325.225691081 Buffers:           30420 kB
1777804325.225691081 Cached:           420868 kB
1777804325.225691081 SwapCached:            0 kB
1777804325.225691081 Active:           437376 kB
1777804325.225691081 Inactive:         111112 kB
1777804325.225691081 Active(anon):     102356 kB
1777804325.225691081 Inactive(anon):        0 kB
1777804325.225691081 Active(file):     335020 kB
1777804325.225691081 Inactive(file):   111112 kB
1777804325.225691081 Unevictable:           0 kB
1777804325.225691081 Mlocked:               0 kB
1777804325.225691081 SwapTotal:             0 kB
1777804325.225691081 SwapFree:              0 kB
1777804325.225691081 Zswap:                 0 kB
1777804325.225691081 Zswapped:              0 kB
1777804325.225691081 Dirty:               120 kB
1777804325.225691081 Writeback:             0 kB
1777804325.225691081 AnonPages:         97448 kB
1777804325.225691081 Mapped:           104124 kB
1777804325.225691081 Shmem:              5240 kB
1777804325.225691081 KReclaimable:      30280 kB
1777804325.225691081 Slab:             122212 kB
1777804325.225691081 SReclaimable:      30280 kB
1777804325.225691081 SUnreclaim:        91932 kB
1777804325.225691081 KernelStack:        3200 kB
1777804325.225691081 PageTables:         4188 kB
1777804325.225691081 SecPageTables:         0 kB
1777804325.225691081 NFS_Unstable:          0 kB
1777804325.225691081 Bounce:                0 kB
1777804325.225691081 WritebackTmp:          0 kB
1777804325.225691081 CommitLimit:     3537964 kB
1777804325.225691081 Committed_AS:     510468 kB
1777804325.225691081 VmallocTotal:   135288315904 kB
1777804325.225691081 VmallocUsed:       19620 kB
1777804325.225691081 VmallocChunk:          0 kB
1777804325.225691081 Percpu:             1504 kB
1777804325.225691081 AnonHugePages:         0 kB
1777804325.225691081 ShmemHugePages:        0 kB
1777804325.225691081 ShmemPmdMapped:        0 kB
1777804325.225691081 FileHugePages:         0 kB
1777804325.225691081 FilePmdMapped:         0 kB
1777804325.225691081 CmaTotal:          65536 kB
1777804325.225691081 CmaFree:           49104 kB
1777804325.225691081 Balloon:               0 kB
1777804325.225691081 HugePages_Total:     512
1777804325.225691081 HugePages_Free:      488
1777804325.225691081 HugePages_Rsvd:        0
1777804325.225691081 HugePages_Surp:        0
1777804325.225691081 Hugepagesize:       2048 kB
1777804325.225691081 Hugetlb:         1048576 kB
1777804326.234470492 MemTotal:        8124504 kB
1777804326.234470492 MemFree:         6323780 kB
1777804326.234470492 MemAvailable:    6645296 kB
1777804326.234470492 Buffers:           30420 kB
1777804326.234470492 Cached:           420872 kB
1777804326.234470492 SwapCached:            0 kB
1777804326.234470492 Active:           437432 kB
1777804326.234470492 Inactive:         111120 kB
1777804326.234470492 Active(anon):     102416 kB
1777804326.234470492 Inactive(anon):        0 kB
1777804326.234470492 Active(file):     335016 kB
1777804326.234470492 Inactive(file):   111120 kB
1777804326.234470492 Unevictable:           0 kB
1777804326.234470492 Mlocked:               0 kB
1777804326.234470492 SwapTotal:             0 kB
1777804326.234470492 SwapFree:              0 kB
1777804326.234470492 Zswap:                 0 kB
1777804326.234470492 Zswapped:              0 kB
1777804326.234470492 Dirty:               124 kB
1777804326.234470492 Writeback:             0 kB
1777804326.234470492 AnonPages:         97360 kB
1777804326.234470492 Mapped:           104124 kB
1777804326.234470492 Shmem:              5240 kB
1777804326.234470492 KReclaimable:      30280 kB
1777804326.234470492 Slab:             122340 kB
1777804326.234470492 SReclaimable:      30280 kB
1777804326.234470492 SUnreclaim:        92060 kB
1777804326.234470492 KernelStack:        3200 kB
1777804326.234470492 PageTables:         4220 kB
1777804326.234470492 SecPageTables:         0 kB
1777804326.234470492 NFS_Unstable:          0 kB
1777804326.234470492 Bounce:                0 kB
1777804326.234470492 WritebackTmp:          0 kB
1777804326.234470492 CommitLimit:     3537964 kB
1777804326.234470492 Committed_AS:     510468 kB
1777804326.234470492 VmallocTotal:   135288315904 kB
1777804326.234470492 VmallocUsed:       19604 kB
1777804326.234470492 VmallocChunk:          0 kB
1777804326.234470492 Percpu:             1504 kB
1777804326.234470492 AnonHugePages:         0 kB
1777804326.234470492 ShmemHugePages:        0 kB
1777804326.234470492 ShmemPmdMapped:        0 kB
1777804326.234470492 FileHugePages:         0 kB
1777804326.234470492 FilePmdMapped:         0 kB
1777804326.234470492 CmaTotal:          65536 kB
1777804326.234470492 CmaFree:           49104 kB
1777804326.234470492 Balloon:               0 kB
1777804326.234470492 HugePages_Total:     512
1777804326.234470492 HugePages_Free:      488
1777804326.234470492 HugePages_Rsvd:        0
1777804326.234470492 HugePages_Surp:        0
1777804326.234470492 Hugepagesize:       2048 kB
1777804326.234470492 Hugetlb:         1048576 kB
1777804327.243195327 MemTotal:        8124504 kB
1777804327.243195327 MemFree:         6325656 kB
1777804327.243195327 MemAvailable:    6647184 kB
1777804327.243195327 Buffers:           30420 kB
1777804327.243195327 Cached:           420876 kB
1777804327.243195327 SwapCached:            0 kB
1777804327.243195327 Active:           437472 kB
1777804327.243195327 Inactive:         111124 kB
1777804327.243195327 Active(anon):     102448 kB
1777804327.243195327 Inactive(anon):        0 kB
1777804327.243195327 Active(file):     335024 kB
1777804327.243195327 Inactive(file):   111124 kB
1777804327.243195327 Unevictable:           0 kB
1777804327.243195327 Mlocked:               0 kB
1777804327.243195327 SwapTotal:             0 kB
1777804327.243195327 SwapFree:              0 kB
1777804327.243195327 Zswap:                 0 kB
1777804327.243195327 Zswapped:              0 kB
1777804327.243195327 Dirty:               128 kB
1777804327.243195327 Writeback:             0 kB
1777804327.243195327 AnonPages:         97448 kB
1777804327.243195327 Mapped:           104164 kB
1777804327.243195327 Shmem:              5240 kB
1777804327.243195327 KReclaimable:      30280 kB
1777804327.243195327 Slab:             122392 kB
1777804327.243195327 SReclaimable:      30280 kB
1777804327.243195327 SUnreclaim:        92112 kB
1777804327.243195327 KernelStack:        3200 kB
1777804327.243195327 PageTables:         4188 kB
1777804327.243195327 SecPageTables:         0 kB
1777804327.243195327 NFS_Unstable:          0 kB
1777804327.243195327 Bounce:                0 kB
1777804327.243195327 WritebackTmp:          0 kB
1777804327.243195327 CommitLimit:     3537964 kB
1777804327.243195327 Committed_AS:     510468 kB
1777804327.243195327 VmallocTotal:   135288315904 kB
1777804327.243195327 VmallocUsed:       19588 kB
1777804327.243195327 VmallocChunk:          0 kB
1777804327.243195327 Percpu:             1504 kB
1777804327.243195327 AnonHugePages:         0 kB
1777804327.243195327 ShmemHugePages:        0 kB
1777804327.243195327 ShmemPmdMapped:        0 kB
1777804327.243195327 FileHugePages:         0 kB
1777804327.243195327 FilePmdMapped:         0 kB
1777804327.243195327 CmaTotal:          65536 kB
1777804327.243195327 CmaFree:           49104 kB
1777804327.243195327 Balloon:               0 kB
1777804327.243195327 HugePages_Total:     512
1777804327.243195327 HugePages_Free:      488
1777804327.243195327 HugePages_Rsvd:        0
1777804327.243195327 HugePages_Surp:        0
1777804327.243195327 Hugepagesize:       2048 kB
1777804327.243195327 Hugetlb:         1048576 kB
1777804328.252225502 MemTotal:        8124504 kB
1777804328.252225502 MemFree:         6318488 kB
1777804328.252225502 MemAvailable:    6640016 kB
1777804328.252225502 Buffers:           30424 kB
1777804328.252225502 Cached:           420876 kB
1777804328.252225502 SwapCached:            0 kB
1777804328.252225502 Active:           437424 kB
1777804328.252225502 Inactive:         111124 kB
1777804328.252225502 Active(anon):     102400 kB
1777804328.252225502 Inactive(anon):        0 kB
1777804328.252225502 Active(file):     335024 kB
1777804328.252225502 Inactive(file):   111124 kB
1777804328.252225502 Unevictable:           0 kB
1777804328.252225502 Mlocked:               0 kB
1777804328.252225502 SwapTotal:             0 kB
1777804328.252225502 SwapFree:              0 kB
1777804328.252225502 Zswap:                 0 kB
1777804328.252225502 Zswapped:              0 kB
1777804328.252225502 Dirty:               132 kB
1777804328.252225502 Writeback:             0 kB
1777804328.252225502 AnonPages:         97448 kB
1777804328.252225502 Mapped:           104124 kB
1777804328.252225502 Shmem:              5240 kB
1777804328.252225502 KReclaimable:      30280 kB
1777804328.252225502 Slab:             122300 kB
1777804328.252225502 SReclaimable:      30280 kB
1777804328.252225502 SUnreclaim:        92020 kB
1777804328.252225502 KernelStack:        3200 kB
1777804328.252225502 PageTables:         4184 kB
1777804328.252225502 SecPageTables:         0 kB
1777804328.252225502 NFS_Unstable:          0 kB
1777804328.252225502 Bounce:                0 kB
1777804328.252225502 WritebackTmp:          0 kB
1777804328.252225502 CommitLimit:     3537964 kB
1777804328.252225502 Committed_AS:     510468 kB
1777804328.252225502 VmallocTotal:   135288315904 kB
1777804328.252225502 VmallocUsed:       19620 kB
1777804328.252225502 VmallocChunk:          0 kB
1777804328.252225502 Percpu:             1504 kB
1777804328.252225502 AnonHugePages:         0 kB
1777804328.252225502 ShmemHugePages:        0 kB
1777804328.252225502 ShmemPmdMapped:        0 kB
1777804328.252225502 FileHugePages:         0 kB
1777804328.252225502 FilePmdMapped:         0 kB
1777804328.252225502 CmaTotal:          65536 kB
1777804328.252225502 CmaFree:           49104 kB
1777804328.252225502 Balloon:               0 kB
1777804328.252225502 HugePages_Total:     512
1777804328.252225502 HugePages_Free:      488
1777804328.252225502 HugePages_Rsvd:        0
1777804328.252225502 HugePages_Surp:        0
1777804328.252225502 Hugepagesize:       2048 kB
1777804328.252225502 Hugetlb:         1048576 kB
1777804329.262574470 MemTotal:        8124504 kB
1777804329.262574470 MemFree:         6320416 kB
1777804329.262574470 MemAvailable:    6641956 kB
1777804329.262574470 Buffers:           30428 kB
1777804329.262574470 Cached:           420884 kB
1777804329.262574470 SwapCached:            0 kB
1777804329.262574470 Active:           437572 kB
1777804329.262574470 Inactive:         111140 kB
1777804329.262574470 Active(anon):     102552 kB
1777804329.262574470 Inactive(anon):        0 kB
1777804329.262574470 Active(file):     335020 kB
1777804329.262574470 Inactive(file):   111140 kB
1777804329.262574470 Unevictable:           0 kB
1777804329.262574470 Mlocked:               0 kB
1777804329.262574470 SwapTotal:             0 kB
1777804329.262574470 SwapFree:              0 kB
1777804329.262574470 Zswap:                 0 kB
1777804329.262574470 Zswapped:              0 kB
1777804329.262574470 Dirty:               136 kB
1777804329.262574470 Writeback:             0 kB
1777804329.262574470 AnonPages:         97444 kB
1777804329.262574470 Mapped:           104164 kB
1777804329.262574470 Shmem:              5240 kB
1777804329.262574470 KReclaimable:      30280 kB
1777804329.262574470 Slab:             122388 kB
1777804329.262574470 SReclaimable:      30280 kB
1777804329.262574470 SUnreclaim:        92108 kB
1777804329.262574470 KernelStack:        3200 kB
1777804329.262574470 PageTables:         4200 kB
1777804329.262574470 SecPageTables:         0 kB
1777804329.262574470 NFS_Unstable:          0 kB
1777804329.262574470 Bounce:                0 kB
1777804329.262574470 WritebackTmp:          0 kB
1777804329.262574470 CommitLimit:     3537964 kB
1777804329.262574470 Committed_AS:     510468 kB
1777804329.262574470 VmallocTotal:   135288315904 kB
1777804329.262574470 VmallocUsed:       19620 kB
1777804329.262574470 VmallocChunk:          0 kB
1777804329.262574470 Percpu:             1504 kB
1777804329.262574470 AnonHugePages:         0 kB
1777804329.262574470 ShmemHugePages:        0 kB
1777804329.262574470 ShmemPmdMapped:        0 kB
1777804329.262574470 FileHugePages:         0 kB
1777804329.262574470 FilePmdMapped:         0 kB
1777804329.262574470 CmaTotal:          65536 kB
1777804329.262574470 CmaFree:           49104 kB
1777804329.262574470 Balloon:               0 kB
1777804329.262574470 HugePages_Total:     512
1777804329.262574470 HugePages_Free:      488
1777804329.262574470 HugePages_Rsvd:        0
1777804329.262574470 HugePages_Surp:        0
1777804329.262574470 Hugepagesize:       2048 kB
1777804329.262574470 Hugetlb:         1048576 kB
1777804330.271367510 MemTotal:        8124504 kB
1777804330.271367510 MemFree:         6324628 kB
1777804330.271367510 MemAvailable:    6646172 kB
1777804330.271367510 Buffers:           30428 kB
1777804330.271367510 Cached:           420888 kB
1777804330.271367510 SwapCached:            0 kB
1777804330.271367510 Active:           437552 kB
1777804330.271367510 Inactive:         111144 kB
1777804330.271367510 Active(anon):     102532 kB
1777804330.271367510 Inactive(anon):        0 kB
1777804330.271367510 Active(file):     335020 kB
1777804330.271367510 Inactive(file):   111144 kB
1777804330.271367510 Unevictable:           0 kB
1777804330.271367510 Mlocked:               0 kB
1777804330.271367510 SwapTotal:             0 kB
1777804330.271367510 SwapFree:              0 kB
1777804330.271367510 Zswap:                 0 kB
1777804330.271367510 Zswapped:              0 kB
1777804330.271367510 Dirty:               140 kB
1777804330.271367510 Writeback:             0 kB
1777804330.271367510 AnonPages:         97476 kB
1777804330.271367510 Mapped:           104124 kB
1777804330.271367510 Shmem:              5240 kB
1777804330.271367510 KReclaimable:      30280 kB
1777804330.271367510 Slab:             122224 kB
1777804330.271367510 SReclaimable:      30280 kB
1777804330.271367510 SUnreclaim:        91944 kB
1777804330.271367510 KernelStack:        3200 kB
1777804330.271367510 PageTables:         4248 kB
1777804330.271367510 SecPageTables:         0 kB
1777804330.271367510 NFS_Unstable:          0 kB
1777804330.271367510 Bounce:                0 kB
1777804330.271367510 WritebackTmp:          0 kB
1777804330.271367510 CommitLimit:     3537964 kB
1777804330.271367510 Committed_AS:     510468 kB
1777804330.271367510 VmallocTotal:   135288315904 kB
1777804330.271367510 VmallocUsed:       19588 kB
1777804330.271367510 VmallocChunk:          0 kB
1777804330.271367510 Percpu:             1504 kB
1777804330.271367510 AnonHugePages:         0 kB
1777804330.271367510 ShmemHugePages:        0 kB
1777804330.271367510 ShmemPmdMapped:        0 kB
1777804330.271367510 FileHugePages:         0 kB
1777804330.271367510 FilePmdMapped:         0 kB
1777804330.271367510 CmaTotal:          65536 kB
1777804330.271367510 CmaFree:           49104 kB
1777804330.271367510 Balloon:               0 kB
1777804330.271367510 HugePages_Total:     512
1777804330.271367510 HugePages_Free:      488
1777804330.271367510 HugePages_Rsvd:        0
1777804330.271367510 HugePages_Surp:        0
1777804330.271367510 Hugepagesize:       2048 kB
1777804330.271367510 Hugetlb:         1048576 kB
1777804331.279838135 MemTotal:        8124504 kB
1777804331.279838135 MemFree:         6325036 kB
1777804331.279838135 MemAvailable:    6646580 kB
1777804331.279838135 Buffers:           30428 kB
1777804331.279838135 Cached:           420892 kB
1777804331.279838135 SwapCached:            0 kB
1777804331.279838135 Active:           437536 kB
1777804331.279838135 Inactive:         111144 kB
1777804331.279838135 Active(anon):     102516 kB
1777804331.279838135 Inactive(anon):        0 kB
1777804331.279838135 Active(file):     335020 kB
1777804331.279838135 Inactive(file):   111144 kB
1777804331.279838135 Unevictable:           0 kB
1777804331.279838135 Mlocked:               0 kB
1777804331.279838135 SwapTotal:             0 kB
1777804331.279838135 SwapFree:              0 kB
1777804331.279838135 Zswap:                 0 kB
1777804331.279838135 Zswapped:              0 kB
1777804331.279838135 Dirty:               144 kB
1777804331.279838135 Writeback:             0 kB
1777804331.279838135 AnonPages:         97452 kB
1777804331.279838135 Mapped:           104164 kB
1777804331.279838135 Shmem:              5240 kB
1777804331.279838135 KReclaimable:      30280 kB
1777804331.279838135 Slab:             122308 kB
1777804331.279838135 SReclaimable:      30280 kB
1777804331.279838135 SUnreclaim:        92028 kB
1777804331.279838135 KernelStack:        3200 kB
1777804331.279838135 PageTables:         4192 kB
1777804331.279838135 SecPageTables:         0 kB
1777804331.279838135 NFS_Unstable:          0 kB
1777804331.279838135 Bounce:                0 kB
1777804331.279838135 WritebackTmp:          0 kB
1777804331.279838135 CommitLimit:     3537964 kB
1777804331.279838135 Committed_AS:     510468 kB
1777804331.279838135 VmallocTotal:   135288315904 kB
1777804331.279838135 VmallocUsed:       19620 kB
1777804331.279838135 VmallocChunk:          0 kB
1777804331.279838135 Percpu:             1504 kB
1777804331.279838135 AnonHugePages:         0 kB
1777804331.279838135 ShmemHugePages:        0 kB
1777804331.279838135 ShmemPmdMapped:        0 kB
1777804331.279838135 FileHugePages:         0 kB
1777804331.279838135 FilePmdMapped:         0 kB
1777804331.279838135 CmaTotal:          65536 kB
1777804331.279838135 CmaFree:           49104 kB
1777804331.279838135 Balloon:               0 kB
1777804331.279838135 HugePages_Total:     512
1777804331.279838135 HugePages_Free:      488
1777804331.279838135 HugePages_Rsvd:        0
1777804331.279838135 HugePages_Surp:        0
1777804331.279838135 Hugepagesize:       2048 kB
1777804331.279838135 Hugetlb:         1048576 kB
1777804332.287721579 MemTotal:        8124504 kB
1777804332.287721579 MemFree:         6319828 kB
1777804332.287721579 MemAvailable:    6641388 kB
1777804332.287721579 Buffers:           30428 kB
1777804332.287721579 Cached:           420904 kB
1777804332.287721579 SwapCached:            0 kB
1777804332.287721579 Active:           437408 kB
1777804332.287721579 Inactive:         111160 kB
1777804332.287721579 Active(anon):     102388 kB
1777804332.287721579 Inactive(anon):        0 kB
1777804332.287721579 Active(file):     335020 kB
1777804332.287721579 Inactive(file):   111160 kB
1777804332.287721579 Unevictable:           0 kB
1777804332.287721579 Mlocked:               0 kB
1777804332.287721579 SwapTotal:             0 kB
1777804332.287721579 SwapFree:              0 kB
1777804332.287721579 Zswap:                 0 kB
1777804332.287721579 Zswapped:              0 kB
1777804332.287721579 Dirty:               156 kB
1777804332.287721579 Writeback:             0 kB
1777804332.287721579 AnonPages:         97448 kB
1777804332.287721579 Mapped:           104124 kB
1777804332.287721579 Shmem:              5240 kB
1777804332.287721579 KReclaimable:      30280 kB
1777804332.287721579 Slab:             122348 kB
1777804332.287721579 SReclaimable:      30280 kB
1777804332.287721579 SUnreclaim:        92068 kB
1777804332.287721579 KernelStack:        3200 kB
1777804332.287721579 PageTables:         4184 kB
1777804332.287721579 SecPageTables:         0 kB
1777804332.287721579 NFS_Unstable:          0 kB
1777804332.287721579 Bounce:                0 kB
1777804332.287721579 WritebackTmp:          0 kB
1777804332.287721579 CommitLimit:     3537964 kB
1777804332.287721579 Committed_AS:     510468 kB
1777804332.287721579 VmallocTotal:   135288315904 kB
1777804332.287721579 VmallocUsed:       19620 kB
1777804332.287721579 VmallocChunk:          0 kB
1777804332.287721579 Percpu:             1504 kB
1777804332.287721579 AnonHugePages:         0 kB
1777804332.287721579 ShmemHugePages:        0 kB
1777804332.287721579 ShmemPmdMapped:        0 kB
1777804332.287721579 FileHugePages:         0 kB
1777804332.287721579 FilePmdMapped:         0 kB
1777804332.287721579 CmaTotal:          65536 kB
1777804332.287721579 CmaFree:           49104 kB
1777804332.287721579 Balloon:               0 kB
1777804332.287721579 HugePages_Total:     512
1777804332.287721579 HugePages_Free:      488
1777804332.287721579 HugePages_Rsvd:        0
1777804332.287721579 HugePages_Surp:        0
1777804332.287721579 Hugepagesize:       2048 kB
1777804332.287721579 Hugetlb:         1048576 kB
1777804333.296280836 MemTotal:        8124504 kB
1777804333.296280836 MemFree:         6323428 kB
1777804333.296280836 MemAvailable:    6644992 kB
1777804333.296280836 Buffers:           30432 kB
1777804333.296280836 Cached:           420900 kB
1777804333.296280836 SwapCached:            0 kB
1777804333.296280836 Active:           437400 kB
1777804333.296280836 Inactive:         111160 kB
1777804333.296280836 Active(anon):     102376 kB
1777804333.296280836 Inactive(anon):        0 kB
1777804333.296280836 Active(file):     335024 kB
1777804333.296280836 Inactive(file):   111160 kB
1777804333.296280836 Unevictable:           0 kB
1777804333.296280836 Mlocked:               0 kB
1777804333.296280836 SwapTotal:             0 kB
1777804333.296280836 SwapFree:              0 kB
1777804333.296280836 Zswap:                 0 kB
1777804333.296280836 Zswapped:              0 kB
1777804333.296280836 Dirty:               156 kB
1777804333.296280836 Writeback:             0 kB
1777804333.296280836 AnonPages:         97448 kB
1777804333.296280836 Mapped:           104164 kB
1777804333.296280836 Shmem:              5240 kB
1777804333.296280836 KReclaimable:      30280 kB
1777804333.296280836 Slab:             122228 kB
1777804333.296280836 SReclaimable:      30280 kB
1777804333.296280836 SUnreclaim:        91948 kB
1777804333.296280836 KernelStack:        3200 kB
1777804333.296280836 PageTables:         4192 kB
1777804333.296280836 SecPageTables:         0 kB
1777804333.296280836 NFS_Unstable:          0 kB
1777804333.296280836 Bounce:                0 kB
1777804333.296280836 WritebackTmp:          0 kB
1777804333.296280836 CommitLimit:     3537964 kB
1777804333.296280836 Committed_AS:     510468 kB
1777804333.296280836 VmallocTotal:   135288315904 kB
1777804333.296280836 VmallocUsed:       19620 kB
1777804333.296280836 VmallocChunk:          0 kB
1777804333.296280836 Percpu:             1504 kB
1777804333.296280836 AnonHugePages:         0 kB
1777804333.296280836 ShmemHugePages:        0 kB
1777804333.296280836 ShmemPmdMapped:        0 kB
1777804333.296280836 FileHugePages:         0 kB
1777804333.296280836 FilePmdMapped:         0 kB
1777804333.296280836 CmaTotal:          65536 kB
1777804333.296280836 CmaFree:           49104 kB
1777804333.296280836 Balloon:               0 kB
1777804333.296280836 HugePages_Total:     512
1777804333.296280836 HugePages_Free:      488
1777804333.296280836 HugePages_Rsvd:        0
1777804333.296280836 HugePages_Surp:        0
1777804333.296280836 Hugepagesize:       2048 kB
1777804333.296280836 Hugetlb:         1048576 kB
1777804334.306538769 MemTotal:        8124504 kB
1777804334.306538769 MemFree:         6328668 kB
1777804334.306538769 MemAvailable:    6650240 kB
1777804334.306538769 Buffers:           30436 kB
1777804334.306538769 Cached:           420908 kB
1777804334.306538769 SwapCached:            0 kB
1777804334.306538769 Active:           437400 kB
1777804334.306538769 Inactive:         111172 kB
1777804334.306538769 Active(anon):     102380 kB
1777804334.306538769 Inactive(anon):        0 kB
1777804334.306538769 Active(file):     335020 kB
1777804334.306538769 Inactive(file):   111172 kB
1777804334.306538769 Unevictable:           0 kB
1777804334.306538769 Mlocked:               0 kB
1777804334.306538769 SwapTotal:             0 kB
1777804334.306538769 SwapFree:              0 kB
1777804334.306538769 Zswap:                 0 kB
1777804334.306538769 Zswapped:              0 kB
1777804334.306538769 Dirty:                12 kB
1777804334.306538769 Writeback:             0 kB
1777804334.306538769 AnonPages:         97444 kB
1777804334.306538769 Mapped:           104164 kB
1777804334.306538769 Shmem:              5240 kB
1777804334.306538769 KReclaimable:      30280 kB
1777804334.306538769 Slab:             122324 kB
1777804334.306538769 SReclaimable:      30280 kB
1777804334.306538769 SUnreclaim:        92044 kB
1777804334.306538769 KernelStack:        3200 kB
1777804334.306538769 PageTables:         4192 kB
1777804334.306538769 SecPageTables:         0 kB
1777804334.306538769 NFS_Unstable:          0 kB
1777804334.306538769 Bounce:                0 kB
1777804334.306538769 WritebackTmp:          0 kB
1777804334.306538769 CommitLimit:     3537964 kB
1777804334.306538769 Committed_AS:     510468 kB
1777804334.306538769 VmallocTotal:   135288315904 kB
1777804334.306538769 VmallocUsed:       19604 kB
1777804334.306538769 VmallocChunk:          0 kB
1777804334.306538769 Percpu:             1504 kB
1777804334.306538769 AnonHugePages:         0 kB
1777804334.306538769 ShmemHugePages:        0 kB
1777804334.306538769 ShmemPmdMapped:        0 kB
1777804334.306538769 FileHugePages:         0 kB
1777804334.306538769 FilePmdMapped:         0 kB
1777804334.306538769 CmaTotal:          65536 kB
1777804334.306538769 CmaFree:           49104 kB
1777804334.306538769 Balloon:               0 kB
1777804334.306538769 HugePages_Total:     512
1777804334.306538769 HugePages_Free:      488
1777804334.306538769 HugePages_Rsvd:        0
1777804334.306538769 HugePages_Surp:        0
1777804334.306538769 Hugepagesize:       2048 kB
1777804334.306538769 Hugetlb:         1048576 kB
1777804335.314983524 MemTotal:        8124504 kB
1777804335.314983524 MemFree:         6320620 kB
1777804335.314983524 MemAvailable:    6642196 kB
1777804335.314983524 Buffers:           30436 kB
1777804335.314983524 Cached:           420912 kB
1777804335.314983524 SwapCached:            0 kB
1777804335.314983524 Active:           437432 kB
1777804335.314983524 Inactive:         111176 kB
1777804335.314983524 Active(anon):     102412 kB
1777804335.314983524 Inactive(anon):        0 kB
1777804335.314983524 Active(file):     335020 kB
1777804335.314983524 Inactive(file):   111176 kB
1777804335.314983524 Unevictable:           0 kB
1777804335.314983524 Mlocked:               0 kB
1777804335.314983524 SwapTotal:             0 kB
1777804335.314983524 SwapFree:              0 kB
1777804335.314983524 Zswap:                 0 kB
1777804335.314983524 Zswapped:              0 kB
1777804335.314983524 Dirty:                24 kB
1777804335.314983524 Writeback:             0 kB
1777804335.314983524 AnonPages:         97452 kB
1777804335.314983524 Mapped:           104164 kB
1777804335.314983524 Shmem:              5240 kB
1777804335.314983524 KReclaimable:      30280 kB
1777804335.314983524 Slab:             122348 kB
1777804335.314983524 SReclaimable:      30280 kB
1777804335.314983524 SUnreclaim:        92068 kB
1777804335.314983524 KernelStack:        3200 kB
1777804335.314983524 PageTables:         4192 kB
1777804335.314983524 SecPageTables:         0 kB
1777804335.314983524 NFS_Unstable:          0 kB
1777804335.314983524 Bounce:                0 kB
1777804335.314983524 WritebackTmp:          0 kB
1777804335.314983524 CommitLimit:     3537964 kB
1777804335.314983524 Committed_AS:     510468 kB
1777804335.314983524 VmallocTotal:   135288315904 kB
1777804335.314983524 VmallocUsed:       19604 kB
1777804335.314983524 VmallocChunk:          0 kB
1777804335.314983524 Percpu:             1504 kB
1777804335.314983524 AnonHugePages:         0 kB
1777804335.314983524 ShmemHugePages:        0 kB
1777804335.314983524 ShmemPmdMapped:        0 kB
1777804335.314983524 FileHugePages:         0 kB
1777804335.314983524 FilePmdMapped:         0 kB
1777804335.314983524 CmaTotal:          65536 kB
1777804335.314983524 CmaFree:           49104 kB
1777804335.314983524 Balloon:               0 kB
1777804335.314983524 HugePages_Total:     512
1777804335.314983524 HugePages_Free:      488
1777804335.314983524 HugePages_Rsvd:        0
1777804335.314983524 HugePages_Surp:        0
1777804335.314983524 Hugepagesize:       2048 kB
1777804335.314983524 Hugetlb:         1048576 kB
1777804336.322771054 MemTotal:        8124504 kB
1777804336.322771054 MemFree:         6320928 kB
1777804336.322771054 MemAvailable:    6642512 kB
1777804336.322771054 Buffers:           30436 kB
1777804336.322771054 Cached:           420916 kB
1777804336.322771054 SwapCached:            0 kB
1777804336.322771054 Active:           437460 kB
1777804336.322771054 Inactive:         111180 kB
1777804336.322771054 Active(anon):     102436 kB
1777804336.322771054 Inactive(anon):        0 kB
1777804336.322771054 Active(file):     335024 kB
1777804336.322771054 Inactive(file):   111180 kB
1777804336.322771054 Unevictable:           0 kB
1777804336.322771054 Mlocked:               0 kB
1777804336.322771054 SwapTotal:             0 kB
1777804336.322771054 SwapFree:              0 kB
1777804336.322771054 Zswap:                 0 kB
1777804336.322771054 Zswapped:              0 kB
1777804336.322771054 Dirty:                28 kB
1777804336.322771054 Writeback:             0 kB
1777804336.322771054 AnonPages:         97448 kB
1777804336.322771054 Mapped:           104124 kB
1777804336.322771054 Shmem:              5240 kB
1777804336.322771054 KReclaimable:      30280 kB
1777804336.322771054 Slab:             122212 kB
1777804336.322771054 SReclaimable:      30280 kB
1777804336.322771054 SUnreclaim:        91932 kB
1777804336.322771054 KernelStack:        3200 kB
1777804336.322771054 PageTables:         4196 kB
1777804336.322771054 SecPageTables:         0 kB
1777804336.322771054 NFS_Unstable:          0 kB
1777804336.322771054 Bounce:                0 kB
1777804336.322771054 WritebackTmp:          0 kB
1777804336.322771054 CommitLimit:     3537964 kB
1777804336.322771054 Committed_AS:     510468 kB
1777804336.322771054 VmallocTotal:   135288315904 kB
1777804336.322771054 VmallocUsed:       19620 kB
1777804336.322771054 VmallocChunk:          0 kB
1777804336.322771054 Percpu:             1504 kB
1777804336.322771054 AnonHugePages:         0 kB
1777804336.322771054 ShmemHugePages:        0 kB
1777804336.322771054 ShmemPmdMapped:        0 kB
1777804336.322771054 FileHugePages:         0 kB
1777804336.322771054 FilePmdMapped:         0 kB
1777804336.322771054 CmaTotal:          65536 kB
1777804336.322771054 CmaFree:           49104 kB
1777804336.322771054 Balloon:               0 kB
1777804336.322771054 HugePages_Total:     512
1777804336.322771054 HugePages_Free:      488
1777804336.322771054 HugePages_Rsvd:        0
1777804336.322771054 HugePages_Surp:        0
1777804336.322771054 Hugepagesize:       2048 kB
1777804336.322771054 Hugetlb:         1048576 kB
1777804337.331731534 MemTotal:        8124504 kB
1777804337.331731534 MemFree:         6323692 kB
1777804337.331731534 MemAvailable:    6645276 kB
1777804337.331731534 Buffers:           30436 kB
1777804337.331731534 Cached:           420920 kB
1777804337.331731534 SwapCached:            0 kB
1777804337.331731534 Active:           437252 kB
1777804337.331731534 Inactive:         111184 kB
1777804337.331731534 Active(anon):     102232 kB
1777804337.331731534 Inactive(anon):        0 kB
1777804337.331731534 Active(file):     335020 kB
1777804337.331731534 Inactive(file):   111184 kB
1777804337.331731534 Unevictable:           0 kB
1777804337.331731534 Mlocked:               0 kB
1777804337.331731534 SwapTotal:             0 kB
1777804337.331731534 SwapFree:              0 kB
1777804337.331731534 Zswap:                 0 kB
1777804337.331731534 Zswapped:              0 kB
1777804337.331731534 Dirty:                32 kB
1777804337.331731534 Writeback:             0 kB
1777804337.331731534 AnonPages:         97360 kB
1777804337.331731534 Mapped:           104232 kB
1777804337.331731534 Shmem:              5240 kB
1777804337.331731534 KReclaimable:      30280 kB
1777804337.331731534 Slab:             122396 kB
1777804337.331731534 SReclaimable:      30280 kB
1777804337.331731534 SUnreclaim:        92116 kB
1777804337.331731534 KernelStack:        3200 kB
1777804337.331731534 PageTables:         4236 kB
1777804337.331731534 SecPageTables:         0 kB
1777804337.331731534 NFS_Unstable:          0 kB
1777804337.331731534 Bounce:                0 kB
1777804337.331731534 WritebackTmp:          0 kB
1777804337.331731534 CommitLimit:     3537964 kB
1777804337.331731534 Committed_AS:     510468 kB
1777804337.331731534 VmallocTotal:   135288315904 kB
1777804337.331731534 VmallocUsed:       19604 kB
1777804337.331731534 VmallocChunk:          0 kB
1777804337.331731534 Percpu:             1504 kB
1777804337.331731534 AnonHugePages:         0 kB
1777804337.331731534 ShmemHugePages:        0 kB
1777804337.331731534 ShmemPmdMapped:        0 kB
1777804337.331731534 FileHugePages:         0 kB
1777804337.331731534 FilePmdMapped:         0 kB
1777804337.331731534 CmaTotal:          65536 kB
1777804337.331731534 CmaFree:           49104 kB
1777804337.331731534 Balloon:               0 kB
1777804337.331731534 HugePages_Total:     512
1777804337.331731534 HugePages_Free:      488
1777804337.331731534 HugePages_Rsvd:        0
1777804337.331731534 HugePages_Surp:        0
1777804337.331731534 Hugepagesize:       2048 kB
1777804337.331731534 Hugetlb:         1048576 kB
1777804338.340331456 MemTotal:        8124504 kB
1777804338.340331456 MemFree:         6325708 kB
1777804338.340331456 MemAvailable:    6647304 kB
1777804338.340331456 Buffers:           30440 kB
1777804338.340331456 Cached:           420920 kB
1777804338.340331456 SwapCached:            0 kB
1777804338.340331456 Active:           437416 kB
1777804338.340331456 Inactive:         111188 kB
1777804338.340331456 Active(anon):     102392 kB
1777804338.340331456 Inactive(anon):        0 kB
1777804338.340331456 Active(file):     335024 kB
1777804338.340331456 Inactive(file):   111188 kB
1777804338.340331456 Unevictable:           0 kB
1777804338.340331456 Mlocked:               0 kB
1777804338.340331456 SwapTotal:             0 kB
1777804338.340331456 SwapFree:              0 kB
1777804338.340331456 Zswap:                 0 kB
1777804338.340331456 Zswapped:              0 kB
1777804338.340331456 Dirty:                36 kB
1777804338.340331456 Writeback:             0 kB
1777804338.340331456 AnonPages:         97448 kB
1777804338.340331456 Mapped:           104164 kB
1777804338.340331456 Shmem:              5240 kB
1777804338.340331456 KReclaimable:      30284 kB
1777804338.340331456 Slab:             122316 kB
1777804338.340331456 SReclaimable:      30284 kB
1777804338.340331456 SUnreclaim:        92032 kB
1777804338.340331456 KernelStack:        3200 kB
1777804338.340331456 PageTables:         4204 kB
1777804338.340331456 SecPageTables:         0 kB
1777804338.340331456 NFS_Unstable:          0 kB
1777804338.340331456 Bounce:                0 kB
1777804338.340331456 WritebackTmp:          0 kB
1777804338.340331456 CommitLimit:     3537964 kB
1777804338.340331456 Committed_AS:     510468 kB
1777804338.340331456 VmallocTotal:   135288315904 kB
1777804338.340331456 VmallocUsed:       19620 kB
1777804338.340331456 VmallocChunk:          0 kB
1777804338.340331456 Percpu:             1504 kB
1777804338.340331456 AnonHugePages:         0 kB
1777804338.340331456 ShmemHugePages:        0 kB
1777804338.340331456 ShmemPmdMapped:        0 kB
1777804338.340331456 FileHugePages:         0 kB
1777804338.340331456 FilePmdMapped:         0 kB
1777804338.340331456 CmaTotal:          65536 kB
1777804338.340331456 CmaFree:           49104 kB
1777804338.340331456 Balloon:               0 kB
1777804338.340331456 HugePages_Total:     512
1777804338.340331456 HugePages_Free:      488
1777804338.340331456 HugePages_Rsvd:        0
1777804338.340331456 HugePages_Surp:        0
1777804338.340331456 Hugepagesize:       2048 kB
1777804338.340331456 Hugetlb:         1048576 kB
1777804339.350578740 MemTotal:        8124504 kB
1777804339.350578740 MemFree:         6318700 kB
1777804339.350578740 MemAvailable:    6640304 kB
1777804339.350578740 Buffers:           30444 kB
1777804339.350578740 Cached:           420932 kB
1777804339.350578740 SwapCached:            0 kB
1777804339.350578740 Active:           437484 kB
1777804339.350578740 Inactive:         111200 kB
1777804339.350578740 Active(anon):     102464 kB
1777804339.350578740 Inactive(anon):        0 kB
1777804339.350578740 Active(file):     335020 kB
1777804339.350578740 Inactive(file):   111200 kB
1777804339.350578740 Unevictable:           0 kB
1777804339.350578740 Mlocked:               0 kB
1777804339.350578740 SwapTotal:             0 kB
1777804339.350578740 SwapFree:              0 kB
1777804339.350578740 Zswap:                 0 kB
1777804339.350578740 Zswapped:              0 kB
1777804339.350578740 Dirty:                56 kB
1777804339.350578740 Writeback:             0 kB
1777804339.350578740 AnonPages:         97456 kB
1777804339.350578740 Mapped:           104164 kB
1777804339.350578740 Shmem:              5240 kB
1777804339.350578740 KReclaimable:      30284 kB
1777804339.350578740 Slab:             122408 kB
1777804339.350578740 SReclaimable:      30284 kB
1777804339.350578740 SUnreclaim:        92124 kB
1777804339.350578740 KernelStack:        3184 kB
1777804339.350578740 PageTables:         4280 kB
1777804339.350578740 SecPageTables:         0 kB
1777804339.350578740 NFS_Unstable:          0 kB
1777804339.350578740 Bounce:                0 kB
1777804339.350578740 WritebackTmp:          0 kB
1777804339.350578740 CommitLimit:     3537964 kB
1777804339.350578740 Committed_AS:     510468 kB
1777804339.350578740 VmallocTotal:   135288315904 kB
1777804339.350578740 VmallocUsed:       19620 kB
1777804339.350578740 VmallocChunk:          0 kB
1777804339.350578740 Percpu:             1504 kB
1777804339.350578740 AnonHugePages:         0 kB
1777804339.350578740 ShmemHugePages:        0 kB
1777804339.350578740 ShmemPmdMapped:        0 kB
1777804339.350578740 FileHugePages:         0 kB
1777804339.350578740 FilePmdMapped:         0 kB
1777804339.350578740 CmaTotal:          65536 kB
1777804339.350578740 CmaFree:           49104 kB
1777804339.350578740 Balloon:               0 kB
1777804339.350578740 HugePages_Total:     512
1777804339.350578740 HugePages_Free:      488
1777804339.350578740 HugePages_Rsvd:        0
1777804339.350578740 HugePages_Surp:        0
1777804339.350578740 Hugepagesize:       2048 kB
1777804339.350578740 Hugetlb:         1048576 kB
1777804340.359690887 MemTotal:        8124504 kB
1777804340.359690887 MemFree:         6322996 kB
1777804340.359690887 MemAvailable:    6644612 kB
1777804340.359690887 Buffers:           30444 kB
1777804340.359690887 Cached:           420940 kB
1777804340.359690887 SwapCached:            0 kB
1777804340.359690887 Active:           437380 kB
1777804340.359690887 Inactive:         111212 kB
1777804340.359690887 Active(anon):     102360 kB
1777804340.359690887 Inactive(anon):        0 kB
1777804340.359690887 Active(file):     335020 kB
1777804340.359690887 Inactive(file):   111212 kB
1777804340.359690887 Unevictable:           0 kB
1777804340.359690887 Mlocked:               0 kB
1777804340.359690887 SwapTotal:             0 kB
1777804340.359690887 SwapFree:              0 kB
1777804340.359690887 Zswap:                 0 kB
1777804340.359690887 Zswapped:              0 kB
1777804340.359690887 Dirty:                64 kB
1777804340.359690887 Writeback:             0 kB
1777804340.359690887 AnonPages:         97444 kB
1777804340.359690887 Mapped:           104124 kB
1777804340.359690887 Shmem:              5240 kB
1777804340.359690887 KReclaimable:      30284 kB
1777804340.359690887 Slab:             122396 kB
1777804340.359690887 SReclaimable:      30284 kB
1777804340.359690887 SUnreclaim:        92112 kB
1777804340.359690887 KernelStack:        3200 kB
1777804340.359690887 PageTables:         4184 kB
1777804340.359690887 SecPageTables:         0 kB
1777804340.359690887 NFS_Unstable:          0 kB
1777804340.359690887 Bounce:                0 kB
1777804340.359690887 WritebackTmp:          0 kB
1777804340.359690887 CommitLimit:     3537964 kB
1777804340.359690887 Committed_AS:     510468 kB
1777804340.359690887 VmallocTotal:   135288315904 kB
1777804340.359690887 VmallocUsed:       19620 kB
1777804340.359690887 VmallocChunk:          0 kB
1777804340.359690887 Percpu:             1504 kB
1777804340.359690887 AnonHugePages:         0 kB
1777804340.359690887 ShmemHugePages:        0 kB
1777804340.359690887 ShmemPmdMapped:        0 kB
1777804340.359690887 FileHugePages:         0 kB
1777804340.359690887 FilePmdMapped:         0 kB
1777804340.359690887 CmaTotal:          65536 kB
1777804340.359690887 CmaFree:           49104 kB
1777804340.359690887 Balloon:               0 kB
1777804340.359690887 HugePages_Total:     512
1777804340.359690887 HugePages_Free:      488
1777804340.359690887 HugePages_Rsvd:        0
1777804340.359690887 HugePages_Surp:        0
1777804340.359690887 Hugepagesize:       2048 kB
1777804340.359690887 Hugetlb:         1048576 kB
1777804341.368855887 MemTotal:        8124504 kB
1777804341.368855887 MemFree:         6325148 kB
1777804341.368855887 MemAvailable:    6646768 kB
1777804341.368855887 Buffers:           30444 kB
1777804341.368855887 Cached:           420944 kB
1777804341.368855887 SwapCached:            0 kB
1777804341.368855887 Active:           437396 kB
1777804341.368855887 Inactive:         111216 kB
1777804341.368855887 Active(anon):     102376 kB
1777804341.368855887 Inactive(anon):        0 kB
1777804341.368855887 Active(file):     335020 kB
1777804341.368855887 Inactive(file):   111216 kB
1777804341.368855887 Unevictable:           0 kB
1777804341.368855887 Mlocked:               0 kB
1777804341.368855887 SwapTotal:             0 kB
1777804341.368855887 SwapFree:              0 kB
1777804341.368855887 Zswap:                 0 kB
1777804341.368855887 Zswapped:              0 kB
1777804341.368855887 Dirty:                68 kB
1777804341.368855887 Writeback:             0 kB
1777804341.368855887 AnonPages:         97448 kB
1777804341.368855887 Mapped:           104124 kB
1777804341.368855887 Shmem:              5240 kB
1777804341.368855887 KReclaimable:      30284 kB
1777804341.368855887 Slab:             122368 kB
1777804341.368855887 SReclaimable:      30284 kB
1777804341.368855887 SUnreclaim:        92084 kB
1777804341.368855887 KernelStack:        3200 kB
1777804341.368855887 PageTables:         4192 kB
1777804341.368855887 SecPageTables:         0 kB
1777804341.368855887 NFS_Unstable:          0 kB
1777804341.368855887 Bounce:                0 kB
1777804341.368855887 WritebackTmp:          0 kB
1777804341.368855887 CommitLimit:     3537964 kB
1777804341.368855887 Committed_AS:     510468 kB
1777804341.368855887 VmallocTotal:   135288315904 kB
1777804341.368855887 VmallocUsed:       19604 kB
1777804341.368855887 VmallocChunk:          0 kB
1777804341.368855887 Percpu:             1504 kB
1777804341.368855887 AnonHugePages:         0 kB
1777804341.368855887 ShmemHugePages:        0 kB
1777804341.368855887 ShmemPmdMapped:        0 kB
1777804341.368855887 FileHugePages:         0 kB
1777804341.368855887 FilePmdMapped:         0 kB
1777804341.368855887 CmaTotal:          65536 kB
1777804341.368855887 CmaFree:           49104 kB
1777804341.368855887 Balloon:               0 kB
1777804341.368855887 HugePages_Total:     512
1777804341.368855887 HugePages_Free:      488
1777804341.368855887 HugePages_Rsvd:        0
1777804341.368855887 HugePages_Surp:        0
1777804341.368855887 Hugepagesize:       2048 kB
1777804341.368855887 Hugetlb:         1048576 kB
1777804342.377546569 MemTotal:        8124504 kB
1777804342.377546569 MemFree:         6319908 kB
1777804342.377546569 MemAvailable:    6641528 kB
1777804342.377546569 Buffers:           30444 kB
1777804342.377546569 Cached:           420944 kB
1777804342.377546569 SwapCached:            0 kB
1777804342.377546569 Active:           437376 kB
1777804342.377546569 Inactive:         111216 kB
1777804342.377546569 Active(anon):     102356 kB
1777804342.377546569 Inactive(anon):        0 kB
1777804342.377546569 Active(file):     335020 kB
1777804342.377546569 Inactive(file):   111216 kB
1777804342.377546569 Unevictable:           0 kB
1777804342.377546569 Mlocked:               0 kB
1777804342.377546569 SwapTotal:             0 kB
1777804342.377546569 SwapFree:              0 kB
1777804342.377546569 Zswap:                 0 kB
1777804342.377546569 Zswapped:              0 kB
1777804342.377546569 Dirty:                68 kB
1777804342.377546569 Writeback:             0 kB
1777804342.377546569 AnonPages:         97444 kB
1777804342.377546569 Mapped:           104164 kB
1777804342.377546569 Shmem:              5240 kB
1777804342.377546569 KReclaimable:      30284 kB
1777804342.377546569 Slab:             122224 kB
1777804342.377546569 SReclaimable:      30284 kB
1777804342.377546569 SUnreclaim:        91940 kB
1777804342.377546569 KernelStack:        3200 kB
1777804342.377546569 PageTables:         4188 kB
1777804342.377546569 SecPageTables:         0 kB
1777804342.377546569 NFS_Unstable:          0 kB
1777804342.377546569 Bounce:                0 kB
1777804342.377546569 WritebackTmp:          0 kB
1777804342.377546569 CommitLimit:     3537964 kB
1777804342.377546569 Committed_AS:     510468 kB
1777804342.377546569 VmallocTotal:   135288315904 kB
1777804342.377546569 VmallocUsed:       19620 kB
1777804342.377546569 VmallocChunk:          0 kB
1777804342.377546569 Percpu:             1504 kB
1777804342.377546569 AnonHugePages:         0 kB
1777804342.377546569 ShmemHugePages:        0 kB
1777804342.377546569 ShmemPmdMapped:        0 kB
1777804342.377546569 FileHugePages:         0 kB
1777804342.377546569 FilePmdMapped:         0 kB
1777804342.377546569 CmaTotal:          65536 kB
1777804342.377546569 CmaFree:           49104 kB
1777804342.377546569 Balloon:               0 kB
1777804342.377546569 HugePages_Total:     512
1777804342.377546569 HugePages_Free:      488
1777804342.377546569 HugePages_Rsvd:        0
1777804342.377546569 HugePages_Surp:        0
1777804342.377546569 Hugepagesize:       2048 kB
1777804342.377546569 Hugetlb:         1048576 kB
1777804343.385542100 MemTotal:        8124504 kB
1777804343.385542100 MemFree:         6321728 kB
1777804343.385542100 MemAvailable:    6643360 kB
1777804343.385542100 Buffers:           30448 kB
1777804343.385542100 Cached:           420948 kB
1777804343.385542100 SwapCached:            0 kB
1777804343.385542100 Active:           437416 kB
1777804343.385542100 Inactive:         111224 kB
1777804343.385542100 Active(anon):     102392 kB
1777804343.385542100 Inactive(anon):        0 kB
1777804343.385542100 Active(file):     335024 kB
1777804343.385542100 Inactive(file):   111224 kB
1777804343.385542100 Unevictable:           0 kB
1777804343.385542100 Mlocked:               0 kB
1777804343.385542100 SwapTotal:             0 kB
1777804343.385542100 SwapFree:              0 kB
1777804343.385542100 Zswap:                 0 kB
1777804343.385542100 Zswapped:              0 kB
1777804343.385542100 Dirty:                76 kB
1777804343.385542100 Writeback:             0 kB
1777804343.385542100 AnonPages:         97448 kB
1777804343.385542100 Mapped:           104124 kB
1777804343.385542100 Shmem:              5240 kB
1777804343.385542100 KReclaimable:      30284 kB
1777804343.385542100 Slab:             122236 kB
1777804343.385542100 SReclaimable:      30284 kB
1777804343.385542100 SUnreclaim:        91952 kB
1777804343.385542100 KernelStack:        3200 kB
1777804343.385542100 PageTables:         4196 kB
1777804343.385542100 SecPageTables:         0 kB
1777804343.385542100 NFS_Unstable:          0 kB
1777804343.385542100 Bounce:                0 kB
1777804343.385542100 WritebackTmp:          0 kB
1777804343.385542100 CommitLimit:     3537964 kB
1777804343.385542100 Committed_AS:     510468 kB
1777804343.385542100 VmallocTotal:   135288315904 kB
1777804343.385542100 VmallocUsed:       19604 kB
1777804343.385542100 VmallocChunk:          0 kB
1777804343.385542100 Percpu:             1504 kB
1777804343.385542100 AnonHugePages:         0 kB
1777804343.385542100 ShmemHugePages:        0 kB
1777804343.385542100 ShmemPmdMapped:        0 kB
1777804343.385542100 FileHugePages:         0 kB
1777804343.385542100 FilePmdMapped:         0 kB
1777804343.385542100 CmaTotal:          65536 kB
1777804343.385542100 CmaFree:           49104 kB
1777804343.385542100 Balloon:               0 kB
1777804343.385542100 HugePages_Total:     512
1777804343.385542100 HugePages_Free:      488
1777804343.385542100 HugePages_Rsvd:        0
1777804343.385542100 HugePages_Surp:        0
1777804343.385542100 Hugepagesize:       2048 kB
1777804343.385542100 Hugetlb:         1048576 kB
1777804344.394876841 MemTotal:        8124504 kB
1777804344.394876841 MemFree:         6324660 kB
1777804344.394876841 MemAvailable:    6646300 kB
1777804344.394876841 Buffers:           30452 kB
1777804344.394876841 Cached:           420952 kB
1777804344.394876841 SwapCached:            0 kB
1777804344.394876841 Active:           437524 kB
1777804344.394876841 Inactive:         111232 kB
1777804344.394876841 Active(anon):     102500 kB
1777804344.394876841 Inactive(anon):        0 kB
1777804344.394876841 Active(file):     335024 kB
1777804344.394876841 Inactive(file):   111232 kB
1777804344.394876841 Unevictable:           0 kB
1777804344.394876841 Mlocked:               0 kB
1777804344.394876841 SwapTotal:             0 kB
1777804344.394876841 SwapFree:              0 kB
1777804344.394876841 Zswap:                 0 kB
1777804344.394876841 Zswapped:              0 kB
1777804344.394876841 Dirty:                76 kB
1777804344.394876841 Writeback:             0 kB
1777804344.394876841 AnonPages:         97448 kB
1777804344.394876841 Mapped:           104124 kB
1777804344.394876841 Shmem:              5240 kB
1777804344.394876841 KReclaimable:      30284 kB
1777804344.394876841 Slab:             122288 kB
1777804344.394876841 SReclaimable:      30284 kB
1777804344.394876841 SUnreclaim:        92004 kB
1777804344.394876841 KernelStack:        3200 kB
1777804344.394876841 PageTables:         4192 kB
1777804344.394876841 SecPageTables:         0 kB
1777804344.394876841 NFS_Unstable:          0 kB
1777804344.394876841 Bounce:                0 kB
1777804344.394876841 WritebackTmp:          0 kB
1777804344.394876841 CommitLimit:     3537964 kB
1777804344.394876841 Committed_AS:     510468 kB
1777804344.394876841 VmallocTotal:   135288315904 kB
1777804344.394876841 VmallocUsed:       19620 kB
1777804344.394876841 VmallocChunk:          0 kB
1777804344.394876841 Percpu:             1504 kB
1777804344.394876841 AnonHugePages:         0 kB
1777804344.394876841 ShmemHugePages:        0 kB
1777804344.394876841 ShmemPmdMapped:        0 kB
1777804344.394876841 FileHugePages:         0 kB
1777804344.394876841 FilePmdMapped:         0 kB
1777804344.394876841 CmaTotal:          65536 kB
1777804344.394876841 CmaFree:           49104 kB
1777804344.394876841 Balloon:               0 kB
1777804344.394876841 HugePages_Total:     512
1777804344.394876841 HugePages_Free:      488
1777804344.394876841 HugePages_Rsvd:        0
1777804344.394876841 HugePages_Surp:        0
1777804344.394876841 Hugepagesize:       2048 kB
1777804344.394876841 Hugetlb:         1048576 kB
1777804345.403238059 MemTotal:        8124504 kB
1777804345.403238059 MemFree:         6319156 kB
1777804345.403238059 MemAvailable:    6640804 kB
1777804345.403238059 Buffers:           30452 kB
1777804345.403238059 Cached:           420956 kB
1777804345.403238059 SwapCached:            0 kB
1777804345.403238059 Active:           437564 kB
1777804345.403238059 Inactive:         111236 kB
1777804345.403238059 Active(anon):     102536 kB
1777804345.403238059 Inactive(anon):        0 kB
1777804345.403238059 Active(file):     335028 kB
1777804345.403238059 Inactive(file):   111236 kB
1777804345.403238059 Unevictable:           0 kB
1777804345.403238059 Mlocked:               0 kB
1777804345.403238059 SwapTotal:             0 kB
1777804345.403238059 SwapFree:              0 kB
1777804345.403238059 Zswap:                 0 kB
1777804345.403238059 Zswapped:              0 kB
1777804345.403238059 Dirty:                80 kB
1777804345.403238059 Writeback:             0 kB
1777804345.403238059 AnonPages:         97456 kB
1777804345.403238059 Mapped:           104308 kB
1777804345.403238059 Shmem:              5240 kB
1777804345.403238059 KReclaimable:      30284 kB
1777804345.403238059 Slab:             122448 kB
1777804345.403238059 SReclaimable:      30284 kB
1777804345.403238059 SUnreclaim:        92164 kB
1777804345.403238059 KernelStack:        3176 kB
1777804345.403238059 PageTables:         4312 kB
1777804345.403238059 SecPageTables:         0 kB
1777804345.403238059 NFS_Unstable:          0 kB
1777804345.403238059 Bounce:                0 kB
1777804345.403238059 WritebackTmp:          0 kB
1777804345.403238059 CommitLimit:     3537964 kB
1777804345.403238059 Committed_AS:     510468 kB
1777804345.403238059 VmallocTotal:   135288315904 kB
1777804345.403238059 VmallocUsed:       19588 kB
1777804345.403238059 VmallocChunk:          0 kB
1777804345.403238059 Percpu:             1504 kB
1777804345.403238059 AnonHugePages:         0 kB
1777804345.403238059 ShmemHugePages:        0 kB
1777804345.403238059 ShmemPmdMapped:        0 kB
1777804345.403238059 FileHugePages:         0 kB
1777804345.403238059 FilePmdMapped:         0 kB
1777804345.403238059 CmaTotal:          65536 kB
1777804345.403238059 CmaFree:           49104 kB
1777804345.403238059 Balloon:               0 kB
1777804345.403238059 HugePages_Total:     512
1777804345.403238059 HugePages_Free:      488
1777804345.403238059 HugePages_Rsvd:        0
1777804345.403238059 HugePages_Surp:        0
1777804345.403238059 Hugepagesize:       2048 kB
1777804345.403238059 Hugetlb:         1048576 kB
1777804346.411550739 MemTotal:        8124504 kB
1777804346.411550739 MemFree:         6321832 kB
1777804346.411550739 MemAvailable:    6643480 kB
1777804346.411550739 Buffers:           30452 kB
1777804346.411550739 Cached:           420968 kB
1777804346.411550739 SwapCached:            0 kB
1777804346.411550739 Active:           437412 kB
1777804346.411550739 Inactive:         111244 kB
1777804346.411550739 Active(anon):     102392 kB
1777804346.411550739 Inactive(anon):        0 kB
1777804346.411550739 Active(file):     335020 kB
1777804346.411550739 Inactive(file):   111244 kB
1777804346.411550739 Unevictable:           0 kB
1777804346.411550739 Mlocked:               0 kB
1777804346.411550739 SwapTotal:             0 kB
1777804346.411550739 SwapFree:              0 kB
1777804346.411550739 Zswap:                 0 kB
1777804346.411550739 Zswapped:              0 kB
1777804346.411550739 Dirty:                92 kB
1777804346.411550739 Writeback:             0 kB
1777804346.411550739 AnonPages:         97600 kB
1777804346.411550739 Mapped:           104256 kB
1777804346.411550739 Shmem:              5240 kB
1777804346.411550739 KReclaimable:      30284 kB
1777804346.411550739 Slab:             122444 kB
1777804346.411550739 SReclaimable:      30284 kB
1777804346.411550739 SUnreclaim:        92160 kB
1777804346.411550739 KernelStack:        3200 kB
1777804346.411550739 PageTables:         4484 kB
1777804346.411550739 SecPageTables:         0 kB
1777804346.411550739 NFS_Unstable:          0 kB
1777804346.411550739 Bounce:                0 kB
1777804346.411550739 WritebackTmp:          0 kB
1777804346.411550739 CommitLimit:     3537964 kB
1777804346.411550739 Committed_AS:     510468 kB
1777804346.411550739 VmallocTotal:   135288315904 kB
1777804346.411550739 VmallocUsed:       19620 kB
1777804346.411550739 VmallocChunk:          0 kB
1777804346.411550739 Percpu:             1504 kB
1777804346.411550739 AnonHugePages:         0 kB
1777804346.411550739 ShmemHugePages:        0 kB
1777804346.411550739 ShmemPmdMapped:        0 kB
1777804346.411550739 FileHugePages:         0 kB
1777804346.411550739 FilePmdMapped:         0 kB
1777804346.411550739 CmaTotal:          65536 kB
1777804346.411550739 CmaFree:           49104 kB
1777804346.411550739 Balloon:               0 kB
1777804346.411550739 HugePages_Total:     512
1777804346.411550739 HugePages_Free:      488
1777804346.411550739 HugePages_Rsvd:        0
1777804346.411550739 HugePages_Surp:        0
1777804346.411550739 Hugepagesize:       2048 kB
1777804346.411550739 Hugetlb:         1048576 kB
1777804347.420755554 MemTotal:        8124504 kB
1777804347.420755554 MemFree:         6323420 kB
1777804347.420755554 MemAvailable:    6645072 kB
1777804347.420755554 Buffers:           30452 kB
1777804347.420755554 Cached:           420968 kB
1777804347.420755554 SwapCached:            0 kB
1777804347.420755554 Active:           437620 kB
1777804347.420755554 Inactive:         111248 kB
1777804347.420755554 Active(anon):     102600 kB
1777804347.420755554 Inactive(anon):        0 kB
1777804347.420755554 Active(file):     335020 kB
1777804347.420755554 Inactive(file):   111248 kB
1777804347.420755554 Unevictable:           0 kB
1777804347.420755554 Mlocked:               0 kB
1777804347.420755554 SwapTotal:             0 kB
1777804347.420755554 SwapFree:              0 kB
1777804347.420755554 Zswap:                 0 kB
1777804347.420755554 Zswapped:              0 kB
1777804347.420755554 Dirty:                92 kB
1777804347.420755554 Writeback:             0 kB
1777804347.420755554 AnonPages:         97652 kB
1777804347.420755554 Mapped:           104080 kB
1777804347.420755554 Shmem:              5240 kB
1777804347.420755554 KReclaimable:      30284 kB
1777804347.420755554 Slab:             122320 kB
1777804347.420755554 SReclaimable:      30284 kB
1777804347.420755554 SUnreclaim:        92036 kB
1777804347.420755554 KernelStack:        3224 kB
1777804347.420755554 PageTables:         4924 kB
1777804347.420755554 SecPageTables:         0 kB
1777804347.420755554 NFS_Unstable:          0 kB
1777804347.420755554 Bounce:                0 kB
1777804347.420755554 WritebackTmp:          0 kB
1777804347.420755554 CommitLimit:     3537964 kB
1777804347.420755554 Committed_AS:     509872 kB
1777804347.420755554 VmallocTotal:   135288315904 kB
1777804347.420755554 VmallocUsed:       19652 kB
1777804347.420755554 VmallocChunk:          0 kB
1777804347.420755554 Percpu:             1504 kB
1777804347.420755554 AnonHugePages:         0 kB
1777804347.420755554 ShmemHugePages:        0 kB
1777804347.420755554 ShmemPmdMapped:        0 kB
1777804347.420755554 FileHugePages:         0 kB
1777804347.420755554 FilePmdMapped:         0 kB
1777804347.420755554 CmaTotal:          65536 kB
1777804347.420755554 CmaFree:           49104 kB
1777804347.420755554 Balloon:               0 kB
1777804347.420755554 HugePages_Total:     512
1777804347.420755554 HugePages_Free:      488
1777804347.420755554 HugePages_Rsvd:        0
1777804347.420755554 HugePages_Surp:        0
1777804347.420755554 Hugepagesize:       2048 kB
1777804347.420755554 Hugetlb:         1048576 kB
1777804348.430443149 MemTotal:        8124504 kB
1777804348.430443149 MemFree:         6326896 kB
1777804348.430443149 MemAvailable:    6648556 kB
1777804348.430443149 Buffers:           30456 kB
1777804348.430443149 Cached:           420972 kB
1777804348.430443149 SwapCached:            0 kB
1777804348.430443149 Active:           437580 kB
1777804348.430443149 Inactive:         111256 kB
1777804348.430443149 Active(anon):     102560 kB
1777804348.430443149 Inactive(anon):        0 kB
1777804348.430443149 Active(file):     335020 kB
1777804348.430443149 Inactive(file):   111256 kB
1777804348.430443149 Unevictable:           0 kB
1777804348.430443149 Mlocked:               0 kB
1777804348.430443149 SwapTotal:             0 kB
1777804348.430443149 SwapFree:              0 kB
1777804348.430443149 Zswap:                 0 kB
1777804348.430443149 Zswapped:              0 kB
1777804348.430443149 Dirty:               100 kB
1777804348.430443149 Writeback:             0 kB
1777804348.430443149 AnonPages:         97452 kB
1777804348.430443149 Mapped:           104164 kB
1777804348.430443149 Shmem:              5240 kB
1777804348.430443149 KReclaimable:      30284 kB
1777804348.430443149 Slab:             122264 kB
1777804348.430443149 SReclaimable:      30284 kB
1777804348.430443149 SUnreclaim:        91980 kB
1777804348.430443149 KernelStack:        3200 kB
1777804348.430443149 PageTables:         4200 kB
1777804348.430443149 SecPageTables:         0 kB
1777804348.430443149 NFS_Unstable:          0 kB
1777804348.430443149 Bounce:                0 kB
1777804348.430443149 WritebackTmp:          0 kB
1777804348.430443149 CommitLimit:     3537964 kB
1777804348.430443149 Committed_AS:     510468 kB
1777804348.430443149 VmallocTotal:   135288315904 kB
1777804348.430443149 VmallocUsed:       19604 kB
1777804348.430443149 VmallocChunk:          0 kB
1777804348.430443149 Percpu:             1504 kB
1777804348.430443149 AnonHugePages:         0 kB
1777804348.430443149 ShmemHugePages:        0 kB
1777804348.430443149 ShmemPmdMapped:        0 kB
1777804348.430443149 FileHugePages:         0 kB
1777804348.430443149 FilePmdMapped:         0 kB
1777804348.430443149 CmaTotal:          65536 kB
1777804348.430443149 CmaFree:           49104 kB
1777804348.430443149 Balloon:               0 kB
1777804348.430443149 HugePages_Total:     512
1777804348.430443149 HugePages_Free:      488
1777804348.430443149 HugePages_Rsvd:        0
1777804348.430443149 HugePages_Surp:        0
1777804348.430443149 Hugepagesize:       2048 kB
1777804348.430443149 Hugetlb:         1048576 kB
1777804349.440605506 MemTotal:        8124504 kB
1777804349.440605506 MemFree:         6320348 kB
1777804349.440605506 MemAvailable:    6642024 kB
1777804349.440605506 Buffers:           30460 kB
1777804349.440605506 Cached:           420980 kB
1777804349.440605506 SwapCached:            0 kB
1777804349.440605506 Active:           437368 kB
1777804349.440605506 Inactive:         111268 kB
1777804349.440605506 Active(anon):     102344 kB
1777804349.440605506 Inactive(anon):        0 kB
1777804349.440605506 Active(file):     335024 kB
1777804349.440605506 Inactive(file):   111268 kB
1777804349.440605506 Unevictable:           0 kB
1777804349.440605506 Mlocked:               0 kB
1777804349.440605506 SwapTotal:             0 kB
1777804349.440605506 SwapFree:              0 kB
1777804349.440605506 Zswap:                 0 kB
1777804349.440605506 Zswapped:              0 kB
1777804349.440605506 Dirty:               104 kB
1777804349.440605506 Writeback:             0 kB
1777804349.440605506 AnonPages:         97376 kB
1777804349.440605506 Mapped:           104124 kB
1777804349.440605506 Shmem:              5240 kB
1777804349.440605506 KReclaimable:      30284 kB
1777804349.440605506 Slab:             122268 kB
1777804349.440605506 SReclaimable:      30284 kB
1777804349.440605506 SUnreclaim:        91984 kB
1777804349.440605506 KernelStack:        3200 kB
1777804349.440605506 PageTables:         4208 kB
1777804349.440605506 SecPageTables:         0 kB
1777804349.440605506 NFS_Unstable:          0 kB
1777804349.440605506 Bounce:                0 kB
1777804349.440605506 WritebackTmp:          0 kB
1777804349.440605506 CommitLimit:     3537964 kB
1777804349.440605506 Committed_AS:     510468 kB
1777804349.440605506 VmallocTotal:   135288315904 kB
1777804349.440605506 VmallocUsed:       19604 kB
1777804349.440605506 VmallocChunk:          0 kB
1777804349.440605506 Percpu:             1504 kB
1777804349.440605506 AnonHugePages:         0 kB
1777804349.440605506 ShmemHugePages:        0 kB
1777804349.440605506 ShmemPmdMapped:        0 kB
1777804349.440605506 FileHugePages:         0 kB
1777804349.440605506 FilePmdMapped:         0 kB
1777804349.440605506 CmaTotal:          65536 kB
1777804349.440605506 CmaFree:           49104 kB
1777804349.440605506 Balloon:               0 kB
1777804349.440605506 HugePages_Total:     512
1777804349.440605506 HugePages_Free:      488
1777804349.440605506 HugePages_Rsvd:        0
1777804349.440605506 HugePages_Surp:        0
1777804349.440605506 Hugepagesize:       2048 kB
1777804349.440605506 Hugetlb:         1048576 kB
1777804350.448837112 MemTotal:        8124504 kB
1777804350.448837112 MemFree:         6321864 kB
1777804350.448837112 MemAvailable:    6643536 kB
1777804350.448837112 Buffers:           30460 kB
1777804350.448837112 Cached:           420980 kB
1777804350.448837112 SwapCached:            0 kB
1777804350.448837112 Active:           437400 kB
1777804350.448837112 Inactive:         111268 kB
1777804350.448837112 Active(anon):     102380 kB
1777804350.448837112 Inactive(anon):        0 kB
1777804350.448837112 Active(file):     335020 kB
1777804350.448837112 Inactive(file):   111268 kB
1777804350.448837112 Unevictable:           0 kB
1777804350.448837112 Mlocked:               0 kB
1777804350.448837112 SwapTotal:             0 kB
1777804350.448837112 SwapFree:              0 kB
1777804350.448837112 Zswap:                 0 kB
1777804350.448837112 Zswapped:              0 kB
1777804350.448837112 Dirty:               104 kB
1777804350.448837112 Writeback:             0 kB
1777804350.448837112 AnonPages:         97452 kB
1777804350.448837112 Mapped:           104124 kB
1777804350.448837112 Shmem:              5240 kB
1777804350.448837112 KReclaimable:      30284 kB
1777804350.448837112 Slab:             122256 kB
1777804350.448837112 SReclaimable:      30284 kB
1777804350.448837112 SUnreclaim:        91972 kB
1777804350.448837112 KernelStack:        3200 kB
1777804350.448837112 PageTables:         4188 kB
1777804350.448837112 SecPageTables:         0 kB
1777804350.448837112 NFS_Unstable:          0 kB
1777804350.448837112 Bounce:                0 kB
1777804350.448837112 WritebackTmp:          0 kB
1777804350.448837112 CommitLimit:     3537964 kB
1777804350.448837112 Committed_AS:     510468 kB
1777804350.448837112 VmallocTotal:   135288315904 kB
1777804350.448837112 VmallocUsed:       19604 kB
1777804350.448837112 VmallocChunk:          0 kB
1777804350.448837112 Percpu:             1504 kB
1777804350.448837112 AnonHugePages:         0 kB
1777804350.448837112 ShmemHugePages:        0 kB
1777804350.448837112 ShmemPmdMapped:        0 kB
1777804350.448837112 FileHugePages:         0 kB
1777804350.448837112 FilePmdMapped:         0 kB
1777804350.448837112 CmaTotal:          65536 kB
1777804350.448837112 CmaFree:           49104 kB
1777804350.448837112 Balloon:               0 kB
1777804350.448837112 HugePages_Total:     512
1777804350.448837112 HugePages_Free:      488
1777804350.448837112 HugePages_Rsvd:        0
1777804350.448837112 HugePages_Surp:        0
1777804350.448837112 Hugepagesize:       2048 kB
1777804350.448837112 Hugetlb:         1048576 kB
1777804351.457032291 MemTotal:        8124504 kB
1777804351.457032291 MemFree:         6323408 kB
1777804351.457032291 MemAvailable:    6645088 kB
1777804351.457032291 Buffers:           30460 kB
1777804351.457032291 Cached:           420988 kB
1777804351.457032291 SwapCached:            0 kB
1777804351.457032291 Active:           437548 kB
1777804351.457032291 Inactive:         111272 kB
1777804351.457032291 Active(anon):     102524 kB
1777804351.457032291 Inactive(anon):        0 kB
1777804351.457032291 Active(file):     335024 kB
1777804351.457032291 Inactive(file):   111272 kB
1777804351.457032291 Unevictable:           0 kB
1777804351.457032291 Mlocked:               0 kB
1777804351.457032291 SwapTotal:             0 kB
1777804351.457032291 SwapFree:              0 kB
1777804351.457032291 Zswap:                 0 kB
1777804351.457032291 Zswapped:              0 kB
1777804351.457032291 Dirty:               112 kB
1777804351.457032291 Writeback:             0 kB
1777804351.457032291 AnonPages:         97408 kB
1777804351.457032291 Mapped:           104164 kB
1777804351.457032291 Shmem:              5240 kB
1777804351.457032291 KReclaimable:      30284 kB
1777804351.457032291 Slab:             122360 kB
1777804351.457032291 SReclaimable:      30284 kB
1777804351.457032291 SUnreclaim:        92076 kB
1777804351.457032291 KernelStack:        3200 kB
1777804351.457032291 PageTables:         4268 kB
1777804351.457032291 SecPageTables:         0 kB
1777804351.457032291 NFS_Unstable:          0 kB
1777804351.457032291 Bounce:                0 kB
1777804351.457032291 WritebackTmp:          0 kB
1777804351.457032291 CommitLimit:     3537964 kB
1777804351.457032291 Committed_AS:     510468 kB
1777804351.457032291 VmallocTotal:   135288315904 kB
1777804351.457032291 VmallocUsed:       19604 kB
1777804351.457032291 VmallocChunk:          0 kB
1777804351.457032291 Percpu:             1504 kB
1777804351.457032291 AnonHugePages:         0 kB
1777804351.457032291 ShmemHugePages:        0 kB
1777804351.457032291 ShmemPmdMapped:        0 kB
1777804351.457032291 FileHugePages:         0 kB
1777804351.457032291 FilePmdMapped:         0 kB
1777804351.457032291 CmaTotal:          65536 kB
1777804351.457032291 CmaFree:           49104 kB
1777804351.457032291 Balloon:               0 kB
1777804351.457032291 HugePages_Total:     512
1777804351.457032291 HugePages_Free:      488
1777804351.457032291 HugePages_Rsvd:        0
1777804351.457032291 HugePages_Surp:        0
1777804351.457032291 Hugepagesize:       2048 kB
1777804351.457032291 Hugetlb:         1048576 kB
1777804352.465212156 MemTotal:        8124504 kB
1777804352.465212156 MemFree:         6316804 kB
1777804352.465212156 MemAvailable:    6638488 kB
1777804352.465212156 Buffers:           30460 kB
1777804352.465212156 Cached:           420988 kB
1777804352.465212156 SwapCached:            0 kB
1777804352.465212156 Active:           437488 kB
1777804352.465212156 Inactive:         111276 kB
1777804352.465212156 Active(anon):     102464 kB
1777804352.465212156 Inactive(anon):        0 kB
1777804352.465212156 Active(file):     335024 kB
1777804352.465212156 Inactive(file):   111276 kB
1777804352.465212156 Unevictable:           0 kB
1777804352.465212156 Mlocked:               0 kB
1777804352.465212156 SwapTotal:             0 kB
1777804352.465212156 SwapFree:              0 kB
1777804352.465212156 Zswap:                 0 kB
1777804352.465212156 Zswapped:              0 kB
1777804352.465212156 Dirty:               112 kB
1777804352.465212156 Writeback:             0 kB
1777804352.465212156 AnonPages:         97444 kB
1777804352.465212156 Mapped:           104164 kB
1777804352.465212156 Shmem:              5240 kB
1777804352.465212156 KReclaimable:      30284 kB
1777804352.465212156 Slab:             122376 kB
1777804352.465212156 SReclaimable:      30284 kB
1777804352.465212156 SUnreclaim:        92092 kB
1777804352.465212156 KernelStack:        3200 kB
1777804352.465212156 PageTables:         4188 kB
1777804352.465212156 SecPageTables:         0 kB
1777804352.465212156 NFS_Unstable:          0 kB
1777804352.465212156 Bounce:                0 kB
1777804352.465212156 WritebackTmp:          0 kB
1777804352.465212156 CommitLimit:     3537964 kB
1777804352.465212156 Committed_AS:     510468 kB
1777804352.465212156 VmallocTotal:   135288315904 kB
1777804352.465212156 VmallocUsed:       19620 kB
1777804352.465212156 VmallocChunk:          0 kB
1777804352.465212156 Percpu:             1504 kB
1777804352.465212156 AnonHugePages:         0 kB
1777804352.465212156 ShmemHugePages:        0 kB
1777804352.465212156 ShmemPmdMapped:        0 kB
1777804352.465212156 FileHugePages:         0 kB
1777804352.465212156 FilePmdMapped:         0 kB
1777804352.465212156 CmaTotal:          65536 kB
1777804352.465212156 CmaFree:           49104 kB
1777804352.465212156 Balloon:               0 kB
1777804352.465212156 HugePages_Total:     512
1777804352.465212156 HugePages_Free:      488
1777804352.465212156 HugePages_Rsvd:        0
1777804352.465212156 HugePages_Surp:        0
1777804352.465212156 Hugepagesize:       2048 kB
1777804352.465212156 Hugetlb:         1048576 kB
1777804353.473363465 MemTotal:        8124504 kB
1777804353.473363465 MemFree:         6321100 kB
1777804353.473363465 MemAvailable:    6642792 kB
1777804353.473363465 Buffers:           30464 kB
1777804353.473363465 Cached:           420996 kB
1777804353.473363465 SwapCached:            0 kB
1777804353.473363465 Active:           437540 kB
1777804353.473363465 Inactive:         111284 kB
1777804353.473363465 Active(anon):     102516 kB
1777804353.473363465 Inactive(anon):        0 kB
1777804353.473363465 Active(file):     335024 kB
1777804353.473363465 Inactive(file):   111284 kB
1777804353.473363465 Unevictable:           0 kB
1777804353.473363465 Mlocked:               0 kB
1777804353.473363465 SwapTotal:             0 kB
1777804353.473363465 SwapFree:              0 kB
1777804353.473363465 Zswap:                 0 kB
1777804353.473363465 Zswapped:              0 kB
1777804353.473363465 Dirty:               124 kB
1777804353.473363465 Writeback:             0 kB
1777804353.473363465 AnonPages:         97532 kB
1777804353.473363465 Mapped:           104164 kB
1777804353.473363465 Shmem:              5240 kB
1777804353.473363465 KReclaimable:      30284 kB
1777804353.473363465 Slab:             122356 kB
1777804353.473363465 SReclaimable:      30284 kB
1777804353.473363465 SUnreclaim:        92072 kB
1777804353.473363465 KernelStack:        3200 kB
1777804353.473363465 PageTables:         4220 kB
1777804353.473363465 SecPageTables:         0 kB
1777804353.473363465 NFS_Unstable:          0 kB
1777804353.473363465 Bounce:                0 kB
1777804353.473363465 WritebackTmp:          0 kB
1777804353.473363465 CommitLimit:     3537964 kB
1777804353.473363465 Committed_AS:     510468 kB
1777804353.473363465 VmallocTotal:   135288315904 kB
1777804353.473363465 VmallocUsed:       19572 kB
1777804353.473363465 VmallocChunk:          0 kB
1777804353.473363465 Percpu:             1504 kB
1777804353.473363465 AnonHugePages:         0 kB
1777804353.473363465 ShmemHugePages:        0 kB
1777804353.473363465 ShmemPmdMapped:        0 kB
1777804353.473363465 FileHugePages:         0 kB
1777804353.473363465 FilePmdMapped:         0 kB
1777804353.473363465 CmaTotal:          65536 kB
1777804353.473363465 CmaFree:           49104 kB
1777804353.473363465 Balloon:               0 kB
1777804353.473363465 HugePages_Total:     512
1777804353.473363465 HugePages_Free:      488
1777804353.473363465 HugePages_Rsvd:        0
1777804353.473363465 HugePages_Surp:        0
1777804353.473363465 Hugepagesize:       2048 kB
1777804353.473363465 Hugetlb:         1048576 kB
1777804354.482738003 MemTotal:        8124504 kB
1777804354.482738003 MemFree:         6323324 kB
1777804354.482738003 MemAvailable:    6645032 kB
1777804354.482738003 Buffers:           30468 kB
1777804354.482738003 Cached:           421008 kB
1777804354.482738003 SwapCached:            0 kB
1777804354.482738003 Active:           437592 kB
1777804354.482738003 Inactive:         111300 kB
1777804354.482738003 Active(anon):     102568 kB
1777804354.482738003 Inactive(anon):        0 kB
1777804354.482738003 Active(file):     335024 kB
1777804354.482738003 Inactive(file):   111300 kB
1777804354.482738003 Unevictable:           0 kB
1777804354.482738003 Mlocked:               0 kB
1777804354.482738003 SwapTotal:             0 kB
1777804354.482738003 SwapFree:              0 kB
1777804354.482738003 Zswap:                 0 kB
1777804354.482738003 Zswapped:              0 kB
1777804354.482738003 Dirty:               132 kB
1777804354.482738003 Writeback:             0 kB
1777804354.482738003 AnonPages:         97440 kB
1777804354.482738003 Mapped:           104164 kB
1777804354.482738003 Shmem:              5240 kB
1777804354.482738003 KReclaimable:      30284 kB
1777804354.482738003 Slab:             122280 kB
1777804354.482738003 SReclaimable:      30284 kB
1777804354.482738003 SUnreclaim:        91996 kB
1777804354.482738003 KernelStack:        3200 kB
1777804354.482738003 PageTables:         4192 kB
1777804354.482738003 SecPageTables:         0 kB
1777804354.482738003 NFS_Unstable:          0 kB
1777804354.482738003 Bounce:                0 kB
1777804354.482738003 WritebackTmp:          0 kB
1777804354.482738003 CommitLimit:     3537964 kB
1777804354.482738003 Committed_AS:     510468 kB
1777804354.482738003 VmallocTotal:   135288315904 kB
1777804354.482738003 VmallocUsed:       19604 kB
1777804354.482738003 VmallocChunk:          0 kB
1777804354.482738003 Percpu:             1504 kB
1777804354.482738003 AnonHugePages:         0 kB
1777804354.482738003 ShmemHugePages:        0 kB
1777804354.482738003 ShmemPmdMapped:        0 kB
1777804354.482738003 FileHugePages:         0 kB
1777804354.482738003 FilePmdMapped:         0 kB
1777804354.482738003 CmaTotal:          65536 kB
1777804354.482738003 CmaFree:           49104 kB
1777804354.482738003 Balloon:               0 kB
1777804354.482738003 HugePages_Total:     512
1777804354.482738003 HugePages_Free:      488
1777804354.482738003 HugePages_Rsvd:        0
1777804354.482738003 HugePages_Surp:        0
1777804354.482738003 Hugepagesize:       2048 kB
1777804354.482738003 Hugetlb:         1048576 kB
1777804355.490764200 MemTotal:        8124504 kB
1777804355.490764200 MemFree:         6325148 kB
1777804355.490764200 MemAvailable:    6646856 kB
1777804355.490764200 Buffers:           30468 kB
1777804355.490764200 Cached:           421008 kB
1777804355.490764200 SwapCached:            0 kB
1777804355.490764200 Active:           437528 kB
1777804355.490764200 Inactive:         111304 kB
1777804355.490764200 Active(anon):     102508 kB
1777804355.490764200 Inactive(anon):        0 kB
1777804355.490764200 Active(file):     335020 kB
1777804355.490764200 Inactive(file):   111304 kB
1777804355.490764200 Unevictable:           0 kB
1777804355.490764200 Mlocked:               0 kB
1777804355.490764200 SwapTotal:             0 kB
1777804355.490764200 SwapFree:              0 kB
1777804355.490764200 Zswap:                 0 kB
1777804355.490764200 Zswapped:              0 kB
1777804355.490764200 Dirty:               132 kB
1777804355.490764200 Writeback:             0 kB
1777804355.490764200 AnonPages:         97436 kB
1777804355.490764200 Mapped:           104124 kB
1777804355.490764200 Shmem:              5240 kB
1777804355.490764200 KReclaimable:      30284 kB
1777804355.490764200 Slab:             122312 kB
1777804355.490764200 SReclaimable:      30284 kB
1777804355.490764200 SUnreclaim:        92028 kB
1777804355.490764200 KernelStack:        3168 kB
1777804355.490764200 PageTables:         4216 kB
1777804355.490764200 SecPageTables:         0 kB
1777804355.490764200 NFS_Unstable:          0 kB
1777804355.490764200 Bounce:                0 kB
1777804355.490764200 WritebackTmp:          0 kB
1777804355.490764200 CommitLimit:     3537964 kB
1777804355.490764200 Committed_AS:     510468 kB
1777804355.490764200 VmallocTotal:   135288315904 kB
1777804355.490764200 VmallocUsed:       19604 kB
1777804355.490764200 VmallocChunk:          0 kB
1777804355.490764200 Percpu:             1504 kB
1777804355.490764200 AnonHugePages:         0 kB
1777804355.490764200 ShmemHugePages:        0 kB
1777804355.490764200 ShmemPmdMapped:        0 kB
1777804355.490764200 FileHugePages:         0 kB
1777804355.490764200 FilePmdMapped:         0 kB
1777804355.490764200 CmaTotal:          65536 kB
1777804355.490764200 CmaFree:           49104 kB
1777804355.490764200 Balloon:               0 kB
1777804355.490764200 HugePages_Total:     512
1777804355.490764200 HugePages_Free:      488
1777804355.490764200 HugePages_Rsvd:        0
1777804355.490764200 HugePages_Surp:        0
1777804355.490764200 Hugepagesize:       2048 kB
1777804355.490764200 Hugetlb:         1048576 kB
1777804356.498731045 MemTotal:        8124504 kB
1777804356.498731045 MemFree:         6321392 kB
1777804356.498731045 MemAvailable:    6643108 kB
1777804356.498731045 Buffers:           30468 kB
1777804356.498731045 Cached:           421012 kB
1777804356.498731045 SwapCached:            0 kB
1777804356.498731045 Active:           437472 kB
1777804356.498731045 Inactive:         111308 kB
1777804356.498731045 Active(anon):     102448 kB
1777804356.498731045 Inactive(anon):        0 kB
1777804356.498731045 Active(file):     335024 kB
1777804356.498731045 Inactive(file):   111308 kB
1777804356.498731045 Unevictable:           0 kB
1777804356.498731045 Mlocked:               0 kB
1777804356.498731045 SwapTotal:             0 kB
1777804356.498731045 SwapFree:              0 kB
1777804356.498731045 Zswap:                 0 kB
1777804356.498731045 Zswapped:              0 kB
1777804356.498731045 Dirty:               136 kB
1777804356.498731045 Writeback:             0 kB
1777804356.498731045 AnonPages:         97448 kB
1777804356.498731045 Mapped:           104124 kB
1777804356.498731045 Shmem:              5240 kB
1777804356.498731045 KReclaimable:      30284 kB
1777804356.498731045 Slab:             122336 kB
1777804356.498731045 SReclaimable:      30284 kB
1777804356.498731045 SUnreclaim:        92052 kB
1777804356.498731045 KernelStack:        3200 kB
1777804356.498731045 PageTables:         4180 kB
1777804356.498731045 SecPageTables:         0 kB
1777804356.498731045 NFS_Unstable:          0 kB
1777804356.498731045 Bounce:                0 kB
1777804356.498731045 WritebackTmp:          0 kB
1777804356.498731045 CommitLimit:     3537964 kB
1777804356.498731045 Committed_AS:     510468 kB
1777804356.498731045 VmallocTotal:   135288315904 kB
1777804356.498731045 VmallocUsed:       19588 kB
1777804356.498731045 VmallocChunk:          0 kB
1777804356.498731045 Percpu:             1504 kB
1777804356.498731045 AnonHugePages:         0 kB
1777804356.498731045 ShmemHugePages:        0 kB
1777804356.498731045 ShmemPmdMapped:        0 kB
1777804356.498731045 FileHugePages:         0 kB
1777804356.498731045 FilePmdMapped:         0 kB
1777804356.498731045 CmaTotal:          65536 kB
1777804356.498731045 CmaFree:           49104 kB
1777804356.498731045 Balloon:               0 kB
1777804356.498731045 HugePages_Total:     512
1777804356.498731045 HugePages_Free:      488
1777804356.498731045 HugePages_Rsvd:        0
1777804356.498731045 HugePages_Surp:        0
1777804356.498731045 Hugepagesize:       2048 kB
1777804356.498731045 Hugetlb:         1048576 kB
1777804357.506894651 MemTotal:        8124504 kB
1777804357.506894651 MemFree:         6320796 kB
1777804357.506894651 MemAvailable:    6642512 kB
1777804357.506894651 Buffers:           30468 kB
1777804357.506894651 Cached:           421016 kB
1777804357.506894651 SwapCached:            0 kB
1777804357.506894651 Active:           437460 kB
1777804357.506894651 Inactive:         111312 kB
1777804357.506894651 Active(anon):     102440 kB
1777804357.506894651 Inactive(anon):        0 kB
1777804357.506894651 Active(file):     335020 kB
1777804357.506894651 Inactive(file):   111312 kB
1777804357.506894651 Unevictable:           0 kB
1777804357.506894651 Mlocked:               0 kB
1777804357.506894651 SwapTotal:             0 kB
1777804357.506894651 SwapFree:              0 kB
1777804357.506894651 Zswap:                 0 kB
1777804357.506894651 Zswapped:              0 kB
1777804357.506894651 Dirty:               140 kB
1777804357.506894651 Writeback:             0 kB
1777804357.506894651 AnonPages:         97444 kB
1777804357.506894651 Mapped:           104124 kB
1777804357.506894651 Shmem:              5240 kB
1777804357.506894651 KReclaimable:      30284 kB
1777804357.506894651 Slab:             122316 kB
1777804357.506894651 SReclaimable:      30284 kB
1777804357.506894651 SUnreclaim:        92032 kB
1777804357.506894651 KernelStack:        3184 kB
1777804357.506894651 PageTables:         4204 kB
1777804357.506894651 SecPageTables:         0 kB
1777804357.506894651 NFS_Unstable:          0 kB
1777804357.506894651 Bounce:                0 kB
1777804357.506894651 WritebackTmp:          0 kB
1777804357.506894651 CommitLimit:     3537964 kB
1777804357.506894651 Committed_AS:     510468 kB
1777804357.506894651 VmallocTotal:   135288315904 kB
1777804357.506894651 VmallocUsed:       19588 kB
1777804357.506894651 VmallocChunk:          0 kB
1777804357.506894651 Percpu:             1504 kB
1777804357.506894651 AnonHugePages:         0 kB
1777804357.506894651 ShmemHugePages:        0 kB
1777804357.506894651 ShmemPmdMapped:        0 kB
1777804357.506894651 FileHugePages:         0 kB
1777804357.506894651 FilePmdMapped:         0 kB
1777804357.506894651 CmaTotal:          65536 kB
1777804357.506894651 CmaFree:           49104 kB
1777804357.506894651 Balloon:               0 kB
1777804357.506894651 HugePages_Total:     512
1777804357.506894651 HugePages_Free:      488
1777804357.506894651 HugePages_Rsvd:        0
1777804357.506894651 HugePages_Surp:        0
1777804357.506894651 Hugepagesize:       2048 kB
1777804357.506894651 Hugetlb:         1048576 kB
1777804358.514670902 MemTotal:        8124504 kB
1777804358.514670902 MemFree:         6322564 kB
1777804358.514670902 MemAvailable:    6644280 kB
1777804358.514670902 Buffers:           30472 kB
1777804358.514670902 Cached:           421016 kB
1777804358.514670902 SwapCached:            0 kB
1777804358.514670902 Active:           437360 kB
1777804358.514670902 Inactive:         111312 kB
1777804358.514670902 Active(anon):     102340 kB
1777804358.514670902 Inactive(anon):        0 kB
1777804358.514670902 Active(file):     335020 kB
1777804358.514670902 Inactive(file):   111312 kB
1777804358.514670902 Unevictable:           0 kB
1777804358.514670902 Mlocked:               0 kB
1777804358.514670902 SwapTotal:             0 kB
1777804358.514670902 SwapFree:              0 kB
1777804358.514670902 Zswap:                 0 kB
1777804358.514670902 Zswapped:              0 kB
1777804358.514670902 Dirty:               144 kB
1777804358.514670902 Writeback:             0 kB
1777804358.514670902 AnonPages:         97448 kB
1777804358.514670902 Mapped:           104124 kB
1777804358.514670902 Shmem:              5240 kB
1777804358.514670902 KReclaimable:      30284 kB
1777804358.514670902 Slab:             122240 kB
1777804358.514670902 SReclaimable:      30284 kB
1777804358.514670902 SUnreclaim:        91956 kB
1777804358.514670902 KernelStack:        3200 kB
1777804358.514670902 PageTables:         4188 kB
1777804358.514670902 SecPageTables:         0 kB
1777804358.514670902 NFS_Unstable:          0 kB
1777804358.514670902 Bounce:                0 kB
1777804358.514670902 WritebackTmp:          0 kB
1777804358.514670902 CommitLimit:     3537964 kB
1777804358.514670902 Committed_AS:     510468 kB
1777804358.514670902 VmallocTotal:   135288315904 kB
1777804358.514670902 VmallocUsed:       19604 kB
1777804358.514670902 VmallocChunk:          0 kB
1777804358.514670902 Percpu:             1504 kB
1777804358.514670902 AnonHugePages:         0 kB
1777804358.514670902 ShmemHugePages:        0 kB
1777804358.514670902 ShmemPmdMapped:        0 kB
1777804358.514670902 FileHugePages:         0 kB
1777804358.514670902 FilePmdMapped:         0 kB
1777804358.514670902 CmaTotal:          65536 kB
1777804358.514670902 CmaFree:           49104 kB
1777804358.514670902 Balloon:               0 kB
1777804358.514670902 HugePages_Total:     512
1777804358.514670902 HugePages_Free:      488
1777804358.514670902 HugePages_Rsvd:        0
1777804358.514670902 HugePages_Surp:        0
1777804358.514670902 Hugepagesize:       2048 kB
1777804358.514670902 Hugetlb:         1048576 kB
1777804359.524386349 MemTotal:        8124504 kB
1777804359.524386349 MemFree:         6323340 kB
1777804359.524386349 MemAvailable:    6645072 kB
1777804359.524386349 Buffers:           30476 kB
1777804359.524386349 Cached:           421024 kB
1777804359.524386349 SwapCached:            0 kB
1777804359.524386349 Active:           437508 kB
1777804359.524386349 Inactive:         111328 kB
1777804359.524386349 Active(anon):     102488 kB
1777804359.524386349 Inactive(anon):        0 kB
1777804359.524386349 Active(file):     335020 kB
1777804359.524386349 Inactive(file):   111328 kB
1777804359.524386349 Unevictable:           0 kB
1777804359.524386349 Mlocked:               0 kB
1777804359.524386349 SwapTotal:             0 kB
1777804359.524386349 SwapFree:              0 kB
1777804359.524386349 Zswap:                 0 kB
1777804359.524386349 Zswapped:              0 kB
1777804359.524386349 Dirty:               148 kB
1777804359.524386349 Writeback:             0 kB
1777804359.524386349 AnonPages:         97568 kB
1777804359.524386349 Mapped:           104164 kB
1777804359.524386349 Shmem:              5240 kB
1777804359.524386349 KReclaimable:      30284 kB
1777804359.524386349 Slab:             122368 kB
1777804359.524386349 SReclaimable:      30284 kB
1777804359.524386349 SUnreclaim:        92084 kB
1777804359.524386349 KernelStack:        3216 kB
1777804359.524386349 PageTables:         4248 kB
1777804359.524386349 SecPageTables:         0 kB
1777804359.524386349 NFS_Unstable:          0 kB
1777804359.524386349 Bounce:                0 kB
1777804359.524386349 WritebackTmp:          0 kB
1777804359.524386349 CommitLimit:     3537964 kB
1777804359.524386349 Committed_AS:     510468 kB
1777804359.524386349 VmallocTotal:   135288315904 kB
1777804359.524386349 VmallocUsed:       19604 kB
1777804359.524386349 VmallocChunk:          0 kB
1777804359.524386349 Percpu:             1504 kB
1777804359.524386349 AnonHugePages:         0 kB
1777804359.524386349 ShmemHugePages:        0 kB
1777804359.524386349 ShmemPmdMapped:        0 kB
1777804359.524386349 FileHugePages:         0 kB
1777804359.524386349 FilePmdMapped:         0 kB
1777804359.524386349 CmaTotal:          65536 kB
1777804359.524386349 CmaFree:           49104 kB
1777804359.524386349 Balloon:               0 kB
1777804359.524386349 HugePages_Total:     512
1777804359.524386349 HugePages_Free:      488
1777804359.524386349 HugePages_Rsvd:        0
1777804359.524386349 HugePages_Surp:        0
1777804359.524386349 Hugepagesize:       2048 kB
1777804359.524386349 Hugetlb:         1048576 kB
1777804360.532543288 MemTotal:        8124504 kB
1777804360.532543288 MemFree:         6326472 kB
1777804360.532543288 MemAvailable:    6648212 kB
1777804360.532543288 Buffers:           30476 kB
1777804360.532543288 Cached:           421036 kB
1777804360.532543288 SwapCached:            0 kB
1777804360.532543288 Active:           437444 kB
1777804360.532543288 Inactive:         111336 kB
1777804360.532543288 Active(anon):     102424 kB
1777804360.532543288 Inactive(anon):        0 kB
1777804360.532543288 Active(file):     335020 kB
1777804360.532543288 Inactive(file):   111336 kB
1777804360.532543288 Unevictable:           0 kB
1777804360.532543288 Mlocked:               0 kB
1777804360.532543288 SwapTotal:             0 kB
1777804360.532543288 SwapFree:              0 kB
1777804360.532543288 Zswap:                 0 kB
1777804360.532543288 Zswapped:              0 kB
1777804360.532543288 Dirty:               160 kB
1777804360.532543288 Writeback:             0 kB
1777804360.532543288 AnonPages:         97452 kB
1777804360.532543288 Mapped:           104164 kB
1777804360.532543288 Shmem:              5240 kB
1777804360.532543288 KReclaimable:      30288 kB
1777804360.532543288 Slab:             122292 kB
1777804360.532543288 SReclaimable:      30288 kB
1777804360.532543288 SUnreclaim:        92004 kB
1777804360.532543288 KernelStack:        3200 kB
1777804360.532543288 PageTables:         4184 kB
1777804360.532543288 SecPageTables:         0 kB
1777804360.532543288 NFS_Unstable:          0 kB
1777804360.532543288 Bounce:                0 kB
1777804360.532543288 WritebackTmp:          0 kB
1777804360.532543288 CommitLimit:     3537964 kB
1777804360.532543288 Committed_AS:     510468 kB
1777804360.532543288 VmallocTotal:   135288315904 kB
1777804360.532543288 VmallocUsed:       19620 kB
1777804360.532543288 VmallocChunk:          0 kB
1777804360.532543288 Percpu:             1504 kB
1777804360.532543288 AnonHugePages:         0 kB
1777804360.532543288 ShmemHugePages:        0 kB
1777804360.532543288 ShmemPmdMapped:        0 kB
1777804360.532543288 FileHugePages:         0 kB
1777804360.532543288 FilePmdMapped:         0 kB
1777804360.532543288 CmaTotal:          65536 kB
1777804360.532543288 CmaFree:           49104 kB
1777804360.532543288 Balloon:               0 kB
1777804360.532543288 HugePages_Total:     512
1777804360.532543288 HugePages_Free:      488
1777804360.532543288 HugePages_Rsvd:        0
1777804360.532543288 HugePages_Surp:        0
1777804360.532543288 Hugepagesize:       2048 kB
1777804360.532543288 Hugetlb:         1048576 kB
1777804361.541026988 MemTotal:        8124504 kB
1777804361.541026988 MemFree:         6319580 kB
1777804361.541026988 MemAvailable:    6641328 kB
1777804361.541026988 Buffers:           30476 kB
1777804361.541026988 Cached:           421036 kB
1777804361.541026988 SwapCached:            0 kB
1777804361.541026988 Active:           437472 kB
1777804361.541026988 Inactive:         111340 kB
1777804361.541026988 Active(anon):     102448 kB
1777804361.541026988 Inactive(anon):        0 kB
1777804361.541026988 Active(file):     335024 kB
1777804361.541026988 Inactive(file):   111340 kB
1777804361.541026988 Unevictable:           0 kB
1777804361.541026988 Mlocked:               0 kB
1777804361.541026988 SwapTotal:             0 kB
1777804361.541026988 SwapFree:              0 kB
1777804361.541026988 Zswap:                 0 kB
1777804361.541026988 Zswapped:              0 kB
1777804361.541026988 Dirty:               160 kB
1777804361.541026988 Writeback:             0 kB
1777804361.541026988 AnonPages:         97440 kB
1777804361.541026988 Mapped:           104100 kB
1777804361.541026988 Shmem:              5240 kB
1777804361.541026988 KReclaimable:      30288 kB
1777804361.541026988 Slab:             122256 kB
1777804361.541026988 SReclaimable:      30288 kB
1777804361.541026988 SUnreclaim:        91968 kB
1777804361.541026988 KernelStack:        3200 kB
1777804361.541026988 PageTables:         4244 kB
1777804361.541026988 SecPageTables:         0 kB
1777804361.541026988 NFS_Unstable:          0 kB
1777804361.541026988 Bounce:                0 kB
1777804361.541026988 WritebackTmp:          0 kB
1777804361.541026988 CommitLimit:     3537964 kB
1777804361.541026988 Committed_AS:     510468 kB
1777804361.541026988 VmallocTotal:   135288315904 kB
1777804361.541026988 VmallocUsed:       19620 kB
1777804361.541026988 VmallocChunk:          0 kB
1777804361.541026988 Percpu:             1504 kB
1777804361.541026988 AnonHugePages:         0 kB
1777804361.541026988 ShmemHugePages:        0 kB
1777804361.541026988 ShmemPmdMapped:        0 kB
1777804361.541026988 FileHugePages:         0 kB
1777804361.541026988 FilePmdMapped:         0 kB
1777804361.541026988 CmaTotal:          65536 kB
1777804361.541026988 CmaFree:           49104 kB
1777804361.541026988 Balloon:               0 kB
1777804361.541026988 HugePages_Total:     512
1777804361.541026988 HugePages_Free:      488
1777804361.541026988 HugePages_Rsvd:        0
1777804361.541026988 HugePages_Surp:        0
1777804361.541026988 Hugepagesize:       2048 kB
1777804361.541026988 Hugetlb:         1048576 kB
1777804362.549495817 MemTotal:        8124504 kB
1777804362.549495817 MemFree:         6321104 kB
1777804362.549495817 MemAvailable:    6642852 kB
1777804362.549495817 Buffers:           30476 kB
1777804362.549495817 Cached:           421044 kB
1777804362.549495817 SwapCached:            0 kB
1777804362.549495817 Active:           437568 kB
1777804362.549495817 Inactive:         111344 kB
1777804362.549495817 Active(anon):     102548 kB
1777804362.549495817 Inactive(anon):        0 kB
1777804362.549495817 Active(file):     335020 kB
1777804362.549495817 Inactive(file):   111344 kB
1777804362.549495817 Unevictable:           0 kB
1777804362.549495817 Mlocked:               0 kB
1777804362.549495817 SwapTotal:             0 kB
1777804362.549495817 SwapFree:              0 kB
1777804362.549495817 Zswap:                 0 kB
1777804362.549495817 Zswapped:              0 kB
1777804362.549495817 Dirty:               168 kB
1777804362.549495817 Writeback:             0 kB
1777804362.549495817 AnonPages:         97448 kB
1777804362.549495817 Mapped:           104164 kB
1777804362.549495817 Shmem:              5240 kB
1777804362.549495817 KReclaimable:      30288 kB
1777804362.549495817 Slab:             122368 kB
1777804362.549495817 SReclaimable:      30288 kB
1777804362.549495817 SUnreclaim:        92080 kB
1777804362.549495817 KernelStack:        3200 kB
1777804362.549495817 PageTables:         4192 kB
1777804362.549495817 SecPageTables:         0 kB
1777804362.549495817 NFS_Unstable:          0 kB
1777804362.549495817 Bounce:                0 kB
1777804362.549495817 WritebackTmp:          0 kB
1777804362.549495817 CommitLimit:     3537964 kB
1777804362.549495817 Committed_AS:     510468 kB
1777804362.549495817 VmallocTotal:   135288315904 kB
1777804362.549495817 VmallocUsed:       19620 kB
1777804362.549495817 VmallocChunk:          0 kB
1777804362.549495817 Percpu:             1504 kB
1777804362.549495817 AnonHugePages:         0 kB
1777804362.549495817 ShmemHugePages:        0 kB
1777804362.549495817 ShmemPmdMapped:        0 kB
1777804362.549495817 FileHugePages:         0 kB
1777804362.549495817 FilePmdMapped:         0 kB
1777804362.549495817 CmaTotal:          65536 kB
1777804362.549495817 CmaFree:           49104 kB
1777804362.549495817 Balloon:               0 kB
1777804362.549495817 HugePages_Total:     512
1777804362.549495817 HugePages_Free:      488
1777804362.549495817 HugePages_Rsvd:        0
1777804362.549495817 HugePages_Surp:        0
1777804362.549495817 Hugepagesize:       2048 kB
1777804362.549495817 Hugetlb:         1048576 kB
1777804363.557727201 MemTotal:        8124504 kB
1777804363.557727201 MemFree:         6322484 kB
1777804363.557727201 MemAvailable:    6644236 kB
1777804363.557727201 Buffers:           30480 kB
1777804363.557727201 Cached:           421040 kB
1777804363.557727201 SwapCached:            0 kB
1777804363.557727201 Active:           437520 kB
1777804363.557727201 Inactive:         111348 kB
1777804363.557727201 Active(anon):     102500 kB
1777804363.557727201 Inactive(anon):        0 kB
1777804363.557727201 Active(file):     335020 kB
1777804363.557727201 Inactive(file):   111348 kB
1777804363.557727201 Unevictable:           0 kB
1777804363.557727201 Mlocked:               0 kB
1777804363.557727201 SwapTotal:             0 kB
1777804363.557727201 SwapFree:              0 kB
1777804363.557727201 Zswap:                 0 kB
1777804363.557727201 Zswapped:              0 kB
1777804363.557727201 Dirty:               168 kB
1777804363.557727201 Writeback:             0 kB
1777804363.557727201 AnonPages:         97444 kB
1777804363.557727201 Mapped:           104164 kB
1777804363.557727201 Shmem:              5240 kB
1777804363.557727201 KReclaimable:      30288 kB
1777804363.557727201 Slab:             122356 kB
1777804363.557727201 SReclaimable:      30288 kB
1777804363.557727201 SUnreclaim:        92068 kB
1777804363.557727201 KernelStack:        3200 kB
1777804363.557727201 PageTables:         4188 kB
1777804363.557727201 SecPageTables:         0 kB
1777804363.557727201 NFS_Unstable:          0 kB
1777804363.557727201 Bounce:                0 kB
1777804363.557727201 WritebackTmp:          0 kB
1777804363.557727201 CommitLimit:     3537964 kB
1777804363.557727201 Committed_AS:     510468 kB
1777804363.557727201 VmallocTotal:   135288315904 kB
1777804363.557727201 VmallocUsed:       19620 kB
1777804363.557727201 VmallocChunk:          0 kB
1777804363.557727201 Percpu:             1504 kB
1777804363.557727201 AnonHugePages:         0 kB
1777804363.557727201 ShmemHugePages:        0 kB
1777804363.557727201 ShmemPmdMapped:        0 kB
1777804363.557727201 FileHugePages:         0 kB
1777804363.557727201 FilePmdMapped:         0 kB
1777804363.557727201 CmaTotal:          65536 kB
1777804363.557727201 CmaFree:           49104 kB
1777804363.557727201 Balloon:               0 kB
1777804363.557727201 HugePages_Total:     512
1777804363.557727201 HugePages_Free:      488
1777804363.557727201 HugePages_Rsvd:        0
1777804363.557727201 HugePages_Surp:        0
1777804363.557727201 Hugepagesize:       2048 kB
1777804363.557727201 Hugetlb:         1048576 kB
1777804364.567406833 MemTotal:        8124504 kB
1777804364.567406833 MemFree:         6323084 kB
1777804364.567406833 MemAvailable:    6644852 kB
1777804364.567406833 Buffers:           30484 kB
1777804364.567406833 Cached:           421048 kB
1777804364.567406833 SwapCached:            0 kB
1777804364.567406833 Active:           437528 kB
1777804364.567406833 Inactive:         111360 kB
1777804364.567406833 Active(anon):     102504 kB
1777804364.567406833 Inactive(anon):        0 kB
1777804364.567406833 Active(file):     335024 kB
1777804364.567406833 Inactive(file):   111360 kB
1777804364.567406833 Unevictable:           0 kB
1777804364.567406833 Mlocked:               0 kB
1777804364.567406833 SwapTotal:             0 kB
1777804364.567406833 SwapFree:              0 kB
1777804364.567406833 Zswap:                 0 kB
1777804364.567406833 Zswapped:              0 kB
1777804364.567406833 Dirty:               172 kB
1777804364.567406833 Writeback:             0 kB
1777804364.567406833 AnonPages:         97452 kB
1777804364.567406833 Mapped:           104164 kB
1777804364.567406833 Shmem:              5240 kB
1777804364.567406833 KReclaimable:      30288 kB
1777804364.567406833 Slab:             122320 kB
1777804364.567406833 SReclaimable:      30288 kB
1777804364.567406833 SUnreclaim:        92032 kB
1777804364.567406833 KernelStack:        3200 kB
1777804364.567406833 PageTables:         4188 kB
1777804364.567406833 SecPageTables:         0 kB
1777804364.567406833 NFS_Unstable:          0 kB
1777804364.567406833 Bounce:                0 kB
1777804364.567406833 WritebackTmp:          0 kB
1777804364.567406833 CommitLimit:     3537964 kB
1777804364.567406833 Committed_AS:     510468 kB
1777804364.567406833 VmallocTotal:   135288315904 kB
1777804364.567406833 VmallocUsed:       19604 kB
1777804364.567406833 VmallocChunk:          0 kB
1777804364.567406833 Percpu:             1504 kB
1777804364.567406833 AnonHugePages:         0 kB
1777804364.567406833 ShmemHugePages:        0 kB
1777804364.567406833 ShmemPmdMapped:        0 kB
1777804364.567406833 FileHugePages:         0 kB
1777804364.567406833 FilePmdMapped:         0 kB
1777804364.567406833 CmaTotal:          65536 kB
1777804364.567406833 CmaFree:           49104 kB
1777804364.567406833 Balloon:               0 kB
1777804364.567406833 HugePages_Total:     512
1777804364.567406833 HugePages_Free:      488
1777804364.567406833 HugePages_Rsvd:        0
1777804364.567406833 HugePages_Surp:        0
1777804364.567406833 Hugepagesize:       2048 kB
1777804364.567406833 Hugetlb:         1048576 kB
1777804365.575645291 MemTotal:        8124504 kB
1777804365.575645291 MemFree:         6326540 kB
1777804365.575645291 MemAvailable:    6648308 kB
1777804365.575645291 Buffers:           30484 kB
1777804365.575645291 Cached:           421056 kB
1777804365.575645291 SwapCached:            0 kB
1777804365.575645291 Active:           437404 kB
1777804365.575645291 Inactive:         111364 kB
1777804365.575645291 Active(anon):     102384 kB
1777804365.575645291 Inactive(anon):        0 kB
1777804365.575645291 Active(file):     335020 kB
1777804365.575645291 Inactive(file):   111364 kB
1777804365.575645291 Unevictable:           0 kB
1777804365.575645291 Mlocked:               0 kB
1777804365.575645291 SwapTotal:             0 kB
1777804365.575645291 SwapFree:              0 kB
1777804365.575645291 Zswap:                 0 kB
1777804365.575645291 Zswapped:              0 kB
1777804365.575645291 Dirty:                28 kB
1777804365.575645291 Writeback:             0 kB
1777804365.575645291 AnonPages:         97448 kB
1777804365.575645291 Mapped:           104164 kB
1777804365.575645291 Shmem:              5240 kB
1777804365.575645291 KReclaimable:      30288 kB
1777804365.575645291 Slab:             122296 kB
1777804365.575645291 SReclaimable:      30288 kB
1777804365.575645291 SUnreclaim:        92008 kB
1777804365.575645291 KernelStack:        3216 kB
1777804365.575645291 PageTables:         4180 kB
1777804365.575645291 SecPageTables:         0 kB
1777804365.575645291 NFS_Unstable:          0 kB
1777804365.575645291 Bounce:                0 kB
1777804365.575645291 WritebackTmp:          0 kB
1777804365.575645291 CommitLimit:     3537964 kB
1777804365.575645291 Committed_AS:     510468 kB
1777804365.575645291 VmallocTotal:   135288315904 kB
1777804365.575645291 VmallocUsed:       19620 kB
1777804365.575645291 VmallocChunk:          0 kB
1777804365.575645291 Percpu:             1504 kB
1777804365.575645291 AnonHugePages:         0 kB
1777804365.575645291 ShmemHugePages:        0 kB
1777804365.575645291 ShmemPmdMapped:        0 kB
1777804365.575645291 FileHugePages:         0 kB
1777804365.575645291 FilePmdMapped:         0 kB
1777804365.575645291 CmaTotal:          65536 kB
1777804365.575645291 CmaFree:           49104 kB
1777804365.575645291 Balloon:               0 kB
1777804365.575645291 HugePages_Total:     512
1777804365.575645291 HugePages_Free:      488
1777804365.575645291 HugePages_Rsvd:        0
1777804365.575645291 HugePages_Surp:        0
1777804365.575645291 Hugepagesize:       2048 kB
1777804365.575645291 Hugetlb:         1048576 kB
1777804366.584174139 MemTotal:        8124504 kB
1777804366.584174139 MemFree:         6319160 kB
1777804366.584174139 MemAvailable:    6640932 kB
1777804366.584174139 Buffers:           30484 kB
1777804366.584174139 Cached:           421056 kB
1777804366.584174139 SwapCached:            0 kB
1777804366.584174139 Active:           437520 kB
1777804366.584174139 Inactive:         111368 kB
1777804366.584174139 Active(anon):     102500 kB
1777804366.584174139 Inactive(anon):        0 kB
1777804366.584174139 Active(file):     335020 kB
1777804366.584174139 Inactive(file):   111368 kB
1777804366.584174139 Unevictable:           0 kB
1777804366.584174139 Mlocked:               0 kB
1777804366.584174139 SwapTotal:             0 kB
1777804366.584174139 SwapFree:              0 kB
1777804366.584174139 Zswap:                 0 kB
1777804366.584174139 Zswapped:              0 kB
1777804366.584174139 Dirty:                36 kB
1777804366.584174139 Writeback:             0 kB
1777804366.584174139 AnonPages:         97444 kB
1777804366.584174139 Mapped:           104164 kB
1777804366.584174139 Shmem:              5240 kB
1777804366.584174139 KReclaimable:      30288 kB
1777804366.584174139 Slab:             122284 kB
1777804366.584174139 SReclaimable:      30288 kB
1777804366.584174139 SUnreclaim:        91996 kB
1777804366.584174139 KernelStack:        3216 kB
1777804366.584174139 PageTables:         4192 kB
1777804366.584174139 SecPageTables:         0 kB
1777804366.584174139 NFS_Unstable:          0 kB
1777804366.584174139 Bounce:                0 kB
1777804366.584174139 WritebackTmp:          0 kB
1777804366.584174139 CommitLimit:     3537964 kB
1777804366.584174139 Committed_AS:     510468 kB
1777804366.584174139 VmallocTotal:   135288315904 kB
1777804366.584174139 VmallocUsed:       19620 kB
1777804366.584174139 VmallocChunk:          0 kB
1777804366.584174139 Percpu:             1504 kB
1777804366.584174139 AnonHugePages:         0 kB
1777804366.584174139 ShmemHugePages:        0 kB
1777804366.584174139 ShmemPmdMapped:        0 kB
1777804366.584174139 FileHugePages:         0 kB
1777804366.584174139 FilePmdMapped:         0 kB
1777804366.584174139 CmaTotal:          65536 kB
1777804366.584174139 CmaFree:           49104 kB
1777804366.584174139 Balloon:               0 kB
1777804366.584174139 HugePages_Total:     512
1777804366.584174139 HugePages_Free:      488
1777804366.584174139 HugePages_Rsvd:        0
1777804366.584174139 HugePages_Surp:        0
1777804366.584174139 Hugepagesize:       2048 kB
1777804366.584174139 Hugetlb:         1048576 kB
1777804367.592728894 MemTotal:        8124504 kB
1777804367.592728894 MemFree:         6323128 kB
1777804367.592728894 MemAvailable:    6644912 kB
1777804367.592728894 Buffers:           30484 kB
1777804367.592728894 Cached:           421068 kB
1777804367.592728894 SwapCached:            0 kB
1777804367.592728894 Active:           437572 kB
1777804367.592728894 Inactive:         111380 kB
1777804367.592728894 Active(anon):     102552 kB
1777804367.592728894 Inactive(anon):        0 kB
1777804367.592728894 Active(file):     335020 kB
1777804367.592728894 Inactive(file):   111380 kB
1777804367.592728894 Unevictable:           0 kB
1777804367.592728894 Mlocked:               0 kB
1777804367.592728894 SwapTotal:             0 kB
1777804367.592728894 SwapFree:              0 kB
1777804367.592728894 Zswap:                 0 kB
1777804367.592728894 Zswapped:              0 kB
1777804367.592728894 Dirty:                48 kB
1777804367.592728894 Writeback:             0 kB
1777804367.592728894 AnonPages:         97448 kB
1777804367.592728894 Mapped:           104164 kB
1777804367.592728894 Shmem:              5240 kB
1777804367.592728894 KReclaimable:      30288 kB
1777804367.592728894 Slab:             122448 kB
1777804367.592728894 SReclaimable:      30288 kB
1777804367.592728894 SUnreclaim:        92160 kB
1777804367.592728894 KernelStack:        3216 kB
1777804367.592728894 PageTables:         4188 kB
1777804367.592728894 SecPageTables:         0 kB
1777804367.592728894 NFS_Unstable:          0 kB
1777804367.592728894 Bounce:                0 kB
1777804367.592728894 WritebackTmp:          0 kB
1777804367.592728894 CommitLimit:     3537964 kB
1777804367.592728894 Committed_AS:     510468 kB
1777804367.592728894 VmallocTotal:   135288315904 kB
1777804367.592728894 VmallocUsed:       19620 kB
1777804367.592728894 VmallocChunk:          0 kB
1777804367.592728894 Percpu:             1504 kB
1777804367.592728894 AnonHugePages:         0 kB
1777804367.592728894 ShmemHugePages:        0 kB
1777804367.592728894 ShmemPmdMapped:        0 kB
1777804367.592728894 FileHugePages:         0 kB
1777804367.592728894 FilePmdMapped:         0 kB
1777804367.592728894 CmaTotal:          65536 kB
1777804367.592728894 CmaFree:           49104 kB
1777804367.592728894 Balloon:               0 kB
1777804367.592728894 HugePages_Total:     512
1777804367.592728894 HugePages_Free:      488
1777804367.592728894 HugePages_Rsvd:        0
1777804367.592728894 HugePages_Surp:        0
1777804367.592728894 Hugepagesize:       2048 kB
1777804367.592728894 Hugetlb:         1048576 kB
1777804368.601180168 MemTotal:        8124504 kB
1777804368.601180168 MemFree:         6326220 kB
1777804368.601180168 MemAvailable:    6648012 kB
1777804368.601180168 Buffers:           30488 kB
1777804368.601180168 Cached:           421068 kB
1777804368.601180168 SwapCached:            0 kB
1777804368.601180168 Active:           437448 kB
1777804368.601180168 Inactive:         111384 kB
1777804368.601180168 Active(anon):     102424 kB
1777804368.601180168 Inactive(anon):        0 kB
1777804368.601180168 Active(file):     335024 kB
1777804368.601180168 Inactive(file):   111384 kB
1777804368.601180168 Unevictable:           0 kB
1777804368.601180168 Mlocked:               0 kB
1777804368.601180168 SwapTotal:             0 kB
1777804368.601180168 SwapFree:              0 kB
1777804368.601180168 Zswap:                 0 kB
1777804368.601180168 Zswapped:              0 kB
1777804368.601180168 Dirty:                52 kB
1777804368.601180168 Writeback:             0 kB
1777804368.601180168 AnonPages:         97440 kB
1777804368.601180168 Mapped:           104164 kB
1777804368.601180168 Shmem:              5240 kB
1777804368.601180168 KReclaimable:      30288 kB
1777804368.601180168 Slab:             122412 kB
1777804368.601180168 SReclaimable:      30288 kB
1777804368.601180168 SUnreclaim:        92124 kB
1777804368.601180168 KernelStack:        3216 kB
1777804368.601180168 PageTables:         4188 kB
1777804368.601180168 SecPageTables:         0 kB
1777804368.601180168 NFS_Unstable:          0 kB
1777804368.601180168 Bounce:                0 kB
1777804368.601180168 WritebackTmp:          0 kB
1777804368.601180168 CommitLimit:     3537964 kB
1777804368.601180168 Committed_AS:     510468 kB
1777804368.601180168 VmallocTotal:   135288315904 kB
1777804368.601180168 VmallocUsed:       19636 kB
1777804368.601180168 VmallocChunk:          0 kB
1777804368.601180168 Percpu:             1504 kB
1777804368.601180168 AnonHugePages:         0 kB
1777804368.601180168 ShmemHugePages:        0 kB
1777804368.601180168 ShmemPmdMapped:        0 kB
1777804368.601180168 FileHugePages:         0 kB
1777804368.601180168 FilePmdMapped:         0 kB
1777804368.601180168 CmaTotal:          65536 kB
1777804368.601180168 CmaFree:           49104 kB
1777804368.601180168 Balloon:               0 kB
1777804368.601180168 HugePages_Total:     512
1777804368.601180168 HugePages_Free:      488
1777804368.601180168 HugePages_Rsvd:        0
1777804368.601180168 HugePages_Surp:        0
1777804368.601180168 Hugepagesize:       2048 kB
1777804368.601180168 Hugetlb:         1048576 kB
1777804369.611537470 MemTotal:        8124504 kB
1777804369.611537470 MemFree:         6320420 kB
1777804369.611537470 MemAvailable:    6642220 kB
1777804369.611537470 Buffers:           30492 kB
1777804369.611537470 Cached:           421076 kB
1777804369.611537470 SwapCached:            0 kB
1777804369.611537470 Active:           437588 kB
1777804369.611537470 Inactive:         111396 kB
1777804369.611537470 Active(anon):     102568 kB
1777804369.611537470 Inactive(anon):        0 kB
1777804369.611537470 Active(file):     335020 kB
1777804369.611537470 Inactive(file):   111396 kB
1777804369.611537470 Unevictable:           0 kB
1777804369.611537470 Mlocked:               0 kB
1777804369.611537470 SwapTotal:             0 kB
1777804369.611537470 SwapFree:              0 kB
1777804369.611537470 Zswap:                 0 kB
1777804369.611537470 Zswapped:              0 kB
1777804369.611537470 Dirty:                44 kB
1777804369.611537470 Writeback:             0 kB
1777804369.611537470 AnonPages:         97444 kB
1777804369.611537470 Mapped:           104164 kB
1777804369.611537470 Shmem:              5240 kB
1777804369.611537470 KReclaimable:      30288 kB
1777804369.611537470 Slab:             122528 kB
1777804369.611537470 SReclaimable:      30288 kB
1777804369.611537470 SUnreclaim:        92240 kB
1777804369.611537470 KernelStack:        3216 kB
1777804369.611537470 PageTables:         4180 kB
1777804369.611537470 SecPageTables:         0 kB
1777804369.611537470 NFS_Unstable:          0 kB
1777804369.611537470 Bounce:                0 kB
1777804369.611537470 WritebackTmp:          0 kB
1777804369.611537470 CommitLimit:     3537964 kB
1777804369.611537470 Committed_AS:     510468 kB
1777804369.611537470 VmallocTotal:   135288315904 kB
1777804369.611537470 VmallocUsed:       19636 kB
1777804369.611537470 VmallocChunk:          0 kB
1777804369.611537470 Percpu:             1504 kB
1777804369.611537470 AnonHugePages:         0 kB
1777804369.611537470 ShmemHugePages:        0 kB
1777804369.611537470 ShmemPmdMapped:        0 kB
1777804369.611537470 FileHugePages:         0 kB
1777804369.611537470 FilePmdMapped:         0 kB
1777804369.611537470 CmaTotal:          65536 kB
1777804369.611537470 CmaFree:           49104 kB
1777804369.611537470 Balloon:               0 kB
1777804369.611537470 HugePages_Total:     512
1777804369.611537470 HugePages_Free:      488
1777804369.611537470 HugePages_Rsvd:        0
1777804369.611537470 HugePages_Surp:        0
1777804369.611537470 Hugepagesize:       2048 kB
1777804369.611537470 Hugetlb:         1048576 kB
1777804370.620079171 MemTotal:        8124504 kB
1777804370.620079171 MemFree:         6320764 kB
1777804370.620079171 MemAvailable:    6642568 kB
1777804370.620079171 Buffers:           30492 kB
1777804370.620079171 Cached:           421080 kB
1777804370.620079171 SwapCached:            0 kB
1777804370.620079171 Active:           437428 kB
1777804370.620079171 Inactive:         111400 kB
1777804370.620079171 Active(anon):     102408 kB
1777804370.620079171 Inactive(anon):        0 kB
1777804370.620079171 Active(file):     335020 kB
1777804370.620079171 Inactive(file):   111400 kB
1777804370.620079171 Unevictable:           0 kB
1777804370.620079171 Mlocked:               0 kB
1777804370.620079171 SwapTotal:             0 kB
1777804370.620079171 SwapFree:              0 kB
1777804370.620079171 Zswap:                 0 kB
1777804370.620079171 Zswapped:              0 kB
1777804370.620079171 Dirty:                48 kB
1777804370.620079171 Writeback:             0 kB
1777804370.620079171 AnonPages:         97448 kB
1777804370.620079171 Mapped:           104164 kB
1777804370.620079171 Shmem:              5240 kB
1777804370.620079171 KReclaimable:      30288 kB
1777804370.620079171 Slab:             122316 kB
1777804370.620079171 SReclaimable:      30288 kB
1777804370.620079171 SUnreclaim:        92028 kB
1777804370.620079171 KernelStack:        3216 kB
1777804370.620079171 PageTables:         4192 kB
1777804370.620079171 SecPageTables:         0 kB
1777804370.620079171 NFS_Unstable:          0 kB
1777804370.620079171 Bounce:                0 kB
1777804370.620079171 WritebackTmp:          0 kB
1777804370.620079171 CommitLimit:     3537964 kB
1777804370.620079171 Committed_AS:     510468 kB
1777804370.620079171 VmallocTotal:   135288315904 kB
1777804370.620079171 VmallocUsed:       19636 kB
1777804370.620079171 VmallocChunk:          0 kB
1777804370.620079171 Percpu:             1504 kB
1777804370.620079171 AnonHugePages:         0 kB
1777804370.620079171 ShmemHugePages:        0 kB
1777804370.620079171 ShmemPmdMapped:        0 kB
1777804370.620079171 FileHugePages:         0 kB
1777804370.620079171 FilePmdMapped:         0 kB
1777804370.620079171 CmaTotal:          65536 kB
1777804370.620079171 CmaFree:           49104 kB
1777804370.620079171 Balloon:               0 kB
1777804370.620079171 HugePages_Total:     512
1777804370.620079171 HugePages_Free:      488
1777804370.620079171 HugePages_Rsvd:        0
1777804370.620079171 HugePages_Surp:        0
1777804370.620079171 Hugepagesize:       2048 kB
1777804370.620079171 Hugetlb:         1048576 kB
1777804371.628422129 MemTotal:        8124504 kB
1777804371.628422129 MemFree:         6322460 kB
1777804371.628422129 MemAvailable:    6644268 kB
1777804371.628422129 Buffers:           30492 kB
1777804371.628422129 Cached:           421080 kB
1777804371.628422129 SwapCached:            0 kB
1777804371.628422129 Active:           437472 kB
1777804371.628422129 Inactive:         111400 kB
1777804371.628422129 Active(anon):     102448 kB
1777804371.628422129 Inactive(anon):        0 kB
1777804371.628422129 Active(file):     335024 kB
1777804371.628422129 Inactive(file):   111400 kB
1777804371.628422129 Unevictable:           0 kB
1777804371.628422129 Mlocked:               0 kB
1777804371.628422129 SwapTotal:             0 kB
1777804371.628422129 SwapFree:              0 kB
1777804371.628422129 Zswap:                 0 kB
1777804371.628422129 Zswapped:              0 kB
1777804371.628422129 Dirty:                48 kB
1777804371.628422129 Writeback:             0 kB
1777804371.628422129 AnonPages:         97444 kB
1777804371.628422129 Mapped:           104164 kB
1777804371.628422129 Shmem:              5240 kB
1777804371.628422129 KReclaimable:      30288 kB
1777804371.628422129 Slab:             122324 kB
1777804371.628422129 SReclaimable:      30288 kB
1777804371.628422129 SUnreclaim:        92036 kB
1777804371.628422129 KernelStack:        3216 kB
1777804371.628422129 PageTables:         4184 kB
1777804371.628422129 SecPageTables:         0 kB
1777804371.628422129 NFS_Unstable:          0 kB
1777804371.628422129 Bounce:                0 kB
1777804371.628422129 WritebackTmp:          0 kB
1777804371.628422129 CommitLimit:     3537964 kB
1777804371.628422129 Committed_AS:     510468 kB
1777804371.628422129 VmallocTotal:   135288315904 kB
1777804371.628422129 VmallocUsed:       19636 kB
1777804371.628422129 VmallocChunk:          0 kB
1777804371.628422129 Percpu:             1504 kB
1777804371.628422129 AnonHugePages:         0 kB
1777804371.628422129 ShmemHugePages:        0 kB
1777804371.628422129 ShmemPmdMapped:        0 kB
1777804371.628422129 FileHugePages:         0 kB
1777804371.628422129 FilePmdMapped:         0 kB
1777804371.628422129 CmaTotal:          65536 kB
1777804371.628422129 CmaFree:           49104 kB
1777804371.628422129 Balloon:               0 kB
1777804371.628422129 HugePages_Total:     512
1777804371.628422129 HugePages_Free:      488
1777804371.628422129 HugePages_Rsvd:        0
1777804371.628422129 HugePages_Surp:        0
1777804371.628422129 Hugepagesize:       2048 kB
1777804371.628422129 Hugetlb:         1048576 kB
1777804372.636882476 MemTotal:        8124504 kB
1777804372.636882476 MemFree:         6317060 kB
1777804372.636882476 MemAvailable:    6638872 kB
1777804372.636882476 Buffers:           30492 kB
1777804372.636882476 Cached:           421084 kB
1777804372.636882476 SwapCached:            0 kB
1777804372.636882476 Active:           437340 kB
1777804372.636882476 Inactive:         111404 kB
1777804372.636882476 Active(anon):     102316 kB
1777804372.636882476 Inactive(anon):        0 kB
1777804372.636882476 Active(file):     335024 kB
1777804372.636882476 Inactive(file):   111404 kB
1777804372.636882476 Unevictable:           0 kB
1777804372.636882476 Mlocked:               0 kB
1777804372.636882476 SwapTotal:             0 kB
1777804372.636882476 SwapFree:              0 kB
1777804372.636882476 Zswap:                 0 kB
1777804372.636882476 Zswapped:              0 kB
1777804372.636882476 Dirty:                40 kB
1777804372.636882476 Writeback:             0 kB
1777804372.636882476 AnonPages:         97324 kB
1777804372.636882476 Mapped:           104120 kB
1777804372.636882476 Shmem:              5240 kB
1777804372.636882476 KReclaimable:      30288 kB
1777804372.636882476 Slab:             122392 kB
1777804372.636882476 SReclaimable:      30288 kB
1777804372.636882476 SUnreclaim:        92104 kB
1777804372.636882476 KernelStack:        3200 kB
1777804372.636882476 PageTables:         4144 kB
1777804372.636882476 SecPageTables:         0 kB
1777804372.636882476 NFS_Unstable:          0 kB
1777804372.636882476 Bounce:                0 kB
1777804372.636882476 WritebackTmp:          0 kB
1777804372.636882476 CommitLimit:     3537964 kB
1777804372.636882476 Committed_AS:     510080 kB
1777804372.636882476 VmallocTotal:   135288315904 kB
1777804372.636882476 VmallocUsed:       19620 kB
1777804372.636882476 VmallocChunk:          0 kB
1777804372.636882476 Percpu:             1504 kB
1777804372.636882476 AnonHugePages:         0 kB
1777804372.636882476 ShmemHugePages:        0 kB
1777804372.636882476 ShmemPmdMapped:        0 kB
1777804372.636882476 FileHugePages:         0 kB
1777804372.636882476 FilePmdMapped:         0 kB
1777804372.636882476 CmaTotal:          65536 kB
1777804372.636882476 CmaFree:           49104 kB
1777804372.636882476 Balloon:               0 kB
1777804372.636882476 HugePages_Total:     512
1777804372.636882476 HugePages_Free:      488
1777804372.636882476 HugePages_Rsvd:        0
1777804372.636882476 HugePages_Surp:        0
1777804372.636882476 Hugepagesize:       2048 kB
1777804372.636882476 Hugetlb:         1048576 kB
