# timestamp field value_kB
1777810619.595407941 MemTotal:        8124504 kB
1777810619.595407941 MemFree:         6387140 kB
1777810619.595407941 MemAvailable:    6652044 kB
1777810619.595407941 Buffers:           30120 kB
1777810619.595407941 Cached:           364804 kB
1777810619.595407941 SwapCached:            0 kB
1777810619.595407941 Active:           385164 kB
1777810619.595407941 Inactive:         105516 kB
1777810619.595407941 Active(anon):     100924 kB
1777810619.595407941 Inactive(anon):        0 kB
1777810619.595407941 Active(file):     284240 kB
1777810619.595407941 Inactive(file):   105516 kB
1777810619.595407941 Unevictable:           0 kB
1777810619.595407941 Mlocked:               0 kB
1777810619.595407941 SwapTotal:             0 kB
1777810619.595407941 SwapFree:              0 kB
1777810619.595407941 Zswap:                 0 kB
1777810619.595407941 Zswapped:              0 kB
1777810619.595407941 Dirty:                24 kB
1777810619.595407941 Writeback:             0 kB
1777810619.595407941 AnonPages:         95620 kB
1777810619.595407941 Mapped:            99084 kB
1777810619.595407941 Shmem:              5240 kB
1777810619.595407941 KReclaimable:      29816 kB
1777810619.595407941 Slab:             121372 kB
1777810619.595407941 SReclaimable:      29816 kB
1777810619.595407941 SUnreclaim:        91556 kB
1777810619.595407941 KernelStack:        3216 kB
1777810619.595407941 PageTables:         4736 kB
1777810619.595407941 SecPageTables:         0 kB
1777810619.595407941 NFS_Unstable:          0 kB
1777810619.595407941 Bounce:                0 kB
1777810619.595407941 WritebackTmp:          0 kB
1777810619.595407941 CommitLimit:     3537964 kB
1777810619.595407941 Committed_AS:     512656 kB
1777810619.595407941 VmallocTotal:   135288315904 kB
1777810619.595407941 VmallocUsed:       19176 kB
1777810619.595407941 VmallocChunk:          0 kB
1777810619.595407941 Percpu:             1456 kB
1777810619.595407941 AnonHugePages:         0 kB
1777810619.595407941 ShmemHugePages:        0 kB
1777810619.595407941 ShmemPmdMapped:        0 kB
1777810619.595407941 FileHugePages:         0 kB
1777810619.595407941 FilePmdMapped:         0 kB
1777810619.595407941 CmaTotal:          65536 kB
1777810619.595407941 CmaFree:           49104 kB
1777810619.595407941 Balloon:               0 kB
1777810619.595407941 HugePages_Total:     512
1777810619.595407941 HugePages_Free:      488
1777810619.595407941 HugePages_Rsvd:        0
1777810619.595407941 HugePages_Surp:        0
1777810619.595407941 Hugepagesize:       2048 kB
1777810619.595407941 Hugetlb:         1048576 kB
1777810620.604573877 MemTotal:        8124504 kB
1777810620.604573877 MemFree:         6386252 kB
1777810620.604573877 MemAvailable:    6651156 kB
1777810620.604573877 Buffers:           30120 kB
1777810620.604573877 Cached:           364804 kB
1777810620.604573877 SwapCached:            0 kB
1777810620.604573877 Active:           386688 kB
1777810620.604573877 Inactive:         105516 kB
1777810620.604573877 Active(anon):     102448 kB
1777810620.604573877 Inactive(anon):        0 kB
1777810620.604573877 Active(file):     284240 kB
1777810620.604573877 Inactive(file):   105516 kB
1777810620.604573877 Unevictable:           0 kB
1777810620.604573877 Mlocked:               0 kB
1777810620.604573877 SwapTotal:             0 kB
1777810620.604573877 SwapFree:              0 kB
1777810620.604573877 Zswap:                 0 kB
1777810620.604573877 Zswapped:              0 kB
1777810620.604573877 Dirty:                24 kB
1777810620.604573877 Writeback:             0 kB
1777810620.604573877 AnonPages:         97216 kB
1777810620.604573877 Mapped:           103088 kB
1777810620.604573877 Shmem:              5240 kB
1777810620.604573877 KReclaimable:      29816 kB
1777810620.604573877 Slab:             121376 kB
1777810620.604573877 SReclaimable:      29816 kB
1777810620.604573877 SUnreclaim:        91560 kB
1777810620.604573877 KernelStack:        3176 kB
1777810620.604573877 PageTables:         4460 kB
1777810620.604573877 SecPageTables:         0 kB
1777810620.604573877 NFS_Unstable:          0 kB
1777810620.604573877 Bounce:                0 kB
1777810620.604573877 WritebackTmp:          0 kB
1777810620.604573877 CommitLimit:     3537964 kB
1777810620.604573877 Committed_AS:     514328 kB
1777810620.604573877 VmallocTotal:   135288315904 kB
1777810620.604573877 VmallocUsed:       19192 kB
1777810620.604573877 VmallocChunk:          0 kB
1777810620.604573877 Percpu:             1456 kB
1777810620.604573877 AnonHugePages:         0 kB
1777810620.604573877 ShmemHugePages:        0 kB
1777810620.604573877 ShmemPmdMapped:        0 kB
1777810620.604573877 FileHugePages:         0 kB
1777810620.604573877 FilePmdMapped:         0 kB
1777810620.604573877 CmaTotal:          65536 kB
1777810620.604573877 CmaFree:           49104 kB
1777810620.604573877 Balloon:               0 kB
1777810620.604573877 HugePages_Total:     512
1777810620.604573877 HugePages_Free:      488
1777810620.604573877 HugePages_Rsvd:        0
1777810620.604573877 HugePages_Surp:        0
1777810620.604573877 Hugepagesize:       2048 kB
1777810620.604573877 Hugetlb:         1048576 kB
1777810621.611518164 MemTotal:        8124504 kB
1777810621.611518164 MemFree:         6385012 kB
1777810621.611518164 MemAvailable:    6649980 kB
1777810621.611518164 Buffers:           30124 kB
1777810621.611518164 Cached:           364832 kB
1777810621.611518164 SwapCached:            0 kB
1777810621.611518164 Active:           386708 kB
1777810621.611518164 Inactive:         105552 kB
1777810621.611518164 Active(anon):     102456 kB
1777810621.611518164 Inactive(anon):        0 kB
1777810621.611518164 Active(file):     284252 kB
1777810621.611518164 Inactive(file):   105552 kB
1777810621.611518164 Unevictable:           0 kB
1777810621.611518164 Mlocked:               0 kB
1777810621.611518164 SwapTotal:             0 kB
1777810621.611518164 SwapFree:              0 kB
1777810621.611518164 Zswap:                 0 kB
1777810621.611518164 Zswapped:              0 kB
1777810621.611518164 Dirty:              1684 kB
1777810621.611518164 Writeback:             0 kB
1777810621.611518164 AnonPages:         97308 kB
1777810621.611518164 Mapped:           102912 kB
1777810621.611518164 Shmem:              5240 kB
1777810621.611518164 KReclaimable:      29848 kB
1777810621.611518164 Slab:             121540 kB
1777810621.611518164 SReclaimable:      29848 kB
1777810621.611518164 SUnreclaim:        91692 kB
1777810621.611518164 KernelStack:        3200 kB
1777810621.611518164 PageTables:         4196 kB
1777810621.611518164 SecPageTables:         0 kB
1777810621.611518164 NFS_Unstable:          0 kB
1777810621.611518164 Bounce:                0 kB
1777810621.611518164 WritebackTmp:          0 kB
1777810621.611518164 CommitLimit:     3537964 kB
1777810621.611518164 Committed_AS:     514328 kB
1777810621.611518164 VmallocTotal:   135288315904 kB
1777810621.611518164 VmallocUsed:       19192 kB
1777810621.611518164 VmallocChunk:          0 kB
1777810621.611518164 Percpu:             1456 kB
1777810621.611518164 AnonHugePages:         0 kB
1777810621.611518164 ShmemHugePages:        0 kB
1777810621.611518164 ShmemPmdMapped:        0 kB
1777810621.611518164 FileHugePages:         0 kB
1777810621.611518164 FilePmdMapped:         0 kB
1777810621.611518164 CmaTotal:          65536 kB
1777810621.611518164 CmaFree:           49104 kB
1777810621.611518164 Balloon:               0 kB
1777810621.611518164 HugePages_Total:     512
1777810621.611518164 HugePages_Free:      488
1777810621.611518164 HugePages_Rsvd:        0
1777810621.611518164 HugePages_Surp:        0
1777810621.611518164 Hugepagesize:       2048 kB
1777810621.611518164 Hugetlb:         1048576 kB
1777810622.618425173 MemTotal:        8124504 kB
1777810622.618425173 MemFree:         6384316 kB
1777810622.618425173 MemAvailable:    6649284 kB
1777810622.618425173 Buffers:           30124 kB
1777810622.618425173 Cached:           364836 kB
1777810622.618425173 SwapCached:            0 kB
1777810622.618425173 Active:           386692 kB
1777810622.618425173 Inactive:         105556 kB
1777810622.618425173 Active(anon):     102444 kB
1777810622.618425173 Inactive(anon):        0 kB
1777810622.618425173 Active(file):     284248 kB
1777810622.618425173 Inactive(file):   105556 kB
1777810622.618425173 Unevictable:           0 kB
1777810622.618425173 Mlocked:               0 kB
1777810622.618425173 SwapTotal:             0 kB
1777810622.618425173 SwapFree:              0 kB
1777810622.618425173 Zswap:                 0 kB
1777810622.618425173 Zswapped:              0 kB
1777810622.618425173 Dirty:              1684 kB
1777810622.618425173 Writeback:             0 kB
1777810622.618425173 AnonPages:         97304 kB
1777810622.618425173 Mapped:           102952 kB
1777810622.618425173 Shmem:              5240 kB
1777810622.618425173 KReclaimable:      29848 kB
1777810622.618425173 Slab:             121520 kB
1777810622.618425173 SReclaimable:      29848 kB
1777810622.618425173 SUnreclaim:        91672 kB
1777810622.618425173 KernelStack:        3200 kB
1777810622.618425173 PageTables:         4200 kB
1777810622.618425173 SecPageTables:         0 kB
1777810622.618425173 NFS_Unstable:          0 kB
1777810622.618425173 Bounce:                0 kB
1777810622.618425173 WritebackTmp:          0 kB
1777810622.618425173 CommitLimit:     3537964 kB
1777810622.618425173 Committed_AS:     514328 kB
1777810622.618425173 VmallocTotal:   135288315904 kB
1777810622.618425173 VmallocUsed:       19208 kB
1777810622.618425173 VmallocChunk:          0 kB
1777810622.618425173 Percpu:             1456 kB
1777810622.618425173 AnonHugePages:         0 kB
1777810622.618425173 ShmemHugePages:        0 kB
1777810622.618425173 ShmemPmdMapped:        0 kB
1777810622.618425173 FileHugePages:         0 kB
1777810622.618425173 FilePmdMapped:         0 kB
1777810622.618425173 CmaTotal:          65536 kB
1777810622.618425173 CmaFree:           49104 kB
1777810622.618425173 Balloon:               0 kB
1777810622.618425173 HugePages_Total:     512
1777810622.618425173 HugePages_Free:      488
1777810622.618425173 HugePages_Rsvd:        0
1777810622.618425173 HugePages_Surp:        0
1777810622.618425173 Hugepagesize:       2048 kB
1777810622.618425173 Hugetlb:         1048576 kB
1777810623.625389553 MemTotal:        8124504 kB
1777810623.625389553 MemFree:         6386620 kB
1777810623.625389553 MemAvailable:    6651596 kB
1777810623.625389553 Buffers:           30124 kB
1777810623.625389553 Cached:           364840 kB
1777810623.625389553 SwapCached:            0 kB
1777810623.625389553 Active:           386536 kB
1777810623.625389553 Inactive:         105564 kB
1777810623.625389553 Active(anon):     102288 kB
1777810623.625389553 Inactive(anon):        0 kB
1777810623.625389553 Active(file):     284248 kB
1777810623.625389553 Inactive(file):   105564 kB
1777810623.625389553 Unevictable:           0 kB
1777810623.625389553 Mlocked:               0 kB
1777810623.625389553 SwapTotal:             0 kB
1777810623.625389553 SwapFree:              0 kB
1777810623.625389553 Zswap:                 0 kB
1777810623.625389553 Zswapped:              0 kB
1777810623.625389553 Dirty:              1688 kB
1777810623.625389553 Writeback:             0 kB
1777810623.625389553 AnonPages:         97308 kB
1777810623.625389553 Mapped:           102912 kB
1777810623.625389553 Shmem:              5240 kB
1777810623.625389553 KReclaimable:      29848 kB
1777810623.625389553 Slab:             121536 kB
1777810623.625389553 SReclaimable:      29848 kB
1777810623.625389553 SUnreclaim:        91688 kB
1777810623.625389553 KernelStack:        3200 kB
1777810623.625389553 PageTables:         4200 kB
1777810623.625389553 SecPageTables:         0 kB
1777810623.625389553 NFS_Unstable:          0 kB
1777810623.625389553 Bounce:                0 kB
1777810623.625389553 WritebackTmp:          0 kB
1777810623.625389553 CommitLimit:     3537964 kB
1777810623.625389553 Committed_AS:     514328 kB
1777810623.625389553 VmallocTotal:   135288315904 kB
1777810623.625389553 VmallocUsed:       19208 kB
1777810623.625389553 VmallocChunk:          0 kB
1777810623.625389553 Percpu:             1456 kB
1777810623.625389553 AnonHugePages:         0 kB
1777810623.625389553 ShmemHugePages:        0 kB
1777810623.625389553 ShmemPmdMapped:        0 kB
1777810623.625389553 FileHugePages:         0 kB
1777810623.625389553 FilePmdMapped:         0 kB
1777810623.625389553 CmaTotal:          65536 kB
1777810623.625389553 CmaFree:           49104 kB
1777810623.625389553 Balloon:               0 kB
1777810623.625389553 HugePages_Total:     512
1777810623.625389553 HugePages_Free:      488
1777810623.625389553 HugePages_Rsvd:        0
1777810623.625389553 HugePages_Surp:        0
1777810623.625389553 Hugepagesize:       2048 kB
1777810623.625389553 Hugetlb:         1048576 kB
1777810624.632297544 MemTotal:        8124504 kB
1777810624.632297544 MemFree:         6386096 kB
1777810624.632297544 MemAvailable:    6651076 kB
1777810624.632297544 Buffers:           30132 kB
1777810624.632297544 Cached:           364840 kB
1777810624.632297544 SwapCached:            0 kB
1777810624.632297544 Active:           386588 kB
1777810624.632297544 Inactive:         105568 kB
1777810624.632297544 Active(anon):     102340 kB
1777810624.632297544 Inactive(anon):        0 kB
1777810624.632297544 Active(file):     284248 kB
1777810624.632297544 Inactive(file):   105568 kB
1777810624.632297544 Unevictable:           0 kB
1777810624.632297544 Mlocked:               0 kB
1777810624.632297544 SwapTotal:             0 kB
1777810624.632297544 SwapFree:              0 kB
1777810624.632297544 Zswap:                 0 kB
1777810624.632297544 Zswapped:              0 kB
1777810624.632297544 Dirty:              1728 kB
1777810624.632297544 Writeback:             0 kB
1777810624.632297544 AnonPages:         97212 kB
1777810624.632297544 Mapped:           102848 kB
1777810624.632297544 Shmem:              5240 kB
1777810624.632297544 KReclaimable:      29848 kB
1777810624.632297544 Slab:             121596 kB
1777810624.632297544 SReclaimable:      29848 kB
1777810624.632297544 SUnreclaim:        91748 kB
1777810624.632297544 KernelStack:        3200 kB
1777810624.632297544 PageTables:         4264 kB
1777810624.632297544 SecPageTables:         0 kB
1777810624.632297544 NFS_Unstable:          0 kB
1777810624.632297544 Bounce:                0 kB
1777810624.632297544 WritebackTmp:          0 kB
1777810624.632297544 CommitLimit:     3537964 kB
1777810624.632297544 Committed_AS:     514328 kB
1777810624.632297544 VmallocTotal:   135288315904 kB
1777810624.632297544 VmallocUsed:       19208 kB
1777810624.632297544 VmallocChunk:          0 kB
1777810624.632297544 Percpu:             1456 kB
1777810624.632297544 AnonHugePages:         0 kB
1777810624.632297544 ShmemHugePages:        0 kB
1777810624.632297544 ShmemPmdMapped:        0 kB
1777810624.632297544 FileHugePages:         0 kB
1777810624.632297544 FilePmdMapped:         0 kB
1777810624.632297544 CmaTotal:          65536 kB
1777810624.632297544 CmaFree:           49104 kB
1777810624.632297544 Balloon:               0 kB
1777810624.632297544 HugePages_Total:     512
1777810624.632297544 HugePages_Free:      488
1777810624.632297544 HugePages_Rsvd:        0
1777810624.632297544 HugePages_Surp:        0
1777810624.632297544 Hugepagesize:       2048 kB
1777810624.632297544 Hugetlb:         1048576 kB
1777810625.639200924 MemTotal:        8124504 kB
1777810625.639200924 MemFree:         6386864 kB
1777810625.639200924 MemAvailable:    6651852 kB
1777810625.639200924 Buffers:           30132 kB
1777810625.639200924 Cached:           364844 kB
1777810625.639200924 SwapCached:            0 kB
1777810625.639200924 Active:           386548 kB
1777810625.639200924 Inactive:         105576 kB
1777810625.639200924 Active(anon):     102300 kB
1777810625.639200924 Inactive(anon):        0 kB
1777810625.639200924 Active(file):     284248 kB
1777810625.639200924 Inactive(file):   105576 kB
1777810625.639200924 Unevictable:           0 kB
1777810625.639200924 Mlocked:               0 kB
1777810625.639200924 SwapTotal:             0 kB
1777810625.639200924 SwapFree:              0 kB
1777810625.639200924 Zswap:                 0 kB
1777810625.639200924 Zswapped:              0 kB
1777810625.639200924 Dirty:              1672 kB
1777810625.639200924 Writeback:             0 kB
1777810625.639200924 AnonPages:         97312 kB
1777810625.639200924 Mapped:           102912 kB
1777810625.639200924 Shmem:              5240 kB
1777810625.639200924 KReclaimable:      29848 kB
1777810625.639200924 Slab:             121572 kB
1777810625.639200924 SReclaimable:      29848 kB
1777810625.639200924 SUnreclaim:        91724 kB
1777810625.639200924 KernelStack:        3200 kB
1777810625.639200924 PageTables:         4204 kB
1777810625.639200924 SecPageTables:         0 kB
1777810625.639200924 NFS_Unstable:          0 kB
1777810625.639200924 Bounce:                0 kB
1777810625.639200924 WritebackTmp:          0 kB
1777810625.639200924 CommitLimit:     3537964 kB
1777810625.639200924 Committed_AS:     514328 kB
1777810625.639200924 VmallocTotal:   135288315904 kB
1777810625.639200924 VmallocUsed:       19208 kB
1777810625.639200924 VmallocChunk:          0 kB
1777810625.639200924 Percpu:             1456 kB
1777810625.639200924 AnonHugePages:         0 kB
1777810625.639200924 ShmemHugePages:        0 kB
1777810625.639200924 ShmemPmdMapped:        0 kB
1777810625.639200924 FileHugePages:         0 kB
1777810625.639200924 FilePmdMapped:         0 kB
1777810625.639200924 CmaTotal:          65536 kB
1777810625.639200924 CmaFree:           49104 kB
1777810625.639200924 Balloon:               0 kB
1777810625.639200924 HugePages_Total:     512
1777810625.639200924 HugePages_Free:      488
1777810625.639200924 HugePages_Rsvd:        0
1777810625.639200924 HugePages_Surp:        0
1777810625.639200924 Hugepagesize:       2048 kB
1777810625.639200924 Hugetlb:         1048576 kB
1777810626.646198378 MemTotal:        8124504 kB
1777810626.646198378 MemFree:         6386740 kB
1777810626.646198378 MemAvailable:    6651740 kB
1777810626.646198378 Buffers:           30132 kB
1777810626.646198378 Cached:           364860 kB
1777810626.646198378 SwapCached:            0 kB
1777810626.646198378 Active:           386672 kB
1777810626.646198378 Inactive:         105584 kB
1777810626.646198378 Active(anon):     102420 kB
1777810626.646198378 Inactive(anon):        0 kB
1777810626.646198378 Active(file):     284252 kB
1777810626.646198378 Inactive(file):   105584 kB
1777810626.646198378 Unevictable:           0 kB
1777810626.646198378 Mlocked:               0 kB
1777810626.646198378 SwapTotal:             0 kB
1777810626.646198378 SwapFree:              0 kB
1777810626.646198378 Zswap:                 0 kB
1777810626.646198378 Zswapped:              0 kB
1777810626.646198378 Dirty:              1688 kB
1777810626.646198378 Writeback:             0 kB
1777810626.646198378 AnonPages:         97312 kB
1777810626.646198378 Mapped:           102952 kB
1777810626.646198378 Shmem:              5240 kB
1777810626.646198378 KReclaimable:      29848 kB
1777810626.646198378 Slab:             121544 kB
1777810626.646198378 SReclaimable:      29848 kB
1777810626.646198378 SUnreclaim:        91696 kB
1777810626.646198378 KernelStack:        3200 kB
1777810626.646198378 PageTables:         4196 kB
1777810626.646198378 SecPageTables:         0 kB
1777810626.646198378 NFS_Unstable:          0 kB
1777810626.646198378 Bounce:                0 kB
1777810626.646198378 WritebackTmp:          0 kB
1777810626.646198378 CommitLimit:     3537964 kB
1777810626.646198378 Committed_AS:     514328 kB
1777810626.646198378 VmallocTotal:   135288315904 kB
1777810626.646198378 VmallocUsed:       19208 kB
1777810626.646198378 VmallocChunk:          0 kB
1777810626.646198378 Percpu:             1456 kB
1777810626.646198378 AnonHugePages:         0 kB
1777810626.646198378 ShmemHugePages:        0 kB
1777810626.646198378 ShmemPmdMapped:        0 kB
1777810626.646198378 FileHugePages:         0 kB
1777810626.646198378 FilePmdMapped:         0 kB
1777810626.646198378 CmaTotal:          65536 kB
1777810626.646198378 CmaFree:           49104 kB
1777810626.646198378 Balloon:               0 kB
1777810626.646198378 HugePages_Total:     512
1777810626.646198378 HugePages_Free:      488
1777810626.646198378 HugePages_Rsvd:        0
1777810626.646198378 HugePages_Surp:        0
1777810626.646198378 Hugepagesize:       2048 kB
1777810626.646198378 Hugetlb:         1048576 kB
1777810627.653116017 MemTotal:        8124504 kB
1777810627.653116017 MemFree:         6386564 kB
1777810627.653116017 MemAvailable:    6651576 kB
1777810627.653116017 Buffers:           30132 kB
1777810627.653116017 Cached:           364864 kB
1777810627.653116017 SwapCached:            0 kB
1777810627.653116017 Active:           386732 kB
1777810627.653116017 Inactive:         105596 kB
1777810627.653116017 Active(anon):     102480 kB
1777810627.653116017 Inactive(anon):        0 kB
1777810627.653116017 Active(file):     284252 kB
1777810627.653116017 Inactive(file):   105596 kB
1777810627.653116017 Unevictable:           0 kB
1777810627.653116017 Mlocked:               0 kB
1777810627.653116017 SwapTotal:             0 kB
1777810627.653116017 SwapFree:              0 kB
1777810627.653116017 Zswap:                 0 kB
1777810627.653116017 Zswapped:              0 kB
1777810627.653116017 Dirty:              1692 kB
1777810627.653116017 Writeback:             0 kB
1777810627.653116017 AnonPages:         97312 kB
1777810627.653116017 Mapped:           102952 kB
1777810627.653116017 Shmem:              5240 kB
1777810627.653116017 KReclaimable:      29848 kB
1777810627.653116017 Slab:             121636 kB
1777810627.653116017 SReclaimable:      29848 kB
1777810627.653116017 SUnreclaim:        91788 kB
1777810627.653116017 KernelStack:        3200 kB
1777810627.653116017 PageTables:         4196 kB
1777810627.653116017 SecPageTables:         0 kB
1777810627.653116017 NFS_Unstable:          0 kB
1777810627.653116017 Bounce:                0 kB
1777810627.653116017 WritebackTmp:          0 kB
1777810627.653116017 CommitLimit:     3537964 kB
1777810627.653116017 Committed_AS:     514328 kB
1777810627.653116017 VmallocTotal:   135288315904 kB
1777810627.653116017 VmallocUsed:       19208 kB
1777810627.653116017 VmallocChunk:          0 kB
1777810627.653116017 Percpu:             1456 kB
1777810627.653116017 AnonHugePages:         0 kB
1777810627.653116017 ShmemHugePages:        0 kB
1777810627.653116017 ShmemPmdMapped:        0 kB
1777810627.653116017 FileHugePages:         0 kB
1777810627.653116017 FilePmdMapped:         0 kB
1777810627.653116017 CmaTotal:          65536 kB
1777810627.653116017 CmaFree:           49104 kB
1777810627.653116017 Balloon:               0 kB
1777810627.653116017 HugePages_Total:     512
1777810627.653116017 HugePages_Free:      488
1777810627.653116017 HugePages_Rsvd:        0
1777810627.653116017 HugePages_Surp:        0
1777810627.653116017 Hugepagesize:       2048 kB
1777810627.653116017 Hugetlb:         1048576 kB
1777810628.660066323 MemTotal:        8124504 kB
1777810628.660066323 MemFree:         6386588 kB
1777810628.660066323 MemAvailable:    6651596 kB
1777810628.660066323 Buffers:           30132 kB
1777810628.660066323 Cached:           364864 kB
1777810628.660066323 SwapCached:            0 kB
1777810628.660066323 Active:           386548 kB
1777810628.660066323 Inactive:         105596 kB
1777810628.660066323 Active(anon):     102300 kB
1777810628.660066323 Inactive(anon):        0 kB
1777810628.660066323 Active(file):     284248 kB
1777810628.660066323 Inactive(file):   105596 kB
1777810628.660066323 Unevictable:           0 kB
1777810628.660066323 Mlocked:               0 kB
1777810628.660066323 SwapTotal:             0 kB
1777810628.660066323 SwapFree:              0 kB
1777810628.660066323 Zswap:                 0 kB
1777810628.660066323 Zswapped:              0 kB
1777810628.660066323 Dirty:              1692 kB
1777810628.660066323 Writeback:             0 kB
1777810628.660066323 AnonPages:         97308 kB
1777810628.660066323 Mapped:           102952 kB
1777810628.660066323 Shmem:              5240 kB
1777810628.660066323 KReclaimable:      29848 kB
1777810628.660066323 Slab:             121604 kB
1777810628.660066323 SReclaimable:      29848 kB
1777810628.660066323 SUnreclaim:        91756 kB
1777810628.660066323 KernelStack:        3200 kB
1777810628.660066323 PageTables:         4204 kB
1777810628.660066323 SecPageTables:         0 kB
1777810628.660066323 NFS_Unstable:          0 kB
1777810628.660066323 Bounce:                0 kB
1777810628.660066323 WritebackTmp:          0 kB
1777810628.660066323 CommitLimit:     3537964 kB
1777810628.660066323 Committed_AS:     514328 kB
1777810628.660066323 VmallocTotal:   135288315904 kB
1777810628.660066323 VmallocUsed:       19192 kB
1777810628.660066323 VmallocChunk:          0 kB
1777810628.660066323 Percpu:             1456 kB
1777810628.660066323 AnonHugePages:         0 kB
1777810628.660066323 ShmemHugePages:        0 kB
1777810628.660066323 ShmemPmdMapped:        0 kB
1777810628.660066323 FileHugePages:         0 kB
1777810628.660066323 FilePmdMapped:         0 kB
1777810628.660066323 CmaTotal:          65536 kB
1777810628.660066323 CmaFree:           49104 kB
1777810628.660066323 Balloon:               0 kB
1777810628.660066323 HugePages_Total:     512
1777810628.660066323 HugePages_Free:      488
1777810628.660066323 HugePages_Rsvd:        0
1777810628.660066323 HugePages_Surp:        0
1777810628.660066323 Hugepagesize:       2048 kB
1777810628.660066323 Hugetlb:         1048576 kB
1777810629.666941777 MemTotal:        8124504 kB
1777810629.666941777 MemFree:         6385580 kB
1777810629.666941777 MemAvailable:    6650592 kB
1777810629.666941777 Buffers:           30140 kB
1777810629.666941777 Cached:           364868 kB
1777810629.666941777 SwapCached:            0 kB
1777810629.666941777 Active:           386692 kB
1777810629.666941777 Inactive:         105600 kB
1777810629.666941777 Active(anon):     102444 kB
1777810629.666941777 Inactive(anon):        0 kB
1777810629.666941777 Active(file):     284248 kB
1777810629.666941777 Inactive(file):   105600 kB
1777810629.666941777 Unevictable:           0 kB
1777810629.666941777 Mlocked:               0 kB
1777810629.666941777 SwapTotal:             0 kB
1777810629.666941777 SwapFree:              0 kB
1777810629.666941777 Zswap:                 0 kB
1777810629.666941777 Zswapped:              0 kB
1777810629.666941777 Dirty:              1700 kB
1777810629.666941777 Writeback:             0 kB
1777810629.666941777 AnonPages:         97312 kB
1777810629.666941777 Mapped:           102952 kB
1777810629.666941777 Shmem:              5240 kB
1777810629.666941777 KReclaimable:      29848 kB
1777810629.666941777 Slab:             121564 kB
1777810629.666941777 SReclaimable:      29848 kB
1777810629.666941777 SUnreclaim:        91716 kB
1777810629.666941777 KernelStack:        3200 kB
1777810629.666941777 PageTables:         4212 kB
1777810629.666941777 SecPageTables:         0 kB
1777810629.666941777 NFS_Unstable:          0 kB
1777810629.666941777 Bounce:                0 kB
1777810629.666941777 WritebackTmp:          0 kB
1777810629.666941777 CommitLimit:     3537964 kB
1777810629.666941777 Committed_AS:     514328 kB
1777810629.666941777 VmallocTotal:   135288315904 kB
1777810629.666941777 VmallocUsed:       19208 kB
1777810629.666941777 VmallocChunk:          0 kB
1777810629.666941777 Percpu:             1456 kB
1777810629.666941777 AnonHugePages:         0 kB
1777810629.666941777 ShmemHugePages:        0 kB
1777810629.666941777 ShmemPmdMapped:        0 kB
1777810629.666941777 FileHugePages:         0 kB
1777810629.666941777 FilePmdMapped:         0 kB
1777810629.666941777 CmaTotal:          65536 kB
1777810629.666941777 CmaFree:           49104 kB
1777810629.666941777 Balloon:               0 kB
1777810629.666941777 HugePages_Total:     512
1777810629.666941777 HugePages_Free:      488
1777810629.666941777 HugePages_Rsvd:        0
1777810629.666941777 HugePages_Surp:        0
1777810629.666941777 Hugepagesize:       2048 kB
1777810629.666941777 Hugetlb:         1048576 kB
1777810630.673878527 MemTotal:        8124504 kB
1777810630.673878527 MemFree:         6385876 kB
1777810630.673878527 MemAvailable:    6650896 kB
1777810630.673878527 Buffers:           30140 kB
1777810630.673878527 Cached:           364872 kB
1777810630.673878527 SwapCached:            0 kB
1777810630.673878527 Active:           386532 kB
1777810630.673878527 Inactive:         105608 kB
1777810630.673878527 Active(anon):     102284 kB
1777810630.673878527 Inactive(anon):        0 kB
1777810630.673878527 Active(file):     284248 kB
1777810630.673878527 Inactive(file):   105608 kB
1777810630.673878527 Unevictable:           0 kB
1777810630.673878527 Mlocked:               0 kB
1777810630.673878527 SwapTotal:             0 kB
1777810630.673878527 SwapFree:              0 kB
1777810630.673878527 Zswap:                 0 kB
1777810630.673878527 Zswapped:              0 kB
1777810630.673878527 Dirty:              1704 kB
1777810630.673878527 Writeback:             0 kB
1777810630.673878527 AnonPages:         97312 kB
1777810630.673878527 Mapped:           102912 kB
1777810630.673878527 Shmem:              5240 kB
1777810630.673878527 KReclaimable:      29848 kB
1777810630.673878527 Slab:             121556 kB
1777810630.673878527 SReclaimable:      29848 kB
1777810630.673878527 SUnreclaim:        91708 kB
1777810630.673878527 KernelStack:        3200 kB
1777810630.673878527 PageTables:         4204 kB
1777810630.673878527 SecPageTables:         0 kB
1777810630.673878527 NFS_Unstable:          0 kB
1777810630.673878527 Bounce:                0 kB
1777810630.673878527 WritebackTmp:          0 kB
1777810630.673878527 CommitLimit:     3537964 kB
1777810630.673878527 Committed_AS:     514328 kB
1777810630.673878527 VmallocTotal:   135288315904 kB
1777810630.673878527 VmallocUsed:       19208 kB
1777810630.673878527 VmallocChunk:          0 kB
1777810630.673878527 Percpu:             1456 kB
1777810630.673878527 AnonHugePages:         0 kB
1777810630.673878527 ShmemHugePages:        0 kB
1777810630.673878527 ShmemPmdMapped:        0 kB
1777810630.673878527 FileHugePages:         0 kB
1777810630.673878527 FilePmdMapped:         0 kB
1777810630.673878527 CmaTotal:          65536 kB
1777810630.673878527 CmaFree:           49104 kB
1777810630.673878527 Balloon:               0 kB
1777810630.673878527 HugePages_Total:     512
1777810630.673878527 HugePages_Free:      488
1777810630.673878527 HugePages_Rsvd:        0
1777810630.673878527 HugePages_Surp:        0
1777810630.673878527 Hugepagesize:       2048 kB
1777810630.673878527 Hugetlb:         1048576 kB
1777810631.680815740 MemTotal:        8124504 kB
1777810631.680815740 MemFree:         6386428 kB
1777810631.680815740 MemAvailable:    6651452 kB
1777810631.680815740 Buffers:           30140 kB
1777810631.680815740 Cached:           364876 kB
1777810631.680815740 SwapCached:            0 kB
1777810631.680815740 Active:           386668 kB
1777810631.680815740 Inactive:         105616 kB
1777810631.680815740 Active(anon):     102424 kB
1777810631.680815740 Inactive(anon):        0 kB
1777810631.680815740 Active(file):     284244 kB
1777810631.680815740 Inactive(file):   105616 kB
1777810631.680815740 Unevictable:           0 kB
1777810631.680815740 Mlocked:               0 kB
1777810631.680815740 SwapTotal:             0 kB
1777810631.680815740 SwapFree:              0 kB
1777810631.680815740 Zswap:                 0 kB
1777810631.680815740 Zswapped:              0 kB
1777810631.680815740 Dirty:              1708 kB
1777810631.680815740 Writeback:             0 kB
1777810631.680815740 AnonPages:         97308 kB
1777810631.680815740 Mapped:           102912 kB
1777810631.680815740 Shmem:              5240 kB
1777810631.680815740 KReclaimable:      29848 kB
1777810631.680815740 Slab:             121572 kB
1777810631.680815740 SReclaimable:      29848 kB
1777810631.680815740 SUnreclaim:        91724 kB
1777810631.680815740 KernelStack:        3216 kB
1777810631.680815740 PageTables:         4276 kB
1777810631.680815740 SecPageTables:         0 kB
1777810631.680815740 NFS_Unstable:          0 kB
1777810631.680815740 Bounce:                0 kB
1777810631.680815740 WritebackTmp:          0 kB
1777810631.680815740 CommitLimit:     3537964 kB
1777810631.680815740 Committed_AS:     514328 kB
1777810631.680815740 VmallocTotal:   135288315904 kB
1777810631.680815740 VmallocUsed:       19208 kB
1777810631.680815740 VmallocChunk:          0 kB
1777810631.680815740 Percpu:             1456 kB
1777810631.680815740 AnonHugePages:         0 kB
1777810631.680815740 ShmemHugePages:        0 kB
1777810631.680815740 ShmemPmdMapped:        0 kB
1777810631.680815740 FileHugePages:         0 kB
1777810631.680815740 FilePmdMapped:         0 kB
1777810631.680815740 CmaTotal:          65536 kB
1777810631.680815740 CmaFree:           49104 kB
1777810631.680815740 Balloon:               0 kB
1777810631.680815740 HugePages_Total:     512
1777810631.680815740 HugePages_Free:      488
1777810631.680815740 HugePages_Rsvd:        0
1777810631.680815740 HugePages_Surp:        0
1777810631.680815740 Hugepagesize:       2048 kB
1777810631.680815740 Hugetlb:         1048576 kB
1777810632.687754175 MemTotal:        8124504 kB
1777810632.687754175 MemFree:         6387496 kB
1777810632.687754175 MemAvailable:    6652528 kB
1777810632.687754175 Buffers:           30140 kB
1777810632.687754175 Cached:           364880 kB
1777810632.687754175 SwapCached:            0 kB
1777810632.687754175 Active:           386592 kB
1777810632.687754175 Inactive:         105620 kB
1777810632.687754175 Active(anon):     102344 kB
1777810632.687754175 Inactive(anon):        0 kB
1777810632.687754175 Active(file):     284248 kB
1777810632.687754175 Inactive(file):   105620 kB
1777810632.687754175 Unevictable:           0 kB
1777810632.687754175 Mlocked:               0 kB
1777810632.687754175 SwapTotal:             0 kB
1777810632.687754175 SwapFree:              0 kB
1777810632.687754175 Zswap:                 0 kB
1777810632.687754175 Zswapped:              0 kB
1777810632.687754175 Dirty:              1712 kB
1777810632.687754175 Writeback:             0 kB
1777810632.687754175 AnonPages:         97304 kB
1777810632.687754175 Mapped:           102912 kB
1777810632.687754175 Shmem:              5240 kB
1777810632.687754175 KReclaimable:      29848 kB
1777810632.687754175 Slab:             121612 kB
1777810632.687754175 SReclaimable:      29848 kB
1777810632.687754175 SUnreclaim:        91764 kB
1777810632.687754175 KernelStack:        3216 kB
1777810632.687754175 PageTables:         4212 kB
1777810632.687754175 SecPageTables:         0 kB
1777810632.687754175 NFS_Unstable:          0 kB
1777810632.687754175 Bounce:                0 kB
1777810632.687754175 WritebackTmp:          0 kB
1777810632.687754175 CommitLimit:     3537964 kB
1777810632.687754175 Committed_AS:     514328 kB
1777810632.687754175 VmallocTotal:   135288315904 kB
1777810632.687754175 VmallocUsed:       19208 kB
1777810632.687754175 VmallocChunk:          0 kB
1777810632.687754175 Percpu:             1456 kB
1777810632.687754175 AnonHugePages:         0 kB
1777810632.687754175 ShmemHugePages:        0 kB
1777810632.687754175 ShmemPmdMapped:        0 kB
1777810632.687754175 FileHugePages:         0 kB
1777810632.687754175 FilePmdMapped:         0 kB
1777810632.687754175 CmaTotal:          65536 kB
1777810632.687754175 CmaFree:           49104 kB
1777810632.687754175 Balloon:               0 kB
1777810632.687754175 HugePages_Total:     512
1777810632.687754175 HugePages_Free:      488
1777810632.687754175 HugePages_Rsvd:        0
1777810632.687754175 HugePages_Surp:        0
1777810632.687754175 Hugepagesize:       2048 kB
1777810632.687754175 Hugetlb:         1048576 kB
1777810633.695573055 MemTotal:        8124504 kB
1777810633.695573055 MemFree:         6389488 kB
1777810633.695573055 MemAvailable:    6654524 kB
1777810633.695573055 Buffers:           30140 kB
1777810633.695573055 Cached:           364892 kB
1777810633.695573055 SwapCached:            0 kB
1777810633.695573055 Active:           386588 kB
1777810633.695573055 Inactive:         105624 kB
1777810633.695573055 Active(anon):     102340 kB
1777810633.695573055 Inactive(anon):        0 kB
1777810633.695573055 Active(file):     284248 kB
1777810633.695573055 Inactive(file):   105624 kB
1777810633.695573055 Unevictable:           0 kB
1777810633.695573055 Mlocked:               0 kB
1777810633.695573055 SwapTotal:             0 kB
1777810633.695573055 SwapFree:              0 kB
1777810633.695573055 Zswap:                 0 kB
1777810633.695573055 Zswapped:              0 kB
1777810633.695573055 Dirty:              1724 kB
1777810633.695573055 Writeback:             0 kB
1777810633.695573055 AnonPages:         97316 kB
1777810633.695573055 Mapped:           102912 kB
1777810633.695573055 Shmem:              5240 kB
1777810633.695573055 KReclaimable:      29848 kB
1777810633.695573055 Slab:             121720 kB
1777810633.695573055 SReclaimable:      29848 kB
1777810633.695573055 SUnreclaim:        91872 kB
1777810633.695573055 KernelStack:        3216 kB
1777810633.695573055 PageTables:         4196 kB
1777810633.695573055 SecPageTables:         0 kB
1777810633.695573055 NFS_Unstable:          0 kB
1777810633.695573055 Bounce:                0 kB
1777810633.695573055 WritebackTmp:          0 kB
1777810633.695573055 CommitLimit:     3537964 kB
1777810633.695573055 Committed_AS:     514328 kB
1777810633.695573055 VmallocTotal:   135288315904 kB
1777810633.695573055 VmallocUsed:       19224 kB
1777810633.695573055 VmallocChunk:          0 kB
1777810633.695573055 Percpu:             1456 kB
1777810633.695573055 AnonHugePages:         0 kB
1777810633.695573055 ShmemHugePages:        0 kB
1777810633.695573055 ShmemPmdMapped:        0 kB
1777810633.695573055 FileHugePages:         0 kB
1777810633.695573055 FilePmdMapped:         0 kB
1777810633.695573055 CmaTotal:          65536 kB
1777810633.695573055 CmaFree:           49104 kB
1777810633.695573055 Balloon:               0 kB
1777810633.695573055 HugePages_Total:     512
1777810633.695573055 HugePages_Free:      488
1777810633.695573055 HugePages_Rsvd:        0
1777810633.695573055 HugePages_Surp:        0
1777810633.695573055 Hugepagesize:       2048 kB
1777810633.695573055 Hugetlb:         1048576 kB
1777810634.704486139 MemTotal:        8124504 kB
1777810634.704486139 MemFree:         6386224 kB
1777810634.704486139 MemAvailable:    6651280 kB
1777810634.704486139 Buffers:           30148 kB
1777810634.704486139 Cached:           364896 kB
1777810634.704486139 SwapCached:            0 kB
1777810634.704486139 Active:           386632 kB
1777810634.704486139 Inactive:         105636 kB
1777810634.704486139 Active(anon):     102380 kB
1777810634.704486139 Inactive(anon):        0 kB
1777810634.704486139 Active(file):     284252 kB
1777810634.704486139 Inactive(file):   105636 kB
1777810634.704486139 Unevictable:           0 kB
1777810634.704486139 Mlocked:               0 kB
1777810634.704486139 SwapTotal:             0 kB
1777810634.704486139 SwapFree:              0 kB
1777810634.704486139 Zswap:                 0 kB
1777810634.704486139 Zswapped:              0 kB
1777810634.704486139 Dirty:              1732 kB
1777810634.704486139 Writeback:             0 kB
1777810634.704486139 AnonPages:         97304 kB
1777810634.704486139 Mapped:           102952 kB
1777810634.704486139 Shmem:              5240 kB
1777810634.704486139 KReclaimable:      29852 kB
1777810634.704486139 Slab:             121696 kB
1777810634.704486139 SReclaimable:      29852 kB
1777810634.704486139 SUnreclaim:        91844 kB
1777810634.704486139 KernelStack:        3216 kB
1777810634.704486139 PageTables:         4208 kB
1777810634.704486139 SecPageTables:         0 kB
1777810634.704486139 NFS_Unstable:          0 kB
1777810634.704486139 Bounce:                0 kB
1777810634.704486139 WritebackTmp:          0 kB
1777810634.704486139 CommitLimit:     3537964 kB
1777810634.704486139 Committed_AS:     514328 kB
1777810634.704486139 VmallocTotal:   135288315904 kB
1777810634.704486139 VmallocUsed:       19224 kB
1777810634.704486139 VmallocChunk:          0 kB
1777810634.704486139 Percpu:             1456 kB
1777810634.704486139 AnonHugePages:         0 kB
1777810634.704486139 ShmemHugePages:        0 kB
1777810634.704486139 ShmemPmdMapped:        0 kB
1777810634.704486139 FileHugePages:         0 kB
1777810634.704486139 FilePmdMapped:         0 kB
1777810634.704486139 CmaTotal:          65536 kB
1777810634.704486139 CmaFree:           49104 kB
1777810634.704486139 Balloon:               0 kB
1777810634.704486139 HugePages_Total:     512
1777810634.704486139 HugePages_Free:      488
1777810634.704486139 HugePages_Rsvd:        0
1777810634.704486139 HugePages_Surp:        0
1777810634.704486139 Hugepagesize:       2048 kB
1777810634.704486139 Hugetlb:         1048576 kB
1777810635.713436020 MemTotal:        8124504 kB
1777810635.713436020 MemFree:         6380716 kB
1777810635.713436020 MemAvailable:    6645784 kB
1777810635.713436020 Buffers:           30148 kB
1777810635.713436020 Cached:           364900 kB
1777810635.713436020 SwapCached:            0 kB
1777810635.713436020 Active:           386700 kB
1777810635.713436020 Inactive:         105648 kB
1777810635.713436020 Active(anon):     102448 kB
1777810635.713436020 Inactive(anon):        0 kB
1777810635.713436020 Active(file):     284252 kB
1777810635.713436020 Inactive(file):   105648 kB
1777810635.713436020 Unevictable:           0 kB
1777810635.713436020 Mlocked:               0 kB
1777810635.713436020 SwapTotal:             0 kB
1777810635.713436020 SwapFree:              0 kB
1777810635.713436020 Zswap:                 0 kB
1777810635.713436020 Zswapped:              0 kB
1777810635.713436020 Dirty:              1736 kB
1777810635.713436020 Writeback:             0 kB
1777810635.713436020 AnonPages:         97312 kB
1777810635.713436020 Mapped:           102952 kB
1777810635.713436020 Shmem:              5240 kB
1777810635.713436020 KReclaimable:      29852 kB
1777810635.713436020 Slab:             121732 kB
1777810635.713436020 SReclaimable:      29852 kB
1777810635.713436020 SUnreclaim:        91880 kB
1777810635.713436020 KernelStack:        3216 kB
1777810635.713436020 PageTables:         4212 kB
1777810635.713436020 SecPageTables:         0 kB
1777810635.713436020 NFS_Unstable:          0 kB
1777810635.713436020 Bounce:                0 kB
1777810635.713436020 WritebackTmp:          0 kB
1777810635.713436020 CommitLimit:     3537964 kB
1777810635.713436020 Committed_AS:     514328 kB
1777810635.713436020 VmallocTotal:   135288315904 kB
1777810635.713436020 VmallocUsed:       19208 kB
1777810635.713436020 VmallocChunk:          0 kB
1777810635.713436020 Percpu:             1456 kB
1777810635.713436020 AnonHugePages:         0 kB
1777810635.713436020 ShmemHugePages:        0 kB
1777810635.713436020 ShmemPmdMapped:        0 kB
1777810635.713436020 FileHugePages:         0 kB
1777810635.713436020 FilePmdMapped:         0 kB
1777810635.713436020 CmaTotal:          65536 kB
1777810635.713436020 CmaFree:           49104 kB
1777810635.713436020 Balloon:               0 kB
1777810635.713436020 HugePages_Total:     512
1777810635.713436020 HugePages_Free:      488
1777810635.713436020 HugePages_Rsvd:        0
1777810635.713436020 HugePages_Surp:        0
1777810635.713436020 Hugepagesize:       2048 kB
1777810635.713436020 Hugetlb:         1048576 kB
1777810636.722366993 MemTotal:        8124504 kB
1777810636.722366993 MemFree:         6385108 kB
1777810636.722366993 MemAvailable:    6650172 kB
1777810636.722366993 Buffers:           30148 kB
1777810636.722366993 Cached:           364900 kB
1777810636.722366993 SwapCached:            0 kB
1777810636.722366993 Active:           386540 kB
1777810636.722366993 Inactive:         105648 kB
1777810636.722366993 Active(anon):     102292 kB
1777810636.722366993 Inactive(anon):        0 kB
1777810636.722366993 Active(file):     284248 kB
1777810636.722366993 Inactive(file):   105648 kB
1777810636.722366993 Unevictable:           0 kB
1777810636.722366993 Mlocked:               0 kB
1777810636.722366993 SwapTotal:             0 kB
1777810636.722366993 SwapFree:              0 kB
1777810636.722366993 Zswap:                 0 kB
1777810636.722366993 Zswapped:              0 kB
1777810636.722366993 Dirty:              1736 kB
1777810636.722366993 Writeback:             0 kB
1777810636.722366993 AnonPages:         97312 kB
1777810636.722366993 Mapped:           102952 kB
1777810636.722366993 Shmem:              5240 kB
1777810636.722366993 KReclaimable:      29852 kB
1777810636.722366993 Slab:             121780 kB
1777810636.722366993 SReclaimable:      29852 kB
1777810636.722366993 SUnreclaim:        91928 kB
1777810636.722366993 KernelStack:        3216 kB
1777810636.722366993 PageTables:         4204 kB
1777810636.722366993 SecPageTables:         0 kB
1777810636.722366993 NFS_Unstable:          0 kB
1777810636.722366993 Bounce:                0 kB
1777810636.722366993 WritebackTmp:          0 kB
1777810636.722366993 CommitLimit:     3537964 kB
1777810636.722366993 Committed_AS:     514328 kB
1777810636.722366993 VmallocTotal:   135288315904 kB
1777810636.722366993 VmallocUsed:       19224 kB
1777810636.722366993 VmallocChunk:          0 kB
1777810636.722366993 Percpu:             1456 kB
1777810636.722366993 AnonHugePages:         0 kB
1777810636.722366993 ShmemHugePages:        0 kB
1777810636.722366993 ShmemPmdMapped:        0 kB
1777810636.722366993 FileHugePages:         0 kB
1777810636.722366993 FilePmdMapped:         0 kB
1777810636.722366993 CmaTotal:          65536 kB
1777810636.722366993 CmaFree:           49104 kB
1777810636.722366993 Balloon:               0 kB
1777810636.722366993 HugePages_Total:     512
1777810636.722366993 HugePages_Free:      488
1777810636.722366993 HugePages_Rsvd:        0
1777810636.722366993 HugePages_Surp:        0
1777810636.722366993 Hugepagesize:       2048 kB
1777810636.722366993 Hugetlb:         1048576 kB
1777810637.731267577 MemTotal:        8124504 kB
1777810637.731267577 MemFree:         6381252 kB
1777810637.731267577 MemAvailable:    6646324 kB
1777810637.731267577 Buffers:           30148 kB
1777810637.731267577 Cached:           364908 kB
1777810637.731267577 SwapCached:            0 kB
1777810637.731267577 Active:           386756 kB
1777810637.731267577 Inactive:         105652 kB
1777810637.731267577 Active(anon):     102504 kB
1777810637.731267577 Inactive(anon):        0 kB
1777810637.731267577 Active(file):     284252 kB
1777810637.731267577 Inactive(file):   105652 kB
1777810637.731267577 Unevictable:           0 kB
1777810637.731267577 Mlocked:               0 kB
1777810637.731267577 SwapTotal:             0 kB
1777810637.731267577 SwapFree:              0 kB
1777810637.731267577 Zswap:                 0 kB
1777810637.731267577 Zswapped:              0 kB
1777810637.731267577 Dirty:              1744 kB
1777810637.731267577 Writeback:             0 kB
1777810637.731267577 AnonPages:         97316 kB
1777810637.731267577 Mapped:           102952 kB
1777810637.731267577 Shmem:              5240 kB
1777810637.731267577 KReclaimable:      29852 kB
1777810637.731267577 Slab:             121652 kB
1777810637.731267577 SReclaimable:      29852 kB
1777810637.731267577 SUnreclaim:        91800 kB
1777810637.731267577 KernelStack:        3216 kB
1777810637.731267577 PageTables:         4220 kB
1777810637.731267577 SecPageTables:         0 kB
1777810637.731267577 NFS_Unstable:          0 kB
1777810637.731267577 Bounce:                0 kB
1777810637.731267577 WritebackTmp:          0 kB
1777810637.731267577 CommitLimit:     3537964 kB
1777810637.731267577 Committed_AS:     514328 kB
1777810637.731267577 VmallocTotal:   135288315904 kB
1777810637.731267577 VmallocUsed:       19208 kB
1777810637.731267577 VmallocChunk:          0 kB
1777810637.731267577 Percpu:             1456 kB
1777810637.731267577 AnonHugePages:         0 kB
1777810637.731267577 ShmemHugePages:        0 kB
1777810637.731267577 ShmemPmdMapped:        0 kB
1777810637.731267577 FileHugePages:         0 kB
1777810637.731267577 FilePmdMapped:         0 kB
1777810637.731267577 CmaTotal:          65536 kB
1777810637.731267577 CmaFree:           49104 kB
1777810637.731267577 Balloon:               0 kB
1777810637.731267577 HugePages_Total:     512
1777810637.731267577 HugePages_Free:      488
1777810637.731267577 HugePages_Rsvd:        0
1777810637.731267577 HugePages_Surp:        0
1777810637.731267577 Hugepagesize:       2048 kB
1777810637.731267577 Hugetlb:         1048576 kB
1777810638.740156328 MemTotal:        8124504 kB
1777810638.740156328 MemFree:         6381496 kB
1777810638.740156328 MemAvailable:    6646572 kB
1777810638.740156328 Buffers:           30148 kB
1777810638.740156328 Cached:           364912 kB
1777810638.740156328 SwapCached:            0 kB
1777810638.740156328 Active:           386744 kB
1777810638.740156328 Inactive:         105660 kB
1777810638.740156328 Active(anon):     102496 kB
1777810638.740156328 Inactive(anon):        0 kB
1777810638.740156328 Active(file):     284248 kB
1777810638.740156328 Inactive(file):   105660 kB
1777810638.740156328 Unevictable:           0 kB
1777810638.740156328 Mlocked:               0 kB
1777810638.740156328 SwapTotal:             0 kB
1777810638.740156328 SwapFree:              0 kB
1777810638.740156328 Zswap:                 0 kB
1777810638.740156328 Zswapped:              0 kB
1777810638.740156328 Dirty:              1748 kB
1777810638.740156328 Writeback:             0 kB
1777810638.740156328 AnonPages:         97316 kB
1777810638.740156328 Mapped:           102952 kB
1777810638.740156328 Shmem:              5240 kB
1777810638.740156328 KReclaimable:      29852 kB
1777810638.740156328 Slab:             121876 kB
1777810638.740156328 SReclaimable:      29852 kB
1777810638.740156328 SUnreclaim:        92024 kB
1777810638.740156328 KernelStack:        3216 kB
1777810638.740156328 PageTables:         4204 kB
1777810638.740156328 SecPageTables:         0 kB
1777810638.740156328 NFS_Unstable:          0 kB
1777810638.740156328 Bounce:                0 kB
1777810638.740156328 WritebackTmp:          0 kB
1777810638.740156328 CommitLimit:     3537964 kB
1777810638.740156328 Committed_AS:     514328 kB
1777810638.740156328 VmallocTotal:   135288315904 kB
1777810638.740156328 VmallocUsed:       19224 kB
1777810638.740156328 VmallocChunk:          0 kB
1777810638.740156328 Percpu:             1456 kB
1777810638.740156328 AnonHugePages:         0 kB
1777810638.740156328 ShmemHugePages:        0 kB
1777810638.740156328 ShmemPmdMapped:        0 kB
1777810638.740156328 FileHugePages:         0 kB
1777810638.740156328 FilePmdMapped:         0 kB
1777810638.740156328 CmaTotal:          65536 kB
1777810638.740156328 CmaFree:           49104 kB
1777810638.740156328 Balloon:               0 kB
1777810638.740156328 HugePages_Total:     512
1777810638.740156328 HugePages_Free:      488
1777810638.740156328 HugePages_Rsvd:        0
1777810638.740156328 HugePages_Surp:        0
1777810638.740156328 Hugepagesize:       2048 kB
1777810638.740156328 Hugetlb:         1048576 kB
1777810639.749061523 MemTotal:        8124504 kB
1777810639.749061523 MemFree:         6383832 kB
1777810639.749061523 MemAvailable:    6648912 kB
1777810639.749061523 Buffers:           30152 kB
1777810639.749061523 Cached:           364908 kB
1777810639.749061523 SwapCached:            0 kB
1777810639.749061523 Active:           386672 kB
1777810639.749061523 Inactive:         105660 kB
1777810639.749061523 Active(anon):     102420 kB
1777810639.749061523 Inactive(anon):        0 kB
1777810639.749061523 Active(file):     284252 kB
1777810639.749061523 Inactive(file):   105660 kB
1777810639.749061523 Unevictable:           0 kB
1777810639.749061523 Mlocked:               0 kB
1777810639.749061523 SwapTotal:             0 kB
1777810639.749061523 SwapFree:              0 kB
1777810639.749061523 Zswap:                 0 kB
1777810639.749061523 Zswapped:              0 kB
1777810639.749061523 Dirty:              1748 kB
1777810639.749061523 Writeback:             0 kB
1777810639.749061523 AnonPages:         97220 kB
1777810639.749061523 Mapped:           102912 kB
1777810639.749061523 Shmem:              5240 kB
1777810639.749061523 KReclaimable:      29852 kB
1777810639.749061523 Slab:             121760 kB
1777810639.749061523 SReclaimable:      29852 kB
1777810639.749061523 SUnreclaim:        91908 kB
1777810639.749061523 KernelStack:        3200 kB
1777810639.749061523 PageTables:         4148 kB
1777810639.749061523 SecPageTables:         0 kB
1777810639.749061523 NFS_Unstable:          0 kB
1777810639.749061523 Bounce:                0 kB
1777810639.749061523 WritebackTmp:          0 kB
1777810639.749061523 CommitLimit:     3537964 kB
1777810639.749061523 Committed_AS:     514328 kB
1777810639.749061523 VmallocTotal:   135288315904 kB
1777810639.749061523 VmallocUsed:       19208 kB
1777810639.749061523 VmallocChunk:          0 kB
1777810639.749061523 Percpu:             1456 kB
1777810639.749061523 AnonHugePages:         0 kB
1777810639.749061523 ShmemHugePages:        0 kB
1777810639.749061523 ShmemPmdMapped:        0 kB
1777810639.749061523 FileHugePages:         0 kB
1777810639.749061523 FilePmdMapped:         0 kB
1777810639.749061523 CmaTotal:          65536 kB
1777810639.749061523 CmaFree:           49104 kB
1777810639.749061523 Balloon:               0 kB
1777810639.749061523 HugePages_Total:     512
1777810639.749061523 HugePages_Free:      488
1777810639.749061523 HugePages_Rsvd:        0
1777810639.749061523 HugePages_Surp:        0
1777810639.749061523 Hugepagesize:       2048 kB
1777810639.749061523 Hugetlb:         1048576 kB
1777810640.759809515 MemTotal:        8124504 kB
1777810640.759809515 MemFree:         6386540 kB
1777810640.759809515 MemAvailable:    6651636 kB
1777810640.759809515 Buffers:           30156 kB
1777810640.759809515 Cached:           364924 kB
1777810640.759809515 SwapCached:            0 kB
1777810640.759809515 Active:           386640 kB
1777810640.759809515 Inactive:         105676 kB
1777810640.759809515 Active(anon):     102388 kB
1777810640.759809515 Inactive(anon):        0 kB
1777810640.759809515 Active(file):     284252 kB
1777810640.759809515 Inactive(file):   105676 kB
1777810640.759809515 Unevictable:           0 kB
1777810640.759809515 Mlocked:               0 kB
1777810640.759809515 SwapTotal:             0 kB
1777810640.759809515 SwapFree:              0 kB
1777810640.759809515 Zswap:                 0 kB
1777810640.759809515 Zswapped:              0 kB
1777810640.759809515 Dirty:              1760 kB
1777810640.759809515 Writeback:             0 kB
1777810640.759809515 AnonPages:         97312 kB
1777810640.759809515 Mapped:           102912 kB
1777810640.759809515 Shmem:              5240 kB
1777810640.759809515 KReclaimable:      29852 kB
1777810640.759809515 Slab:             121804 kB
1777810640.759809515 SReclaimable:      29852 kB
1777810640.759809515 SUnreclaim:        91952 kB
1777810640.759809515 KernelStack:        3216 kB
1777810640.759809515 PageTables:         4216 kB
1777810640.759809515 SecPageTables:         0 kB
1777810640.759809515 NFS_Unstable:          0 kB
1777810640.759809515 Bounce:                0 kB
1777810640.759809515 WritebackTmp:          0 kB
1777810640.759809515 CommitLimit:     3537964 kB
1777810640.759809515 Committed_AS:     514328 kB
1777810640.759809515 VmallocTotal:   135288315904 kB
1777810640.759809515 VmallocUsed:       19208 kB
1777810640.759809515 VmallocChunk:          0 kB
1777810640.759809515 Percpu:             1456 kB
1777810640.759809515 AnonHugePages:         0 kB
1777810640.759809515 ShmemHugePages:        0 kB
1777810640.759809515 ShmemPmdMapped:        0 kB
1777810640.759809515 FileHugePages:         0 kB
1777810640.759809515 FilePmdMapped:         0 kB
1777810640.759809515 CmaTotal:          65536 kB
1777810640.759809515 CmaFree:           49104 kB
1777810640.759809515 Balloon:               0 kB
1777810640.759809515 HugePages_Total:     512
1777810640.759809515 HugePages_Free:      488
1777810640.759809515 HugePages_Rsvd:        0
1777810640.759809515 HugePages_Surp:        0
1777810640.759809515 Hugepagesize:       2048 kB
1777810640.759809515 Hugetlb:         1048576 kB
1777810641.768723895 MemTotal:        8124504 kB
1777810641.768723895 MemFree:         6387960 kB
1777810641.768723895 MemAvailable:    6653056 kB
1777810641.768723895 Buffers:           30156 kB
1777810641.768723895 Cached:           364928 kB
1777810641.768723895 SwapCached:            0 kB
1777810641.768723895 Active:           386588 kB
1777810641.768723895 Inactive:         105680 kB
1777810641.768723895 Active(anon):     102340 kB
1777810641.768723895 Inactive(anon):        0 kB
1777810641.768723895 Active(file):     284248 kB
1777810641.768723895 Inactive(file):   105680 kB
1777810641.768723895 Unevictable:           0 kB
1777810641.768723895 Mlocked:               0 kB
1777810641.768723895 SwapTotal:             0 kB
1777810641.768723895 SwapFree:              0 kB
1777810641.768723895 Zswap:                 0 kB
1777810641.768723895 Zswapped:              0 kB
1777810641.768723895 Dirty:              1764 kB
1777810641.768723895 Writeback:             0 kB
1777810641.768723895 AnonPages:         97312 kB
1777810641.768723895 Mapped:           102952 kB
1777810641.768723895 Shmem:              5240 kB
1777810641.768723895 KReclaimable:      29852 kB
1777810641.768723895 Slab:             121692 kB
1777810641.768723895 SReclaimable:      29852 kB
1777810641.768723895 SUnreclaim:        91840 kB
1777810641.768723895 KernelStack:        3216 kB
1777810641.768723895 PageTables:         4212 kB
1777810641.768723895 SecPageTables:         0 kB
1777810641.768723895 NFS_Unstable:          0 kB
1777810641.768723895 Bounce:                0 kB
1777810641.768723895 WritebackTmp:          0 kB
1777810641.768723895 CommitLimit:     3537964 kB
1777810641.768723895 Committed_AS:     514328 kB
1777810641.768723895 VmallocTotal:   135288315904 kB
1777810641.768723895 VmallocUsed:       19208 kB
1777810641.768723895 VmallocChunk:          0 kB
1777810641.768723895 Percpu:             1456 kB
1777810641.768723895 AnonHugePages:         0 kB
1777810641.768723895 ShmemHugePages:        0 kB
1777810641.768723895 ShmemPmdMapped:        0 kB
1777810641.768723895 FileHugePages:         0 kB
1777810641.768723895 FilePmdMapped:         0 kB
1777810641.768723895 CmaTotal:          65536 kB
1777810641.768723895 CmaFree:           49104 kB
1777810641.768723895 Balloon:               0 kB
1777810641.768723895 HugePages_Total:     512
1777810641.768723895 HugePages_Free:      488
1777810641.768723895 HugePages_Rsvd:        0
1777810641.768723895 HugePages_Surp:        0
1777810641.768723895 Hugepagesize:       2048 kB
1777810641.768723895 Hugetlb:         1048576 kB
1777810642.777603720 MemTotal:        8124504 kB
1777810642.777603720 MemFree:         6387300 kB
1777810642.777603720 MemAvailable:    6652408 kB
1777810642.777603720 Buffers:           30156 kB
1777810642.777603720 Cached:           364932 kB
1777810642.777603720 SwapCached:            0 kB
1777810642.777603720 Active:           386704 kB
1777810642.777603720 Inactive:         105688 kB
1777810642.777603720 Active(anon):     102452 kB
1777810642.777603720 Inactive(anon):        0 kB
1777810642.777603720 Active(file):     284252 kB
1777810642.777603720 Inactive(file):   105688 kB
1777810642.777603720 Unevictable:           0 kB
1777810642.777603720 Mlocked:               0 kB
1777810642.777603720 SwapTotal:             0 kB
1777810642.777603720 SwapFree:              0 kB
1777810642.777603720 Zswap:                 0 kB
1777810642.777603720 Zswapped:              0 kB
1777810642.777603720 Dirty:              1768 kB
1777810642.777603720 Writeback:             0 kB
1777810642.777603720 AnonPages:         97316 kB
1777810642.777603720 Mapped:           102952 kB
1777810642.777603720 Shmem:              5240 kB
1777810642.777603720 KReclaimable:      29852 kB
1777810642.777603720 Slab:             121764 kB
1777810642.777603720 SReclaimable:      29852 kB
1777810642.777603720 SUnreclaim:        91912 kB
1777810642.777603720 KernelStack:        3216 kB
1777810642.777603720 PageTables:         4216 kB
1777810642.777603720 SecPageTables:         0 kB
1777810642.777603720 NFS_Unstable:          0 kB
1777810642.777603720 Bounce:                0 kB
1777810642.777603720 WritebackTmp:          0 kB
1777810642.777603720 CommitLimit:     3537964 kB
1777810642.777603720 Committed_AS:     514328 kB
1777810642.777603720 VmallocTotal:   135288315904 kB
1777810642.777603720 VmallocUsed:       19224 kB
1777810642.777603720 VmallocChunk:          0 kB
1777810642.777603720 Percpu:             1456 kB
1777810642.777603720 AnonHugePages:         0 kB
1777810642.777603720 ShmemHugePages:        0 kB
1777810642.777603720 ShmemPmdMapped:        0 kB
1777810642.777603720 FileHugePages:         0 kB
1777810642.777603720 FilePmdMapped:         0 kB
1777810642.777603720 CmaTotal:          65536 kB
1777810642.777603720 CmaFree:           49104 kB
1777810642.777603720 Balloon:               0 kB
1777810642.777603720 HugePages_Total:     512
1777810642.777603720 HugePages_Free:      488
1777810642.777603720 HugePages_Rsvd:        0
1777810642.777603720 HugePages_Surp:        0
1777810642.777603720 Hugepagesize:       2048 kB
1777810642.777603720 Hugetlb:         1048576 kB
1777810643.786540489 MemTotal:        8124504 kB
1777810643.786540489 MemFree:         6388604 kB
1777810643.786540489 MemAvailable:    6653712 kB
1777810643.786540489 Buffers:           30156 kB
1777810643.786540489 Cached:           364936 kB
1777810643.786540489 SwapCached:            0 kB
1777810643.786540489 Active:           386440 kB
1777810643.786540489 Inactive:         105692 kB
1777810643.786540489 Active(anon):     102192 kB
1777810643.786540489 Inactive(anon):        0 kB
1777810643.786540489 Active(file):     284248 kB
1777810643.786540489 Inactive(file):   105692 kB
1777810643.786540489 Unevictable:           0 kB
1777810643.786540489 Mlocked:               0 kB
1777810643.786540489 SwapTotal:             0 kB
1777810643.786540489 SwapFree:              0 kB
1777810643.786540489 Zswap:                 0 kB
1777810643.786540489 Zswapped:              0 kB
1777810643.786540489 Dirty:              1772 kB
1777810643.786540489 Writeback:             0 kB
1777810643.786540489 AnonPages:         97220 kB
1777810643.786540489 Mapped:           102848 kB
1777810643.786540489 Shmem:              5240 kB
1777810643.786540489 KReclaimable:      29852 kB
1777810643.786540489 Slab:             121832 kB
1777810643.786540489 SReclaimable:      29852 kB
1777810643.786540489 SUnreclaim:        91980 kB
1777810643.786540489 KernelStack:        3208 kB
1777810643.786540489 PageTables:         4292 kB
1777810643.786540489 SecPageTables:         0 kB
1777810643.786540489 NFS_Unstable:          0 kB
1777810643.786540489 Bounce:                0 kB
1777810643.786540489 WritebackTmp:          0 kB
1777810643.786540489 CommitLimit:     3537964 kB
1777810643.786540489 Committed_AS:     514328 kB
1777810643.786540489 VmallocTotal:   135288315904 kB
1777810643.786540489 VmallocUsed:       19224 kB
1777810643.786540489 VmallocChunk:          0 kB
1777810643.786540489 Percpu:             1456 kB
1777810643.786540489 AnonHugePages:         0 kB
1777810643.786540489 ShmemHugePages:        0 kB
1777810643.786540489 ShmemPmdMapped:        0 kB
1777810643.786540489 FileHugePages:         0 kB
1777810643.786540489 FilePmdMapped:         0 kB
1777810643.786540489 CmaTotal:          65536 kB
1777810643.786540489 CmaFree:           49104 kB
1777810643.786540489 Balloon:               0 kB
1777810643.786540489 HugePages_Total:     512
1777810643.786540489 HugePages_Free:      488
1777810643.786540489 HugePages_Rsvd:        0
1777810643.786540489 HugePages_Surp:        0
1777810643.786540489 Hugepagesize:       2048 kB
1777810643.786540489 Hugetlb:         1048576 kB
1777810644.795581888 MemTotal:        8124504 kB
1777810644.795581888 MemFree:         6381152 kB
1777810644.795581888 MemAvailable:    6646256 kB
1777810644.795581888 Buffers:           30160 kB
1777810644.795581888 Cached:           364936 kB
1777810644.795581888 SwapCached:            0 kB
1777810644.795581888 Active:           386592 kB
1777810644.795581888 Inactive:         105692 kB
1777810644.795581888 Active(anon):     102348 kB
1777810644.795581888 Inactive(anon):        0 kB
1777810644.795581888 Active(file):     284244 kB
1777810644.795581888 Inactive(file):   105692 kB
1777810644.795581888 Unevictable:           0 kB
1777810644.795581888 Mlocked:               0 kB
1777810644.795581888 SwapTotal:             0 kB
1777810644.795581888 SwapFree:              0 kB
1777810644.795581888 Zswap:                 0 kB
1777810644.795581888 Zswapped:              0 kB
1777810644.795581888 Dirty:              1776 kB
1777810644.795581888 Writeback:             0 kB
1777810644.795581888 AnonPages:         97252 kB
1777810644.795581888 Mapped:           102912 kB
1777810644.795581888 Shmem:              5240 kB
1777810644.795581888 KReclaimable:      29852 kB
1777810644.795581888 Slab:             121756 kB
1777810644.795581888 SReclaimable:      29852 kB
1777810644.795581888 SUnreclaim:        91904 kB
1777810644.795581888 KernelStack:        3232 kB
1777810644.795581888 PageTables:         4252 kB
1777810644.795581888 SecPageTables:         0 kB
1777810644.795581888 NFS_Unstable:          0 kB
1777810644.795581888 Bounce:                0 kB
1777810644.795581888 WritebackTmp:          0 kB
1777810644.795581888 CommitLimit:     3537964 kB
1777810644.795581888 Committed_AS:     514328 kB
1777810644.795581888 VmallocTotal:   135288315904 kB
1777810644.795581888 VmallocUsed:       19224 kB
1777810644.795581888 VmallocChunk:          0 kB
1777810644.795581888 Percpu:             1456 kB
1777810644.795581888 AnonHugePages:         0 kB
1777810644.795581888 ShmemHugePages:        0 kB
1777810644.795581888 ShmemPmdMapped:        0 kB
1777810644.795581888 FileHugePages:         0 kB
1777810644.795581888 FilePmdMapped:         0 kB
1777810644.795581888 CmaTotal:          65536 kB
1777810644.795581888 CmaFree:           49104 kB
1777810644.795581888 Balloon:               0 kB
1777810644.795581888 HugePages_Total:     512
1777810644.795581888 HugePages_Free:      488
1777810644.795581888 HugePages_Rsvd:        0
1777810644.795581888 HugePages_Surp:        0
1777810644.795581888 Hugepagesize:       2048 kB
1777810644.795581888 Hugetlb:         1048576 kB
1777810645.805846621 MemTotal:        8124504 kB
1777810645.805846621 MemFree:         6382272 kB
1777810645.805846621 MemAvailable:    6647396 kB
1777810645.805846621 Buffers:           30164 kB
1777810645.805846621 Cached:           364944 kB
1777810645.805846621 SwapCached:            0 kB
1777810645.805846621 Active:           386548 kB
1777810645.805846621 Inactive:         105708 kB
1777810645.805846621 Active(anon):     102300 kB
1777810645.805846621 Inactive(anon):        0 kB
1777810645.805846621 Active(file):     284248 kB
1777810645.805846621 Inactive(file):   105708 kB
1777810645.805846621 Unevictable:           0 kB
1777810645.805846621 Mlocked:               0 kB
1777810645.805846621 SwapTotal:             0 kB
1777810645.805846621 SwapFree:              0 kB
1777810645.805846621 Zswap:                 0 kB
1777810645.805846621 Zswapped:              0 kB
1777810645.805846621 Dirty:              1780 kB
1777810645.805846621 Writeback:             0 kB
1777810645.805846621 AnonPages:         97308 kB
1777810645.805846621 Mapped:           102952 kB
1777810645.805846621 Shmem:              5240 kB
1777810645.805846621 KReclaimable:      29852 kB
1777810645.805846621 Slab:             121756 kB
1777810645.805846621 SReclaimable:      29852 kB
1777810645.805846621 SUnreclaim:        91904 kB
1777810645.805846621 KernelStack:        3216 kB
1777810645.805846621 PageTables:         4220 kB
1777810645.805846621 SecPageTables:         0 kB
1777810645.805846621 NFS_Unstable:          0 kB
1777810645.805846621 Bounce:                0 kB
1777810645.805846621 WritebackTmp:          0 kB
1777810645.805846621 CommitLimit:     3537964 kB
1777810645.805846621 Committed_AS:     514328 kB
1777810645.805846621 VmallocTotal:   135288315904 kB
1777810645.805846621 VmallocUsed:       19224 kB
1777810645.805846621 VmallocChunk:          0 kB
1777810645.805846621 Percpu:             1456 kB
1777810645.805846621 AnonHugePages:         0 kB
1777810645.805846621 ShmemHugePages:        0 kB
1777810645.805846621 ShmemPmdMapped:        0 kB
1777810645.805846621 FileHugePages:         0 kB
1777810645.805846621 FilePmdMapped:         0 kB
1777810645.805846621 CmaTotal:          65536 kB
1777810645.805846621 CmaFree:           49104 kB
1777810645.805846621 Balloon:               0 kB
1777810645.805846621 HugePages_Total:     512
1777810645.805846621 HugePages_Free:      488
1777810645.805846621 HugePages_Rsvd:        0
1777810645.805846621 HugePages_Surp:        0
1777810645.805846621 Hugepagesize:       2048 kB
1777810645.805846621 Hugetlb:         1048576 kB
1777810646.815580205 MemTotal:        8124504 kB
1777810646.815580205 MemFree:         6385256 kB
1777810646.815580205 MemAvailable:    6650388 kB
1777810646.815580205 Buffers:           30164 kB
1777810646.815580205 Cached:           364948 kB
1777810646.815580205 SwapCached:            0 kB
1777810646.815580205 Active:           386708 kB
1777810646.815580205 Inactive:         105712 kB
1777810646.815580205 Active(anon):     102456 kB
1777810646.815580205 Inactive(anon):        0 kB
1777810646.815580205 Active(file):     284252 kB
1777810646.815580205 Inactive(file):   105712 kB
1777810646.815580205 Unevictable:           0 kB
1777810646.815580205 Mlocked:               0 kB
1777810646.815580205 SwapTotal:             0 kB
1777810646.815580205 SwapFree:              0 kB
1777810646.815580205 Zswap:                 0 kB
1777810646.815580205 Zswapped:              0 kB
1777810646.815580205 Dirty:              1784 kB
1777810646.815580205 Writeback:             0 kB
1777810646.815580205 AnonPages:         97352 kB
1777810646.815580205 Mapped:           102912 kB
1777810646.815580205 Shmem:              5240 kB
1777810646.815580205 KReclaimable:      29852 kB
1777810646.815580205 Slab:             121732 kB
1777810646.815580205 SReclaimable:      29852 kB
1777810646.815580205 SUnreclaim:        91880 kB
1777810646.815580205 KernelStack:        3232 kB
1777810646.815580205 PageTables:         4252 kB
1777810646.815580205 SecPageTables:         0 kB
1777810646.815580205 NFS_Unstable:          0 kB
1777810646.815580205 Bounce:                0 kB
1777810646.815580205 WritebackTmp:          0 kB
1777810646.815580205 CommitLimit:     3537964 kB
1777810646.815580205 Committed_AS:     514328 kB
1777810646.815580205 VmallocTotal:   135288315904 kB
1777810646.815580205 VmallocUsed:       19224 kB
1777810646.815580205 VmallocChunk:          0 kB
1777810646.815580205 Percpu:             1456 kB
1777810646.815580205 AnonHugePages:         0 kB
1777810646.815580205 ShmemHugePages:        0 kB
1777810646.815580205 ShmemPmdMapped:        0 kB
1777810646.815580205 FileHugePages:         0 kB
1777810646.815580205 FilePmdMapped:         0 kB
1777810646.815580205 CmaTotal:          65536 kB
1777810646.815580205 CmaFree:           49104 kB
1777810646.815580205 Balloon:               0 kB
1777810646.815580205 HugePages_Total:     512
1777810646.815580205 HugePages_Free:      488
1777810646.815580205 HugePages_Rsvd:        0
1777810646.815580205 HugePages_Surp:        0
1777810646.815580205 Hugepagesize:       2048 kB
1777810646.815580205 Hugetlb:         1048576 kB
1777810647.825008401 MemTotal:        8124504 kB
1777810647.825008401 MemFree:         6383240 kB
1777810647.825008401 MemAvailable:    6648368 kB
1777810647.825008401 Buffers:           30164 kB
1777810647.825008401 Cached:           364956 kB
1777810647.825008401 SwapCached:            0 kB
1777810647.825008401 Active:           386508 kB
1777810647.825008401 Inactive:         105716 kB
1777810647.825008401 Active(anon):     102264 kB
1777810647.825008401 Inactive(anon):        0 kB
1777810647.825008401 Active(file):     284244 kB
1777810647.825008401 Inactive(file):   105716 kB
1777810647.825008401 Unevictable:           0 kB
1777810647.825008401 Mlocked:               0 kB
1777810647.825008401 SwapTotal:             0 kB
1777810647.825008401 SwapFree:              0 kB
1777810647.825008401 Zswap:                 0 kB
1777810647.825008401 Zswapped:              0 kB
1777810647.825008401 Dirty:              1792 kB
1777810647.825008401 Writeback:             0 kB
1777810647.825008401 AnonPages:         97264 kB
1777810647.825008401 Mapped:           102912 kB
1777810647.825008401 Shmem:              5240 kB
1777810647.825008401 KReclaimable:      29852 kB
1777810647.825008401 Slab:             121704 kB
1777810647.825008401 SReclaimable:      29852 kB
1777810647.825008401 SUnreclaim:        91852 kB
1777810647.825008401 KernelStack:        3216 kB
1777810647.825008401 PageTables:         4256 kB
1777810647.825008401 SecPageTables:         0 kB
1777810647.825008401 NFS_Unstable:          0 kB
1777810647.825008401 Bounce:                0 kB
1777810647.825008401 WritebackTmp:          0 kB
1777810647.825008401 CommitLimit:     3537964 kB
1777810647.825008401 Committed_AS:     514328 kB
1777810647.825008401 VmallocTotal:   135288315904 kB
1777810647.825008401 VmallocUsed:       19224 kB
1777810647.825008401 VmallocChunk:          0 kB
1777810647.825008401 Percpu:             1456 kB
1777810647.825008401 AnonHugePages:         0 kB
1777810647.825008401 ShmemHugePages:        0 kB
1777810647.825008401 ShmemPmdMapped:        0 kB
1777810647.825008401 FileHugePages:         0 kB
1777810647.825008401 FilePmdMapped:         0 kB
1777810647.825008401 CmaTotal:          65536 kB
1777810647.825008401 CmaFree:           49104 kB
1777810647.825008401 Balloon:               0 kB
1777810647.825008401 HugePages_Total:     512
1777810647.825008401 HugePages_Free:      488
1777810647.825008401 HugePages_Rsvd:        0
1777810647.825008401 HugePages_Surp:        0
1777810647.825008401 Hugepagesize:       2048 kB
1777810647.825008401 Hugetlb:         1048576 kB
1777810648.834598077 MemTotal:        8124504 kB
1777810648.834598077 MemFree:         6385040 kB
1777810648.834598077 MemAvailable:    6650176 kB
1777810648.834598077 Buffers:           30164 kB
1777810648.834598077 Cached:           364964 kB
1777810648.834598077 SwapCached:            0 kB
1777810648.834598077 Active:           386560 kB
1777810648.834598077 Inactive:         105724 kB
1777810648.834598077 Active(anon):     102316 kB
1777810648.834598077 Inactive(anon):        0 kB
1777810648.834598077 Active(file):     284244 kB
1777810648.834598077 Inactive(file):   105724 kB
1777810648.834598077 Unevictable:           0 kB
1777810648.834598077 Mlocked:               0 kB
1777810648.834598077 SwapTotal:             0 kB
1777810648.834598077 SwapFree:              0 kB
1777810648.834598077 Zswap:                 0 kB
1777810648.834598077 Zswapped:              0 kB
1777810648.834598077 Dirty:              1800 kB
1777810648.834598077 Writeback:             0 kB
1777810648.834598077 AnonPages:         97232 kB
1777810648.834598077 Mapped:           102912 kB
1777810648.834598077 Shmem:              5240 kB
1777810648.834598077 KReclaimable:      29852 kB
1777810648.834598077 Slab:             121640 kB
1777810648.834598077 SReclaimable:      29852 kB
1777810648.834598077 SUnreclaim:        91788 kB
1777810648.834598077 KernelStack:        3216 kB
1777810648.834598077 PageTables:         4312 kB
1777810648.834598077 SecPageTables:         0 kB
1777810648.834598077 NFS_Unstable:          0 kB
1777810648.834598077 Bounce:                0 kB
1777810648.834598077 WritebackTmp:          0 kB
1777810648.834598077 CommitLimit:     3537964 kB
1777810648.834598077 Committed_AS:     514328 kB
1777810648.834598077 VmallocTotal:   135288315904 kB
1777810648.834598077 VmallocUsed:       19224 kB
1777810648.834598077 VmallocChunk:          0 kB
1777810648.834598077 Percpu:             1456 kB
1777810648.834598077 AnonHugePages:         0 kB
1777810648.834598077 ShmemHugePages:        0 kB
1777810648.834598077 ShmemPmdMapped:        0 kB
1777810648.834598077 FileHugePages:         0 kB
1777810648.834598077 FilePmdMapped:         0 kB
1777810648.834598077 CmaTotal:          65536 kB
1777810648.834598077 CmaFree:           49104 kB
1777810648.834598077 Balloon:               0 kB
1777810648.834598077 HugePages_Total:     512
1777810648.834598077 HugePages_Free:      488
1777810648.834598077 HugePages_Rsvd:        0
1777810648.834598077 HugePages_Surp:        0
1777810648.834598077 Hugepagesize:       2048 kB
1777810648.834598077 Hugetlb:         1048576 kB
1777810649.843996828 MemTotal:        8124504 kB
1777810649.843996828 MemFree:         6386124 kB
1777810649.843996828 MemAvailable:    6651264 kB
1777810649.843996828 Buffers:           30168 kB
1777810649.843996828 Cached:           364960 kB
1777810649.843996828 SwapCached:            0 kB
1777810649.843996828 Active:           386476 kB
1777810649.843996828 Inactive:         105728 kB
1777810649.843996828 Active(anon):     102232 kB
1777810649.843996828 Inactive(anon):        0 kB
1777810649.843996828 Active(file):     284244 kB
1777810649.843996828 Inactive(file):   105728 kB
1777810649.843996828 Unevictable:           0 kB
1777810649.843996828 Mlocked:               0 kB
1777810649.843996828 SwapTotal:             0 kB
1777810649.843996828 SwapFree:              0 kB
1777810649.843996828 Zswap:                 0 kB
1777810649.843996828 Zswapped:              0 kB
1777810649.843996828 Dirty:              1800 kB
1777810649.843996828 Writeback:             0 kB
1777810649.843996828 AnonPages:         97264 kB
1777810649.843996828 Mapped:           102912 kB
1777810649.843996828 Shmem:              5240 kB
1777810649.843996828 KReclaimable:      29852 kB
1777810649.843996828 Slab:             121712 kB
1777810649.843996828 SReclaimable:      29852 kB
1777810649.843996828 SUnreclaim:        91860 kB
1777810649.843996828 KernelStack:        3216 kB
1777810649.843996828 PageTables:         4260 kB
1777810649.843996828 SecPageTables:         0 kB
1777810649.843996828 NFS_Unstable:          0 kB
1777810649.843996828 Bounce:                0 kB
1777810649.843996828 WritebackTmp:          0 kB
1777810649.843996828 CommitLimit:     3537964 kB
1777810649.843996828 Committed_AS:     514328 kB
1777810649.843996828 VmallocTotal:   135288315904 kB
1777810649.843996828 VmallocUsed:       19208 kB
1777810649.843996828 VmallocChunk:          0 kB
1777810649.843996828 Percpu:             1456 kB
1777810649.843996828 AnonHugePages:         0 kB
1777810649.843996828 ShmemHugePages:        0 kB
1777810649.843996828 ShmemPmdMapped:        0 kB
1777810649.843996828 FileHugePages:         0 kB
1777810649.843996828 FilePmdMapped:         0 kB
1777810649.843996828 CmaTotal:          65536 kB
1777810649.843996828 CmaFree:           49104 kB
1777810649.843996828 Balloon:               0 kB
1777810649.843996828 HugePages_Total:     512
1777810649.843996828 HugePages_Free:      488
1777810649.843996828 HugePages_Rsvd:        0
1777810649.843996828 HugePages_Surp:        0
1777810649.843996828 Hugepagesize:       2048 kB
1777810649.843996828 Hugetlb:         1048576 kB
1777810650.854891246 MemTotal:        8124504 kB
1777810650.854891246 MemFree:         6385628 kB
1777810650.854891246 MemAvailable:    6650784 kB
1777810650.854891246 Buffers:           30172 kB
1777810650.854891246 Cached:           364968 kB
1777810650.854891246 SwapCached:            0 kB
1777810650.854891246 Active:           386560 kB
1777810650.854891246 Inactive:         105740 kB
1777810650.854891246 Active(anon):     102312 kB
1777810650.854891246 Inactive(anon):        0 kB
1777810650.854891246 Active(file):     284248 kB
1777810650.854891246 Inactive(file):   105740 kB
1777810650.854891246 Unevictable:           0 kB
1777810650.854891246 Mlocked:               0 kB
1777810650.854891246 SwapTotal:             0 kB
1777810650.854891246 SwapFree:              0 kB
1777810650.854891246 Zswap:                 0 kB
1777810650.854891246 Zswapped:              0 kB
1777810650.854891246 Dirty:              1804 kB
1777810650.854891246 Writeback:             0 kB
1777810650.854891246 AnonPages:         97264 kB
1777810650.854891246 Mapped:           102912 kB
1777810650.854891246 Shmem:              5240 kB
1777810650.854891246 KReclaimable:      29852 kB
1777810650.854891246 Slab:             121716 kB
1777810650.854891246 SReclaimable:      29852 kB
1777810650.854891246 SUnreclaim:        91864 kB
1777810650.854891246 KernelStack:        3216 kB
1777810650.854891246 PageTables:         4252 kB
1777810650.854891246 SecPageTables:         0 kB
1777810650.854891246 NFS_Unstable:          0 kB
1777810650.854891246 Bounce:                0 kB
1777810650.854891246 WritebackTmp:          0 kB
1777810650.854891246 CommitLimit:     3537964 kB
1777810650.854891246 Committed_AS:     514328 kB
1777810650.854891246 VmallocTotal:   135288315904 kB
1777810650.854891246 VmallocUsed:       19192 kB
1777810650.854891246 VmallocChunk:          0 kB
1777810650.854891246 Percpu:             1456 kB
1777810650.854891246 AnonHugePages:         0 kB
1777810650.854891246 ShmemHugePages:        0 kB
1777810650.854891246 ShmemPmdMapped:        0 kB
1777810650.854891246 FileHugePages:         0 kB
1777810650.854891246 FilePmdMapped:         0 kB
1777810650.854891246 CmaTotal:          65536 kB
1777810650.854891246 CmaFree:           49104 kB
1777810650.854891246 Balloon:               0 kB
1777810650.854891246 HugePages_Total:     512
1777810650.854891246 HugePages_Free:      488
1777810650.854891246 HugePages_Rsvd:        0
1777810650.854891246 HugePages_Surp:        0
1777810650.854891246 Hugepagesize:       2048 kB
1777810650.854891246 Hugetlb:         1048576 kB
1777810651.864096108 MemTotal:        8124504 kB
1777810651.864096108 MemFree:         6386916 kB
1777810651.864096108 MemAvailable:    6652076 kB
1777810651.864096108 Buffers:           30172 kB
1777810651.864096108 Cached:           364972 kB
1777810651.864096108 SwapCached:            0 kB
1777810651.864096108 Active:           386584 kB
1777810651.864096108 Inactive:         105744 kB
1777810651.864096108 Active(anon):     102336 kB
1777810651.864096108 Inactive(anon):        0 kB
1777810651.864096108 Active(file):     284248 kB
1777810651.864096108 Inactive(file):   105744 kB
1777810651.864096108 Unevictable:           0 kB
1777810651.864096108 Mlocked:               0 kB
1777810651.864096108 SwapTotal:             0 kB
1777810651.864096108 SwapFree:              0 kB
1777810651.864096108 Zswap:                 0 kB
1777810651.864096108 Zswapped:              0 kB
1777810651.864096108 Dirty:              1808 kB
1777810651.864096108 Writeback:             0 kB
1777810651.864096108 AnonPages:         97336 kB
1777810651.864096108 Mapped:           102952 kB
1777810651.864096108 Shmem:              5240 kB
1777810651.864096108 KReclaimable:      29852 kB
1777810651.864096108 Slab:             121716 kB
1777810651.864096108 SReclaimable:      29852 kB
1777810651.864096108 SUnreclaim:        91864 kB
1777810651.864096108 KernelStack:        3232 kB
1777810651.864096108 PageTables:         4344 kB
1777810651.864096108 SecPageTables:         0 kB
1777810651.864096108 NFS_Unstable:          0 kB
1777810651.864096108 Bounce:                0 kB
1777810651.864096108 WritebackTmp:          0 kB
1777810651.864096108 CommitLimit:     3537964 kB
1777810651.864096108 Committed_AS:     514328 kB
1777810651.864096108 VmallocTotal:   135288315904 kB
1777810651.864096108 VmallocUsed:       19224 kB
1777810651.864096108 VmallocChunk:          0 kB
1777810651.864096108 Percpu:             1456 kB
1777810651.864096108 AnonHugePages:         0 kB
1777810651.864096108 ShmemHugePages:        0 kB
1777810651.864096108 ShmemPmdMapped:        0 kB
1777810651.864096108 FileHugePages:         0 kB
1777810651.864096108 FilePmdMapped:         0 kB
1777810651.864096108 CmaTotal:          65536 kB
1777810651.864096108 CmaFree:           49104 kB
1777810651.864096108 Balloon:               0 kB
1777810651.864096108 HugePages_Total:     512
1777810651.864096108 HugePages_Free:      488
1777810651.864096108 HugePages_Rsvd:        0
1777810651.864096108 HugePages_Surp:        0
1777810651.864096108 Hugepagesize:       2048 kB
1777810651.864096108 Hugetlb:         1048576 kB
1777810652.873304081 MemTotal:        8124504 kB
1777810652.873304081 MemFree:         6384372 kB
1777810652.873304081 MemAvailable:    6649540 kB
1777810652.873304081 Buffers:           30172 kB
1777810652.873304081 Cached:           364976 kB
1777810652.873304081 SwapCached:            0 kB
1777810652.873304081 Active:           386736 kB
1777810652.873304081 Inactive:         105748 kB
1777810652.873304081 Active(anon):     102484 kB
1777810652.873304081 Inactive(anon):        0 kB
1777810652.873304081 Active(file):     284252 kB
1777810652.873304081 Inactive(file):   105748 kB
1777810652.873304081 Unevictable:           0 kB
1777810652.873304081 Mlocked:               0 kB
1777810652.873304081 SwapTotal:             0 kB
1777810652.873304081 SwapFree:              0 kB
1777810652.873304081 Zswap:                 0 kB
1777810652.873304081 Zswapped:              0 kB
1777810652.873304081 Dirty:                24 kB
1777810652.873304081 Writeback:             0 kB
1777810652.873304081 AnonPages:         97312 kB
1777810652.873304081 Mapped:           102952 kB
1777810652.873304081 Shmem:              5240 kB
1777810652.873304081 KReclaimable:      29852 kB
1777810652.873304081 Slab:             121780 kB
1777810652.873304081 SReclaimable:      29852 kB
1777810652.873304081 SUnreclaim:        91928 kB
1777810652.873304081 KernelStack:        3232 kB
1777810652.873304081 PageTables:         4324 kB
1777810652.873304081 SecPageTables:         0 kB
1777810652.873304081 NFS_Unstable:          0 kB
1777810652.873304081 Bounce:                0 kB
1777810652.873304081 WritebackTmp:          0 kB
1777810652.873304081 CommitLimit:     3537964 kB
1777810652.873304081 Committed_AS:     514328 kB
1777810652.873304081 VmallocTotal:   135288315904 kB
1777810652.873304081 VmallocUsed:       19208 kB
1777810652.873304081 VmallocChunk:          0 kB
1777810652.873304081 Percpu:             1456 kB
1777810652.873304081 AnonHugePages:         0 kB
1777810652.873304081 ShmemHugePages:        0 kB
1777810652.873304081 ShmemPmdMapped:        0 kB
1777810652.873304081 FileHugePages:         0 kB
1777810652.873304081 FilePmdMapped:         0 kB
1777810652.873304081 CmaTotal:          65536 kB
1777810652.873304081 CmaFree:           49104 kB
1777810652.873304081 Balloon:               0 kB
1777810652.873304081 HugePages_Total:     512
1777810652.873304081 HugePages_Free:      488
1777810652.873304081 HugePages_Rsvd:        0
1777810652.873304081 HugePages_Surp:        0
1777810652.873304081 Hugepagesize:       2048 kB
1777810652.873304081 Hugetlb:         1048576 kB
1777810653.882060147 MemTotal:        8124504 kB
1777810653.882060147 MemFree:         6387304 kB
1777810653.882060147 MemAvailable:    6652468 kB
1777810653.882060147 Buffers:           30172 kB
1777810653.882060147 Cached:           364980 kB
1777810653.882060147 SwapCached:            0 kB
1777810653.882060147 Active:           386520 kB
1777810653.882060147 Inactive:         105752 kB
1777810653.882060147 Active(anon):     102276 kB
1777810653.882060147 Inactive(anon):        0 kB
1777810653.882060147 Active(file):     284244 kB
1777810653.882060147 Inactive(file):   105752 kB
1777810653.882060147 Unevictable:           0 kB
1777810653.882060147 Mlocked:               0 kB
1777810653.882060147 SwapTotal:             0 kB
1777810653.882060147 SwapFree:              0 kB
1777810653.882060147 Zswap:                 0 kB
1777810653.882060147 Zswapped:              0 kB
1777810653.882060147 Dirty:                36 kB
1777810653.882060147 Writeback:             0 kB
1777810653.882060147 AnonPages:         97268 kB
1777810653.882060147 Mapped:           102912 kB
1777810653.882060147 Shmem:              5240 kB
1777810653.882060147 KReclaimable:      29852 kB
1777810653.882060147 Slab:             121816 kB
1777810653.882060147 SReclaimable:      29852 kB
1777810653.882060147 SUnreclaim:        91964 kB
1777810653.882060147 KernelStack:        3216 kB
1777810653.882060147 PageTables:         4260 kB
1777810653.882060147 SecPageTables:         0 kB
1777810653.882060147 NFS_Unstable:          0 kB
1777810653.882060147 Bounce:                0 kB
1777810653.882060147 WritebackTmp:          0 kB
1777810653.882060147 CommitLimit:     3537964 kB
1777810653.882060147 Committed_AS:     514328 kB
1777810653.882060147 VmallocTotal:   135288315904 kB
1777810653.882060147 VmallocUsed:       19192 kB
1777810653.882060147 VmallocChunk:          0 kB
1777810653.882060147 Percpu:             1456 kB
1777810653.882060147 AnonHugePages:         0 kB
1777810653.882060147 ShmemHugePages:        0 kB
1777810653.882060147 ShmemPmdMapped:        0 kB
1777810653.882060147 FileHugePages:         0 kB
1777810653.882060147 FilePmdMapped:         0 kB
1777810653.882060147 CmaTotal:          65536 kB
1777810653.882060147 CmaFree:           49104 kB
1777810653.882060147 Balloon:               0 kB
1777810653.882060147 HugePages_Total:     512
1777810653.882060147 HugePages_Free:      488
1777810653.882060147 HugePages_Rsvd:        0
1777810653.882060147 HugePages_Surp:        0
1777810653.882060147 Hugepagesize:       2048 kB
1777810653.882060147 Hugetlb:         1048576 kB
1777810654.891813861 MemTotal:        8124504 kB
1777810654.891813861 MemFree:         6388748 kB
1777810654.891813861 MemAvailable:    6653924 kB
1777810654.891813861 Buffers:           30176 kB
1777810654.891813861 Cached:           364984 kB
1777810654.891813861 SwapCached:            0 kB
1777810654.891813861 Active:           386540 kB
1777810654.891813861 Inactive:         105760 kB
1777810654.891813861 Active(anon):     102292 kB
1777810654.891813861 Inactive(anon):        0 kB
1777810654.891813861 Active(file):     284248 kB
1777810654.891813861 Inactive(file):   105760 kB
1777810654.891813861 Unevictable:           0 kB
1777810654.891813861 Mlocked:               0 kB
1777810654.891813861 SwapTotal:             0 kB
1777810654.891813861 SwapFree:              0 kB
1777810654.891813861 Zswap:                 0 kB
1777810654.891813861 Zswapped:              0 kB
1777810654.891813861 Dirty:                44 kB
1777810654.891813861 Writeback:             0 kB
1777810654.891813861 AnonPages:         97312 kB
1777810654.891813861 Mapped:           102912 kB
1777810654.891813861 Shmem:              5240 kB
1777810654.891813861 KReclaimable:      29852 kB
1777810654.891813861 Slab:             121760 kB
1777810654.891813861 SReclaimable:      29852 kB
1777810654.891813861 SUnreclaim:        91908 kB
1777810654.891813861 KernelStack:        3216 kB
1777810654.891813861 PageTables:         4220 kB
1777810654.891813861 SecPageTables:         0 kB
1777810654.891813861 NFS_Unstable:          0 kB
1777810654.891813861 Bounce:                0 kB
1777810654.891813861 WritebackTmp:          0 kB
1777810654.891813861 CommitLimit:     3537964 kB
1777810654.891813861 Committed_AS:     514328 kB
1777810654.891813861 VmallocTotal:   135288315904 kB
1777810654.891813861 VmallocUsed:       19208 kB
1777810654.891813861 VmallocChunk:          0 kB
1777810654.891813861 Percpu:             1456 kB
1777810654.891813861 AnonHugePages:         0 kB
1777810654.891813861 ShmemHugePages:        0 kB
1777810654.891813861 ShmemPmdMapped:        0 kB
1777810654.891813861 FileHugePages:         0 kB
1777810654.891813861 FilePmdMapped:         0 kB
1777810654.891813861 CmaTotal:          65536 kB
1777810654.891813861 CmaFree:           49104 kB
1777810654.891813861 Balloon:               0 kB
1777810654.891813861 HugePages_Total:     512
1777810654.891813861 HugePages_Free:      488
1777810654.891813861 HugePages_Rsvd:        0
1777810654.891813861 HugePages_Surp:        0
1777810654.891813861 Hugepagesize:       2048 kB
1777810654.891813861 Hugetlb:         1048576 kB
1777810655.903299205 MemTotal:        8124504 kB
1777810655.903299205 MemFree:         6386736 kB
1777810655.903299205 MemAvailable:    6651924 kB
1777810655.903299205 Buffers:           30180 kB
1777810655.903299205 Cached:           364992 kB
1777810655.903299205 SwapCached:            0 kB
1777810655.903299205 Active:           386720 kB
1777810655.903299205 Inactive:         105772 kB
1777810655.903299205 Active(anon):     102472 kB
1777810655.903299205 Inactive(anon):        0 kB
1777810655.903299205 Active(file):     284248 kB
1777810655.903299205 Inactive(file):   105772 kB
1777810655.903299205 Unevictable:           0 kB
1777810655.903299205 Mlocked:               0 kB
1777810655.903299205 SwapTotal:             0 kB
1777810655.903299205 SwapFree:              0 kB
1777810655.903299205 Zswap:                 0 kB
1777810655.903299205 Zswapped:              0 kB
1777810655.903299205 Dirty:                60 kB
1777810655.903299205 Writeback:             0 kB
1777810655.903299205 AnonPages:         97316 kB
1777810655.903299205 Mapped:           102952 kB
1777810655.903299205 Shmem:              5240 kB
1777810655.903299205 KReclaimable:      29852 kB
1777810655.903299205 Slab:             121792 kB
1777810655.903299205 SReclaimable:      29852 kB
1777810655.903299205 SUnreclaim:        91940 kB
1777810655.903299205 KernelStack:        3216 kB
1777810655.903299205 PageTables:         4224 kB
1777810655.903299205 SecPageTables:         0 kB
1777810655.903299205 NFS_Unstable:          0 kB
1777810655.903299205 Bounce:                0 kB
1777810655.903299205 WritebackTmp:          0 kB
1777810655.903299205 CommitLimit:     3537964 kB
1777810655.903299205 Committed_AS:     514328 kB
1777810655.903299205 VmallocTotal:   135288315904 kB
1777810655.903299205 VmallocUsed:       19224 kB
1777810655.903299205 VmallocChunk:          0 kB
1777810655.903299205 Percpu:             1456 kB
1777810655.903299205 AnonHugePages:         0 kB
1777810655.903299205 ShmemHugePages:        0 kB
1777810655.903299205 ShmemPmdMapped:        0 kB
1777810655.903299205 FileHugePages:         0 kB
1777810655.903299205 FilePmdMapped:         0 kB
1777810655.903299205 CmaTotal:          65536 kB
1777810655.903299205 CmaFree:           49104 kB
1777810655.903299205 Balloon:               0 kB
1777810655.903299205 HugePages_Total:     512
1777810655.903299205 HugePages_Free:      488
1777810655.903299205 HugePages_Rsvd:        0
1777810655.903299205 HugePages_Surp:        0
1777810655.903299205 Hugepagesize:       2048 kB
1777810655.903299205 Hugetlb:         1048576 kB
1777810656.912845345 MemTotal:        8124504 kB
1777810656.912845345 MemFree:         6382668 kB
1777810656.912845345 MemAvailable:    6647864 kB
1777810656.912845345 Buffers:           30180 kB
1777810656.912845345 Cached:           365000 kB
1777810656.912845345 SwapCached:            0 kB
1777810656.912845345 Active:           386440 kB
1777810656.912845345 Inactive:         105780 kB
1777810656.912845345 Active(anon):     102192 kB
1777810656.912845345 Inactive(anon):        0 kB
1777810656.912845345 Active(file):     284248 kB
1777810656.912845345 Inactive(file):   105780 kB
1777810656.912845345 Unevictable:           0 kB
1777810656.912845345 Mlocked:               0 kB
1777810656.912845345 SwapTotal:             0 kB
1777810656.912845345 SwapFree:              0 kB
1777810656.912845345 Zswap:                 0 kB
1777810656.912845345 Zswapped:              0 kB
1777810656.912845345 Dirty:                68 kB
1777810656.912845345 Writeback:             0 kB
1777810656.912845345 AnonPages:         97280 kB
1777810656.912845345 Mapped:           102984 kB
1777810656.912845345 Shmem:              5240 kB
1777810656.912845345 KReclaimable:      29852 kB
1777810656.912845345 Slab:             121652 kB
1777810656.912845345 SReclaimable:      29852 kB
1777810656.912845345 SUnreclaim:        91800 kB
1777810656.912845345 KernelStack:        3240 kB
1777810656.912845345 PageTables:         4232 kB
1777810656.912845345 SecPageTables:         0 kB
1777810656.912845345 NFS_Unstable:          0 kB
1777810656.912845345 Bounce:                0 kB
1777810656.912845345 WritebackTmp:          0 kB
1777810656.912845345 CommitLimit:     3537964 kB
1777810656.912845345 Committed_AS:     514328 kB
1777810656.912845345 VmallocTotal:   135288315904 kB
1777810656.912845345 VmallocUsed:       19224 kB
1777810656.912845345 VmallocChunk:          0 kB
1777810656.912845345 Percpu:             1456 kB
1777810656.912845345 AnonHugePages:         0 kB
1777810656.912845345 ShmemHugePages:        0 kB
1777810656.912845345 ShmemPmdMapped:        0 kB
1777810656.912845345 FileHugePages:         0 kB
1777810656.912845345 FilePmdMapped:         0 kB
1777810656.912845345 CmaTotal:          65536 kB
1777810656.912845345 CmaFree:           49104 kB
1777810656.912845345 Balloon:               0 kB
1777810656.912845345 HugePages_Total:     512
1777810656.912845345 HugePages_Free:      488
1777810656.912845345 HugePages_Rsvd:        0
1777810656.912845345 HugePages_Surp:        0
1777810656.912845345 Hugepagesize:       2048 kB
1777810656.912845345 Hugetlb:         1048576 kB
1777810657.921891762 MemTotal:        8124504 kB
1777810657.921891762 MemFree:         6383816 kB
1777810657.921891762 MemAvailable:    6649012 kB
1777810657.921891762 Buffers:           30180 kB
1777810657.921891762 Cached:           365004 kB
1777810657.921891762 SwapCached:            0 kB
1777810657.921891762 Active:           386772 kB
1777810657.921891762 Inactive:         105784 kB
1777810657.921891762 Active(anon):     102528 kB
1777810657.921891762 Inactive(anon):        0 kB
1777810657.921891762 Active(file):     284244 kB
1777810657.921891762 Inactive(file):   105784 kB
1777810657.921891762 Unevictable:           0 kB
1777810657.921891762 Mlocked:               0 kB
1777810657.921891762 SwapTotal:             0 kB
1777810657.921891762 SwapFree:              0 kB
1777810657.921891762 Zswap:                 0 kB
1777810657.921891762 Zswapped:              0 kB
1777810657.921891762 Dirty:                72 kB
1777810657.921891762 Writeback:             0 kB
1777810657.921891762 AnonPages:         97268 kB
1777810657.921891762 Mapped:           102948 kB
1777810657.921891762 Shmem:              5240 kB
1777810657.921891762 KReclaimable:      29852 kB
1777810657.921891762 Slab:             121728 kB
1777810657.921891762 SReclaimable:      29852 kB
1777810657.921891762 SUnreclaim:        91876 kB
1777810657.921891762 KernelStack:        3192 kB
1777810657.921891762 PageTables:         4416 kB
1777810657.921891762 SecPageTables:         0 kB
1777810657.921891762 NFS_Unstable:          0 kB
1777810657.921891762 Bounce:                0 kB
1777810657.921891762 WritebackTmp:          0 kB
1777810657.921891762 CommitLimit:     3537964 kB
1777810657.921891762 Committed_AS:     514328 kB
1777810657.921891762 VmallocTotal:   135288315904 kB
1777810657.921891762 VmallocUsed:       19224 kB
1777810657.921891762 VmallocChunk:          0 kB
1777810657.921891762 Percpu:             1456 kB
1777810657.921891762 AnonHugePages:         0 kB
1777810657.921891762 ShmemHugePages:        0 kB
1777810657.921891762 ShmemPmdMapped:        0 kB
1777810657.921891762 FileHugePages:         0 kB
1777810657.921891762 FilePmdMapped:         0 kB
1777810657.921891762 CmaTotal:          65536 kB
1777810657.921891762 CmaFree:           49104 kB
1777810657.921891762 Balloon:               0 kB
1777810657.921891762 HugePages_Total:     512
1777810657.921891762 HugePages_Free:      488
1777810657.921891762 HugePages_Rsvd:        0
1777810657.921891762 HugePages_Surp:        0
1777810657.921891762 Hugepagesize:       2048 kB
1777810657.921891762 Hugetlb:         1048576 kB
1777810658.933116884 MemTotal:        8124504 kB
1777810658.933116884 MemFree:         6381028 kB
1777810658.933116884 MemAvailable:    6646232 kB
1777810658.933116884 Buffers:           30180 kB
1777810658.933116884 Cached:           365004 kB
1777810658.933116884 SwapCached:            0 kB
1777810658.933116884 Active:           386164 kB
1777810658.933116884 Inactive:         105784 kB
1777810658.933116884 Active(anon):     101912 kB
1777810658.933116884 Inactive(anon):        0 kB
1777810658.933116884 Active(file):     284252 kB
1777810658.933116884 Inactive(file):   105784 kB
1777810658.933116884 Unevictable:           0 kB
1777810658.933116884 Mlocked:               0 kB
1777810658.933116884 SwapTotal:             0 kB
1777810658.933116884 SwapFree:              0 kB
1777810658.933116884 Zswap:                 0 kB
1777810658.933116884 Zswapped:              0 kB
1777810658.933116884 Dirty:                72 kB
1777810658.933116884 Writeback:             0 kB
1777810658.933116884 AnonPages:         96848 kB
1777810658.933116884 Mapped:           103264 kB
1777810658.933116884 Shmem:              5240 kB
1777810658.933116884 KReclaimable:      29852 kB
1777810658.933116884 Slab:             121792 kB
1777810658.933116884 SReclaimable:      29852 kB
1777810658.933116884 SUnreclaim:        91940 kB
1777810658.933116884 KernelStack:        3272 kB
1777810658.933116884 PageTables:         4736 kB
1777810658.933116884 SecPageTables:         0 kB
1777810658.933116884 NFS_Unstable:          0 kB
1777810658.933116884 Bounce:                0 kB
1777810658.933116884 WritebackTmp:          0 kB
1777810658.933116884 CommitLimit:     3537964 kB
1777810658.933116884 Committed_AS:     515340 kB
1777810658.933116884 VmallocTotal:   135288315904 kB
1777810658.933116884 VmallocUsed:       19272 kB
1777810658.933116884 VmallocChunk:          0 kB
1777810658.933116884 Percpu:             1456 kB
1777810658.933116884 AnonHugePages:         0 kB
1777810658.933116884 ShmemHugePages:        0 kB
1777810658.933116884 ShmemPmdMapped:        0 kB
1777810658.933116884 FileHugePages:         0 kB
1777810658.933116884 FilePmdMapped:         0 kB
1777810658.933116884 CmaTotal:          65536 kB
1777810658.933116884 CmaFree:           49104 kB
1777810658.933116884 Balloon:               0 kB
1777810658.933116884 HugePages_Total:     512
1777810658.933116884 HugePages_Free:      488
1777810658.933116884 HugePages_Rsvd:        0
1777810658.933116884 HugePages_Surp:        0
1777810658.933116884 Hugepagesize:       2048 kB
1777810658.933116884 Hugetlb:         1048576 kB
1777810659.944313524 MemTotal:        8124504 kB
1777810659.944313524 MemFree:         6382380 kB
1777810659.944313524 MemAvailable:    6647584 kB
1777810659.944313524 Buffers:           30184 kB
1777810659.944313524 Cached:           365008 kB
1777810659.944313524 SwapCached:            0 kB
1777810659.944313524 Active:           386512 kB
1777810659.944313524 Inactive:         105788 kB
1777810659.944313524 Active(anon):     102264 kB
1777810659.944313524 Inactive(anon):        0 kB
1777810659.944313524 Active(file):     284248 kB
1777810659.944313524 Inactive(file):   105788 kB
1777810659.944313524 Unevictable:           0 kB
1777810659.944313524 Mlocked:               0 kB
1777810659.944313524 SwapTotal:             0 kB
1777810659.944313524 SwapFree:              0 kB
1777810659.944313524 Zswap:                 0 kB
1777810659.944313524 Zswapped:              0 kB
1777810659.944313524 Dirty:                80 kB
1777810659.944313524 Writeback:             0 kB
1777810659.944313524 AnonPages:         97268 kB
1777810659.944313524 Mapped:           102912 kB
1777810659.944313524 Shmem:              5240 kB
1777810659.944313524 KReclaimable:      29852 kB
1777810659.944313524 Slab:             121804 kB
1777810659.944313524 SReclaimable:      29852 kB
1777810659.944313524 SUnreclaim:        91952 kB
1777810659.944313524 KernelStack:        3216 kB
1777810659.944313524 PageTables:         4268 kB
1777810659.944313524 SecPageTables:         0 kB
1777810659.944313524 NFS_Unstable:          0 kB
1777810659.944313524 Bounce:                0 kB
1777810659.944313524 WritebackTmp:          0 kB
1777810659.944313524 CommitLimit:     3537964 kB
1777810659.944313524 Committed_AS:     514328 kB
1777810659.944313524 VmallocTotal:   135288315904 kB
1777810659.944313524 VmallocUsed:       19208 kB
1777810659.944313524 VmallocChunk:          0 kB
1777810659.944313524 Percpu:             1456 kB
1777810659.944313524 AnonHugePages:         0 kB
1777810659.944313524 ShmemHugePages:        0 kB
1777810659.944313524 ShmemPmdMapped:        0 kB
1777810659.944313524 FileHugePages:         0 kB
1777810659.944313524 FilePmdMapped:         0 kB
1777810659.944313524 CmaTotal:          65536 kB
1777810659.944313524 CmaFree:           49104 kB
1777810659.944313524 Balloon:               0 kB
1777810659.944313524 HugePages_Total:     512
1777810659.944313524 HugePages_Free:      488
1777810659.944313524 HugePages_Rsvd:        0
1777810659.944313524 HugePages_Surp:        0
1777810659.944313524 Hugepagesize:       2048 kB
1777810659.944313524 Hugetlb:         1048576 kB
1777810660.954126029 MemTotal:        8124504 kB
1777810660.954126029 MemFree:         6380988 kB
1777810660.954126029 MemAvailable:    6646208 kB
1777810660.954126029 Buffers:           30188 kB
1777810660.954126029 Cached:           365012 kB
1777810660.954126029 SwapCached:            0 kB
1777810660.954126029 Active:           386752 kB
1777810660.954126029 Inactive:         105800 kB
1777810660.954126029 Active(anon):     102500 kB
1777810660.954126029 Inactive(anon):        0 kB
1777810660.954126029 Active(file):     284252 kB
1777810660.954126029 Inactive(file):   105800 kB
1777810660.954126029 Unevictable:           0 kB
1777810660.954126029 Mlocked:               0 kB
1777810660.954126029 SwapTotal:             0 kB
1777810660.954126029 SwapFree:              0 kB
1777810660.954126029 Zswap:                 0 kB
1777810660.954126029 Zswapped:              0 kB
1777810660.954126029 Dirty:                60 kB
1777810660.954126029 Writeback:             0 kB
1777810660.954126029 AnonPages:         97344 kB
1777810660.954126029 Mapped:           102952 kB
1777810660.954126029 Shmem:              5240 kB
1777810660.954126029 KReclaimable:      29852 kB
1777810660.954126029 Slab:             121840 kB
1777810660.954126029 SReclaimable:      29852 kB
1777810660.954126029 SUnreclaim:        91988 kB
1777810660.954126029 KernelStack:        3232 kB
1777810660.954126029 PageTables:         4348 kB
1777810660.954126029 SecPageTables:         0 kB
1777810660.954126029 NFS_Unstable:          0 kB
1777810660.954126029 Bounce:                0 kB
1777810660.954126029 WritebackTmp:          0 kB
1777810660.954126029 CommitLimit:     3537964 kB
1777810660.954126029 Committed_AS:     514328 kB
1777810660.954126029 VmallocTotal:   135288315904 kB
1777810660.954126029 VmallocUsed:       19208 kB
1777810660.954126029 VmallocChunk:          0 kB
1777810660.954126029 Percpu:             1456 kB
1777810660.954126029 AnonHugePages:         0 kB
1777810660.954126029 ShmemHugePages:        0 kB
1777810660.954126029 ShmemPmdMapped:        0 kB
1777810660.954126029 FileHugePages:         0 kB
1777810660.954126029 FilePmdMapped:         0 kB
1777810660.954126029 CmaTotal:          65536 kB
1777810660.954126029 CmaFree:           49104 kB
1777810660.954126029 Balloon:               0 kB
1777810660.954126029 HugePages_Total:     512
1777810660.954126029 HugePages_Free:      488
1777810660.954126029 HugePages_Rsvd:        0
1777810660.954126029 HugePages_Surp:        0
1777810660.954126029 Hugepagesize:       2048 kB
1777810660.954126029 Hugetlb:         1048576 kB
1777810661.963814467 MemTotal:        8124504 kB
1777810661.963814467 MemFree:         6392176 kB
1777810661.963814467 MemAvailable:    6657404 kB
1777810661.963814467 Buffers:           30188 kB
1777810661.963814467 Cached:           365020 kB
1777810661.963814467 SwapCached:            0 kB
1777810661.963814467 Active:           386624 kB
1777810661.963814467 Inactive:         105808 kB
1777810661.963814467 Active(anon):     102372 kB
1777810661.963814467 Inactive(anon):        0 kB
1777810661.963814467 Active(file):     284252 kB
1777810661.963814467 Inactive(file):   105808 kB
1777810661.963814467 Unevictable:           0 kB
1777810661.963814467 Mlocked:               0 kB
1777810661.963814467 SwapTotal:             0 kB
1777810661.963814467 SwapFree:              0 kB
1777810661.963814467 Zswap:                 0 kB
1777810661.963814467 Zswapped:              0 kB
1777810661.963814467 Dirty:                68 kB
1777810661.963814467 Writeback:             0 kB
1777810661.963814467 AnonPages:         97280 kB
1777810661.963814467 Mapped:           102912 kB
1777810661.963814467 Shmem:              5240 kB
1777810661.963814467 KReclaimable:      29852 kB
1777810661.963814467 Slab:             121816 kB
1777810661.963814467 SReclaimable:      29852 kB
1777810661.963814467 SUnreclaim:        91964 kB
1777810661.963814467 KernelStack:        3232 kB
1777810661.963814467 PageTables:         4300 kB
1777810661.963814467 SecPageTables:         0 kB
1777810661.963814467 NFS_Unstable:          0 kB
1777810661.963814467 Bounce:                0 kB
1777810661.963814467 WritebackTmp:          0 kB
1777810661.963814467 CommitLimit:     3537964 kB
1777810661.963814467 Committed_AS:     514328 kB
1777810661.963814467 VmallocTotal:   135288315904 kB
1777810661.963814467 VmallocUsed:       19208 kB
1777810661.963814467 VmallocChunk:          0 kB
1777810661.963814467 Percpu:             1456 kB
1777810661.963814467 AnonHugePages:         0 kB
1777810661.963814467 ShmemHugePages:        0 kB
1777810661.963814467 ShmemPmdMapped:        0 kB
1777810661.963814467 FileHugePages:         0 kB
1777810661.963814467 FilePmdMapped:         0 kB
1777810661.963814467 CmaTotal:          65536 kB
1777810661.963814467 CmaFree:           49104 kB
1777810661.963814467 Balloon:               0 kB
1777810661.963814467 HugePages_Total:     512
1777810661.963814467 HugePages_Free:      488
1777810661.963814467 HugePages_Rsvd:        0
1777810661.963814467 HugePages_Surp:        0
1777810661.963814467 Hugepagesize:       2048 kB
1777810661.963814467 Hugetlb:         1048576 kB
1777810662.973004162 MemTotal:        8124504 kB
1777810662.973004162 MemFree:         6388028 kB
1777810662.973004162 MemAvailable:    6653256 kB
1777810662.973004162 Buffers:           30188 kB
1777810662.973004162 Cached:           365028 kB
1777810662.973004162 SwapCached:            0 kB
1777810662.973004162 Active:           386524 kB
1777810662.973004162 Inactive:         105812 kB
1777810662.973004162 Active(anon):     102276 kB
1777810662.973004162 Inactive(anon):        0 kB
1777810662.973004162 Active(file):     284248 kB
1777810662.973004162 Inactive(file):   105812 kB
1777810662.973004162 Unevictable:           0 kB
1777810662.973004162 Mlocked:               0 kB
1777810662.973004162 SwapTotal:             0 kB
1777810662.973004162 SwapFree:              0 kB
1777810662.973004162 Zswap:                 0 kB
1777810662.973004162 Zswapped:              0 kB
1777810662.973004162 Dirty:                76 kB
1777810662.973004162 Writeback:             0 kB
1777810662.973004162 AnonPages:         97260 kB
1777810662.973004162 Mapped:           102912 kB
1777810662.973004162 Shmem:              5240 kB
1777810662.973004162 KReclaimable:      29852 kB
1777810662.973004162 Slab:             121664 kB
1777810662.973004162 SReclaimable:      29852 kB
1777810662.973004162 SUnreclaim:        91812 kB
1777810662.973004162 KernelStack:        3216 kB
1777810662.973004162 PageTables:         4264 kB
1777810662.973004162 SecPageTables:         0 kB
1777810662.973004162 NFS_Unstable:          0 kB
1777810662.973004162 Bounce:                0 kB
1777810662.973004162 WritebackTmp:          0 kB
1777810662.973004162 CommitLimit:     3537964 kB
1777810662.973004162 Committed_AS:     514328 kB
1777810662.973004162 VmallocTotal:   135288315904 kB
1777810662.973004162 VmallocUsed:       19208 kB
1777810662.973004162 VmallocChunk:          0 kB
1777810662.973004162 Percpu:             1456 kB
1777810662.973004162 AnonHugePages:         0 kB
1777810662.973004162 ShmemHugePages:        0 kB
1777810662.973004162 ShmemPmdMapped:        0 kB
1777810662.973004162 FileHugePages:         0 kB
1777810662.973004162 FilePmdMapped:         0 kB
1777810662.973004162 CmaTotal:          65536 kB
1777810662.973004162 CmaFree:           49104 kB
1777810662.973004162 Balloon:               0 kB
1777810662.973004162 HugePages_Total:     512
1777810662.973004162 HugePages_Free:      488
1777810662.973004162 HugePages_Rsvd:        0
1777810662.973004162 HugePages_Surp:        0
1777810662.973004162 Hugepagesize:       2048 kB
1777810662.973004162 Hugetlb:         1048576 kB
1777810663.982348395 MemTotal:        8124504 kB
1777810663.982348395 MemFree:         6386752 kB
1777810663.982348395 MemAvailable:    6651988 kB
1777810663.982348395 Buffers:           30188 kB
1777810663.982348395 Cached:           365032 kB
1777810663.982348395 SwapCached:            0 kB
1777810663.982348395 Active:           386772 kB
1777810663.982348395 Inactive:         105816 kB
1777810663.982348395 Active(anon):     102520 kB
1777810663.982348395 Inactive(anon):        0 kB
1777810663.982348395 Active(file):     284252 kB
1777810663.982348395 Inactive(file):   105816 kB
1777810663.982348395 Unevictable:           0 kB
1777810663.982348395 Mlocked:               0 kB
1777810663.982348395 SwapTotal:             0 kB
1777810663.982348395 SwapFree:              0 kB
1777810663.982348395 Zswap:                 0 kB
1777810663.982348395 Zswapped:              0 kB
1777810663.982348395 Dirty:                80 kB
1777810663.982348395 Writeback:             0 kB
1777810663.982348395 AnonPages:         97320 kB
1777810663.982348395 Mapped:           102952 kB
1777810663.982348395 Shmem:              5240 kB
1777810663.982348395 KReclaimable:      29852 kB
1777810663.982348395 Slab:             121916 kB
1777810663.982348395 SReclaimable:      29852 kB
1777810663.982348395 SUnreclaim:        92064 kB
1777810663.982348395 KernelStack:        3232 kB
1777810663.982348395 PageTables:         4348 kB
1777810663.982348395 SecPageTables:         0 kB
1777810663.982348395 NFS_Unstable:          0 kB
1777810663.982348395 Bounce:                0 kB
1777810663.982348395 WritebackTmp:          0 kB
1777810663.982348395 CommitLimit:     3537964 kB
1777810663.982348395 Committed_AS:     514328 kB
1777810663.982348395 VmallocTotal:   135288315904 kB
1777810663.982348395 VmallocUsed:       19208 kB
1777810663.982348395 VmallocChunk:          0 kB
1777810663.982348395 Percpu:             1456 kB
1777810663.982348395 AnonHugePages:         0 kB
1777810663.982348395 ShmemHugePages:        0 kB
1777810663.982348395 ShmemPmdMapped:        0 kB
1777810663.982348395 FileHugePages:         0 kB
1777810663.982348395 FilePmdMapped:         0 kB
1777810663.982348395 CmaTotal:          65536 kB
1777810663.982348395 CmaFree:           49104 kB
1777810663.982348395 Balloon:               0 kB
1777810663.982348395 HugePages_Total:     512
1777810663.982348395 HugePages_Free:      488
1777810663.982348395 HugePages_Rsvd:        0
1777810663.982348395 HugePages_Surp:        0
1777810663.982348395 Hugepagesize:       2048 kB
1777810663.982348395 Hugetlb:         1048576 kB
1777810664.991953943 MemTotal:        8124504 kB
1777810664.991953943 MemFree:         6389836 kB
1777810664.991953943 MemAvailable:    6655080 kB
1777810664.991953943 Buffers:           30188 kB
1777810664.991953943 Cached:           365036 kB
1777810664.991953943 SwapCached:            0 kB
1777810664.991953943 Active:           386596 kB
1777810664.991953943 Inactive:         105824 kB
1777810664.991953943 Active(anon):     102344 kB
1777810664.991953943 Inactive(anon):        0 kB
1777810664.991953943 Active(file):     284252 kB
1777810664.991953943 Inactive(file):   105824 kB
1777810664.991953943 Unevictable:           0 kB
1777810664.991953943 Mlocked:               0 kB
1777810664.991953943 SwapTotal:             0 kB
1777810664.991953943 SwapFree:              0 kB
1777810664.991953943 Zswap:                 0 kB
1777810664.991953943 Zswapped:              0 kB
1777810664.991953943 Dirty:                84 kB
1777810664.991953943 Writeback:             0 kB
1777810664.991953943 AnonPages:         97356 kB
1777810664.991953943 Mapped:           102912 kB
1777810664.991953943 Shmem:              5240 kB
1777810664.991953943 KReclaimable:      29852 kB
1777810664.991953943 Slab:             121764 kB
1777810664.991953943 SReclaimable:      29852 kB
1777810664.991953943 SUnreclaim:        91912 kB
1777810664.991953943 KernelStack:        3248 kB
1777810664.991953943 PageTables:         4272 kB
1777810664.991953943 SecPageTables:         0 kB
1777810664.991953943 NFS_Unstable:          0 kB
1777810664.991953943 Bounce:                0 kB
1777810664.991953943 WritebackTmp:          0 kB
1777810664.991953943 CommitLimit:     3537964 kB
1777810664.991953943 Committed_AS:     514328 kB
1777810664.991953943 VmallocTotal:   135288315904 kB
1777810664.991953943 VmallocUsed:       19192 kB
1777810664.991953943 VmallocChunk:          0 kB
1777810664.991953943 Percpu:             1456 kB
1777810664.991953943 AnonHugePages:         0 kB
1777810664.991953943 ShmemHugePages:        0 kB
1777810664.991953943 ShmemPmdMapped:        0 kB
1777810664.991953943 FileHugePages:         0 kB
1777810664.991953943 FilePmdMapped:         0 kB
1777810664.991953943 CmaTotal:          65536 kB
1777810664.991953943 CmaFree:           49104 kB
1777810664.991953943 Balloon:               0 kB
1777810664.991953943 HugePages_Total:     512
1777810664.991953943 HugePages_Free:      488
1777810664.991953943 HugePages_Rsvd:        0
1777810664.991953943 HugePages_Surp:        0
1777810664.991953943 Hugepagesize:       2048 kB
1777810664.991953943 Hugetlb:         1048576 kB
1777810666.000917878 MemTotal:        8124504 kB
1777810666.000917878 MemFree:         6383600 kB
1777810666.000917878 MemAvailable:    6648852 kB
1777810666.000917878 Buffers:           30196 kB
1777810666.000917878 Cached:           365040 kB
1777810666.000917878 SwapCached:            0 kB
1777810666.000917878 Active:           386568 kB
1777810666.000917878 Inactive:         105836 kB
1777810666.000917878 Active(anon):     102320 kB
1777810666.000917878 Inactive(anon):        0 kB
1777810666.000917878 Active(file):     284248 kB
1777810666.000917878 Inactive(file):   105836 kB
1777810666.000917878 Unevictable:           0 kB
1777810666.000917878 Mlocked:               0 kB
1777810666.000917878 SwapTotal:             0 kB
1777810666.000917878 SwapFree:              0 kB
1777810666.000917878 Zswap:                 0 kB
1777810666.000917878 Zswapped:              0 kB
1777810666.000917878 Dirty:                92 kB
1777810666.000917878 Writeback:             0 kB
1777810666.000917878 AnonPages:         97352 kB
1777810666.000917878 Mapped:           102912 kB
1777810666.000917878 Shmem:              5240 kB
1777810666.000917878 KReclaimable:      29852 kB
1777810666.000917878 Slab:             121876 kB
1777810666.000917878 SReclaimable:      29852 kB
1777810666.000917878 SUnreclaim:        92024 kB
1777810666.000917878 KernelStack:        3248 kB
1777810666.000917878 PageTables:         4280 kB
1777810666.000917878 SecPageTables:         0 kB
1777810666.000917878 NFS_Unstable:          0 kB
1777810666.000917878 Bounce:                0 kB
1777810666.000917878 WritebackTmp:          0 kB
1777810666.000917878 CommitLimit:     3537964 kB
1777810666.000917878 Committed_AS:     514328 kB
1777810666.000917878 VmallocTotal:   135288315904 kB
1777810666.000917878 VmallocUsed:       19240 kB
1777810666.000917878 VmallocChunk:          0 kB
1777810666.000917878 Percpu:             1456 kB
1777810666.000917878 AnonHugePages:         0 kB
1777810666.000917878 ShmemHugePages:        0 kB
1777810666.000917878 ShmemPmdMapped:        0 kB
1777810666.000917878 FileHugePages:         0 kB
1777810666.000917878 FilePmdMapped:         0 kB
1777810666.000917878 CmaTotal:          65536 kB
1777810666.000917878 CmaFree:           49104 kB
1777810666.000917878 Balloon:               0 kB
1777810666.000917878 HugePages_Total:     512
1777810666.000917878 HugePages_Free:      488
1777810666.000917878 HugePages_Rsvd:        0
1777810666.000917878 HugePages_Surp:        0
1777810666.000917878 Hugepagesize:       2048 kB
1777810666.000917878 Hugetlb:         1048576 kB
1777810667.010186740 MemTotal:        8124504 kB
1777810667.010186740 MemFree:         6385872 kB
1777810667.010186740 MemAvailable:    6651128 kB
1777810667.010186740 Buffers:           30196 kB
1777810667.010186740 Cached:           365040 kB
1777810667.010186740 SwapCached:            0 kB
1777810667.010186740 Active:           386584 kB
1777810667.010186740 Inactive:         105836 kB
1777810667.010186740 Active(anon):     102332 kB
1777810667.010186740 Inactive(anon):        0 kB
1777810667.010186740 Active(file):     284252 kB
1777810667.010186740 Inactive(file):   105836 kB
1777810667.010186740 Unevictable:           0 kB
1777810667.010186740 Mlocked:               0 kB
1777810667.010186740 SwapTotal:             0 kB
1777810667.010186740 SwapFree:              0 kB
1777810667.010186740 Zswap:                 0 kB
1777810667.010186740 Zswapped:              0 kB
1777810667.010186740 Dirty:                92 kB
1777810667.010186740 Writeback:             0 kB
1777810667.010186740 AnonPages:         97316 kB
1777810667.010186740 Mapped:           102952 kB
1777810667.010186740 Shmem:              5240 kB
1777810667.010186740 KReclaimable:      29852 kB
1777810667.010186740 Slab:             121796 kB
1777810667.010186740 SReclaimable:      29852 kB
1777810667.010186740 SUnreclaim:        91944 kB
1777810667.010186740 KernelStack:        3232 kB
1777810667.010186740 PageTables:         4232 kB
1777810667.010186740 SecPageTables:         0 kB
1777810667.010186740 NFS_Unstable:          0 kB
1777810667.010186740 Bounce:                0 kB
1777810667.010186740 WritebackTmp:          0 kB
1777810667.010186740 CommitLimit:     3537964 kB
1777810667.010186740 Committed_AS:     514328 kB
1777810667.010186740 VmallocTotal:   135288315904 kB
1777810667.010186740 VmallocUsed:       19224 kB
1777810667.010186740 VmallocChunk:          0 kB
1777810667.010186740 Percpu:             1456 kB
1777810667.010186740 AnonHugePages:         0 kB
1777810667.010186740 ShmemHugePages:        0 kB
1777810667.010186740 ShmemPmdMapped:        0 kB
1777810667.010186740 FileHugePages:         0 kB
1777810667.010186740 FilePmdMapped:         0 kB
1777810667.010186740 CmaTotal:          65536 kB
1777810667.010186740 CmaFree:           49104 kB
1777810667.010186740 Balloon:               0 kB
1777810667.010186740 HugePages_Total:     512
1777810667.010186740 HugePages_Free:      488
1777810667.010186740 HugePages_Rsvd:        0
1777810667.010186740 HugePages_Surp:        0
1777810667.010186740 Hugepagesize:       2048 kB
1777810667.010186740 Hugetlb:         1048576 kB
1777810668.019907715 MemTotal:        8124504 kB
1777810668.019907715 MemFree:         6386368 kB
1777810668.019907715 MemAvailable:    6651632 kB
1777810668.019907715 Buffers:           30196 kB
1777810668.019907715 Cached:           365048 kB
1777810668.019907715 SwapCached:            0 kB
1777810668.019907715 Active:           386648 kB
1777810668.019907715 Inactive:         105844 kB
1777810668.019907715 Active(anon):     102396 kB
1777810668.019907715 Inactive(anon):        0 kB
1777810668.019907715 Active(file):     284252 kB
1777810668.019907715 Inactive(file):   105844 kB
1777810668.019907715 Unevictable:           0 kB
1777810668.019907715 Mlocked:               0 kB
1777810668.019907715 SwapTotal:             0 kB
1777810668.019907715 SwapFree:              0 kB
1777810668.019907715 Zswap:                 0 kB
1777810668.019907715 Zswapped:              0 kB
1777810668.019907715 Dirty:               100 kB
1777810668.019907715 Writeback:             0 kB
1777810668.019907715 AnonPages:         97316 kB
1777810668.019907715 Mapped:           102912 kB
1777810668.019907715 Shmem:              5240 kB
1777810668.019907715 KReclaimable:      29852 kB
1777810668.019907715 Slab:             121720 kB
1777810668.019907715 SReclaimable:      29852 kB
1777810668.019907715 SUnreclaim:        91868 kB
1777810668.019907715 KernelStack:        3232 kB
1777810668.019907715 PageTables:         4232 kB
1777810668.019907715 SecPageTables:         0 kB
1777810668.019907715 NFS_Unstable:          0 kB
1777810668.019907715 Bounce:                0 kB
1777810668.019907715 WritebackTmp:          0 kB
1777810668.019907715 CommitLimit:     3537964 kB
1777810668.019907715 Committed_AS:     514328 kB
1777810668.019907715 VmallocTotal:   135288315904 kB
1777810668.019907715 VmallocUsed:       19240 kB
1777810668.019907715 VmallocChunk:          0 kB
1777810668.019907715 Percpu:             1456 kB
1777810668.019907715 AnonHugePages:         0 kB
1777810668.019907715 ShmemHugePages:        0 kB
1777810668.019907715 ShmemPmdMapped:        0 kB
1777810668.019907715 FileHugePages:         0 kB
1777810668.019907715 FilePmdMapped:         0 kB
1777810668.019907715 CmaTotal:          65536 kB
1777810668.019907715 CmaFree:           49104 kB
1777810668.019907715 Balloon:               0 kB
1777810668.019907715 HugePages_Total:     512
1777810668.019907715 HugePages_Free:      488
1777810668.019907715 HugePages_Rsvd:        0
1777810668.019907715 HugePages_Surp:        0
1777810668.019907715 Hugepagesize:       2048 kB
1777810668.019907715 Hugetlb:         1048576 kB
1777810669.029367170 MemTotal:        8124504 kB
1777810669.029367170 MemFree:         6387236 kB
1777810669.029367170 MemAvailable:    6652496 kB
1777810669.029367170 Buffers:           30196 kB
1777810669.029367170 Cached:           365052 kB
1777810669.029367170 SwapCached:            0 kB
1777810669.029367170 Active:           386648 kB
1777810669.029367170 Inactive:         105848 kB
1777810669.029367170 Active(anon):     102404 kB
1777810669.029367170 Inactive(anon):        0 kB
1777810669.029367170 Active(file):     284244 kB
1777810669.029367170 Inactive(file):   105848 kB
1777810669.029367170 Unevictable:           0 kB
1777810669.029367170 Mlocked:               0 kB
1777810669.029367170 SwapTotal:             0 kB
1777810669.029367170 SwapFree:              0 kB
1777810669.029367170 Zswap:                 0 kB
1777810669.029367170 Zswapped:              0 kB
1777810669.029367170 Dirty:               104 kB
1777810669.029367170 Writeback:             0 kB
1777810669.029367170 AnonPages:         97272 kB
1777810669.029367170 Mapped:           102912 kB
1777810669.029367170 Shmem:              5240 kB
1777810669.029367170 KReclaimable:      29852 kB
1777810669.029367170 Slab:             121792 kB
1777810669.029367170 SReclaimable:      29852 kB
1777810669.029367170 SUnreclaim:        91940 kB
1777810669.029367170 KernelStack:        3232 kB
1777810669.029367170 PageTables:         4204 kB
1777810669.029367170 SecPageTables:         0 kB
1777810669.029367170 NFS_Unstable:          0 kB
1777810669.029367170 Bounce:                0 kB
1777810669.029367170 WritebackTmp:          0 kB
1777810669.029367170 CommitLimit:     3537964 kB
1777810669.029367170 Committed_AS:     514328 kB
1777810669.029367170 VmallocTotal:   135288315904 kB
1777810669.029367170 VmallocUsed:       19224 kB
1777810669.029367170 VmallocChunk:          0 kB
1777810669.029367170 Percpu:             1456 kB
1777810669.029367170 AnonHugePages:         0 kB
1777810669.029367170 ShmemHugePages:        0 kB
1777810669.029367170 ShmemPmdMapped:        0 kB
1777810669.029367170 FileHugePages:         0 kB
1777810669.029367170 FilePmdMapped:         0 kB
1777810669.029367170 CmaTotal:          65536 kB
1777810669.029367170 CmaFree:           49104 kB
1777810669.029367170 Balloon:               0 kB
1777810669.029367170 HugePages_Total:     512
1777810669.029367170 HugePages_Free:      488
1777810669.029367170 HugePages_Rsvd:        0
1777810669.029367170 HugePages_Surp:        0
1777810669.029367170 Hugepagesize:       2048 kB
1777810669.029367170 Hugetlb:         1048576 kB
1777810670.038898626 MemTotal:        8124504 kB
1777810670.038898626 MemFree:         6379080 kB
1777810670.038898626 MemAvailable:    6644344 kB
1777810670.038898626 Buffers:           30196 kB
1777810670.038898626 Cached:           365060 kB
1777810670.038898626 SwapCached:            0 kB
1777810670.038898626 Active:           386476 kB
1777810670.038898626 Inactive:         105852 kB
1777810670.038898626 Active(anon):     102232 kB
1777810670.038898626 Inactive(anon):        0 kB
1777810670.038898626 Active(file):     284244 kB
1777810670.038898626 Inactive(file):   105852 kB
1777810670.038898626 Unevictable:           0 kB
1777810670.038898626 Mlocked:               0 kB
1777810670.038898626 SwapTotal:             0 kB
1777810670.038898626 SwapFree:              0 kB
1777810670.038898626 Zswap:                 0 kB
1777810670.038898626 Zswapped:              0 kB
1777810670.038898626 Dirty:               112 kB
1777810670.038898626 Writeback:             0 kB
1777810670.038898626 AnonPages:         97232 kB
1777810670.038898626 Mapped:           102912 kB
1777810670.038898626 Shmem:              5240 kB
1777810670.038898626 KReclaimable:      29852 kB
1777810670.038898626 Slab:             121788 kB
1777810670.038898626 SReclaimable:      29852 kB
1777810670.038898626 SUnreclaim:        91936 kB
1777810670.038898626 KernelStack:        3232 kB
1777810670.038898626 PageTables:         4224 kB
1777810670.038898626 SecPageTables:         0 kB
1777810670.038898626 NFS_Unstable:          0 kB
1777810670.038898626 Bounce:                0 kB
1777810670.038898626 WritebackTmp:          0 kB
1777810670.038898626 CommitLimit:     3537964 kB
1777810670.038898626 Committed_AS:     514328 kB
1777810670.038898626 VmallocTotal:   135288315904 kB
1777810670.038898626 VmallocUsed:       19240 kB
1777810670.038898626 VmallocChunk:          0 kB
1777810670.038898626 Percpu:             1456 kB
1777810670.038898626 AnonHugePages:         0 kB
1777810670.038898626 ShmemHugePages:        0 kB
1777810670.038898626 ShmemPmdMapped:        0 kB
1777810670.038898626 FileHugePages:         0 kB
1777810670.038898626 FilePmdMapped:         0 kB
1777810670.038898626 CmaTotal:          65536 kB
1777810670.038898626 CmaFree:           49104 kB
1777810670.038898626 Balloon:               0 kB
1777810670.038898626 HugePages_Total:     512
1777810670.038898626 HugePages_Free:      488
1777810670.038898626 HugePages_Rsvd:        0
1777810670.038898626 HugePages_Surp:        0
1777810670.038898626 Hugepagesize:       2048 kB
1777810670.038898626 Hugetlb:         1048576 kB
1777810671.048373285 MemTotal:        8124504 kB
1777810671.048373285 MemFree:         6387248 kB
1777810671.048373285 MemAvailable:    6652540 kB
1777810671.048373285 Buffers:           30204 kB
1777810671.048373285 Cached:           365068 kB
1777810671.048373285 SwapCached:            0 kB
1777810671.048373285 Active:           386812 kB
1777810671.048373285 Inactive:         105872 kB
1777810671.048373285 Active(anon):     102560 kB
1777810671.048373285 Inactive(anon):        0 kB
1777810671.048373285 Active(file):     284252 kB
1777810671.048373285 Inactive(file):   105872 kB
1777810671.048373285 Unevictable:           0 kB
1777810671.048373285 Mlocked:               0 kB
1777810671.048373285 SwapTotal:             0 kB
1777810671.048373285 SwapFree:              0 kB
1777810671.048373285 Zswap:                 0 kB
1777810671.048373285 Zswapped:              0 kB
1777810671.048373285 Dirty:               124 kB
1777810671.048373285 Writeback:             0 kB
1777810671.048373285 AnonPages:         97356 kB
1777810671.048373285 Mapped:           102952 kB
1777810671.048373285 Shmem:              5240 kB
1777810671.048373285 KReclaimable:      29852 kB
1777810671.048373285 Slab:             121788 kB
1777810671.048373285 SReclaimable:      29852 kB
1777810671.048373285 SUnreclaim:        91936 kB
1777810671.048373285 KernelStack:        3248 kB
1777810671.048373285 PageTables:         4268 kB
1777810671.048373285 SecPageTables:         0 kB
1777810671.048373285 NFS_Unstable:          0 kB
1777810671.048373285 Bounce:                0 kB
1777810671.048373285 WritebackTmp:          0 kB
1777810671.048373285 CommitLimit:     3537964 kB
1777810671.048373285 Committed_AS:     514328 kB
1777810671.048373285 VmallocTotal:   135288315904 kB
1777810671.048373285 VmallocUsed:       19240 kB
1777810671.048373285 VmallocChunk:          0 kB
1777810671.048373285 Percpu:             1456 kB
1777810671.048373285 AnonHugePages:         0 kB
1777810671.048373285 ShmemHugePages:        0 kB
1777810671.048373285 ShmemPmdMapped:        0 kB
1777810671.048373285 FileHugePages:         0 kB
1777810671.048373285 FilePmdMapped:         0 kB
1777810671.048373285 CmaTotal:          65536 kB
1777810671.048373285 CmaFree:           49104 kB
1777810671.048373285 Balloon:               0 kB
1777810671.048373285 HugePages_Total:     512
1777810671.048373285 HugePages_Free:      488
1777810671.048373285 HugePages_Rsvd:        0
1777810671.048373285 HugePages_Surp:        0
1777810671.048373285 Hugepagesize:       2048 kB
1777810671.048373285 Hugetlb:         1048576 kB
1777810672.057780777 MemTotal:        8124504 kB
1777810672.057780777 MemFree:         6382868 kB
1777810672.057780777 MemAvailable:    6648156 kB
1777810672.057780777 Buffers:           30204 kB
1777810672.057780777 Cached:           365068 kB
1777810672.057780777 SwapCached:            0 kB
1777810672.057780777 Active:           386580 kB
1777810672.057780777 Inactive:         105872 kB
1777810672.057780777 Active(anon):     102332 kB
1777810672.057780777 Inactive(anon):        0 kB
1777810672.057780777 Active(file):     284248 kB
1777810672.057780777 Inactive(file):   105872 kB
1777810672.057780777 Unevictable:           0 kB
1777810672.057780777 Mlocked:               0 kB
1777810672.057780777 SwapTotal:             0 kB
1777810672.057780777 SwapFree:              0 kB
1777810672.057780777 Zswap:                 0 kB
1777810672.057780777 Zswapped:              0 kB
1777810672.057780777 Dirty:               124 kB
1777810672.057780777 Writeback:             0 kB
1777810672.057780777 AnonPages:         97232 kB
1777810672.057780777 Mapped:           102912 kB
1777810672.057780777 Shmem:              5240 kB
1777810672.057780777 KReclaimable:      29852 kB
1777810672.057780777 Slab:             121780 kB
1777810672.057780777 SReclaimable:      29852 kB
1777810672.057780777 SUnreclaim:        91928 kB
1777810672.057780777 KernelStack:        3232 kB
1777810672.057780777 PageTables:         4236 kB
1777810672.057780777 SecPageTables:         0 kB
1777810672.057780777 NFS_Unstable:          0 kB
1777810672.057780777 Bounce:                0 kB
1777810672.057780777 WritebackTmp:          0 kB
1777810672.057780777 CommitLimit:     3537964 kB
1777810672.057780777 Committed_AS:     514328 kB
1777810672.057780777 VmallocTotal:   135288315904 kB
1777810672.057780777 VmallocUsed:       19208 kB
1777810672.057780777 VmallocChunk:          0 kB
1777810672.057780777 Percpu:             1456 kB
1777810672.057780777 AnonHugePages:         0 kB
1777810672.057780777 ShmemHugePages:        0 kB
1777810672.057780777 ShmemPmdMapped:        0 kB
1777810672.057780777 FileHugePages:         0 kB
1777810672.057780777 FilePmdMapped:         0 kB
1777810672.057780777 CmaTotal:          65536 kB
1777810672.057780777 CmaFree:           49104 kB
1777810672.057780777 Balloon:               0 kB
1777810672.057780777 HugePages_Total:     512
1777810672.057780777 HugePages_Free:      488
1777810672.057780777 HugePages_Rsvd:        0
1777810672.057780777 HugePages_Surp:        0
1777810672.057780777 Hugepagesize:       2048 kB
1777810672.057780777 Hugetlb:         1048576 kB
1777810673.067115917 MemTotal:        8124504 kB
1777810673.067115917 MemFree:         6385288 kB
1777810673.067115917 MemAvailable:    6650580 kB
1777810673.067115917 Buffers:           30204 kB
1777810673.067115917 Cached:           365072 kB
1777810673.067115917 SwapCached:            0 kB
1777810673.067115917 Active:           386536 kB
1777810673.067115917 Inactive:         105876 kB
1777810673.067115917 Active(anon):     102288 kB
1777810673.067115917 Inactive(anon):        0 kB
1777810673.067115917 Active(file):     284248 kB
1777810673.067115917 Inactive(file):   105876 kB
1777810673.067115917 Unevictable:           0 kB
1777810673.067115917 Mlocked:               0 kB
1777810673.067115917 SwapTotal:             0 kB
1777810673.067115917 SwapFree:              0 kB
1777810673.067115917 Zswap:                 0 kB
1777810673.067115917 Zswapped:              0 kB
1777810673.067115917 Dirty:               128 kB
1777810673.067115917 Writeback:             0 kB
1777810673.067115917 AnonPages:         97316 kB
1777810673.067115917 Mapped:           102952 kB
1777810673.067115917 Shmem:              5240 kB
1777810673.067115917 KReclaimable:      29852 kB
1777810673.067115917 Slab:             121824 kB
1777810673.067115917 SReclaimable:      29852 kB
1777810673.067115917 SUnreclaim:        91972 kB
1777810673.067115917 KernelStack:        3232 kB
1777810673.067115917 PageTables:         4236 kB
1777810673.067115917 SecPageTables:         0 kB
1777810673.067115917 NFS_Unstable:          0 kB
1777810673.067115917 Bounce:                0 kB
1777810673.067115917 WritebackTmp:          0 kB
1777810673.067115917 CommitLimit:     3537964 kB
1777810673.067115917 Committed_AS:     514328 kB
1777810673.067115917 VmallocTotal:   135288315904 kB
1777810673.067115917 VmallocUsed:       19240 kB
1777810673.067115917 VmallocChunk:          0 kB
1777810673.067115917 Percpu:             1456 kB
1777810673.067115917 AnonHugePages:         0 kB
1777810673.067115917 ShmemHugePages:        0 kB
1777810673.067115917 ShmemPmdMapped:        0 kB
1777810673.067115917 FileHugePages:         0 kB
1777810673.067115917 FilePmdMapped:         0 kB
1777810673.067115917 CmaTotal:          65536 kB
1777810673.067115917 CmaFree:           49104 kB
1777810673.067115917 Balloon:               0 kB
1777810673.067115917 HugePages_Total:     512
1777810673.067115917 HugePages_Free:      488
1777810673.067115917 HugePages_Rsvd:        0
1777810673.067115917 HugePages_Surp:        0
1777810673.067115917 Hugepagesize:       2048 kB
1777810673.067115917 Hugetlb:         1048576 kB
1777810674.076511168 MemTotal:        8124504 kB
1777810674.076511168 MemFree:         6382796 kB
1777810674.076511168 MemAvailable:    6648096 kB
1777810674.076511168 Buffers:           30212 kB
1777810674.076511168 Cached:           365076 kB
1777810674.076511168 SwapCached:            0 kB
1777810674.076511168 Active:           386720 kB
1777810674.076511168 Inactive:         105880 kB
1777810674.076511168 Active(anon):     102468 kB
1777810674.076511168 Inactive(anon):        0 kB
1777810674.076511168 Active(file):     284252 kB
1777810674.076511168 Inactive(file):   105880 kB
1777810674.076511168 Unevictable:           0 kB
1777810674.076511168 Mlocked:               0 kB
1777810674.076511168 SwapTotal:             0 kB
1777810674.076511168 SwapFree:              0 kB
1777810674.076511168 Zswap:                 0 kB
1777810674.076511168 Zswapped:              0 kB
1777810674.076511168 Dirty:               140 kB
1777810674.076511168 Writeback:             0 kB
1777810674.076511168 AnonPages:         97356 kB
1777810674.076511168 Mapped:           102952 kB
1777810674.076511168 Shmem:              5240 kB
1777810674.076511168 KReclaimable:      29852 kB
1777810674.076511168 Slab:             121860 kB
1777810674.076511168 SReclaimable:      29852 kB
1777810674.076511168 SUnreclaim:        92008 kB
1777810674.076511168 KernelStack:        3248 kB
1777810674.076511168 PageTables:         4272 kB
1777810674.076511168 SecPageTables:         0 kB
1777810674.076511168 NFS_Unstable:          0 kB
1777810674.076511168 Bounce:                0 kB
1777810674.076511168 WritebackTmp:          0 kB
1777810674.076511168 CommitLimit:     3537964 kB
1777810674.076511168 Committed_AS:     514328 kB
1777810674.076511168 VmallocTotal:   135288315904 kB
1777810674.076511168 VmallocUsed:       19224 kB
1777810674.076511168 VmallocChunk:          0 kB
1777810674.076511168 Percpu:             1456 kB
1777810674.076511168 AnonHugePages:         0 kB
1777810674.076511168 ShmemHugePages:        0 kB
1777810674.076511168 ShmemPmdMapped:        0 kB
1777810674.076511168 FileHugePages:         0 kB
1777810674.076511168 FilePmdMapped:         0 kB
1777810674.076511168 CmaTotal:          65536 kB
1777810674.076511168 CmaFree:           49104 kB
1777810674.076511168 Balloon:               0 kB
1777810674.076511168 HugePages_Total:     512
1777810674.076511168 HugePages_Free:      488
1777810674.076511168 HugePages_Rsvd:        0
1777810674.076511168 HugePages_Surp:        0
1777810674.076511168 Hugepagesize:       2048 kB
1777810674.076511168 Hugetlb:         1048576 kB
1777810675.085937808 MemTotal:        8124504 kB
1777810675.085937808 MemFree:         6383220 kB
1777810675.085937808 MemAvailable:    6648524 kB
1777810675.085937808 Buffers:           30212 kB
1777810675.085937808 Cached:           365080 kB
1777810675.085937808 SwapCached:            0 kB
1777810675.085937808 Active:           386688 kB
1777810675.085937808 Inactive:         105888 kB
1777810675.085937808 Active(anon):     102440 kB
1777810675.085937808 Inactive(anon):        0 kB
1777810675.085937808 Active(file):     284248 kB
1777810675.085937808 Inactive(file):   105888 kB
1777810675.085937808 Unevictable:           0 kB
1777810675.085937808 Mlocked:               0 kB
1777810675.085937808 SwapTotal:             0 kB
1777810675.085937808 SwapFree:              0 kB
1777810675.085937808 Zswap:                 0 kB
1777810675.085937808 Zswapped:              0 kB
1777810675.085937808 Dirty:               144 kB
1777810675.085937808 Writeback:             0 kB
1777810675.085937808 AnonPages:         97312 kB
1777810675.085937808 Mapped:           102952 kB
1777810675.085937808 Shmem:              5240 kB
1777810675.085937808 KReclaimable:      29852 kB
1777810675.085937808 Slab:             121896 kB
1777810675.085937808 SReclaimable:      29852 kB
1777810675.085937808 SUnreclaim:        92044 kB
1777810675.085937808 KernelStack:        3232 kB
1777810675.085937808 PageTables:         4240 kB
1777810675.085937808 SecPageTables:         0 kB
1777810675.085937808 NFS_Unstable:          0 kB
1777810675.085937808 Bounce:                0 kB
1777810675.085937808 WritebackTmp:          0 kB
1777810675.085937808 CommitLimit:     3537964 kB
1777810675.085937808 Committed_AS:     514328 kB
1777810675.085937808 VmallocTotal:   135288315904 kB
1777810675.085937808 VmallocUsed:       19240 kB
1777810675.085937808 VmallocChunk:          0 kB
1777810675.085937808 Percpu:             1456 kB
1777810675.085937808 AnonHugePages:         0 kB
1777810675.085937808 ShmemHugePages:        0 kB
1777810675.085937808 ShmemPmdMapped:        0 kB
1777810675.085937808 FileHugePages:         0 kB
1777810675.085937808 FilePmdMapped:         0 kB
1777810675.085937808 CmaTotal:          65536 kB
1777810675.085937808 CmaFree:           49104 kB
1777810675.085937808 Balloon:               0 kB
1777810675.085937808 HugePages_Total:     512
1777810675.085937808 HugePages_Free:      488
1777810675.085937808 HugePages_Rsvd:        0
1777810675.085937808 HugePages_Surp:        0
1777810675.085937808 Hugepagesize:       2048 kB
1777810675.085937808 Hugetlb:         1048576 kB
1777810676.095030410 MemTotal:        8124504 kB
1777810676.095030410 MemFree:         6382964 kB
1777810676.095030410 MemAvailable:    6648280 kB
1777810676.095030410 Buffers:           30212 kB
1777810676.095030410 Cached:           365088 kB
1777810676.095030410 SwapCached:            0 kB
1777810676.095030410 Active:           386672 kB
1777810676.095030410 Inactive:         105900 kB
1777810676.095030410 Active(anon):     102424 kB
1777810676.095030410 Inactive(anon):        0 kB
1777810676.095030410 Active(file):     284248 kB
1777810676.095030410 Inactive(file):   105900 kB
1777810676.095030410 Unevictable:           0 kB
1777810676.095030410 Mlocked:               0 kB
1777810676.095030410 SwapTotal:             0 kB
1777810676.095030410 SwapFree:              0 kB
1777810676.095030410 Zswap:                 0 kB
1777810676.095030410 Zswapped:              0 kB
1777810676.095030410 Dirty:               152 kB
1777810676.095030410 Writeback:             0 kB
1777810676.095030410 AnonPages:         97352 kB
1777810676.095030410 Mapped:           102912 kB
1777810676.095030410 Shmem:              5240 kB
1777810676.095030410 KReclaimable:      29852 kB
1777810676.095030410 Slab:             121844 kB
1777810676.095030410 SReclaimable:      29852 kB
1777810676.095030410 SUnreclaim:        91992 kB
1777810676.095030410 KernelStack:        3248 kB
1777810676.095030410 PageTables:         4268 kB
1777810676.095030410 SecPageTables:         0 kB
1777810676.095030410 NFS_Unstable:          0 kB
1777810676.095030410 Bounce:                0 kB
1777810676.095030410 WritebackTmp:          0 kB
1777810676.095030410 CommitLimit:     3537964 kB
1777810676.095030410 Committed_AS:     514328 kB
1777810676.095030410 VmallocTotal:   135288315904 kB
1777810676.095030410 VmallocUsed:       19240 kB
1777810676.095030410 VmallocChunk:          0 kB
1777810676.095030410 Percpu:             1456 kB
1777810676.095030410 AnonHugePages:         0 kB
1777810676.095030410 ShmemHugePages:        0 kB
1777810676.095030410 ShmemPmdMapped:        0 kB
1777810676.095030410 FileHugePages:         0 kB
1777810676.095030410 FilePmdMapped:         0 kB
1777810676.095030410 CmaTotal:          65536 kB
1777810676.095030410 CmaFree:           49104 kB
1777810676.095030410 Balloon:               0 kB
1777810676.095030410 HugePages_Total:     512
1777810676.095030410 HugePages_Free:      488
1777810676.095030410 HugePages_Rsvd:        0
1777810676.095030410 HugePages_Surp:        0
1777810676.095030410 Hugepagesize:       2048 kB
1777810676.095030410 Hugetlb:         1048576 kB
1777810677.104289087 MemTotal:        8124504 kB
1777810677.104289087 MemFree:         6385624 kB
1777810677.104289087 MemAvailable:    6650948 kB
1777810677.104289087 Buffers:           30212 kB
1777810677.104289087 Cached:           365096 kB
1777810677.104289087 SwapCached:            0 kB
1777810677.104289087 Active:           386616 kB
1777810677.104289087 Inactive:         105908 kB
1777810677.104289087 Active(anon):     102368 kB
1777810677.104289087 Inactive(anon):        0 kB
1777810677.104289087 Active(file):     284248 kB
1777810677.104289087 Inactive(file):   105908 kB
1777810677.104289087 Unevictable:           0 kB
1777810677.104289087 Mlocked:               0 kB
1777810677.104289087 SwapTotal:             0 kB
1777810677.104289087 SwapFree:              0 kB
1777810677.104289087 Zswap:                 0 kB
1777810677.104289087 Zswapped:              0 kB
1777810677.104289087 Dirty:               160 kB
1777810677.104289087 Writeback:             0 kB
1777810677.104289087 AnonPages:         97392 kB
1777810677.104289087 Mapped:           102952 kB
1777810677.104289087 Shmem:              5240 kB
1777810677.104289087 KReclaimable:      29852 kB
1777810677.104289087 Slab:             121724 kB
1777810677.104289087 SReclaimable:      29852 kB
1777810677.104289087 SUnreclaim:        92020 kB
1777810677.104289087 KernelStack:        3232 kB
1777810677.104289087 PageTables:         4264 kB
1777810677.104289087 SecPageTables:         0 kB
1777810677.104289087 NFS_Unstable:          0 kB
1777810677.104289087 Bounce:                0 kB
1777810677.104289087 WritebackTmp:          0 kB
1777810677.104289087 CommitLimit:     3537964 kB
1777810677.104289087 Committed_AS:     514328 kB
1777810677.104289087 VmallocTotal:   135288315904 kB
1777810677.104289087 VmallocUsed:       19240 kB
1777810677.104289087 VmallocChunk:          0 kB
1777810677.104289087 Percpu:             1456 kB
1777810677.104289087 AnonHugePages:         0 kB
1777810677.104289087 ShmemHugePages:        0 kB
1777810677.104289087 ShmemPmdMapped:        0 kB
1777810677.104289087 FileHugePages:         0 kB
1777810677.104289087 FilePmdMapped:         0 kB
1777810677.104289087 CmaTotal:          65536 kB
1777810677.104289087 CmaFree:           49104 kB
1777810677.104289087 Balloon:               0 kB
1777810677.104289087 HugePages_Total:     512
1777810677.104289087 HugePages_Free:      488
1777810677.104289087 HugePages_Rsvd:        0
1777810677.104289087 HugePages_Surp:        0
1777810677.104289087 Hugepagesize:       2048 kB
1777810677.104289087 Hugetlb:         1048576 kB
1777810678.113611616 MemTotal:        8124504 kB
1777810678.113611616 MemFree:         6387584 kB
1777810678.113611616 MemAvailable:    6652908 kB
1777810678.113611616 Buffers:           30212 kB
1777810678.113611616 Cached:           365096 kB
1777810678.113611616 SwapCached:            0 kB
1777810678.113611616 Active:           386740 kB
1777810678.113611616 Inactive:         105908 kB
1777810678.113611616 Active(anon):     102492 kB
1777810678.113611616 Inactive(anon):        0 kB
1777810678.113611616 Active(file):     284248 kB
1777810678.113611616 Inactive(file):   105908 kB
1777810678.113611616 Unevictable:           0 kB
1777810678.113611616 Mlocked:               0 kB
1777810678.113611616 SwapTotal:             0 kB
1777810678.113611616 SwapFree:              0 kB
1777810678.113611616 Zswap:                 0 kB
1777810678.113611616 Zswapped:              0 kB
1777810678.113611616 Dirty:               160 kB
1777810678.113611616 Writeback:             0 kB
1777810678.113611616 AnonPages:         97352 kB
1777810678.113611616 Mapped:           102952 kB
1777810678.113611616 Shmem:              5240 kB
1777810678.113611616 KReclaimable:      29852 kB
1777810678.113611616 Slab:             121804 kB
1777810678.113611616 SReclaimable:      29852 kB
1777810678.113611616 SUnreclaim:        91952 kB
1777810678.113611616 KernelStack:        3248 kB
1777810678.113611616 PageTables:         4280 kB
1777810678.113611616 SecPageTables:         0 kB
1777810678.113611616 NFS_Unstable:          0 kB
1777810678.113611616 Bounce:                0 kB
1777810678.113611616 WritebackTmp:          0 kB
1777810678.113611616 CommitLimit:     3537964 kB
1777810678.113611616 Committed_AS:     514328 kB
1777810678.113611616 VmallocTotal:   135288315904 kB
1777810678.113611616 VmallocUsed:       19240 kB
1777810678.113611616 VmallocChunk:          0 kB
1777810678.113611616 Percpu:             1456 kB
1777810678.113611616 AnonHugePages:         0 kB
1777810678.113611616 ShmemHugePages:        0 kB
1777810678.113611616 ShmemPmdMapped:        0 kB
1777810678.113611616 FileHugePages:         0 kB
1777810678.113611616 FilePmdMapped:         0 kB
1777810678.113611616 CmaTotal:          65536 kB
1777810678.113611616 CmaFree:           49104 kB
1777810678.113611616 Balloon:               0 kB
1777810678.113611616 HugePages_Total:     512
1777810678.113611616 HugePages_Free:      488
1777810678.113611616 HugePages_Rsvd:        0
1777810678.113611616 HugePages_Surp:        0
1777810678.113611616 Hugepagesize:       2048 kB
1777810678.113611616 Hugetlb:         1048576 kB
1777810679.123358202 MemTotal:        8124504 kB
1777810679.123358202 MemFree:         6380400 kB
1777810679.123358202 MemAvailable:    6645732 kB
1777810679.123358202 Buffers:           30216 kB
1777810679.123358202 Cached:           365100 kB
1777810679.123358202 SwapCached:            0 kB
1777810679.123358202 Active:           386608 kB
1777810679.123358202 Inactive:         105916 kB
1777810679.123358202 Active(anon):     102360 kB
1777810679.123358202 Inactive(anon):        0 kB
1777810679.123358202 Active(file):     284248 kB
1777810679.123358202 Inactive(file):   105916 kB
1777810679.123358202 Unevictable:           0 kB
1777810679.123358202 Mlocked:               0 kB
1777810679.123358202 SwapTotal:             0 kB
1777810679.123358202 SwapFree:              0 kB
1777810679.123358202 Zswap:                 0 kB
1777810679.123358202 Zswapped:              0 kB
1777810679.123358202 Dirty:               168 kB
1777810679.123358202 Writeback:             0 kB
1777810679.123358202 AnonPages:         97320 kB
1777810679.123358202 Mapped:           102912 kB
1777810679.123358202 Shmem:              5240 kB
1777810679.123358202 KReclaimable:      29852 kB
1777810679.123358202 Slab:             121748 kB
1777810679.123358202 SReclaimable:      29852 kB
1777810679.123358202 SUnreclaim:        91896 kB
1777810679.123358202 KernelStack:        3232 kB
1777810679.123358202 PageTables:         4240 kB
1777810679.123358202 SecPageTables:         0 kB
1777810679.123358202 NFS_Unstable:          0 kB
1777810679.123358202 Bounce:                0 kB
1777810679.123358202 WritebackTmp:          0 kB
1777810679.123358202 CommitLimit:     3537964 kB
1777810679.123358202 Committed_AS:     514328 kB
1777810679.123358202 VmallocTotal:   135288315904 kB
1777810679.123358202 VmallocUsed:       19224 kB
1777810679.123358202 VmallocChunk:          0 kB
1777810679.123358202 Percpu:             1456 kB
1777810679.123358202 AnonHugePages:         0 kB
1777810679.123358202 ShmemHugePages:        0 kB
1777810679.123358202 ShmemPmdMapped:        0 kB
1777810679.123358202 FileHugePages:         0 kB
1777810679.123358202 FilePmdMapped:         0 kB
1777810679.123358202 CmaTotal:          65536 kB
1777810679.123358202 CmaFree:           49104 kB
1777810679.123358202 Balloon:               0 kB
1777810679.123358202 HugePages_Total:     512
1777810679.123358202 HugePages_Free:      488
1777810679.123358202 HugePages_Rsvd:        0
1777810679.123358202 HugePages_Surp:        0
1777810679.123358202 Hugepagesize:       2048 kB
1777810679.123358202 Hugetlb:         1048576 kB
1777810680.132329322 MemTotal:        8124504 kB
1777810680.132329322 MemFree:         6383292 kB
1777810680.132329322 MemAvailable:    6648632 kB
1777810680.132329322 Buffers:           30220 kB
1777810680.132329322 Cached:           365104 kB
1777810680.132329322 SwapCached:            0 kB
1777810680.132329322 Active:           386576 kB
1777810680.132329322 Inactive:         105924 kB
1777810680.132329322 Active(anon):     102328 kB
1777810680.132329322 Inactive(anon):        0 kB
1777810680.132329322 Active(file):     284248 kB
1777810680.132329322 Inactive(file):   105924 kB
1777810680.132329322 Unevictable:           0 kB
1777810680.132329322 Mlocked:               0 kB
1777810680.132329322 SwapTotal:             0 kB
1777810680.132329322 SwapFree:              0 kB
1777810680.132329322 Zswap:                 0 kB
1777810680.132329322 Zswapped:              0 kB
1777810680.132329322 Dirty:               168 kB
1777810680.132329322 Writeback:             0 kB
1777810680.132329322 AnonPages:         97352 kB
1777810680.132329322 Mapped:           102912 kB
1777810680.132329322 Shmem:              5240 kB
1777810680.132329322 KReclaimable:      29852 kB
1777810680.132329322 Slab:             121852 kB
1777810680.132329322 SReclaimable:      29852 kB
1777810680.132329322 SUnreclaim:        92000 kB
1777810680.132329322 KernelStack:        3232 kB
1777810680.132329322 PageTables:         4288 kB
1777810680.132329322 SecPageTables:         0 kB
1777810680.132329322 NFS_Unstable:          0 kB
1777810680.132329322 Bounce:                0 kB
1777810680.132329322 WritebackTmp:          0 kB
1777810680.132329322 CommitLimit:     3537964 kB
1777810680.132329322 Committed_AS:     514328 kB
1777810680.132329322 VmallocTotal:   135288315904 kB
1777810680.132329322 VmallocUsed:       19208 kB
1777810680.132329322 VmallocChunk:          0 kB
1777810680.132329322 Percpu:             1456 kB
1777810680.132329322 AnonHugePages:         0 kB
1777810680.132329322 ShmemHugePages:        0 kB
1777810680.132329322 ShmemPmdMapped:        0 kB
1777810680.132329322 FileHugePages:         0 kB
1777810680.132329322 FilePmdMapped:         0 kB
1777810680.132329322 CmaTotal:          65536 kB
1777810680.132329322 CmaFree:           49104 kB
1777810680.132329322 Balloon:               0 kB
1777810680.132329322 HugePages_Total:     512
1777810680.132329322 HugePages_Free:      488
1777810680.132329322 HugePages_Rsvd:        0
1777810680.132329322 HugePages_Surp:        0
1777810680.132329322 Hugepagesize:       2048 kB
1777810680.132329322 Hugetlb:         1048576 kB
1777810681.141678129 MemTotal:        8124504 kB
1777810681.141678129 MemFree:         6386472 kB
1777810681.141678129 MemAvailable:    6651816 kB
1777810681.141678129 Buffers:           30220 kB
1777810681.141678129 Cached:           365108 kB
1777810681.141678129 SwapCached:            0 kB
1777810681.141678129 Active:           386716 kB
1777810681.141678129 Inactive:         105928 kB
1777810681.141678129 Active(anon):     102468 kB
1777810681.141678129 Inactive(anon):        0 kB
1777810681.141678129 Active(file):     284248 kB
1777810681.141678129 Inactive(file):   105928 kB
1777810681.141678129 Unevictable:           0 kB
1777810681.141678129 Mlocked:               0 kB
1777810681.141678129 SwapTotal:             0 kB
1777810681.141678129 SwapFree:              0 kB
1777810681.141678129 Zswap:                 0 kB
1777810681.141678129 Zswapped:              0 kB
1777810681.141678129 Dirty:               172 kB
1777810681.141678129 Writeback:             0 kB
1777810681.141678129 AnonPages:         97312 kB
1777810681.141678129 Mapped:           102952 kB
1777810681.141678129 Shmem:              5240 kB
1777810681.141678129 KReclaimable:      29852 kB
1777810681.141678129 Slab:             121780 kB
1777810681.141678129 SReclaimable:      29852 kB
1777810681.141678129 SUnreclaim:        91928 kB
1777810681.141678129 KernelStack:        3216 kB
1777810681.141678129 PageTables:         4240 kB
1777810681.141678129 SecPageTables:         0 kB
1777810681.141678129 NFS_Unstable:          0 kB
1777810681.141678129 Bounce:                0 kB
1777810681.141678129 WritebackTmp:          0 kB
1777810681.141678129 CommitLimit:     3537964 kB
1777810681.141678129 Committed_AS:     514328 kB
1777810681.141678129 VmallocTotal:   135288315904 kB
1777810681.141678129 VmallocUsed:       19208 kB
1777810681.141678129 VmallocChunk:          0 kB
1777810681.141678129 Percpu:             1456 kB
1777810681.141678129 AnonHugePages:         0 kB
1777810681.141678129 ShmemHugePages:        0 kB
1777810681.141678129 ShmemPmdMapped:        0 kB
1777810681.141678129 FileHugePages:         0 kB
1777810681.141678129 FilePmdMapped:         0 kB
1777810681.141678129 CmaTotal:          65536 kB
1777810681.141678129 CmaFree:           49104 kB
1777810681.141678129 Balloon:               0 kB
1777810681.141678129 HugePages_Total:     512
1777810681.141678129 HugePages_Free:      488
1777810681.141678129 HugePages_Rsvd:        0
1777810681.141678129 HugePages_Surp:        0
1777810681.141678129 Hugepagesize:       2048 kB
1777810681.141678129 Hugetlb:         1048576 kB
1777810682.150461471 MemTotal:        8124504 kB
1777810682.150461471 MemFree:         6383704 kB
1777810682.150461471 MemAvailable:    6649060 kB
1777810682.150461471 Buffers:           30220 kB
1777810682.150461471 Cached:           365116 kB
1777810682.150461471 SwapCached:            0 kB
1777810682.150461471 Active:           386580 kB
1777810682.150461471 Inactive:         105936 kB
1777810682.150461471 Active(anon):     102328 kB
1777810682.150461471 Inactive(anon):        0 kB
1777810682.150461471 Active(file):     284252 kB
1777810682.150461471 Inactive(file):   105936 kB
1777810682.150461471 Unevictable:           0 kB
1777810682.150461471 Mlocked:               0 kB
1777810682.150461471 SwapTotal:             0 kB
1777810682.150461471 SwapFree:              0 kB
1777810682.150461471 Zswap:                 0 kB
1777810682.150461471 Zswapped:              0 kB
1777810682.150461471 Dirty:               180 kB
1777810682.150461471 Writeback:             0 kB
1777810682.150461471 AnonPages:         97316 kB
1777810682.150461471 Mapped:           102912 kB
1777810682.150461471 Shmem:              5240 kB
1777810682.150461471 KReclaimable:      29856 kB
1777810682.150461471 Slab:             121880 kB
1777810682.150461471 SReclaimable:      29856 kB
1777810682.150461471 SUnreclaim:        92024 kB
1777810682.150461471 KernelStack:        3216 kB
1777810682.150461471 PageTables:         4248 kB
1777810682.150461471 SecPageTables:         0 kB
1777810682.150461471 NFS_Unstable:          0 kB
1777810682.150461471 Bounce:                0 kB
1777810682.150461471 WritebackTmp:          0 kB
1777810682.150461471 CommitLimit:     3537964 kB
1777810682.150461471 Committed_AS:     514328 kB
1777810682.150461471 VmallocTotal:   135288315904 kB
1777810682.150461471 VmallocUsed:       19224 kB
1777810682.150461471 VmallocChunk:          0 kB
1777810682.150461471 Percpu:             1456 kB
1777810682.150461471 AnonHugePages:         0 kB
1777810682.150461471 ShmemHugePages:        0 kB
1777810682.150461471 ShmemPmdMapped:        0 kB
1777810682.150461471 FileHugePages:         0 kB
1777810682.150461471 FilePmdMapped:         0 kB
1777810682.150461471 CmaTotal:          65536 kB
1777810682.150461471 CmaFree:           49104 kB
1777810682.150461471 Balloon:               0 kB
1777810682.150461471 HugePages_Total:     512
1777810682.150461471 HugePages_Free:      488
1777810682.150461471 HugePages_Rsvd:        0
1777810682.150461471 HugePages_Surp:        0
1777810682.150461471 Hugepagesize:       2048 kB
1777810682.150461471 Hugetlb:         1048576 kB
1777810683.159645943 MemTotal:        8124504 kB
1777810683.159645943 MemFree:         6385420 kB
1777810683.159645943 MemAvailable:    6650780 kB
1777810683.159645943 Buffers:           30220 kB
1777810683.159645943 Cached:           365120 kB
1777810683.159645943 SwapCached:            0 kB
1777810683.159645943 Active:           386624 kB
1777810683.159645943 Inactive:         105940 kB
1777810683.159645943 Active(anon):     102372 kB
1777810683.159645943 Inactive(anon):        0 kB
1777810683.159645943 Active(file):     284252 kB
1777810683.159645943 Inactive(file):   105940 kB
1777810683.159645943 Unevictable:           0 kB
1777810683.159645943 Mlocked:               0 kB
1777810683.159645943 SwapTotal:             0 kB
1777810683.159645943 SwapFree:              0 kB
1777810683.159645943 Zswap:                 0 kB
1777810683.159645943 Zswapped:              0 kB
1777810683.159645943 Dirty:               184 kB
1777810683.159645943 Writeback:             0 kB
1777810683.159645943 AnonPages:         97316 kB
1777810683.159645943 Mapped:           102952 kB
1777810683.159645943 Shmem:              5240 kB
1777810683.159645943 KReclaimable:      29856 kB
1777810683.159645943 Slab:             121876 kB
1777810683.159645943 SReclaimable:      29856 kB
1777810683.159645943 SUnreclaim:        92020 kB
1777810683.159645943 KernelStack:        3216 kB
1777810683.159645943 PageTables:         4244 kB
1777810683.159645943 SecPageTables:         0 kB
1777810683.159645943 NFS_Unstable:          0 kB
1777810683.159645943 Bounce:                0 kB
1777810683.159645943 WritebackTmp:          0 kB
1777810683.159645943 CommitLimit:     3537964 kB
1777810683.159645943 Committed_AS:     514328 kB
1777810683.159645943 VmallocTotal:   135288315904 kB
1777810683.159645943 VmallocUsed:       19208 kB
1777810683.159645943 VmallocChunk:          0 kB
1777810683.159645943 Percpu:             1456 kB
1777810683.159645943 AnonHugePages:         0 kB
1777810683.159645943 ShmemHugePages:        0 kB
1777810683.159645943 ShmemPmdMapped:        0 kB
1777810683.159645943 FileHugePages:         0 kB
1777810683.159645943 FilePmdMapped:         0 kB
1777810683.159645943 CmaTotal:          65536 kB
1777810683.159645943 CmaFree:           49104 kB
1777810683.159645943 Balloon:               0 kB
1777810683.159645943 HugePages_Total:     512
1777810683.159645943 HugePages_Free:      488
1777810683.159645943 HugePages_Rsvd:        0
1777810683.159645943 HugePages_Surp:        0
1777810683.159645943 Hugepagesize:       2048 kB
1777810683.159645943 Hugetlb:         1048576 kB
1777810684.168354340 MemTotal:        8124504 kB
1777810684.168354340 MemFree:         6383548 kB
1777810684.168354340 MemAvailable:    6648916 kB
1777810684.168354340 Buffers:           30220 kB
1777810684.168354340 Cached:           365128 kB
1777810684.168354340 SwapCached:            0 kB
1777810684.168354340 Active:           386580 kB
1777810684.168354340 Inactive:         105948 kB
1777810684.168354340 Active(anon):     102332 kB
1777810684.168354340 Inactive(anon):        0 kB
1777810684.168354340 Active(file):     284248 kB
1777810684.168354340 Inactive(file):   105948 kB
1777810684.168354340 Unevictable:           0 kB
1777810684.168354340 Mlocked:               0 kB
1777810684.168354340 SwapTotal:             0 kB
1777810684.168354340 SwapFree:              0 kB
1777810684.168354340 Zswap:                 0 kB
1777810684.168354340 Zswapped:              0 kB
1777810684.168354340 Dirty:                36 kB
1777810684.168354340 Writeback:             0 kB
1777810684.168354340 AnonPages:         97316 kB
1777810684.168354340 Mapped:           102912 kB
1777810684.168354340 Shmem:              5240 kB
1777810684.168354340 KReclaimable:      29860 kB
1777810684.168354340 Slab:             121924 kB
1777810684.168354340 SReclaimable:      29860 kB
1777810684.168354340 SUnreclaim:        92064 kB
1777810684.168354340 KernelStack:        3216 kB
1777810684.168354340 PageTables:         4252 kB
1777810684.168354340 SecPageTables:         0 kB
1777810684.168354340 NFS_Unstable:          0 kB
1777810684.168354340 Bounce:                0 kB
1777810684.168354340 WritebackTmp:          0 kB
1777810684.168354340 CommitLimit:     3537964 kB
1777810684.168354340 Committed_AS:     514328 kB
1777810684.168354340 VmallocTotal:   135288315904 kB
1777810684.168354340 VmallocUsed:       19224 kB
1777810684.168354340 VmallocChunk:          0 kB
1777810684.168354340 Percpu:             1456 kB
1777810684.168354340 AnonHugePages:         0 kB
1777810684.168354340 ShmemHugePages:        0 kB
1777810684.168354340 ShmemPmdMapped:        0 kB
1777810684.168354340 FileHugePages:         0 kB
1777810684.168354340 FilePmdMapped:         0 kB
1777810684.168354340 CmaTotal:          65536 kB
1777810684.168354340 CmaFree:           49104 kB
1777810684.168354340 Balloon:               0 kB
1777810684.168354340 HugePages_Total:     512
1777810684.168354340 HugePages_Free:      488
1777810684.168354340 HugePages_Rsvd:        0
1777810684.168354340 HugePages_Surp:        0
1777810684.168354340 Hugepagesize:       2048 kB
1777810684.168354340 Hugetlb:         1048576 kB
1777810685.178088519 MemTotal:        8124504 kB
1777810685.178088519 MemFree:         6386284 kB
1777810685.178088519 MemAvailable:    6651664 kB
1777810685.178088519 Buffers:           30228 kB
1777810685.178088519 Cached:           365132 kB
1777810685.178088519 SwapCached:            0 kB
1777810685.178088519 Active:           386548 kB
1777810685.178088519 Inactive:         105960 kB
1777810685.178088519 Active(anon):     102300 kB
1777810685.178088519 Inactive(anon):        0 kB
1777810685.178088519 Active(file):     284248 kB
1777810685.178088519 Inactive(file):   105960 kB
1777810685.178088519 Unevictable:           0 kB
1777810685.178088519 Mlocked:               0 kB
1777810685.178088519 SwapTotal:             0 kB
1777810685.178088519 SwapFree:              0 kB
1777810685.178088519 Zswap:                 0 kB
1777810685.178088519 Zswapped:              0 kB
1777810685.178088519 Dirty:                64 kB
1777810685.178088519 Writeback:             0 kB
1777810685.178088519 AnonPages:         97320 kB
1777810685.178088519 Mapped:           102912 kB
1777810685.178088519 Shmem:              5240 kB
1777810685.178088519 KReclaimable:      29860 kB
1777810685.178088519 Slab:             121712 kB
1777810685.178088519 SReclaimable:      29860 kB
1777810685.178088519 SUnreclaim:        91852 kB
1777810685.178088519 KernelStack:        3216 kB
1777810685.178088519 PageTables:         4240 kB
1777810685.178088519 SecPageTables:         0 kB
1777810685.178088519 NFS_Unstable:          0 kB
1777810685.178088519 Bounce:                0 kB
1777810685.178088519 WritebackTmp:          0 kB
1777810685.178088519 CommitLimit:     3537964 kB
1777810685.178088519 Committed_AS:     514328 kB
1777810685.178088519 VmallocTotal:   135288315904 kB
1777810685.178088519 VmallocUsed:       19224 kB
1777810685.178088519 VmallocChunk:          0 kB
1777810685.178088519 Percpu:             1456 kB
1777810685.178088519 AnonHugePages:         0 kB
1777810685.178088519 ShmemHugePages:        0 kB
1777810685.178088519 ShmemPmdMapped:        0 kB
1777810685.178088519 FileHugePages:         0 kB
1777810685.178088519 FilePmdMapped:         0 kB
1777810685.178088519 CmaTotal:          65536 kB
1777810685.178088519 CmaFree:           49104 kB
1777810685.178088519 Balloon:               0 kB
1777810685.178088519 HugePages_Total:     512
1777810685.178088519 HugePages_Free:      488
1777810685.178088519 HugePages_Rsvd:        0
1777810685.178088519 HugePages_Surp:        0
1777810685.178088519 Hugepagesize:       2048 kB
1777810685.178088519 Hugetlb:         1048576 kB
1777810686.187629789 MemTotal:        8124504 kB
1777810686.187629789 MemFree:         6387036 kB
1777810686.187629789 MemAvailable:    6652424 kB
1777810686.187629789 Buffers:           30228 kB
1777810686.187629789 Cached:           365136 kB
1777810686.187629789 SwapCached:            0 kB
1777810686.187629789 Active:           386816 kB
1777810686.187629789 Inactive:         105964 kB
1777810686.187629789 Active(anon):     102564 kB
1777810686.187629789 Inactive(anon):        0 kB
1777810686.187629789 Active(file):     284252 kB
1777810686.187629789 Inactive(file):   105964 kB
1777810686.187629789 Unevictable:           0 kB
1777810686.187629789 Mlocked:               0 kB
1777810686.187629789 SwapTotal:             0 kB
1777810686.187629789 SwapFree:              0 kB
1777810686.187629789 Zswap:                 0 kB
1777810686.187629789 Zswapped:              0 kB
1777810686.187629789 Dirty:                68 kB
1777810686.187629789 Writeback:             0 kB
1777810686.187629789 AnonPages:         97320 kB
1777810686.187629789 Mapped:           102952 kB
1777810686.187629789 Shmem:              5240 kB
1777810686.187629789 KReclaimable:      29860 kB
1777810686.187629789 Slab:             121768 kB
1777810686.187629789 SReclaimable:      29860 kB
1777810686.187629789 SUnreclaim:        91908 kB
1777810686.187629789 KernelStack:        3216 kB
1777810686.187629789 PageTables:         4248 kB
1777810686.187629789 SecPageTables:         0 kB
1777810686.187629789 NFS_Unstable:          0 kB
1777810686.187629789 Bounce:                0 kB
1777810686.187629789 WritebackTmp:          0 kB
1777810686.187629789 CommitLimit:     3537964 kB
1777810686.187629789 Committed_AS:     514328 kB
1777810686.187629789 VmallocTotal:   135288315904 kB
1777810686.187629789 VmallocUsed:       19224 kB
1777810686.187629789 VmallocChunk:          0 kB
1777810686.187629789 Percpu:             1456 kB
1777810686.187629789 AnonHugePages:         0 kB
1777810686.187629789 ShmemHugePages:        0 kB
1777810686.187629789 ShmemPmdMapped:        0 kB
1777810686.187629789 FileHugePages:         0 kB
1777810686.187629789 FilePmdMapped:         0 kB
1777810686.187629789 CmaTotal:          65536 kB
1777810686.187629789 CmaFree:           49104 kB
1777810686.187629789 Balloon:               0 kB
1777810686.187629789 HugePages_Total:     512
1777810686.187629789 HugePages_Free:      488
1777810686.187629789 HugePages_Rsvd:        0
1777810686.187629789 HugePages_Surp:        0
1777810686.187629789 Hugepagesize:       2048 kB
1777810686.187629789 Hugetlb:         1048576 kB
1777810687.197029578 MemTotal:        8124504 kB
1777810687.197029578 MemFree:         6381420 kB
1777810687.197029578 MemAvailable:    6646812 kB
1777810687.197029578 Buffers:           30228 kB
1777810687.197029578 Cached:           365140 kB
1777810687.197029578 SwapCached:            0 kB
1777810687.197029578 Active:           386756 kB
1777810687.197029578 Inactive:         105968 kB
1777810687.197029578 Active(anon):     102504 kB
1777810687.197029578 Inactive(anon):        0 kB
1777810687.197029578 Active(file):     284252 kB
1777810687.197029578 Inactive(file):   105968 kB
1777810687.197029578 Unevictable:           0 kB
1777810687.197029578 Mlocked:               0 kB
1777810687.197029578 SwapTotal:             0 kB
1777810687.197029578 SwapFree:              0 kB
1777810687.197029578 Zswap:                 0 kB
1777810687.197029578 Zswapped:              0 kB
1777810687.197029578 Dirty:                72 kB
1777810687.197029578 Writeback:             0 kB
1777810687.197029578 AnonPages:         97316 kB
1777810687.197029578 Mapped:           102952 kB
1777810687.197029578 Shmem:              5240 kB
1777810687.197029578 KReclaimable:      29860 kB
1777810687.197029578 Slab:             121784 kB
1777810687.197029578 SReclaimable:      29860 kB
1777810687.197029578 SUnreclaim:        91924 kB
1777810687.197029578 KernelStack:        3216 kB
1777810687.197029578 PageTables:         4236 kB
1777810687.197029578 SecPageTables:         0 kB
1777810687.197029578 NFS_Unstable:          0 kB
1777810687.197029578 Bounce:                0 kB
1777810687.197029578 WritebackTmp:          0 kB
1777810687.197029578 CommitLimit:     3537964 kB
1777810687.197029578 Committed_AS:     514328 kB
1777810687.197029578 VmallocTotal:   135288315904 kB
1777810687.197029578 VmallocUsed:       19192 kB
1777810687.197029578 VmallocChunk:          0 kB
1777810687.197029578 Percpu:             1456 kB
1777810687.197029578 AnonHugePages:         0 kB
1777810687.197029578 ShmemHugePages:        0 kB
1777810687.197029578 ShmemPmdMapped:        0 kB
1777810687.197029578 FileHugePages:         0 kB
1777810687.197029578 FilePmdMapped:         0 kB
1777810687.197029578 CmaTotal:          65536 kB
1777810687.197029578 CmaFree:           49104 kB
1777810687.197029578 Balloon:               0 kB
1777810687.197029578 HugePages_Total:     512
1777810687.197029578 HugePages_Free:      488
1777810687.197029578 HugePages_Rsvd:        0
1777810687.197029578 HugePages_Surp:        0
1777810687.197029578 Hugepagesize:       2048 kB
1777810687.197029578 Hugetlb:         1048576 kB
1777810688.206831701 MemTotal:        8124504 kB
1777810688.206831701 MemFree:         6382380 kB
1777810688.206831701 MemAvailable:    6647768 kB
1777810688.206831701 Buffers:           30228 kB
1777810688.206831701 Cached:           365140 kB
1777810688.206831701 SwapCached:            0 kB
1777810688.206831701 Active:           386644 kB
1777810688.206831701 Inactive:         105968 kB
1777810688.206831701 Active(anon):     102396 kB
1777810688.206831701 Inactive(anon):        0 kB
1777810688.206831701 Active(file):     284248 kB
1777810688.206831701 Inactive(file):   105968 kB
1777810688.206831701 Unevictable:           0 kB
1777810688.206831701 Mlocked:               0 kB
1777810688.206831701 SwapTotal:             0 kB
1777810688.206831701 SwapFree:              0 kB
1777810688.206831701 Zswap:                 0 kB
1777810688.206831701 Zswapped:              0 kB
1777810688.206831701 Dirty:                72 kB
1777810688.206831701 Writeback:             0 kB
1777810688.206831701 AnonPages:         97320 kB
1777810688.206831701 Mapped:           102912 kB
1777810688.206831701 Shmem:              5240 kB
1777810688.206831701 KReclaimable:      29860 kB
1777810688.206831701 Slab:             121928 kB
1777810688.206831701 SReclaimable:      29860 kB
1777810688.206831701 SUnreclaim:        92068 kB
1777810688.206831701 KernelStack:        3216 kB
1777810688.206831701 PageTables:         4244 kB
1777810688.206831701 SecPageTables:         0 kB
1777810688.206831701 NFS_Unstable:          0 kB
1777810688.206831701 Bounce:                0 kB
1777810688.206831701 WritebackTmp:          0 kB
1777810688.206831701 CommitLimit:     3537964 kB
1777810688.206831701 Committed_AS:     514328 kB
1777810688.206831701 VmallocTotal:   135288315904 kB
1777810688.206831701 VmallocUsed:       19224 kB
1777810688.206831701 VmallocChunk:          0 kB
1777810688.206831701 Percpu:             1456 kB
1777810688.206831701 AnonHugePages:         0 kB
1777810688.206831701 ShmemHugePages:        0 kB
1777810688.206831701 ShmemPmdMapped:        0 kB
1777810688.206831701 FileHugePages:         0 kB
1777810688.206831701 FilePmdMapped:         0 kB
1777810688.206831701 CmaTotal:          65536 kB
1777810688.206831701 CmaFree:           49104 kB
1777810688.206831701 Balloon:               0 kB
1777810688.206831701 HugePages_Total:     512
1777810688.206831701 HugePages_Free:      488
1777810688.206831701 HugePages_Rsvd:        0
1777810688.206831701 HugePages_Surp:        0
1777810688.206831701 Hugepagesize:       2048 kB
1777810688.206831701 Hugetlb:         1048576 kB
