# timestamp field value_kB
1777803961.734550239 MemTotal:        8124504 kB
1777803961.734550239 MemFree:         6393232 kB
1777803961.734550239 MemAvailable:    6672564 kB
1777803961.734550239 Buffers:           27944 kB
1777803961.734550239 Cached:           380452 kB
1777803961.734550239 SwapCached:            0 kB
1777803961.734550239 Active:           386600 kB
1777803961.734550239 Inactive:         103744 kB
1777803961.734550239 Active(anon):      85044 kB
1777803961.734550239 Inactive(anon):        0 kB
1777803961.734550239 Active(file):     301260 kB
1777803961.734550239 Inactive(file):   103744 kB
1777803961.734550239 Unevictable:           0 kB
1777803961.734550239 Mlocked:               0 kB
1777803961.734550239 SwapTotal:             0 kB
1777803961.734550239 SwapFree:              0 kB
1777803961.734550239 Zswap:                 0 kB
1777803961.734550239 Zswapped:              0 kB
1777803961.734550239 Dirty:               844 kB
1777803961.734550239 Writeback:             0 kB
1777803961.734550239 AnonPages:         81216 kB
1777803961.734550239 Mapped:            85624 kB
1777803961.734550239 Shmem:              3452 kB
1777803961.734550239 KReclaimable:      28176 kB
1777803961.734550239 Slab:             114608 kB
1777803961.734550239 SReclaimable:      28176 kB
1777803961.734550239 SUnreclaim:        86432 kB
1777803961.734550239 KernelStack:        2976 kB
1777803961.734550239 PageTables:         3824 kB
1777803961.734550239 SecPageTables:         0 kB
1777803961.734550239 NFS_Unstable:          0 kB
1777803961.734550239 Bounce:                0 kB
1777803961.734550239 WritebackTmp:          0 kB
1777803961.734550239 CommitLimit:     3537964 kB
1777803961.734550239 Committed_AS:     402492 kB
1777803961.734550239 VmallocTotal:   135288315904 kB
1777803961.734550239 VmallocUsed:       18688 kB
1777803961.734550239 VmallocChunk:          0 kB
1777803961.734550239 Percpu:             1456 kB
1777803961.734550239 AnonHugePages:         0 kB
1777803961.734550239 ShmemHugePages:        0 kB
1777803961.734550239 ShmemPmdMapped:        0 kB
1777803961.734550239 FileHugePages:         0 kB
1777803961.734550239 FilePmdMapped:         0 kB
1777803961.734550239 CmaTotal:          65536 kB
1777803961.734550239 CmaFree:           49128 kB
1777803961.734550239 Balloon:               0 kB
1777803961.734550239 HugePages_Total:     512
1777803961.734550239 HugePages_Free:      512
1777803961.734550239 HugePages_Rsvd:        0
1777803961.734550239 HugePages_Surp:        0
1777803961.734550239 Hugepagesize:       2048 kB
1777803961.734550239 Hugetlb:         1048576 kB
1777803962.743453897 MemTotal:        8124504 kB
1777803962.743453897 MemFree:         6391780 kB
1777803962.743453897 MemAvailable:    6671156 kB
1777803962.743453897 Buffers:           27944 kB
1777803962.743453897 Cached:           380476 kB
1777803962.743453897 SwapCached:            0 kB
1777803962.743453897 Active:           387372 kB
1777803962.743453897 Inactive:         103776 kB
1777803962.743453897 Active(anon):      86100 kB
1777803962.743453897 Inactive(anon):        0 kB
1777803962.743453897 Active(file):     301272 kB
1777803962.743453897 Inactive(file):   103776 kB
1777803962.743453897 Unevictable:           0 kB
1777803962.743453897 Mlocked:               0 kB
1777803962.743453897 SwapTotal:             0 kB
1777803962.743453897 SwapFree:              0 kB
1777803962.743453897 Zswap:                 0 kB
1777803962.743453897 Zswapped:              0 kB
1777803962.743453897 Dirty:               860 kB
1777803962.743453897 Writeback:             0 kB
1777803962.743453897 AnonPages:         82760 kB
1777803962.743453897 Mapped:            89360 kB
1777803962.743453897 Shmem:              3452 kB
1777803962.743453897 KReclaimable:      28176 kB
1777803962.743453897 Slab:             114636 kB
1777803962.743453897 SReclaimable:      28176 kB
1777803962.743453897 SUnreclaim:        86460 kB
1777803962.743453897 KernelStack:        2960 kB
1777803962.743453897 PageTables:         3296 kB
1777803962.743453897 SecPageTables:         0 kB
1777803962.743453897 NFS_Unstable:          0 kB
1777803962.743453897 Bounce:                0 kB
1777803962.743453897 WritebackTmp:          0 kB
1777803962.743453897 CommitLimit:     3537964 kB
1777803962.743453897 Committed_AS:     402964 kB
1777803962.743453897 VmallocTotal:   135288315904 kB
1777803962.743453897 VmallocUsed:       18672 kB
1777803962.743453897 VmallocChunk:          0 kB
1777803962.743453897 Percpu:             1456 kB
1777803962.743453897 AnonHugePages:         0 kB
1777803962.743453897 ShmemHugePages:        0 kB
1777803962.743453897 ShmemPmdMapped:        0 kB
1777803962.743453897 FileHugePages:         0 kB
1777803962.743453897 FilePmdMapped:         0 kB
1777803962.743453897 CmaTotal:          65536 kB
1777803962.743453897 CmaFree:           49128 kB
1777803962.743453897 Balloon:               0 kB
1777803962.743453897 HugePages_Total:     512
1777803962.743453897 HugePages_Free:      512
1777803962.743453897 HugePages_Rsvd:        0
1777803962.743453897 HugePages_Surp:        0
1777803962.743453897 Hugepagesize:       2048 kB
1777803962.743453897 Hugetlb:         1048576 kB
1777803963.750405042 MemTotal:        8124504 kB
1777803963.750405042 MemFree:         6392932 kB
1777803963.750405042 MemAvailable:    6672312 kB
1777803963.750405042 Buffers:           27944 kB
1777803963.750405042 Cached:           380480 kB
1777803963.750405042 SwapCached:            0 kB
1777803963.750405042 Active:           387332 kB
1777803963.750405042 Inactive:         103780 kB
1777803963.750405042 Active(anon):      86060 kB
1777803963.750405042 Inactive(anon):        0 kB
1777803963.750405042 Active(file):     301272 kB
1777803963.750405042 Inactive(file):   103780 kB
1777803963.750405042 Unevictable:           0 kB
1777803963.750405042 Mlocked:               0 kB
1777803963.750405042 SwapTotal:             0 kB
1777803963.750405042 SwapFree:              0 kB
1777803963.750405042 Zswap:                 0 kB
1777803963.750405042 Zswapped:              0 kB
1777803963.750405042 Dirty:               864 kB
1777803963.750405042 Writeback:             0 kB
1777803963.750405042 AnonPages:         82768 kB
1777803963.750405042 Mapped:            89360 kB
1777803963.750405042 Shmem:              3452 kB
1777803963.750405042 KReclaimable:      28176 kB
1777803963.750405042 Slab:             114672 kB
1777803963.750405042 SReclaimable:      28176 kB
1777803963.750405042 SUnreclaim:        86496 kB
1777803963.750405042 KernelStack:        2960 kB
1777803963.750405042 PageTables:         3276 kB
1777803963.750405042 SecPageTables:         0 kB
1777803963.750405042 NFS_Unstable:          0 kB
1777803963.750405042 Bounce:                0 kB
1777803963.750405042 WritebackTmp:          0 kB
1777803963.750405042 CommitLimit:     3537964 kB
1777803963.750405042 Committed_AS:     402964 kB
1777803963.750405042 VmallocTotal:   135288315904 kB
1777803963.750405042 VmallocUsed:       18688 kB
1777803963.750405042 VmallocChunk:          0 kB
1777803963.750405042 Percpu:             1456 kB
1777803963.750405042 AnonHugePages:         0 kB
1777803963.750405042 ShmemHugePages:        0 kB
1777803963.750405042 ShmemPmdMapped:        0 kB
1777803963.750405042 FileHugePages:         0 kB
1777803963.750405042 FilePmdMapped:         0 kB
1777803963.750405042 CmaTotal:          65536 kB
1777803963.750405042 CmaFree:           49128 kB
1777803963.750405042 Balloon:               0 kB
1777803963.750405042 HugePages_Total:     512
1777803963.750405042 HugePages_Free:      512
1777803963.750405042 HugePages_Rsvd:        0
1777803963.750405042 HugePages_Surp:        0
1777803963.750405042 Hugepagesize:       2048 kB
1777803963.750405042 Hugetlb:         1048576 kB
1777803964.757118314 MemTotal:        8124504 kB
1777803964.757118314 MemFree:         6391532 kB
1777803964.757118314 MemAvailable:    6670912 kB
1777803964.757118314 Buffers:           27944 kB
1777803964.757118314 Cached:           380484 kB
1777803964.757118314 SwapCached:            0 kB
1777803964.757118314 Active:           387300 kB
1777803964.757118314 Inactive:         103780 kB
1777803964.757118314 Active(anon):      86028 kB
1777803964.757118314 Inactive(anon):        0 kB
1777803964.757118314 Active(file):     301272 kB
1777803964.757118314 Inactive(file):   103780 kB
1777803964.757118314 Unevictable:           0 kB
1777803964.757118314 Mlocked:               0 kB
1777803964.757118314 SwapTotal:             0 kB
1777803964.757118314 SwapFree:              0 kB
1777803964.757118314 Zswap:                 0 kB
1777803964.757118314 Zswapped:              0 kB
1777803964.757118314 Dirty:               868 kB
1777803964.757118314 Writeback:             0 kB
1777803964.757118314 AnonPages:         82772 kB
1777803964.757118314 Mapped:            89320 kB
1777803964.757118314 Shmem:              3452 kB
1777803964.757118314 KReclaimable:      28176 kB
1777803964.757118314 Slab:             114648 kB
1777803964.757118314 SReclaimable:      28176 kB
1777803964.757118314 SUnreclaim:        86472 kB
1777803964.757118314 KernelStack:        2960 kB
1777803964.757118314 PageTables:         3292 kB
1777803964.757118314 SecPageTables:         0 kB
1777803964.757118314 NFS_Unstable:          0 kB
1777803964.757118314 Bounce:                0 kB
1777803964.757118314 WritebackTmp:          0 kB
1777803964.757118314 CommitLimit:     3537964 kB
1777803964.757118314 Committed_AS:     402964 kB
1777803964.757118314 VmallocTotal:   135288315904 kB
1777803964.757118314 VmallocUsed:       18672 kB
1777803964.757118314 VmallocChunk:          0 kB
1777803964.757118314 Percpu:             1456 kB
1777803964.757118314 AnonHugePages:         0 kB
1777803964.757118314 ShmemHugePages:        0 kB
1777803964.757118314 ShmemPmdMapped:        0 kB
1777803964.757118314 FileHugePages:         0 kB
1777803964.757118314 FilePmdMapped:         0 kB
1777803964.757118314 CmaTotal:          65536 kB
1777803964.757118314 CmaFree:           49128 kB
1777803964.757118314 Balloon:               0 kB
1777803964.757118314 HugePages_Total:     512
1777803964.757118314 HugePages_Free:      512
1777803964.757118314 HugePages_Rsvd:        0
1777803964.757118314 HugePages_Surp:        0
1777803964.757118314 Hugepagesize:       2048 kB
1777803964.757118314 Hugetlb:         1048576 kB
1777803965.763967088 MemTotal:        8124504 kB
1777803965.763967088 MemFree:         6392232 kB
1777803965.763967088 MemAvailable:    6671620 kB
1777803965.763967088 Buffers:           27944 kB
1777803965.763967088 Cached:           380488 kB
1777803965.763967088 SwapCached:            0 kB
1777803965.763967088 Active:           387336 kB
1777803965.763967088 Inactive:         103788 kB
1777803965.763967088 Active(anon):      86064 kB
1777803965.763967088 Inactive(anon):        0 kB
1777803965.763967088 Active(file):     301272 kB
1777803965.763967088 Inactive(file):   103788 kB
1777803965.763967088 Unevictable:           0 kB
1777803965.763967088 Mlocked:               0 kB
1777803965.763967088 SwapTotal:             0 kB
1777803965.763967088 SwapFree:              0 kB
1777803965.763967088 Zswap:                 0 kB
1777803965.763967088 Zswapped:              0 kB
1777803965.763967088 Dirty:               872 kB
1777803965.763967088 Writeback:             0 kB
1777803965.763967088 AnonPages:         82772 kB
1777803965.763967088 Mapped:            89360 kB
1777803965.763967088 Shmem:              3452 kB
1777803965.763967088 KReclaimable:      28176 kB
1777803965.763967088 Slab:             114656 kB
1777803965.763967088 SReclaimable:      28176 kB
1777803965.763967088 SUnreclaim:        86480 kB
1777803965.763967088 KernelStack:        2960 kB
1777803965.763967088 PageTables:         3292 kB
1777803965.763967088 SecPageTables:         0 kB
1777803965.763967088 NFS_Unstable:          0 kB
1777803965.763967088 Bounce:                0 kB
1777803965.763967088 WritebackTmp:          0 kB
1777803965.763967088 CommitLimit:     3537964 kB
1777803965.763967088 Committed_AS:     402964 kB
1777803965.763967088 VmallocTotal:   135288315904 kB
1777803965.763967088 VmallocUsed:       18672 kB
1777803965.763967088 VmallocChunk:          0 kB
1777803965.763967088 Percpu:             1456 kB
1777803965.763967088 AnonHugePages:         0 kB
1777803965.763967088 ShmemHugePages:        0 kB
1777803965.763967088 ShmemPmdMapped:        0 kB
1777803965.763967088 FileHugePages:         0 kB
1777803965.763967088 FilePmdMapped:         0 kB
1777803965.763967088 CmaTotal:          65536 kB
1777803965.763967088 CmaFree:           49128 kB
1777803965.763967088 Balloon:               0 kB
1777803965.763967088 HugePages_Total:     512
1777803965.763967088 HugePages_Free:      512
1777803965.763967088 HugePages_Rsvd:        0
1777803965.763967088 HugePages_Surp:        0
1777803965.763967088 Hugepagesize:       2048 kB
1777803965.763967088 Hugetlb:         1048576 kB
1777803966.770639731 MemTotal:        8124504 kB
1777803966.770639731 MemFree:         6391476 kB
1777803966.770639731 MemAvailable:    6670868 kB
1777803966.770639731 Buffers:           27952 kB
1777803966.770639731 Cached:           380492 kB
1777803966.770639731 SwapCached:            0 kB
1777803966.770639731 Active:           387360 kB
1777803966.770639731 Inactive:         103792 kB
1777803966.770639731 Active(anon):      86092 kB
1777803966.770639731 Inactive(anon):        0 kB
1777803966.770639731 Active(file):     301268 kB
1777803966.770639731 Inactive(file):   103792 kB
1777803966.770639731 Unevictable:           0 kB
1777803966.770639731 Mlocked:               0 kB
1777803966.770639731 SwapTotal:             0 kB
1777803966.770639731 SwapFree:              0 kB
1777803966.770639731 Zswap:                 0 kB
1777803966.770639731 Zswapped:              0 kB
1777803966.770639731 Dirty:               904 kB
1777803966.770639731 Writeback:             0 kB
1777803966.770639731 AnonPages:         82764 kB
1777803966.770639731 Mapped:            89552 kB
1777803966.770639731 Shmem:              3452 kB
1777803966.770639731 KReclaimable:      28180 kB
1777803966.770639731 Slab:             114656 kB
1777803966.770639731 SReclaimable:      28180 kB
1777803966.770639731 SUnreclaim:        86476 kB
1777803966.770639731 KernelStack:        2968 kB
1777803966.770639731 PageTables:         3328 kB
1777803966.770639731 SecPageTables:         0 kB
1777803966.770639731 NFS_Unstable:          0 kB
1777803966.770639731 Bounce:                0 kB
1777803966.770639731 WritebackTmp:          0 kB
1777803966.770639731 CommitLimit:     3537964 kB
1777803966.770639731 Committed_AS:     402964 kB
1777803966.770639731 VmallocTotal:   135288315904 kB
1777803966.770639731 VmallocUsed:       18672 kB
1777803966.770639731 VmallocChunk:          0 kB
1777803966.770639731 Percpu:             1456 kB
1777803966.770639731 AnonHugePages:         0 kB
1777803966.770639731 ShmemHugePages:        0 kB
1777803966.770639731 ShmemPmdMapped:        0 kB
1777803966.770639731 FileHugePages:         0 kB
1777803966.770639731 FilePmdMapped:         0 kB
1777803966.770639731 CmaTotal:          65536 kB
1777803966.770639731 CmaFree:           49128 kB
1777803966.770639731 Balloon:               0 kB
1777803966.770639731 HugePages_Total:     512
1777803966.770639731 HugePages_Free:      512
1777803966.770639731 HugePages_Rsvd:        0
1777803966.770639731 HugePages_Surp:        0
1777803966.770639731 Hugepagesize:       2048 kB
1777803966.770639731 Hugetlb:         1048576 kB
1777803967.777427745 MemTotal:        8124504 kB
1777803967.777427745 MemFree:         6391900 kB
1777803967.777427745 MemAvailable:    6671304 kB
1777803967.777427745 Buffers:           27952 kB
1777803967.777427745 Cached:           380496 kB
1777803967.777427745 SwapCached:            0 kB
1777803967.777427745 Active:           387252 kB
1777803967.777427745 Inactive:         103804 kB
1777803967.777427745 Active(anon):      85984 kB
1777803967.777427745 Inactive(anon):        0 kB
1777803967.777427745 Active(file):     301268 kB
1777803967.777427745 Inactive(file):   103804 kB
1777803967.777427745 Unevictable:           0 kB
1777803967.777427745 Mlocked:               0 kB
1777803967.777427745 SwapTotal:             0 kB
1777803967.777427745 SwapFree:              0 kB
1777803967.777427745 Zswap:                 0 kB
1777803967.777427745 Zswapped:              0 kB
1777803967.777427745 Dirty:               908 kB
1777803967.777427745 Writeback:             0 kB
1777803967.777427745 AnonPages:         82772 kB
1777803967.777427745 Mapped:            89320 kB
1777803967.777427745 Shmem:              3452 kB
1777803967.777427745 KReclaimable:      28180 kB
1777803967.777427745 Slab:             114656 kB
1777803967.777427745 SReclaimable:      28180 kB
1777803967.777427745 SUnreclaim:        86476 kB
1777803967.777427745 KernelStack:        2960 kB
1777803967.777427745 PageTables:         3296 kB
1777803967.777427745 SecPageTables:         0 kB
1777803967.777427745 NFS_Unstable:          0 kB
1777803967.777427745 Bounce:                0 kB
1777803967.777427745 WritebackTmp:          0 kB
1777803967.777427745 CommitLimit:     3537964 kB
1777803967.777427745 Committed_AS:     402964 kB
1777803967.777427745 VmallocTotal:   135288315904 kB
1777803967.777427745 VmallocUsed:       18672 kB
1777803967.777427745 VmallocChunk:          0 kB
1777803967.777427745 Percpu:             1456 kB
1777803967.777427745 AnonHugePages:         0 kB
1777803967.777427745 ShmemHugePages:        0 kB
1777803967.777427745 ShmemPmdMapped:        0 kB
1777803967.777427745 FileHugePages:         0 kB
1777803967.777427745 FilePmdMapped:         0 kB
1777803967.777427745 CmaTotal:          65536 kB
1777803967.777427745 CmaFree:           49128 kB
1777803967.777427745 Balloon:               0 kB
1777803967.777427745 HugePages_Total:     512
1777803967.777427745 HugePages_Free:      512
1777803967.777427745 HugePages_Rsvd:        0
1777803967.777427745 HugePages_Surp:        0
1777803967.777427745 Hugepagesize:       2048 kB
1777803967.777427745 Hugetlb:         1048576 kB
1777803968.784225815 MemTotal:        8124504 kB
1777803968.784225815 MemFree:         6391276 kB
1777803968.784225815 MemAvailable:    6670684 kB
1777803968.784225815 Buffers:           27952 kB
1777803968.784225815 Cached:           380504 kB
1777803968.784225815 SwapCached:            0 kB
1777803968.784225815 Active:           387328 kB
1777803968.784225815 Inactive:         103808 kB
1777803968.784225815 Active(anon):      86060 kB
1777803968.784225815 Inactive(anon):        0 kB
1777803968.784225815 Active(file):     301268 kB
1777803968.784225815 Inactive(file):   103808 kB
1777803968.784225815 Unevictable:           0 kB
1777803968.784225815 Mlocked:               0 kB
1777803968.784225815 SwapTotal:             0 kB
1777803968.784225815 SwapFree:              0 kB
1777803968.784225815 Zswap:                 0 kB
1777803968.784225815 Zswapped:              0 kB
1777803968.784225815 Dirty:               132 kB
1777803968.784225815 Writeback:             0 kB
1777803968.784225815 AnonPages:         82692 kB
1777803968.784225815 Mapped:            89320 kB
1777803968.784225815 Shmem:              3452 kB
1777803968.784225815 KReclaimable:      28180 kB
1777803968.784225815 Slab:             114652 kB
1777803968.784225815 SReclaimable:      28180 kB
1777803968.784225815 SUnreclaim:        86472 kB
1777803968.784225815 KernelStack:        2944 kB
1777803968.784225815 PageTables:         3292 kB
1777803968.784225815 SecPageTables:         0 kB
1777803968.784225815 NFS_Unstable:          0 kB
1777803968.784225815 Bounce:                0 kB
1777803968.784225815 WritebackTmp:          0 kB
1777803968.784225815 CommitLimit:     3537964 kB
1777803968.784225815 Committed_AS:     402964 kB
1777803968.784225815 VmallocTotal:   135288315904 kB
1777803968.784225815 VmallocUsed:       18688 kB
1777803968.784225815 VmallocChunk:          0 kB
1777803968.784225815 Percpu:             1456 kB
1777803968.784225815 AnonHugePages:         0 kB
1777803968.784225815 ShmemHugePages:        0 kB
1777803968.784225815 ShmemPmdMapped:        0 kB
1777803968.784225815 FileHugePages:         0 kB
1777803968.784225815 FilePmdMapped:         0 kB
1777803968.784225815 CmaTotal:          65536 kB
1777803968.784225815 CmaFree:           49128 kB
1777803968.784225815 Balloon:               0 kB
1777803968.784225815 HugePages_Total:     512
1777803968.784225815 HugePages_Free:      512
1777803968.784225815 HugePages_Rsvd:        0
1777803968.784225815 HugePages_Surp:        0
1777803968.784225815 Hugepagesize:       2048 kB
1777803968.784225815 Hugetlb:         1048576 kB
1777803969.790953292 MemTotal:        8124504 kB
1777803969.790953292 MemFree:         6391840 kB
1777803969.790953292 MemAvailable:    6671260 kB
1777803969.790953292 Buffers:           27952 kB
1777803969.790953292 Cached:           380512 kB
1777803969.790953292 SwapCached:            0 kB
1777803969.790953292 Active:           387380 kB
1777803969.790953292 Inactive:         103820 kB
1777803969.790953292 Active(anon):      86108 kB
1777803969.790953292 Inactive(anon):        0 kB
1777803969.790953292 Active(file):     301272 kB
1777803969.790953292 Inactive(file):   103820 kB
1777803969.790953292 Unevictable:           0 kB
1777803969.790953292 Mlocked:               0 kB
1777803969.790953292 SwapTotal:             0 kB
1777803969.790953292 SwapFree:              0 kB
1777803969.790953292 Zswap:                 0 kB
1777803969.790953292 Zswapped:              0 kB
1777803969.790953292 Dirty:                56 kB
1777803969.790953292 Writeback:             0 kB
1777803969.790953292 AnonPages:         82776 kB
1777803969.790953292 Mapped:            89320 kB
1777803969.790953292 Shmem:              3452 kB
1777803969.790953292 KReclaimable:      28176 kB
1777803969.790953292 Slab:             114660 kB
1777803969.790953292 SReclaimable:      28176 kB
1777803969.790953292 SUnreclaim:        86484 kB
1777803969.790953292 KernelStack:        2960 kB
1777803969.790953292 PageTables:         3304 kB
1777803969.790953292 SecPageTables:         0 kB
1777803969.790953292 NFS_Unstable:          0 kB
1777803969.790953292 Bounce:                0 kB
1777803969.790953292 WritebackTmp:          0 kB
1777803969.790953292 CommitLimit:     3537964 kB
1777803969.790953292 Committed_AS:     402964 kB
1777803969.790953292 VmallocTotal:   135288315904 kB
1777803969.790953292 VmallocUsed:       18704 kB
1777803969.790953292 VmallocChunk:          0 kB
1777803969.790953292 Percpu:             1456 kB
1777803969.790953292 AnonHugePages:         0 kB
1777803969.790953292 ShmemHugePages:        0 kB
1777803969.790953292 ShmemPmdMapped:        0 kB
1777803969.790953292 FileHugePages:         0 kB
1777803969.790953292 FilePmdMapped:         0 kB
1777803969.790953292 CmaTotal:          65536 kB
1777803969.790953292 CmaFree:           49128 kB
1777803969.790953292 Balloon:               0 kB
1777803969.790953292 HugePages_Total:     512
1777803969.790953292 HugePages_Free:      512
1777803969.790953292 HugePages_Rsvd:        0
1777803969.790953292 HugePages_Surp:        0
1777803969.790953292 Hugepagesize:       2048 kB
1777803969.790953292 Hugetlb:         1048576 kB
1777803970.797626324 MemTotal:        8124504 kB
1777803970.797626324 MemFree:         6392540 kB
1777803970.797626324 MemAvailable:    6671960 kB
1777803970.797626324 Buffers:           27952 kB
1777803970.797626324 Cached:           380512 kB
1777803970.797626324 SwapCached:            0 kB
1777803970.797626324 Active:           387260 kB
1777803970.797626324 Inactive:         103820 kB
1777803970.797626324 Active(anon):      85988 kB
1777803970.797626324 Inactive(anon):        0 kB
1777803970.797626324 Active(file):     301272 kB
1777803970.797626324 Inactive(file):   103820 kB
1777803970.797626324 Unevictable:           0 kB
1777803970.797626324 Mlocked:               0 kB
1777803970.797626324 SwapTotal:             0 kB
1777803970.797626324 SwapFree:              0 kB
1777803970.797626324 Zswap:                 0 kB
1777803970.797626324 Zswapped:              0 kB
1777803970.797626324 Dirty:                56 kB
1777803970.797626324 Writeback:             0 kB
1777803970.797626324 AnonPages:         82676 kB
1777803970.797626324 Mapped:            89256 kB
1777803970.797626324 Shmem:              3452 kB
1777803970.797626324 KReclaimable:      28176 kB
1777803970.797626324 Slab:             114656 kB
1777803970.797626324 SReclaimable:      28176 kB
1777803970.797626324 SUnreclaim:        86480 kB
1777803970.797626324 KernelStack:        2952 kB
1777803970.797626324 PageTables:         3340 kB
1777803970.797626324 SecPageTables:         0 kB
1777803970.797626324 NFS_Unstable:          0 kB
1777803970.797626324 Bounce:                0 kB
1777803970.797626324 WritebackTmp:          0 kB
1777803970.797626324 CommitLimit:     3537964 kB
1777803970.797626324 Committed_AS:     402964 kB
1777803970.797626324 VmallocTotal:   135288315904 kB
1777803970.797626324 VmallocUsed:       18704 kB
1777803970.797626324 VmallocChunk:          0 kB
1777803970.797626324 Percpu:             1456 kB
1777803970.797626324 AnonHugePages:         0 kB
1777803970.797626324 ShmemHugePages:        0 kB
1777803970.797626324 ShmemPmdMapped:        0 kB
1777803970.797626324 FileHugePages:         0 kB
1777803970.797626324 FilePmdMapped:         0 kB
1777803970.797626324 CmaTotal:          65536 kB
1777803970.797626324 CmaFree:           49128 kB
1777803970.797626324 Balloon:               0 kB
1777803970.797626324 HugePages_Total:     512
1777803970.797626324 HugePages_Free:      512
1777803970.797626324 HugePages_Rsvd:        0
1777803970.797626324 HugePages_Surp:        0
1777803970.797626324 Hugepagesize:       2048 kB
1777803970.797626324 Hugetlb:         1048576 kB
1777803971.804314523 MemTotal:        8124504 kB
1777803971.804314523 MemFree:         6392384 kB
1777803971.804314523 MemAvailable:    6671804 kB
1777803971.804314523 Buffers:           27960 kB
1777803971.804314523 Cached:           380516 kB
1777803971.804314523 SwapCached:            0 kB
1777803971.804314523 Active:           387348 kB
1777803971.804314523 Inactive:         103824 kB
1777803971.804314523 Active(anon):      86080 kB
1777803971.804314523 Inactive(anon):        0 kB
1777803971.804314523 Active(file):     301268 kB
1777803971.804314523 Inactive(file):   103824 kB
1777803971.804314523 Unevictable:           0 kB
1777803971.804314523 Mlocked:               0 kB
1777803971.804314523 SwapTotal:             0 kB
1777803971.804314523 SwapFree:              0 kB
1777803971.804314523 Zswap:                 0 kB
1777803971.804314523 Zswapped:              0 kB
1777803971.804314523 Dirty:                64 kB
1777803971.804314523 Writeback:             0 kB
1777803971.804314523 AnonPages:         82780 kB
1777803971.804314523 Mapped:            89320 kB
1777803971.804314523 Shmem:              3452 kB
1777803971.804314523 KReclaimable:      28176 kB
1777803971.804314523 Slab:             114652 kB
1777803971.804314523 SReclaimable:      28176 kB
1777803971.804314523 SUnreclaim:        86476 kB
1777803971.804314523 KernelStack:        2976 kB
1777803971.804314523 PageTables:         3292 kB
1777803971.804314523 SecPageTables:         0 kB
1777803971.804314523 NFS_Unstable:          0 kB
1777803971.804314523 Bounce:                0 kB
1777803971.804314523 WritebackTmp:          0 kB
1777803971.804314523 CommitLimit:     3537964 kB
1777803971.804314523 Committed_AS:     402964 kB
1777803971.804314523 VmallocTotal:   135288315904 kB
1777803971.804314523 VmallocUsed:       18704 kB
1777803971.804314523 VmallocChunk:          0 kB
1777803971.804314523 Percpu:             1456 kB
1777803971.804314523 AnonHugePages:         0 kB
1777803971.804314523 ShmemHugePages:        0 kB
1777803971.804314523 ShmemPmdMapped:        0 kB
1777803971.804314523 FileHugePages:         0 kB
1777803971.804314523 FilePmdMapped:         0 kB
1777803971.804314523 CmaTotal:          65536 kB
1777803971.804314523 CmaFree:           49128 kB
1777803971.804314523 Balloon:               0 kB
1777803971.804314523 HugePages_Total:     512
1777803971.804314523 HugePages_Free:      512
1777803971.804314523 HugePages_Rsvd:        0
1777803971.804314523 HugePages_Surp:        0
1777803971.804314523 Hugepagesize:       2048 kB
1777803971.804314523 Hugetlb:         1048576 kB
1777803972.811126796 MemTotal:        8124504 kB
1777803972.811126796 MemFree:         6391524 kB
1777803972.811126796 MemAvailable:    6670956 kB
1777803972.811126796 Buffers:           27960 kB
1777803972.811126796 Cached:           380520 kB
1777803972.811126796 SwapCached:            0 kB
1777803972.811126796 Active:           387356 kB
1777803972.811126796 Inactive:         103832 kB
1777803972.811126796 Active(anon):      86084 kB
1777803972.811126796 Inactive(anon):        0 kB
1777803972.811126796 Active(file):     301272 kB
1777803972.811126796 Inactive(file):   103832 kB
1777803972.811126796 Unevictable:           0 kB
1777803972.811126796 Mlocked:               0 kB
1777803972.811126796 SwapTotal:             0 kB
1777803972.811126796 SwapFree:              0 kB
1777803972.811126796 Zswap:                 0 kB
1777803972.811126796 Zswapped:              0 kB
1777803972.811126796 Dirty:                68 kB
1777803972.811126796 Writeback:             0 kB
1777803972.811126796 AnonPages:         82776 kB
1777803972.811126796 Mapped:            89360 kB
1777803972.811126796 Shmem:              3452 kB
1777803972.811126796 KReclaimable:      28176 kB
1777803972.811126796 Slab:             114672 kB
1777803972.811126796 SReclaimable:      28176 kB
1777803972.811126796 SUnreclaim:        86496 kB
1777803972.811126796 KernelStack:        2976 kB
1777803972.811126796 PageTables:         3300 kB
1777803972.811126796 SecPageTables:         0 kB
1777803972.811126796 NFS_Unstable:          0 kB
1777803972.811126796 Bounce:                0 kB
1777803972.811126796 WritebackTmp:          0 kB
1777803972.811126796 CommitLimit:     3537964 kB
1777803972.811126796 Committed_AS:     402964 kB
1777803972.811126796 VmallocTotal:   135288315904 kB
1777803972.811126796 VmallocUsed:       18704 kB
1777803972.811126796 VmallocChunk:          0 kB
1777803972.811126796 Percpu:             1456 kB
1777803972.811126796 AnonHugePages:         0 kB
1777803972.811126796 ShmemHugePages:        0 kB
1777803972.811126796 ShmemPmdMapped:        0 kB
1777803972.811126796 FileHugePages:         0 kB
1777803972.811126796 FilePmdMapped:         0 kB
1777803972.811126796 CmaTotal:          65536 kB
1777803972.811126796 CmaFree:           49128 kB
1777803972.811126796 Balloon:               0 kB
1777803972.811126796 HugePages_Total:     512
1777803972.811126796 HugePages_Free:      512
1777803972.811126796 HugePages_Rsvd:        0
1777803972.811126796 HugePages_Surp:        0
1777803972.811126796 Hugepagesize:       2048 kB
1777803972.811126796 Hugetlb:         1048576 kB
1777803973.817881977 MemTotal:        8124504 kB
1777803973.817881977 MemFree:         6391852 kB
1777803973.817881977 MemAvailable:    6671300 kB
1777803973.817881977 Buffers:           27960 kB
1777803973.817881977 Cached:           380528 kB
1777803973.817881977 SwapCached:            0 kB
1777803973.817881977 Active:           387488 kB
1777803973.817881977 Inactive:         103844 kB
1777803973.817881977 Active(anon):      86212 kB
1777803973.817881977 Inactive(anon):        0 kB
1777803973.817881977 Active(file):     301276 kB
1777803973.817881977 Inactive(file):   103844 kB
1777803973.817881977 Unevictable:           0 kB
1777803973.817881977 Mlocked:               0 kB
1777803973.817881977 SwapTotal:             0 kB
1777803973.817881977 SwapFree:              0 kB
1777803973.817881977 Zswap:                 0 kB
1777803973.817881977 Zswapped:              0 kB
1777803973.817881977 Dirty:                76 kB
1777803973.817881977 Writeback:             0 kB
1777803973.817881977 AnonPages:         82820 kB
1777803973.817881977 Mapped:            89444 kB
1777803973.817881977 Shmem:              3452 kB
1777803973.817881977 KReclaimable:      28176 kB
1777803973.817881977 Slab:             114696 kB
1777803973.817881977 SReclaimable:      28176 kB
1777803973.817881977 SUnreclaim:        86520 kB
1777803973.817881977 KernelStack:        3000 kB
1777803973.817881977 PageTables:         3348 kB
1777803973.817881977 SecPageTables:         0 kB
1777803973.817881977 NFS_Unstable:          0 kB
1777803973.817881977 Bounce:                0 kB
1777803973.817881977 WritebackTmp:          0 kB
1777803973.817881977 CommitLimit:     3537964 kB
1777803973.817881977 Committed_AS:     402964 kB
1777803973.817881977 VmallocTotal:   135288315904 kB
1777803973.817881977 VmallocUsed:       18704 kB
1777803973.817881977 VmallocChunk:          0 kB
1777803973.817881977 Percpu:             1456 kB
1777803973.817881977 AnonHugePages:         0 kB
1777803973.817881977 ShmemHugePages:        0 kB
1777803973.817881977 ShmemPmdMapped:        0 kB
1777803973.817881977 FileHugePages:         0 kB
1777803973.817881977 FilePmdMapped:         0 kB
1777803973.817881977 CmaTotal:          65536 kB
1777803973.817881977 CmaFree:           49128 kB
1777803973.817881977 Balloon:               0 kB
1777803973.817881977 HugePages_Total:     512
1777803973.817881977 HugePages_Free:      512
1777803973.817881977 HugePages_Rsvd:        0
1777803973.817881977 HugePages_Surp:        0
1777803973.817881977 Hugepagesize:       2048 kB
1777803973.817881977 Hugetlb:         1048576 kB
1777803974.824615305 MemTotal:        8124504 kB
1777803974.824615305 MemFree:         6391268 kB
1777803974.824615305 MemAvailable:    6670720 kB
1777803974.824615305 Buffers:           27960 kB
1777803974.824615305 Cached:           380532 kB
1777803974.824615305 SwapCached:            0 kB
1777803974.824615305 Active:           387356 kB
1777803974.824615305 Inactive:         103848 kB
1777803974.824615305 Active(anon):      86084 kB
1777803974.824615305 Inactive(anon):        0 kB
1777803974.824615305 Active(file):     301272 kB
1777803974.824615305 Inactive(file):   103848 kB
1777803974.824615305 Unevictable:           0 kB
1777803974.824615305 Mlocked:               0 kB
1777803974.824615305 SwapTotal:             0 kB
1777803974.824615305 SwapFree:              0 kB
1777803974.824615305 Zswap:                 0 kB
1777803974.824615305 Zswapped:              0 kB
1777803974.824615305 Dirty:                80 kB
1777803974.824615305 Writeback:             0 kB
1777803974.824615305 AnonPages:         82768 kB
1777803974.824615305 Mapped:            89360 kB
1777803974.824615305 Shmem:              3452 kB
1777803974.824615305 KReclaimable:      28180 kB
1777803974.824615305 Slab:             114680 kB
1777803974.824615305 SReclaimable:      28180 kB
1777803974.824615305 SUnreclaim:        86500 kB
1777803974.824615305 KernelStack:        2976 kB
1777803974.824615305 PageTables:         3312 kB
1777803974.824615305 SecPageTables:         0 kB
1777803974.824615305 NFS_Unstable:          0 kB
1777803974.824615305 Bounce:                0 kB
1777803974.824615305 WritebackTmp:          0 kB
1777803974.824615305 CommitLimit:     3537964 kB
1777803974.824615305 Committed_AS:     402964 kB
1777803974.824615305 VmallocTotal:   135288315904 kB
1777803974.824615305 VmallocUsed:       18704 kB
1777803974.824615305 VmallocChunk:          0 kB
1777803974.824615305 Percpu:             1456 kB
1777803974.824615305 AnonHugePages:         0 kB
1777803974.824615305 ShmemHugePages:        0 kB
1777803974.824615305 ShmemPmdMapped:        0 kB
1777803974.824615305 FileHugePages:         0 kB
1777803974.824615305 FilePmdMapped:         0 kB
1777803974.824615305 CmaTotal:          65536 kB
1777803974.824615305 CmaFree:           49128 kB
1777803974.824615305 Balloon:               0 kB
1777803974.824615305 HugePages_Total:     512
1777803974.824615305 HugePages_Free:      512
1777803974.824615305 HugePages_Rsvd:        0
1777803974.824615305 HugePages_Surp:        0
1777803974.824615305 Hugepagesize:       2048 kB
1777803974.824615305 Hugetlb:         1048576 kB
1777803975.831487024 MemTotal:        8124504 kB
1777803975.831487024 MemFree:         6391688 kB
1777803975.831487024 MemAvailable:    6671136 kB
1777803975.831487024 Buffers:           27960 kB
1777803975.831487024 Cached:           380540 kB
1777803975.831487024 SwapCached:            0 kB
1777803975.831487024 Active:           387348 kB
1777803975.831487024 Inactive:         103848 kB
1777803975.831487024 Active(anon):      86080 kB
1777803975.831487024 Inactive(anon):        0 kB
1777803975.831487024 Active(file):     301268 kB
1777803975.831487024 Inactive(file):   103848 kB
1777803975.831487024 Unevictable:           0 kB
1777803975.831487024 Mlocked:               0 kB
1777803975.831487024 SwapTotal:             0 kB
1777803975.831487024 SwapFree:              0 kB
1777803975.831487024 Zswap:                 0 kB
1777803975.831487024 Zswapped:              0 kB
1777803975.831487024 Dirty:                88 kB
1777803975.831487024 Writeback:             0 kB
1777803975.831487024 AnonPages:         82920 kB
1777803975.831487024 Mapped:            89468 kB
1777803975.831487024 Shmem:              3452 kB
1777803975.831487024 KReclaimable:      28180 kB
1777803975.831487024 Slab:             114680 kB
1777803975.831487024 SReclaimable:      28180 kB
1777803975.831487024 SUnreclaim:        86500 kB
1777803975.831487024 KernelStack:        2992 kB
1777803975.831487024 PageTables:         3328 kB
1777803975.831487024 SecPageTables:         0 kB
1777803975.831487024 NFS_Unstable:          0 kB
1777803975.831487024 Bounce:                0 kB
1777803975.831487024 WritebackTmp:          0 kB
1777803975.831487024 CommitLimit:     3537964 kB
1777803975.831487024 Committed_AS:     402964 kB
1777803975.831487024 VmallocTotal:   135288315904 kB
1777803975.831487024 VmallocUsed:       18704 kB
1777803975.831487024 VmallocChunk:          0 kB
1777803975.831487024 Percpu:             1456 kB
1777803975.831487024 AnonHugePages:         0 kB
1777803975.831487024 ShmemHugePages:        0 kB
1777803975.831487024 ShmemPmdMapped:        0 kB
1777803975.831487024 FileHugePages:         0 kB
1777803975.831487024 FilePmdMapped:         0 kB
1777803975.831487024 CmaTotal:          65536 kB
1777803975.831487024 CmaFree:           49128 kB
1777803975.831487024 Balloon:               0 kB
1777803975.831487024 HugePages_Total:     512
1777803975.831487024 HugePages_Free:      512
1777803975.831487024 HugePages_Rsvd:        0
1777803975.831487024 HugePages_Surp:        0
1777803975.831487024 Hugepagesize:       2048 kB
1777803975.831487024 Hugetlb:         1048576 kB
1777803976.841262835 MemTotal:        8124504 kB
1777803976.841262835 MemFree:         6392860 kB
1777803976.841262835 MemAvailable:    6672320 kB
1777803976.841262835 Buffers:           27968 kB
1777803976.841262835 Cached:           380544 kB
1777803976.841262835 SwapCached:            0 kB
1777803976.841262835 Active:           387392 kB
1777803976.841262835 Inactive:         103860 kB
1777803976.841262835 Active(anon):      86124 kB
1777803976.841262835 Inactive(anon):        0 kB
1777803976.841262835 Active(file):     301268 kB
1777803976.841262835 Inactive(file):   103860 kB
1777803976.841262835 Unevictable:           0 kB
1777803976.841262835 Mlocked:               0 kB
1777803976.841262835 SwapTotal:             0 kB
1777803976.841262835 SwapFree:              0 kB
1777803976.841262835 Zswap:                 0 kB
1777803976.841262835 Zswapped:              0 kB
1777803976.841262835 Dirty:                92 kB
1777803976.841262835 Writeback:             0 kB
1777803976.841262835 AnonPages:         82780 kB
1777803976.841262835 Mapped:            89360 kB
1777803976.841262835 Shmem:              3452 kB
1777803976.841262835 KReclaimable:      28180 kB
1777803976.841262835 Slab:             114672 kB
1777803976.841262835 SReclaimable:      28180 kB
1777803976.841262835 SUnreclaim:        86492 kB
1777803976.841262835 KernelStack:        2976 kB
1777803976.841262835 PageTables:         3308 kB
1777803976.841262835 SecPageTables:         0 kB
1777803976.841262835 NFS_Unstable:          0 kB
1777803976.841262835 Bounce:                0 kB
1777803976.841262835 WritebackTmp:          0 kB
1777803976.841262835 CommitLimit:     3537964 kB
1777803976.841262835 Committed_AS:     402964 kB
1777803976.841262835 VmallocTotal:   135288315904 kB
1777803976.841262835 VmallocUsed:       18704 kB
1777803976.841262835 VmallocChunk:          0 kB
1777803976.841262835 Percpu:             1456 kB
1777803976.841262835 AnonHugePages:         0 kB
1777803976.841262835 ShmemHugePages:        0 kB
1777803976.841262835 ShmemPmdMapped:        0 kB
1777803976.841262835 FileHugePages:         0 kB
1777803976.841262835 FilePmdMapped:         0 kB
1777803976.841262835 CmaTotal:          65536 kB
1777803976.841262835 CmaFree:           49128 kB
1777803976.841262835 Balloon:               0 kB
1777803976.841262835 HugePages_Total:     512
1777803976.841262835 HugePages_Free:      512
1777803976.841262835 HugePages_Rsvd:        0
1777803976.841262835 HugePages_Surp:        0
1777803976.841262835 Hugepagesize:       2048 kB
1777803976.841262835 Hugetlb:         1048576 kB
1777803977.850921941 MemTotal:        8124504 kB
1777803977.850921941 MemFree:         6392492 kB
1777803977.850921941 MemAvailable:    6671968 kB
1777803977.850921941 Buffers:           27968 kB
1777803977.850921941 Cached:           380548 kB
1777803977.850921941 SwapCached:            0 kB
1777803977.850921941 Active:           387276 kB
1777803977.850921941 Inactive:         103872 kB
1777803977.850921941 Active(anon):      86004 kB
1777803977.850921941 Inactive(anon):        0 kB
1777803977.850921941 Active(file):     301272 kB
1777803977.850921941 Inactive(file):   103872 kB
1777803977.850921941 Unevictable:           0 kB
1777803977.850921941 Mlocked:               0 kB
1777803977.850921941 SwapTotal:             0 kB
1777803977.850921941 SwapFree:              0 kB
1777803977.850921941 Zswap:                 0 kB
1777803977.850921941 Zswapped:              0 kB
1777803977.850921941 Dirty:                96 kB
1777803977.850921941 Writeback:             0 kB
1777803977.850921941 AnonPages:         82712 kB
1777803977.850921941 Mapped:            89360 kB
1777803977.850921941 Shmem:              3452 kB
1777803977.850921941 KReclaimable:      28180 kB
1777803977.850921941 Slab:             114656 kB
1777803977.850921941 SReclaimable:      28180 kB
1777803977.850921941 SUnreclaim:        86476 kB
1777803977.850921941 KernelStack:        2976 kB
1777803977.850921941 PageTables:         3312 kB
1777803977.850921941 SecPageTables:         0 kB
1777803977.850921941 NFS_Unstable:          0 kB
1777803977.850921941 Bounce:                0 kB
1777803977.850921941 WritebackTmp:          0 kB
1777803977.850921941 CommitLimit:     3537964 kB
1777803977.850921941 Committed_AS:     402964 kB
1777803977.850921941 VmallocTotal:   135288315904 kB
1777803977.850921941 VmallocUsed:       18704 kB
1777803977.850921941 VmallocChunk:          0 kB
1777803977.850921941 Percpu:             1456 kB
1777803977.850921941 AnonHugePages:         0 kB
1777803977.850921941 ShmemHugePages:        0 kB
1777803977.850921941 ShmemPmdMapped:        0 kB
1777803977.850921941 FileHugePages:         0 kB
1777803977.850921941 FilePmdMapped:         0 kB
1777803977.850921941 CmaTotal:          65536 kB
1777803977.850921941 CmaFree:           49128 kB
1777803977.850921941 Balloon:               0 kB
1777803977.850921941 HugePages_Total:     512
1777803977.850921941 HugePages_Free:      512
1777803977.850921941 HugePages_Rsvd:        0
1777803977.850921941 HugePages_Surp:        0
1777803977.850921941 Hugepagesize:       2048 kB
1777803977.850921941 Hugetlb:         1048576 kB
1777803978.857802456 MemTotal:        8124504 kB
1777803978.857802456 MemFree:         6391640 kB
1777803978.857802456 MemAvailable:    6671120 kB
1777803978.857802456 Buffers:           27968 kB
1777803978.857802456 Cached:           380552 kB
1777803978.857802456 SwapCached:            0 kB
1777803978.857802456 Active:           387360 kB
1777803978.857802456 Inactive:         103876 kB
1777803978.857802456 Active(anon):      86088 kB
1777803978.857802456 Inactive(anon):        0 kB
1777803978.857802456 Active(file):     301272 kB
1777803978.857802456 Inactive(file):   103876 kB
1777803978.857802456 Unevictable:           0 kB
1777803978.857802456 Mlocked:               0 kB
1777803978.857802456 SwapTotal:             0 kB
1777803978.857802456 SwapFree:              0 kB
1777803978.857802456 Zswap:                 0 kB
1777803978.857802456 Zswapped:              0 kB
1777803978.857802456 Dirty:               100 kB
1777803978.857802456 Writeback:             0 kB
1777803978.857802456 AnonPages:         82776 kB
1777803978.857802456 Mapped:            89320 kB
1777803978.857802456 Shmem:              3452 kB
1777803978.857802456 KReclaimable:      28180 kB
1777803978.857802456 Slab:             114676 kB
1777803978.857802456 SReclaimable:      28180 kB
1777803978.857802456 SUnreclaim:        86496 kB
1777803978.857802456 KernelStack:        2976 kB
1777803978.857802456 PageTables:         3300 kB
1777803978.857802456 SecPageTables:         0 kB
1777803978.857802456 NFS_Unstable:          0 kB
1777803978.857802456 Bounce:                0 kB
1777803978.857802456 WritebackTmp:          0 kB
1777803978.857802456 CommitLimit:     3537964 kB
1777803978.857802456 Committed_AS:     402964 kB
1777803978.857802456 VmallocTotal:   135288315904 kB
1777803978.857802456 VmallocUsed:       18704 kB
1777803978.857802456 VmallocChunk:          0 kB
1777803978.857802456 Percpu:             1456 kB
1777803978.857802456 AnonHugePages:         0 kB
1777803978.857802456 ShmemHugePages:        0 kB
1777803978.857802456 ShmemPmdMapped:        0 kB
1777803978.857802456 FileHugePages:         0 kB
1777803978.857802456 FilePmdMapped:         0 kB
1777803978.857802456 CmaTotal:          65536 kB
1777803978.857802456 CmaFree:           49128 kB
1777803978.857802456 Balloon:               0 kB
1777803978.857802456 HugePages_Total:     512
1777803978.857802456 HugePages_Free:      512
1777803978.857802456 HugePages_Rsvd:        0
1777803978.857802456 HugePages_Surp:        0
1777803978.857802456 Hugepagesize:       2048 kB
1777803978.857802456 Hugetlb:         1048576 kB
1777803979.867520026 MemTotal:        8124504 kB
1777803979.867520026 MemFree:         6391732 kB
1777803979.867520026 MemAvailable:    6671216 kB
1777803979.867520026 Buffers:           27968 kB
1777803979.867520026 Cached:           380560 kB
1777803979.867520026 SwapCached:            0 kB
1777803979.867520026 Active:           387388 kB
1777803979.867520026 Inactive:         103880 kB
1777803979.867520026 Active(anon):      86116 kB
1777803979.867520026 Inactive(anon):        0 kB
1777803979.867520026 Active(file):     301272 kB
1777803979.867520026 Inactive(file):   103880 kB
1777803979.867520026 Unevictable:           0 kB
1777803979.867520026 Mlocked:               0 kB
1777803979.867520026 SwapTotal:             0 kB
1777803979.867520026 SwapFree:              0 kB
1777803979.867520026 Zswap:                 0 kB
1777803979.867520026 Zswapped:              0 kB
1777803979.867520026 Dirty:               108 kB
1777803979.867520026 Writeback:             0 kB
1777803979.867520026 AnonPages:         82788 kB
1777803979.867520026 Mapped:            89444 kB
1777803979.867520026 Shmem:              3452 kB
1777803979.867520026 KReclaimable:      28180 kB
1777803979.867520026 Slab:             114672 kB
1777803979.867520026 SReclaimable:      28180 kB
1777803979.867520026 SUnreclaim:        86492 kB
1777803979.867520026 KernelStack:        2960 kB
1777803979.867520026 PageTables:         3440 kB
1777803979.867520026 SecPageTables:         0 kB
1777803979.867520026 NFS_Unstable:          0 kB
1777803979.867520026 Bounce:                0 kB
1777803979.867520026 WritebackTmp:          0 kB
1777803979.867520026 CommitLimit:     3537964 kB
1777803979.867520026 Committed_AS:     402964 kB
1777803979.867520026 VmallocTotal:   135288315904 kB
1777803979.867520026 VmallocUsed:       18704 kB
1777803979.867520026 VmallocChunk:          0 kB
1777803979.867520026 Percpu:             1456 kB
1777803979.867520026 AnonHugePages:         0 kB
1777803979.867520026 ShmemHugePages:        0 kB
1777803979.867520026 ShmemPmdMapped:        0 kB
1777803979.867520026 FileHugePages:         0 kB
1777803979.867520026 FilePmdMapped:         0 kB
1777803979.867520026 CmaTotal:          65536 kB
1777803979.867520026 CmaFree:           49128 kB
1777803979.867520026 Balloon:               0 kB
1777803979.867520026 HugePages_Total:     512
1777803979.867520026 HugePages_Free:      512
1777803979.867520026 HugePages_Rsvd:        0
1777803979.867520026 HugePages_Surp:        0
1777803979.867520026 Hugepagesize:       2048 kB
1777803979.867520026 Hugetlb:         1048576 kB
1777803980.874459597 MemTotal:        8124504 kB
1777803980.874459597 MemFree:         6391228 kB
1777803980.874459597 MemAvailable:    6670720 kB
1777803980.874459597 Buffers:           27968 kB
1777803980.874459597 Cached:           380564 kB
1777803980.874459597 SwapCached:            0 kB
1777803980.874459597 Active:           387376 kB
1777803980.874459597 Inactive:         103888 kB
1777803980.874459597 Active(anon):      86104 kB
1777803980.874459597 Inactive(anon):        0 kB
1777803980.874459597 Active(file):     301272 kB
1777803980.874459597 Inactive(file):   103888 kB
1777803980.874459597 Unevictable:           0 kB
1777803980.874459597 Mlocked:               0 kB
1777803980.874459597 SwapTotal:             0 kB
1777803980.874459597 SwapFree:              0 kB
1777803980.874459597 Zswap:                 0 kB
1777803980.874459597 Zswapped:              0 kB
1777803980.874459597 Dirty:               112 kB
1777803980.874459597 Writeback:             0 kB
1777803980.874459597 AnonPages:         82780 kB
1777803980.874459597 Mapped:            89320 kB
1777803980.874459597 Shmem:              3452 kB
1777803980.874459597 KReclaimable:      28180 kB
1777803980.874459597 Slab:             114664 kB
1777803980.874459597 SReclaimable:      28180 kB
1777803980.874459597 SUnreclaim:        86484 kB
1777803980.874459597 KernelStack:        2976 kB
1777803980.874459597 PageTables:         3312 kB
1777803980.874459597 SecPageTables:         0 kB
1777803980.874459597 NFS_Unstable:          0 kB
1777803980.874459597 Bounce:                0 kB
1777803980.874459597 WritebackTmp:          0 kB
1777803980.874459597 CommitLimit:     3537964 kB
1777803980.874459597 Committed_AS:     402964 kB
1777803980.874459597 VmallocTotal:   135288315904 kB
1777803980.874459597 VmallocUsed:       18688 kB
1777803980.874459597 VmallocChunk:          0 kB
1777803980.874459597 Percpu:             1456 kB
1777803980.874459597 AnonHugePages:         0 kB
1777803980.874459597 ShmemHugePages:        0 kB
1777803980.874459597 ShmemPmdMapped:        0 kB
1777803980.874459597 FileHugePages:         0 kB
1777803980.874459597 FilePmdMapped:         0 kB
1777803980.874459597 CmaTotal:          65536 kB
1777803980.874459597 CmaFree:           49128 kB
1777803980.874459597 Balloon:               0 kB
1777803980.874459597 HugePages_Total:     512
1777803980.874459597 HugePages_Free:      512
1777803980.874459597 HugePages_Rsvd:        0
1777803980.874459597 HugePages_Surp:        0
1777803980.874459597 Hugepagesize:       2048 kB
1777803980.874459597 Hugetlb:         1048576 kB
1777803981.884141907 MemTotal:        8124504 kB
1777803981.884141907 MemFree:         6392212 kB
1777803981.884141907 MemAvailable:    6671704 kB
1777803981.884141907 Buffers:           27976 kB
1777803981.884141907 Cached:           380564 kB
1777803981.884141907 SwapCached:            0 kB
1777803981.884141907 Active:           387344 kB
1777803981.884141907 Inactive:         103888 kB
1777803981.884141907 Active(anon):      86072 kB
1777803981.884141907 Inactive(anon):        0 kB
1777803981.884141907 Active(file):     301272 kB
1777803981.884141907 Inactive(file):   103888 kB
1777803981.884141907 Unevictable:           0 kB
1777803981.884141907 Mlocked:               0 kB
1777803981.884141907 SwapTotal:             0 kB
1777803981.884141907 SwapFree:              0 kB
1777803981.884141907 Zswap:                 0 kB
1777803981.884141907 Zswapped:              0 kB
1777803981.884141907 Dirty:               112 kB
1777803981.884141907 Writeback:             0 kB
1777803981.884141907 AnonPages:         82800 kB
1777803981.884141907 Mapped:            89444 kB
1777803981.884141907 Shmem:              3452 kB
1777803981.884141907 KReclaimable:      28180 kB
1777803981.884141907 Slab:             114680 kB
1777803981.884141907 SReclaimable:      28180 kB
1777803981.884141907 SUnreclaim:        86500 kB
1777803981.884141907 KernelStack:        2976 kB
1777803981.884141907 PageTables:         3300 kB
1777803981.884141907 SecPageTables:         0 kB
1777803981.884141907 NFS_Unstable:          0 kB
1777803981.884141907 Bounce:                0 kB
1777803981.884141907 WritebackTmp:          0 kB
1777803981.884141907 CommitLimit:     3537964 kB
1777803981.884141907 Committed_AS:     402964 kB
1777803981.884141907 VmallocTotal:   135288315904 kB
1777803981.884141907 VmallocUsed:       18704 kB
1777803981.884141907 VmallocChunk:          0 kB
1777803981.884141907 Percpu:             1456 kB
1777803981.884141907 AnonHugePages:         0 kB
1777803981.884141907 ShmemHugePages:        0 kB
1777803981.884141907 ShmemPmdMapped:        0 kB
1777803981.884141907 FileHugePages:         0 kB
1777803981.884141907 FilePmdMapped:         0 kB
1777803981.884141907 CmaTotal:          65536 kB
1777803981.884141907 CmaFree:           49128 kB
1777803981.884141907 Balloon:               0 kB
1777803981.884141907 HugePages_Total:     512
1777803981.884141907 HugePages_Free:      512
1777803981.884141907 HugePages_Rsvd:        0
1777803981.884141907 HugePages_Surp:        0
1777803981.884141907 Hugepagesize:       2048 kB
1777803981.884141907 Hugetlb:         1048576 kB
1777803982.896178011 MemTotal:        8124504 kB
1777803982.896178011 MemFree:         6391624 kB
1777803982.896178011 MemAvailable:    6671128 kB
1777803982.896178011 Buffers:           27976 kB
1777803982.896178011 Cached:           380572 kB
1777803982.896178011 SwapCached:            0 kB
1777803982.896178011 Active:           387356 kB
1777803982.896178011 Inactive:         103900 kB
1777803982.896178011 Active(anon):      86084 kB
1777803982.896178011 Inactive(anon):        0 kB
1777803982.896178011 Active(file):     301272 kB
1777803982.896178011 Inactive(file):   103900 kB
1777803982.896178011 Unevictable:           0 kB
1777803982.896178011 Mlocked:               0 kB
1777803982.896178011 SwapTotal:             0 kB
1777803982.896178011 SwapFree:              0 kB
1777803982.896178011 Zswap:                 0 kB
1777803982.896178011 Zswapped:              0 kB
1777803982.896178011 Dirty:               120 kB
1777803982.896178011 Writeback:             0 kB
1777803982.896178011 AnonPages:         82768 kB
1777803982.896178011 Mapped:            89320 kB
1777803982.896178011 Shmem:              3452 kB
1777803982.896178011 KReclaimable:      28180 kB
1777803982.896178011 Slab:             114672 kB
1777803982.896178011 SReclaimable:      28180 kB
1777803982.896178011 SUnreclaim:        86492 kB
1777803982.896178011 KernelStack:        2976 kB
1777803982.896178011 PageTables:         3300 kB
1777803982.896178011 SecPageTables:         0 kB
1777803982.896178011 NFS_Unstable:          0 kB
1777803982.896178011 Bounce:                0 kB
1777803982.896178011 WritebackTmp:          0 kB
1777803982.896178011 CommitLimit:     3537964 kB
1777803982.896178011 Committed_AS:     402964 kB
1777803982.896178011 VmallocTotal:   135288315904 kB
1777803982.896178011 VmallocUsed:       18688 kB
1777803982.896178011 VmallocChunk:          0 kB
1777803982.896178011 Percpu:             1456 kB
1777803982.896178011 AnonHugePages:         0 kB
1777803982.896178011 ShmemHugePages:        0 kB
1777803982.896178011 ShmemPmdMapped:        0 kB
1777803982.896178011 FileHugePages:         0 kB
1777803982.896178011 FilePmdMapped:         0 kB
1777803982.896178011 CmaTotal:          65536 kB
1777803982.896178011 CmaFree:           49128 kB
1777803982.896178011 Balloon:               0 kB
1777803982.896178011 HugePages_Total:     512
1777803982.896178011 HugePages_Free:      512
1777803982.896178011 HugePages_Rsvd:        0
1777803982.896178011 HugePages_Surp:        0
1777803982.896178011 Hugepagesize:       2048 kB
1777803982.896178011 Hugetlb:         1048576 kB
1777803983.907017514 MemTotal:        8124504 kB
1777803983.907017514 MemFree:         6390804 kB
1777803983.907017514 MemAvailable:    6670312 kB
1777803983.907017514 Buffers:           27976 kB
1777803983.907017514 Cached:           380576 kB
1777803983.907017514 SwapCached:            0 kB
1777803983.907017514 Active:           387368 kB
1777803983.907017514 Inactive:         103904 kB
1777803983.907017514 Active(anon):      86096 kB
1777803983.907017514 Inactive(anon):        0 kB
1777803983.907017514 Active(file):     301272 kB
1777803983.907017514 Inactive(file):   103904 kB
1777803983.907017514 Unevictable:           0 kB
1777803983.907017514 Mlocked:               0 kB
1777803983.907017514 SwapTotal:             0 kB
1777803983.907017514 SwapFree:              0 kB
1777803983.907017514 Zswap:                 0 kB
1777803983.907017514 Zswapped:              0 kB
1777803983.907017514 Dirty:               124 kB
1777803983.907017514 Writeback:             0 kB
1777803983.907017514 AnonPages:         82780 kB
1777803983.907017514 Mapped:            89360 kB
1777803983.907017514 Shmem:              3452 kB
1777803983.907017514 KReclaimable:      28180 kB
1777803983.907017514 Slab:             114684 kB
1777803983.907017514 SReclaimable:      28180 kB
1777803983.907017514 SUnreclaim:        86504 kB
1777803983.907017514 KernelStack:        2976 kB
1777803983.907017514 PageTables:         3308 kB
1777803983.907017514 SecPageTables:         0 kB
1777803983.907017514 NFS_Unstable:          0 kB
1777803983.907017514 Bounce:                0 kB
1777803983.907017514 WritebackTmp:          0 kB
1777803983.907017514 CommitLimit:     3537964 kB
1777803983.907017514 Committed_AS:     402964 kB
1777803983.907017514 VmallocTotal:   135288315904 kB
1777803983.907017514 VmallocUsed:       18688 kB
1777803983.907017514 VmallocChunk:          0 kB
1777803983.907017514 Percpu:             1456 kB
1777803983.907017514 AnonHugePages:         0 kB
1777803983.907017514 ShmemHugePages:        0 kB
1777803983.907017514 ShmemPmdMapped:        0 kB
1777803983.907017514 FileHugePages:         0 kB
1777803983.907017514 FilePmdMapped:         0 kB
1777803983.907017514 CmaTotal:          65536 kB
1777803983.907017514 CmaFree:           49128 kB
1777803983.907017514 Balloon:               0 kB
1777803983.907017514 HugePages_Total:     512
1777803983.907017514 HugePages_Free:      512
1777803983.907017514 HugePages_Rsvd:        0
1777803983.907017514 HugePages_Surp:        0
1777803983.907017514 Hugepagesize:       2048 kB
1777803983.907017514 Hugetlb:         1048576 kB
1777803984.917708979 MemTotal:        8124504 kB
1777803984.917708979 MemFree:         6391184 kB
1777803984.917708979 MemAvailable:    6670704 kB
1777803984.917708979 Buffers:           27976 kB
1777803984.917708979 Cached:           380584 kB
1777803984.917708979 SwapCached:            0 kB
1777803984.917708979 Active:           387380 kB
1777803984.917708979 Inactive:         103916 kB
1777803984.917708979 Active(anon):      86108 kB
1777803984.917708979 Inactive(anon):        0 kB
1777803984.917708979 Active(file):     301272 kB
1777803984.917708979 Inactive(file):   103916 kB
1777803984.917708979 Unevictable:           0 kB
1777803984.917708979 Mlocked:               0 kB
1777803984.917708979 SwapTotal:             0 kB
1777803984.917708979 SwapFree:              0 kB
1777803984.917708979 Zswap:                 0 kB
1777803984.917708979 Zswapped:              0 kB
1777803984.917708979 Dirty:               132 kB
1777803984.917708979 Writeback:             0 kB
1777803984.917708979 AnonPages:         82772 kB
1777803984.917708979 Mapped:            89360 kB
1777803984.917708979 Shmem:              3452 kB
1777803984.917708979 KReclaimable:      28180 kB
1777803984.917708979 Slab:             114704 kB
1777803984.917708979 SReclaimable:      28180 kB
1777803984.917708979 SUnreclaim:        86524 kB
1777803984.917708979 KernelStack:        2976 kB
1777803984.917708979 PageTables:         3312 kB
1777803984.917708979 SecPageTables:         0 kB
1777803984.917708979 NFS_Unstable:          0 kB
1777803984.917708979 Bounce:                0 kB
1777803984.917708979 WritebackTmp:          0 kB
1777803984.917708979 CommitLimit:     3537964 kB
1777803984.917708979 Committed_AS:     402964 kB
1777803984.917708979 VmallocTotal:   135288315904 kB
1777803984.917708979 VmallocUsed:       18688 kB
1777803984.917708979 VmallocChunk:          0 kB
1777803984.917708979 Percpu:             1456 kB
1777803984.917708979 AnonHugePages:         0 kB
1777803984.917708979 ShmemHugePages:        0 kB
1777803984.917708979 ShmemPmdMapped:        0 kB
1777803984.917708979 FileHugePages:         0 kB
1777803984.917708979 FilePmdMapped:         0 kB
1777803984.917708979 CmaTotal:          65536 kB
1777803984.917708979 CmaFree:           49128 kB
1777803984.917708979 Balloon:               0 kB
1777803984.917708979 HugePages_Total:     512
1777803984.917708979 HugePages_Free:      512
1777803984.917708979 HugePages_Rsvd:        0
1777803984.917708979 HugePages_Surp:        0
1777803984.917708979 Hugepagesize:       2048 kB
1777803984.917708979 Hugetlb:         1048576 kB
1777803985.927580254 MemTotal:        8124504 kB
1777803985.927580254 MemFree:         6391656 kB
1777803985.927580254 MemAvailable:    6671180 kB
1777803985.927580254 Buffers:           27976 kB
1777803985.927580254 Cached:           380588 kB
1777803985.927580254 SwapCached:            0 kB
1777803985.927580254 Active:           387256 kB
1777803985.927580254 Inactive:         103920 kB
1777803985.927580254 Active(anon):      85984 kB
1777803985.927580254 Inactive(anon):        0 kB
1777803985.927580254 Active(file):     301272 kB
1777803985.927580254 Inactive(file):   103920 kB
1777803985.927580254 Unevictable:           0 kB
1777803985.927580254 Mlocked:               0 kB
1777803985.927580254 SwapTotal:             0 kB
1777803985.927580254 SwapFree:              0 kB
1777803985.927580254 Zswap:                 0 kB
1777803985.927580254 Zswapped:              0 kB
1777803985.927580254 Dirty:               136 kB
1777803985.927580254 Writeback:             0 kB
1777803985.927580254 AnonPages:         82724 kB
1777803985.927580254 Mapped:            89444 kB
1777803985.927580254 Shmem:              3452 kB
1777803985.927580254 KReclaimable:      28180 kB
1777803985.927580254 Slab:             114664 kB
1777803985.927580254 SReclaimable:      28180 kB
1777803985.927580254 SUnreclaim:        86484 kB
1777803985.927580254 KernelStack:        2968 kB
1777803985.927580254 PageTables:         3340 kB
1777803985.927580254 SecPageTables:         0 kB
1777803985.927580254 NFS_Unstable:          0 kB
1777803985.927580254 Bounce:                0 kB
1777803985.927580254 WritebackTmp:          0 kB
1777803985.927580254 CommitLimit:     3537964 kB
1777803985.927580254 Committed_AS:     402964 kB
1777803985.927580254 VmallocTotal:   135288315904 kB
1777803985.927580254 VmallocUsed:       18688 kB
1777803985.927580254 VmallocChunk:          0 kB
1777803985.927580254 Percpu:             1456 kB
1777803985.927580254 AnonHugePages:         0 kB
1777803985.927580254 ShmemHugePages:        0 kB
1777803985.927580254 ShmemPmdMapped:        0 kB
1777803985.927580254 FileHugePages:         0 kB
1777803985.927580254 FilePmdMapped:         0 kB
1777803985.927580254 CmaTotal:          65536 kB
1777803985.927580254 CmaFree:           49128 kB
1777803985.927580254 Balloon:               0 kB
1777803985.927580254 HugePages_Total:     512
1777803985.927580254 HugePages_Free:      512
1777803985.927580254 HugePages_Rsvd:        0
1777803985.927580254 HugePages_Surp:        0
1777803985.927580254 Hugepagesize:       2048 kB
1777803985.927580254 Hugetlb:         1048576 kB
1777803986.936888006 MemTotal:        8124504 kB
1777803986.936888006 MemFree:         6389536 kB
1777803986.936888006 MemAvailable:    6669056 kB
1777803986.936888006 Buffers:           27984 kB
1777803986.936888006 Cached:           380592 kB
1777803986.936888006 SwapCached:            0 kB
1777803986.936888006 Active:           387216 kB
1777803986.936888006 Inactive:         103920 kB
1777803986.936888006 Active(anon):      85948 kB
1777803986.936888006 Inactive(anon):        0 kB
1777803986.936888006 Active(file):     301268 kB
1777803986.936888006 Inactive(file):   103920 kB
1777803986.936888006 Unevictable:           0 kB
1777803986.936888006 Mlocked:               0 kB
1777803986.936888006 SwapTotal:             0 kB
1777803986.936888006 SwapFree:              0 kB
1777803986.936888006 Zswap:                 0 kB
1777803986.936888006 Zswapped:              0 kB
1777803986.936888006 Dirty:               140 kB
1777803986.936888006 Writeback:             0 kB
1777803986.936888006 AnonPages:         82692 kB
1777803986.936888006 Mapped:            89320 kB
1777803986.936888006 Shmem:              3452 kB
1777803986.936888006 KReclaimable:      28180 kB
1777803986.936888006 Slab:             114704 kB
1777803986.936888006 SReclaimable:      28180 kB
1777803986.936888006 SUnreclaim:        86524 kB
1777803986.936888006 KernelStack:        2960 kB
1777803986.936888006 PageTables:         3232 kB
1777803986.936888006 SecPageTables:         0 kB
1777803986.936888006 NFS_Unstable:          0 kB
1777803986.936888006 Bounce:                0 kB
1777803986.936888006 WritebackTmp:          0 kB
1777803986.936888006 CommitLimit:     3537964 kB
1777803986.936888006 Committed_AS:     402964 kB
1777803986.936888006 VmallocTotal:   135288315904 kB
1777803986.936888006 VmallocUsed:       18672 kB
1777803986.936888006 VmallocChunk:          0 kB
1777803986.936888006 Percpu:             1456 kB
1777803986.936888006 AnonHugePages:         0 kB
1777803986.936888006 ShmemHugePages:        0 kB
1777803986.936888006 ShmemPmdMapped:        0 kB
1777803986.936888006 FileHugePages:         0 kB
1777803986.936888006 FilePmdMapped:         0 kB
1777803986.936888006 CmaTotal:          65536 kB
1777803986.936888006 CmaFree:           49128 kB
1777803986.936888006 Balloon:               0 kB
1777803986.936888006 HugePages_Total:     512
1777803986.936888006 HugePages_Free:      512
1777803986.936888006 HugePages_Rsvd:        0
1777803986.936888006 HugePages_Surp:        0
1777803986.936888006 Hugepagesize:       2048 kB
1777803986.936888006 Hugetlb:         1048576 kB
1777803987.950078969 MemTotal:        8124504 kB
1777803987.950078969 MemFree:         6391336 kB
1777803987.950078969 MemAvailable:    6670868 kB
1777803987.950078969 Buffers:           27984 kB
1777803987.950078969 Cached:           380596 kB
1777803987.950078969 SwapCached:            0 kB
1777803987.950078969 Active:           387208 kB
1777803987.950078969 Inactive:         103936 kB
1777803987.950078969 Active(anon):      85944 kB
1777803987.950078969 Inactive(anon):        0 kB
1777803987.950078969 Active(file):     301264 kB
1777803987.950078969 Inactive(file):   103936 kB
1777803987.950078969 Unevictable:           0 kB
1777803987.950078969 Mlocked:               0 kB
1777803987.950078969 SwapTotal:             0 kB
1777803987.950078969 SwapFree:              0 kB
1777803987.950078969 Zswap:                 0 kB
1777803987.950078969 Zswapped:              0 kB
1777803987.950078969 Dirty:               144 kB
1777803987.950078969 Writeback:             0 kB
1777803987.950078969 AnonPages:         82688 kB
1777803987.950078969 Mapped:            89320 kB
1777803987.950078969 Shmem:              3452 kB
1777803987.950078969 KReclaimable:      28180 kB
1777803987.950078969 Slab:             114692 kB
1777803987.950078969 SReclaimable:      28180 kB
1777803987.950078969 SUnreclaim:        86512 kB
1777803987.950078969 KernelStack:        2976 kB
1777803987.950078969 PageTables:         3300 kB
1777803987.950078969 SecPageTables:         0 kB
1777803987.950078969 NFS_Unstable:          0 kB
1777803987.950078969 Bounce:                0 kB
1777803987.950078969 WritebackTmp:          0 kB
1777803987.950078969 CommitLimit:     3537964 kB
1777803987.950078969 Committed_AS:     402964 kB
1777803987.950078969 VmallocTotal:   135288315904 kB
1777803987.950078969 VmallocUsed:       18688 kB
1777803987.950078969 VmallocChunk:          0 kB
1777803987.950078969 Percpu:             1456 kB
1777803987.950078969 AnonHugePages:         0 kB
1777803987.950078969 ShmemHugePages:        0 kB
1777803987.950078969 ShmemPmdMapped:        0 kB
1777803987.950078969 FileHugePages:         0 kB
1777803987.950078969 FilePmdMapped:         0 kB
1777803987.950078969 CmaTotal:          65536 kB
1777803987.950078969 CmaFree:           49128 kB
1777803987.950078969 Balloon:               0 kB
1777803987.950078969 HugePages_Total:     512
1777803987.950078969 HugePages_Free:      512
1777803987.950078969 HugePages_Rsvd:        0
1777803987.950078969 HugePages_Surp:        0
1777803987.950078969 Hugepagesize:       2048 kB
1777803987.950078969 Hugetlb:         1048576 kB
1777803988.960939269 MemTotal:        8124504 kB
1777803988.960939269 MemFree:         6391164 kB
1777803988.960939269 MemAvailable:    6670708 kB
1777803988.960939269 Buffers:           27984 kB
1777803988.960939269 Cached:           380600 kB
1777803988.960939269 SwapCached:            0 kB
1777803988.960939269 Active:           387356 kB
1777803988.960939269 Inactive:         103940 kB
1777803988.960939269 Active(anon):      86084 kB
1777803988.960939269 Inactive(anon):        0 kB
1777803988.960939269 Active(file):     301272 kB
1777803988.960939269 Inactive(file):   103940 kB
1777803988.960939269 Unevictable:           0 kB
1777803988.960939269 Mlocked:               0 kB
1777803988.960939269 SwapTotal:             0 kB
1777803988.960939269 SwapFree:              0 kB
1777803988.960939269 Zswap:                 0 kB
1777803988.960939269 Zswapped:              0 kB
1777803988.960939269 Dirty:               148 kB
1777803988.960939269 Writeback:             0 kB
1777803988.960939269 AnonPages:         82772 kB
1777803988.960939269 Mapped:            89360 kB
1777803988.960939269 Shmem:              3452 kB
1777803988.960939269 KReclaimable:      28180 kB
1777803988.960939269 Slab:             114700 kB
1777803988.960939269 SReclaimable:      28180 kB
1777803988.960939269 SUnreclaim:        86520 kB
1777803988.960939269 KernelStack:        2976 kB
1777803988.960939269 PageTables:         3320 kB
1777803988.960939269 SecPageTables:         0 kB
1777803988.960939269 NFS_Unstable:          0 kB
1777803988.960939269 Bounce:                0 kB
1777803988.960939269 WritebackTmp:          0 kB
1777803988.960939269 CommitLimit:     3537964 kB
1777803988.960939269 Committed_AS:     402964 kB
1777803988.960939269 VmallocTotal:   135288315904 kB
1777803988.960939269 VmallocUsed:       18688 kB
1777803988.960939269 VmallocChunk:          0 kB
1777803988.960939269 Percpu:             1456 kB
1777803988.960939269 AnonHugePages:         0 kB
1777803988.960939269 ShmemHugePages:        0 kB
1777803988.960939269 ShmemPmdMapped:        0 kB
1777803988.960939269 FileHugePages:         0 kB
1777803988.960939269 FilePmdMapped:         0 kB
1777803988.960939269 CmaTotal:          65536 kB
1777803988.960939269 CmaFree:           49128 kB
1777803988.960939269 Balloon:               0 kB
1777803988.960939269 HugePages_Total:     512
1777803988.960939269 HugePages_Free:      512
1777803988.960939269 HugePages_Rsvd:        0
1777803988.960939269 HugePages_Surp:        0
1777803988.960939269 Hugepagesize:       2048 kB
1777803988.960939269 Hugetlb:         1048576 kB
1777803989.972266164 MemTotal:        8124504 kB
1777803989.972266164 MemFree:         6391584 kB
1777803989.972266164 MemAvailable:    6671132 kB
1777803989.972266164 Buffers:           27984 kB
1777803989.972266164 Cached:           380608 kB
1777803989.972266164 SwapCached:            0 kB
1777803989.972266164 Active:           387336 kB
1777803989.972266164 Inactive:         103944 kB
1777803989.972266164 Active(anon):      86064 kB
1777803989.972266164 Inactive(anon):        0 kB
1777803989.972266164 Active(file):     301272 kB
1777803989.972266164 Inactive(file):   103944 kB
1777803989.972266164 Unevictable:           0 kB
1777803989.972266164 Mlocked:               0 kB
1777803989.972266164 SwapTotal:             0 kB
1777803989.972266164 SwapFree:              0 kB
1777803989.972266164 Zswap:                 0 kB
1777803989.972266164 Zswapped:              0 kB
1777803989.972266164 Dirty:               156 kB
1777803989.972266164 Writeback:             0 kB
1777803989.972266164 AnonPages:         82812 kB
1777803989.972266164 Mapped:            89360 kB
1777803989.972266164 Shmem:              3452 kB
1777803989.972266164 KReclaimable:      28180 kB
1777803989.972266164 Slab:             114684 kB
1777803989.972266164 SReclaimable:      28180 kB
1777803989.972266164 SUnreclaim:        86504 kB
1777803989.972266164 KernelStack:        2992 kB
1777803989.972266164 PageTables:         3348 kB
1777803989.972266164 SecPageTables:         0 kB
1777803989.972266164 NFS_Unstable:          0 kB
1777803989.972266164 Bounce:                0 kB
1777803989.972266164 WritebackTmp:          0 kB
1777803989.972266164 CommitLimit:     3537964 kB
1777803989.972266164 Committed_AS:     402964 kB
1777803989.972266164 VmallocTotal:   135288315904 kB
1777803989.972266164 VmallocUsed:       18688 kB
1777803989.972266164 VmallocChunk:          0 kB
1777803989.972266164 Percpu:             1456 kB
1777803989.972266164 AnonHugePages:         0 kB
1777803989.972266164 ShmemHugePages:        0 kB
1777803989.972266164 ShmemPmdMapped:        0 kB
1777803989.972266164 FileHugePages:         0 kB
1777803989.972266164 FilePmdMapped:         0 kB
1777803989.972266164 CmaTotal:          65536 kB
1777803989.972266164 CmaFree:           49128 kB
1777803989.972266164 Balloon:               0 kB
1777803989.972266164 HugePages_Total:     512
1777803989.972266164 HugePages_Free:      512
1777803989.972266164 HugePages_Rsvd:        0
1777803989.972266164 HugePages_Surp:        0
1777803989.972266164 Hugepagesize:       2048 kB
1777803989.972266164 Hugetlb:         1048576 kB
1777803990.982011271 MemTotal:        8124504 kB
1777803990.982011271 MemFree:         6390612 kB
1777803990.982011271 MemAvailable:    6670168 kB
1777803990.982011271 Buffers:           27984 kB
1777803990.982011271 Cached:           380616 kB
1777803990.982011271 SwapCached:            0 kB
1777803990.982011271 Active:           387404 kB
1777803990.982011271 Inactive:         103952 kB
1777803990.982011271 Active(anon):      86132 kB
1777803990.982011271 Inactive(anon):        0 kB
1777803990.982011271 Active(file):     301272 kB
1777803990.982011271 Inactive(file):   103952 kB
1777803990.982011271 Unevictable:           0 kB
1777803990.982011271 Mlocked:               0 kB
1777803990.982011271 SwapTotal:             0 kB
1777803990.982011271 SwapFree:              0 kB
1777803990.982011271 Zswap:                 0 kB
1777803990.982011271 Zswapped:              0 kB
1777803990.982011271 Dirty:               164 kB
1777803990.982011271 Writeback:             0 kB
1777803990.982011271 AnonPages:         82820 kB
1777803990.982011271 Mapped:            89360 kB
1777803990.982011271 Shmem:              3452 kB
1777803990.982011271 KReclaimable:      28180 kB
1777803990.982011271 Slab:             114708 kB
1777803990.982011271 SReclaimable:      28180 kB
1777803990.982011271 SUnreclaim:        86528 kB
1777803990.982011271 KernelStack:        2992 kB
1777803990.982011271 PageTables:         3348 kB
1777803990.982011271 SecPageTables:         0 kB
1777803990.982011271 NFS_Unstable:          0 kB
1777803990.982011271 Bounce:                0 kB
1777803990.982011271 WritebackTmp:          0 kB
1777803990.982011271 CommitLimit:     3537964 kB
1777803990.982011271 Committed_AS:     402964 kB
1777803990.982011271 VmallocTotal:   135288315904 kB
1777803990.982011271 VmallocUsed:       18688 kB
1777803990.982011271 VmallocChunk:          0 kB
1777803990.982011271 Percpu:             1456 kB
1777803990.982011271 AnonHugePages:         0 kB
1777803990.982011271 ShmemHugePages:        0 kB
1777803990.982011271 ShmemPmdMapped:        0 kB
1777803990.982011271 FileHugePages:         0 kB
1777803990.982011271 FilePmdMapped:         0 kB
1777803990.982011271 CmaTotal:          65536 kB
1777803990.982011271 CmaFree:           49128 kB
1777803990.982011271 Balloon:               0 kB
1777803990.982011271 HugePages_Total:     512
1777803990.982011271 HugePages_Free:      512
1777803990.982011271 HugePages_Rsvd:        0
1777803990.982011271 HugePages_Surp:        0
1777803990.982011271 Hugepagesize:       2048 kB
1777803990.982011271 Hugetlb:         1048576 kB
1777803991.988986286 MemTotal:        8124504 kB
1777803991.988986286 MemFree:         6391772 kB
1777803991.988986286 MemAvailable:    6671332 kB
1777803991.988986286 Buffers:           27992 kB
1777803991.988986286 Cached:           380616 kB
1777803991.988986286 SwapCached:            0 kB
1777803991.988986286 Active:           387360 kB
1777803991.988986286 Inactive:         103956 kB
1777803991.988986286 Active(anon):      86088 kB
1777803991.988986286 Inactive(anon):        0 kB
1777803991.988986286 Active(file):     301272 kB
1777803991.988986286 Inactive(file):   103956 kB
1777803991.988986286 Unevictable:           0 kB
1777803991.988986286 Mlocked:               0 kB
1777803991.988986286 SwapTotal:             0 kB
1777803991.988986286 SwapFree:              0 kB
1777803991.988986286 Zswap:                 0 kB
1777803991.988986286 Zswapped:              0 kB
1777803991.988986286 Dirty:               168 kB
1777803991.988986286 Writeback:             0 kB
1777803991.988986286 AnonPages:         82780 kB
1777803991.988986286 Mapped:            89360 kB
1777803991.988986286 Shmem:              3452 kB
1777803991.988986286 KReclaimable:      28180 kB
1777803991.988986286 Slab:             114704 kB
1777803991.988986286 SReclaimable:      28180 kB
1777803991.988986286 SUnreclaim:        86524 kB
1777803991.988986286 KernelStack:        2976 kB
1777803991.988986286 PageTables:         3308 kB
1777803991.988986286 SecPageTables:         0 kB
1777803991.988986286 NFS_Unstable:          0 kB
1777803991.988986286 Bounce:                0 kB
1777803991.988986286 WritebackTmp:          0 kB
1777803991.988986286 CommitLimit:     3537964 kB
1777803991.988986286 Committed_AS:     402964 kB
1777803991.988986286 VmallocTotal:   135288315904 kB
1777803991.988986286 VmallocUsed:       18688 kB
1777803991.988986286 VmallocChunk:          0 kB
1777803991.988986286 Percpu:             1456 kB
1777803991.988986286 AnonHugePages:         0 kB
1777803991.988986286 ShmemHugePages:        0 kB
1777803991.988986286 ShmemPmdMapped:        0 kB
1777803991.988986286 FileHugePages:         0 kB
1777803991.988986286 FilePmdMapped:         0 kB
1777803991.988986286 CmaTotal:          65536 kB
1777803991.988986286 CmaFree:           49128 kB
1777803991.988986286 Balloon:               0 kB
1777803991.988986286 HugePages_Total:     512
1777803991.988986286 HugePages_Free:      512
1777803991.988986286 HugePages_Rsvd:        0
1777803991.988986286 HugePages_Surp:        0
1777803991.988986286 Hugepagesize:       2048 kB
1777803991.988986286 Hugetlb:         1048576 kB
1777803992.998548485 MemTotal:        8124504 kB
1777803992.998548485 MemFree:         6392308 kB
1777803992.998548485 MemAvailable:    6671880 kB
1777803992.998548485 Buffers:           27992 kB
1777803992.998548485 Cached:           380620 kB
1777803992.998548485 SwapCached:            0 kB
1777803992.998548485 Active:           387296 kB
1777803992.998548485 Inactive:         103968 kB
1777803992.998548485 Active(anon):      86024 kB
1777803992.998548485 Inactive(anon):        0 kB
1777803992.998548485 Active(file):     301272 kB
1777803992.998548485 Inactive(file):   103968 kB
1777803992.998548485 Unevictable:           0 kB
1777803992.998548485 Mlocked:               0 kB
1777803992.998548485 SwapTotal:             0 kB
1777803992.998548485 SwapFree:              0 kB
1777803992.998548485 Zswap:                 0 kB
1777803992.998548485 Zswapped:              0 kB
1777803992.998548485 Dirty:                20 kB
1777803992.998548485 Writeback:             0 kB
1777803992.998548485 AnonPages:         82772 kB
1777803992.998548485 Mapped:            89320 kB
1777803992.998548485 Shmem:              3452 kB
1777803992.998548485 KReclaimable:      28180 kB
1777803992.998548485 Slab:             114692 kB
1777803992.998548485 SReclaimable:      28180 kB
1777803992.998548485 SUnreclaim:        86512 kB
1777803992.998548485 KernelStack:        2976 kB
1777803992.998548485 PageTables:         3424 kB
1777803992.998548485 SecPageTables:         0 kB
1777803992.998548485 NFS_Unstable:          0 kB
1777803992.998548485 Bounce:                0 kB
1777803992.998548485 WritebackTmp:          0 kB
1777803992.998548485 CommitLimit:     3537964 kB
1777803992.998548485 Committed_AS:     402964 kB
1777803992.998548485 VmallocTotal:   135288315904 kB
1777803992.998548485 VmallocUsed:       18704 kB
1777803992.998548485 VmallocChunk:          0 kB
1777803992.998548485 Percpu:             1456 kB
1777803992.998548485 AnonHugePages:         0 kB
1777803992.998548485 ShmemHugePages:        0 kB
1777803992.998548485 ShmemPmdMapped:        0 kB
1777803992.998548485 FileHugePages:         0 kB
1777803992.998548485 FilePmdMapped:         0 kB
1777803992.998548485 CmaTotal:          65536 kB
1777803992.998548485 CmaFree:           49128 kB
1777803992.998548485 Balloon:               0 kB
1777803992.998548485 HugePages_Total:     512
1777803992.998548485 HugePages_Free:      512
1777803992.998548485 HugePages_Rsvd:        0
1777803992.998548485 HugePages_Surp:        0
1777803992.998548485 Hugepagesize:       2048 kB
1777803992.998548485 Hugetlb:         1048576 kB
1777803994.007383938 MemTotal:        8124504 kB
1777803994.007383938 MemFree:         6389688 kB
1777803994.007383938 MemAvailable:    6669260 kB
1777803994.007383938 Buffers:           27992 kB
1777803994.007383938 Cached:           380624 kB
1777803994.007383938 SwapCached:            0 kB
1777803994.007383938 Active:           387308 kB
1777803994.007383938 Inactive:         103972 kB
1777803994.007383938 Active(anon):      86040 kB
1777803994.007383938 Inactive(anon):        0 kB
1777803994.007383938 Active(file):     301268 kB
1777803994.007383938 Inactive(file):   103972 kB
1777803994.007383938 Unevictable:           0 kB
1777803994.007383938 Mlocked:               0 kB
1777803994.007383938 SwapTotal:             0 kB
1777803994.007383938 SwapFree:              0 kB
1777803994.007383938 Zswap:                 0 kB
1777803994.007383938 Zswapped:              0 kB
1777803994.007383938 Dirty:                32 kB
1777803994.007383938 Writeback:             0 kB
1777803994.007383938 AnonPages:         82724 kB
1777803994.007383938 Mapped:            89320 kB
1777803994.007383938 Shmem:              3452 kB
1777803994.007383938 KReclaimable:      28180 kB
1777803994.007383938 Slab:             114700 kB
1777803994.007383938 SReclaimable:      28180 kB
1777803994.007383938 SUnreclaim:        86520 kB
1777803994.007383938 KernelStack:        2976 kB
1777803994.007383938 PageTables:         3344 kB
1777803994.007383938 SecPageTables:         0 kB
1777803994.007383938 NFS_Unstable:          0 kB
1777803994.007383938 Bounce:                0 kB
1777803994.007383938 WritebackTmp:          0 kB
1777803994.007383938 CommitLimit:     3537964 kB
1777803994.007383938 Committed_AS:     402964 kB
1777803994.007383938 VmallocTotal:   135288315904 kB
1777803994.007383938 VmallocUsed:       18688 kB
1777803994.007383938 VmallocChunk:          0 kB
1777803994.007383938 Percpu:             1456 kB
1777803994.007383938 AnonHugePages:         0 kB
1777803994.007383938 ShmemHugePages:        0 kB
1777803994.007383938 ShmemPmdMapped:        0 kB
1777803994.007383938 FileHugePages:         0 kB
1777803994.007383938 FilePmdMapped:         0 kB
1777803994.007383938 CmaTotal:          65536 kB
1777803994.007383938 CmaFree:           49128 kB
1777803994.007383938 Balloon:               0 kB
1777803994.007383938 HugePages_Total:     512
1777803994.007383938 HugePages_Free:      512
1777803994.007383938 HugePages_Rsvd:        0
1777803994.007383938 HugePages_Surp:        0
1777803994.007383938 Hugepagesize:       2048 kB
1777803994.007383938 Hugetlb:         1048576 kB
1777803995.014284712 MemTotal:        8124504 kB
1777803995.014284712 MemFree:         6391124 kB
1777803995.014284712 MemAvailable:    6670700 kB
1777803995.014284712 Buffers:           27992 kB
1777803995.014284712 Cached:           380628 kB
1777803995.014284712 SwapCached:            0 kB
1777803995.014284712 Active:           387316 kB
1777803995.014284712 Inactive:         103976 kB
1777803995.014284712 Active(anon):      86048 kB
1777803995.014284712 Inactive(anon):        0 kB
1777803995.014284712 Active(file):     301268 kB
1777803995.014284712 Inactive(file):   103976 kB
1777803995.014284712 Unevictable:           0 kB
1777803995.014284712 Mlocked:               0 kB
1777803995.014284712 SwapTotal:             0 kB
1777803995.014284712 SwapFree:              0 kB
1777803995.014284712 Zswap:                 0 kB
1777803995.014284712 Zswapped:              0 kB
1777803995.014284712 Dirty:                36 kB
1777803995.014284712 Writeback:             0 kB
1777803995.014284712 AnonPages:         82768 kB
1777803995.014284712 Mapped:            89320 kB
1777803995.014284712 Shmem:              3452 kB
1777803995.014284712 KReclaimable:      28180 kB
1777803995.014284712 Slab:             114684 kB
1777803995.014284712 SReclaimable:      28180 kB
1777803995.014284712 SUnreclaim:        86504 kB
1777803995.014284712 KernelStack:        2960 kB
1777803995.014284712 PageTables:         3336 kB
1777803995.014284712 SecPageTables:         0 kB
1777803995.014284712 NFS_Unstable:          0 kB
1777803995.014284712 Bounce:                0 kB
1777803995.014284712 WritebackTmp:          0 kB
1777803995.014284712 CommitLimit:     3537964 kB
1777803995.014284712 Committed_AS:     402964 kB
1777803995.014284712 VmallocTotal:   135288315904 kB
1777803995.014284712 VmallocUsed:       18704 kB
1777803995.014284712 VmallocChunk:          0 kB
1777803995.014284712 Percpu:             1456 kB
1777803995.014284712 AnonHugePages:         0 kB
1777803995.014284712 ShmemHugePages:        0 kB
1777803995.014284712 ShmemPmdMapped:        0 kB
1777803995.014284712 FileHugePages:         0 kB
1777803995.014284712 FilePmdMapped:         0 kB
1777803995.014284712 CmaTotal:          65536 kB
1777803995.014284712 CmaFree:           49128 kB
1777803995.014284712 Balloon:               0 kB
1777803995.014284712 HugePages_Total:     512
1777803995.014284712 HugePages_Free:      512
1777803995.014284712 HugePages_Rsvd:        0
1777803995.014284712 HugePages_Surp:        0
1777803995.014284712 Hugepagesize:       2048 kB
1777803995.014284712 Hugetlb:         1048576 kB
1777803996.021322321 MemTotal:        8124504 kB
1777803996.021322321 MemFree:         6391356 kB
1777803996.021322321 MemAvailable:    6670940 kB
1777803996.021322321 Buffers:           27992 kB
1777803996.021322321 Cached:           380636 kB
1777803996.021322321 SwapCached:            0 kB
1777803996.021322321 Active:           387288 kB
1777803996.021322321 Inactive:         103984 kB
1777803996.021322321 Active(anon):      86020 kB
1777803996.021322321 Inactive(anon):        0 kB
1777803996.021322321 Active(file):     301268 kB
1777803996.021322321 Inactive(file):   103984 kB
1777803996.021322321 Unevictable:           0 kB
1777803996.021322321 Mlocked:               0 kB
1777803996.021322321 SwapTotal:             0 kB
1777803996.021322321 SwapFree:              0 kB
1777803996.021322321 Zswap:                 0 kB
1777803996.021322321 Zswapped:              0 kB
1777803996.021322321 Dirty:                44 kB
1777803996.021322321 Writeback:             0 kB
1777803996.021322321 AnonPages:         82724 kB
1777803996.021322321 Mapped:            89320 kB
1777803996.021322321 Shmem:              3452 kB
1777803996.021322321 KReclaimable:      28180 kB
1777803996.021322321 Slab:             114692 kB
1777803996.021322321 SReclaimable:      28180 kB
1777803996.021322321 SUnreclaim:        86512 kB
1777803996.021322321 KernelStack:        2976 kB
1777803996.021322321 PageTables:         3356 kB
1777803996.021322321 SecPageTables:         0 kB
1777803996.021322321 NFS_Unstable:          0 kB
1777803996.021322321 Bounce:                0 kB
1777803996.021322321 WritebackTmp:          0 kB
1777803996.021322321 CommitLimit:     3537964 kB
1777803996.021322321 Committed_AS:     402964 kB
1777803996.021322321 VmallocTotal:   135288315904 kB
1777803996.021322321 VmallocUsed:       18720 kB
1777803996.021322321 VmallocChunk:          0 kB
1777803996.021322321 Percpu:             1456 kB
1777803996.021322321 AnonHugePages:         0 kB
1777803996.021322321 ShmemHugePages:        0 kB
1777803996.021322321 ShmemPmdMapped:        0 kB
1777803996.021322321 FileHugePages:         0 kB
1777803996.021322321 FilePmdMapped:         0 kB
1777803996.021322321 CmaTotal:          65536 kB
1777803996.021322321 CmaFree:           49128 kB
1777803996.021322321 Balloon:               0 kB
1777803996.021322321 HugePages_Total:     512
1777803996.021322321 HugePages_Free:      512
1777803996.021322321 HugePages_Rsvd:        0
1777803996.021322321 HugePages_Surp:        0
1777803996.021322321 Hugepagesize:       2048 kB
1777803996.021322321 Hugetlb:         1048576 kB
1777803997.030828612 MemTotal:        8124504 kB
1777803997.030828612 MemFree:         6390960 kB
1777803997.030828612 MemAvailable:    6670556 kB
1777803997.030828612 Buffers:           28000 kB
1777803997.030828612 Cached:           380640 kB
1777803997.030828612 SwapCached:            0 kB
1777803997.030828612 Active:           387276 kB
1777803997.030828612 Inactive:         103996 kB
1777803997.030828612 Active(anon):      86008 kB
1777803997.030828612 Inactive(anon):        0 kB
1777803997.030828612 Active(file):     301268 kB
1777803997.030828612 Inactive(file):   103996 kB
1777803997.030828612 Unevictable:           0 kB
1777803997.030828612 Mlocked:               0 kB
1777803997.030828612 SwapTotal:             0 kB
1777803997.030828612 SwapFree:              0 kB
1777803997.030828612 Zswap:                 0 kB
1777803997.030828612 Zswapped:              0 kB
1777803997.030828612 Dirty:                60 kB
1777803997.030828612 Writeback:             0 kB
1777803997.030828612 AnonPages:         82732 kB
1777803997.030828612 Mapped:            89320 kB
1777803997.030828612 Shmem:              3452 kB
1777803997.030828612 KReclaimable:      28180 kB
1777803997.030828612 Slab:             114696 kB
1777803997.030828612 SReclaimable:      28180 kB
1777803997.030828612 SUnreclaim:        86516 kB
1777803997.030828612 KernelStack:        2976 kB
1777803997.030828612 PageTables:         3352 kB
1777803997.030828612 SecPageTables:         0 kB
1777803997.030828612 NFS_Unstable:          0 kB
1777803997.030828612 Bounce:                0 kB
1777803997.030828612 WritebackTmp:          0 kB
1777803997.030828612 CommitLimit:     3537964 kB
1777803997.030828612 Committed_AS:     402964 kB
1777803997.030828612 VmallocTotal:   135288315904 kB
1777803997.030828612 VmallocUsed:       18688 kB
1777803997.030828612 VmallocChunk:          0 kB
1777803997.030828612 Percpu:             1456 kB
1777803997.030828612 AnonHugePages:         0 kB
1777803997.030828612 ShmemHugePages:        0 kB
1777803997.030828612 ShmemPmdMapped:        0 kB
1777803997.030828612 FileHugePages:         0 kB
1777803997.030828612 FilePmdMapped:         0 kB
1777803997.030828612 CmaTotal:          65536 kB
1777803997.030828612 CmaFree:           49128 kB
1777803997.030828612 Balloon:               0 kB
1777803997.030828612 HugePages_Total:     512
1777803997.030828612 HugePages_Free:      512
1777803997.030828612 HugePages_Rsvd:        0
1777803997.030828612 HugePages_Surp:        0
1777803997.030828612 Hugepagesize:       2048 kB
1777803997.030828612 Hugetlb:         1048576 kB
1777803998.041429484 MemTotal:        8124504 kB
1777803998.041429484 MemFree:         6390300 kB
1777803998.041429484 MemAvailable:    6669904 kB
1777803998.041429484 Buffers:           28000 kB
1777803998.041429484 Cached:           380644 kB
1777803998.041429484 SwapCached:            0 kB
1777803998.041429484 Active:           387376 kB
1777803998.041429484 Inactive:         104000 kB
1777803998.041429484 Active(anon):      86104 kB
1777803998.041429484 Inactive(anon):        0 kB
1777803998.041429484 Active(file):     301272 kB
1777803998.041429484 Inactive(file):   104000 kB
1777803998.041429484 Unevictable:           0 kB
1777803998.041429484 Mlocked:               0 kB
1777803998.041429484 SwapTotal:             0 kB
1777803998.041429484 SwapFree:              0 kB
1777803998.041429484 Zswap:                 0 kB
1777803998.041429484 Zswapped:              0 kB
1777803998.041429484 Dirty:                64 kB
1777803998.041429484 Writeback:             0 kB
1777803998.041429484 AnonPages:         82784 kB
1777803998.041429484 Mapped:            89360 kB
1777803998.041429484 Shmem:              3452 kB
1777803998.041429484 KReclaimable:      28180 kB
1777803998.041429484 Slab:             114696 kB
1777803998.041429484 SReclaimable:      28180 kB
1777803998.041429484 SUnreclaim:        86516 kB
1777803998.041429484 KernelStack:        2992 kB
1777803998.041429484 PageTables:         3348 kB
1777803998.041429484 SecPageTables:         0 kB
1777803998.041429484 NFS_Unstable:          0 kB
1777803998.041429484 Bounce:                0 kB
1777803998.041429484 WritebackTmp:          0 kB
1777803998.041429484 CommitLimit:     3537964 kB
1777803998.041429484 Committed_AS:     402964 kB
1777803998.041429484 VmallocTotal:   135288315904 kB
1777803998.041429484 VmallocUsed:       18688 kB
1777803998.041429484 VmallocChunk:          0 kB
1777803998.041429484 Percpu:             1456 kB
1777803998.041429484 AnonHugePages:         0 kB
1777803998.041429484 ShmemHugePages:        0 kB
1777803998.041429484 ShmemPmdMapped:        0 kB
1777803998.041429484 FileHugePages:         0 kB
1777803998.041429484 FilePmdMapped:         0 kB
1777803998.041429484 CmaTotal:          65536 kB
1777803998.041429484 CmaFree:           49128 kB
1777803998.041429484 Balloon:               0 kB
1777803998.041429484 HugePages_Total:     512
1777803998.041429484 HugePages_Free:      512
1777803998.041429484 HugePages_Rsvd:        0
1777803998.041429484 HugePages_Surp:        0
1777803998.041429484 Hugepagesize:       2048 kB
1777803998.041429484 Hugetlb:         1048576 kB
1777803999.050964108 MemTotal:        8124504 kB
1777803999.050964108 MemFree:         6390836 kB
1777803999.050964108 MemAvailable:    6670440 kB
1777803999.050964108 Buffers:           28000 kB
1777803999.050964108 Cached:           380652 kB
1777803999.050964108 SwapCached:            0 kB
1777803999.050964108 Active:           387352 kB
1777803999.050964108 Inactive:         104004 kB
1777803999.050964108 Active(anon):      86084 kB
1777803999.050964108 Inactive(anon):        0 kB
1777803999.050964108 Active(file):     301268 kB
1777803999.050964108 Inactive(file):   104004 kB
1777803999.050964108 Unevictable:           0 kB
1777803999.050964108 Mlocked:               0 kB
1777803999.050964108 SwapTotal:             0 kB
1777803999.050964108 SwapFree:              0 kB
1777803999.050964108 Zswap:                 0 kB
1777803999.050964108 Zswapped:              0 kB
1777803999.050964108 Dirty:                72 kB
1777803999.050964108 Writeback:             0 kB
1777803999.050964108 AnonPages:         82832 kB
1777803999.050964108 Mapped:            89360 kB
1777803999.050964108 Shmem:              3452 kB
1777803999.050964108 KReclaimable:      28180 kB
1777803999.050964108 Slab:             114684 kB
1777803999.050964108 SReclaimable:      28180 kB
1777803999.050964108 SUnreclaim:        86504 kB
1777803999.050964108 KernelStack:        2952 kB
1777803999.050964108 PageTables:         3492 kB
1777803999.050964108 SecPageTables:         0 kB
1777803999.050964108 NFS_Unstable:          0 kB
1777803999.050964108 Bounce:                0 kB
1777803999.050964108 WritebackTmp:          0 kB
1777803999.050964108 CommitLimit:     3537964 kB
1777803999.050964108 Committed_AS:     402964 kB
1777803999.050964108 VmallocTotal:   135288315904 kB
1777803999.050964108 VmallocUsed:       18688 kB
1777803999.050964108 VmallocChunk:          0 kB
1777803999.050964108 Percpu:             1456 kB
1777803999.050964108 AnonHugePages:         0 kB
1777803999.050964108 ShmemHugePages:        0 kB
1777803999.050964108 ShmemPmdMapped:        0 kB
1777803999.050964108 FileHugePages:         0 kB
1777803999.050964108 FilePmdMapped:         0 kB
1777803999.050964108 CmaTotal:          65536 kB
1777803999.050964108 CmaFree:           49128 kB
1777803999.050964108 Balloon:               0 kB
1777803999.050964108 HugePages_Total:     512
1777803999.050964108 HugePages_Free:      512
1777803999.050964108 HugePages_Rsvd:        0
1777803999.050964108 HugePages_Surp:        0
1777803999.050964108 Hugepagesize:       2048 kB
1777803999.050964108 Hugetlb:         1048576 kB
1777804000.061599591 MemTotal:        8124504 kB
1777804000.061599591 MemFree:         6391744 kB
1777804000.061599591 MemAvailable:    6671360 kB
1777804000.061599591 Buffers:           28000 kB
1777804000.061599591 Cached:           380656 kB
1777804000.061599591 SwapCached:            0 kB
1777804000.061599591 Active:           387280 kB
1777804000.061599591 Inactive:         104012 kB
1777804000.061599591 Active(anon):      86008 kB
1777804000.061599591 Inactive(anon):        0 kB
1777804000.061599591 Active(file):     301272 kB
1777804000.061599591 Inactive(file):   104012 kB
1777804000.061599591 Unevictable:           0 kB
1777804000.061599591 Mlocked:               0 kB
1777804000.061599591 SwapTotal:             0 kB
1777804000.061599591 SwapFree:              0 kB
1777804000.061599591 Zswap:                 0 kB
1777804000.061599591 Zswapped:              0 kB
1777804000.061599591 Dirty:                76 kB
1777804000.061599591 Writeback:             0 kB
1777804000.061599591 AnonPages:         82688 kB
1777804000.061599591 Mapped:            89388 kB
1777804000.061599591 Shmem:              3452 kB
1777804000.061599591 KReclaimable:      28180 kB
1777804000.061599591 Slab:             114712 kB
1777804000.061599591 SReclaimable:      28180 kB
1777804000.061599591 SUnreclaim:        86532 kB
1777804000.061599591 KernelStack:        2976 kB
1777804000.061599591 PageTables:         3664 kB
1777804000.061599591 SecPageTables:         0 kB
1777804000.061599591 NFS_Unstable:          0 kB
1777804000.061599591 Bounce:                0 kB
1777804000.061599591 WritebackTmp:          0 kB
1777804000.061599591 CommitLimit:     3537964 kB
1777804000.061599591 Committed_AS:     402964 kB
1777804000.061599591 VmallocTotal:   135288315904 kB
1777804000.061599591 VmallocUsed:       18688 kB
1777804000.061599591 VmallocChunk:          0 kB
1777804000.061599591 Percpu:             1456 kB
1777804000.061599591 AnonHugePages:         0 kB
1777804000.061599591 ShmemHugePages:        0 kB
1777804000.061599591 ShmemPmdMapped:        0 kB
1777804000.061599591 FileHugePages:         0 kB
1777804000.061599591 FilePmdMapped:         0 kB
1777804000.061599591 CmaTotal:          65536 kB
1777804000.061599591 CmaFree:           49128 kB
1777804000.061599591 Balloon:               0 kB
1777804000.061599591 HugePages_Total:     512
1777804000.061599591 HugePages_Free:      512
1777804000.061599591 HugePages_Rsvd:        0
1777804000.061599591 HugePages_Surp:        0
1777804000.061599591 Hugepagesize:       2048 kB
1777804000.061599591 Hugetlb:         1048576 kB
1777804001.068682478 MemTotal:        8124504 kB
1777804001.068682478 MemFree:         6391320 kB
1777804001.068682478 MemAvailable:    6670928 kB
1777804001.068682478 Buffers:           28000 kB
1777804001.068682478 Cached:           380656 kB
1777804001.068682478 SwapCached:            0 kB
1777804001.068682478 Active:           386784 kB
1777804001.068682478 Inactive:         104012 kB
1777804001.068682478 Active(anon):      85520 kB
1777804001.068682478 Inactive(anon):        0 kB
1777804001.068682478 Active(file):     301264 kB
1777804001.068682478 Inactive(file):   104012 kB
1777804001.068682478 Unevictable:           0 kB
1777804001.068682478 Mlocked:               0 kB
1777804001.068682478 SwapTotal:             0 kB
1777804001.068682478 SwapFree:              0 kB
1777804001.068682478 Zswap:                 0 kB
1777804001.068682478 Zswapped:              0 kB
1777804001.068682478 Dirty:                76 kB
1777804001.068682478 Writeback:             0 kB
1777804001.068682478 AnonPages:         82076 kB
1777804001.068682478 Mapped:            89552 kB
1777804001.068682478 Shmem:              3452 kB
1777804001.068682478 KReclaimable:      28180 kB
1777804001.068682478 Slab:             114688 kB
1777804001.068682478 SReclaimable:      28180 kB
1777804001.068682478 SUnreclaim:        86508 kB
1777804001.068682478 KernelStack:        2992 kB
1777804001.068682478 PageTables:         3640 kB
1777804001.068682478 SecPageTables:         0 kB
1777804001.068682478 NFS_Unstable:          0 kB
1777804001.068682478 Bounce:                0 kB
1777804001.068682478 WritebackTmp:          0 kB
1777804001.068682478 CommitLimit:     3537964 kB
1777804001.068682478 Committed_AS:     402852 kB
1777804001.068682478 VmallocTotal:   135288315904 kB
1777804001.068682478 VmallocUsed:       18720 kB
1777804001.068682478 VmallocChunk:          0 kB
1777804001.068682478 Percpu:             1456 kB
1777804001.068682478 AnonHugePages:         0 kB
1777804001.068682478 ShmemHugePages:        0 kB
1777804001.068682478 ShmemPmdMapped:        0 kB
1777804001.068682478 FileHugePages:         0 kB
1777804001.068682478 FilePmdMapped:         0 kB
1777804001.068682478 CmaTotal:          65536 kB
1777804001.068682478 CmaFree:           49128 kB
1777804001.068682478 Balloon:               0 kB
1777804001.068682478 HugePages_Total:     512
1777804001.068682478 HugePages_Free:      512
1777804001.068682478 HugePages_Rsvd:        0
1777804001.068682478 HugePages_Surp:        0
1777804001.068682478 Hugepagesize:       2048 kB
1777804001.068682478 Hugetlb:         1048576 kB
1777804002.076775889 MemTotal:        8124504 kB
1777804002.076775889 MemFree:         6392168 kB
1777804002.076775889 MemAvailable:    6671800 kB
1777804002.076775889 Buffers:           28008 kB
1777804002.076775889 Cached:           380668 kB
1777804002.076775889 SwapCached:            0 kB
1777804002.076775889 Active:           387436 kB
1777804002.076775889 Inactive:         104028 kB
1777804002.076775889 Active(anon):      86164 kB
1777804002.076775889 Inactive(anon):        0 kB
1777804002.076775889 Active(file):     301272 kB
1777804002.076775889 Inactive(file):   104028 kB
1777804002.076775889 Unevictable:           0 kB
1777804002.076775889 Mlocked:               0 kB
1777804002.076775889 SwapTotal:             0 kB
1777804002.076775889 SwapFree:              0 kB
1777804002.076775889 Zswap:                 0 kB
1777804002.076775889 Zswapped:              0 kB
1777804002.076775889 Dirty:                88 kB
1777804002.076775889 Writeback:             0 kB
1777804002.076775889 AnonPages:         82752 kB
1777804002.076775889 Mapped:            89360 kB
1777804002.076775889 Shmem:              3452 kB
1777804002.076775889 KReclaimable:      28180 kB
1777804002.076775889 Slab:             114704 kB
1777804002.076775889 SReclaimable:      28180 kB
1777804002.076775889 SUnreclaim:        86524 kB
1777804002.076775889 KernelStack:        2976 kB
1777804002.076775889 PageTables:         3364 kB
1777804002.076775889 SecPageTables:         0 kB
1777804002.076775889 NFS_Unstable:          0 kB
1777804002.076775889 Bounce:                0 kB
1777804002.076775889 WritebackTmp:          0 kB
1777804002.076775889 CommitLimit:     3537964 kB
1777804002.076775889 Committed_AS:     402964 kB
1777804002.076775889 VmallocTotal:   135288315904 kB
1777804002.076775889 VmallocUsed:       18688 kB
1777804002.076775889 VmallocChunk:          0 kB
1777804002.076775889 Percpu:             1456 kB
1777804002.076775889 AnonHugePages:         0 kB
1777804002.076775889 ShmemHugePages:        0 kB
1777804002.076775889 ShmemPmdMapped:        0 kB
1777804002.076775889 FileHugePages:         0 kB
1777804002.076775889 FilePmdMapped:         0 kB
1777804002.076775889 CmaTotal:          65536 kB
1777804002.076775889 CmaFree:           49128 kB
1777804002.076775889 Balloon:               0 kB
1777804002.076775889 HugePages_Total:     512
1777804002.076775889 HugePages_Free:      512
1777804002.076775889 HugePages_Rsvd:        0
1777804002.076775889 HugePages_Surp:        0
1777804002.076775889 Hugepagesize:       2048 kB
1777804002.076775889 Hugetlb:         1048576 kB
1777804003.085856085 MemTotal:        8124504 kB
1777804003.085856085 MemFree:         6392296 kB
1777804003.085856085 MemAvailable:    6671932 kB
1777804003.085856085 Buffers:           28008 kB
1777804003.085856085 Cached:           380668 kB
1777804003.085856085 SwapCached:            0 kB
1777804003.085856085 Active:           387368 kB
1777804003.085856085 Inactive:         104032 kB
1777804003.085856085 Active(anon):      86096 kB
1777804003.085856085 Inactive(anon):        0 kB
1777804003.085856085 Active(file):     301272 kB
1777804003.085856085 Inactive(file):   104032 kB
1777804003.085856085 Unevictable:           0 kB
1777804003.085856085 Mlocked:               0 kB
1777804003.085856085 SwapTotal:             0 kB
1777804003.085856085 SwapFree:              0 kB
1777804003.085856085 Zswap:                 0 kB
1777804003.085856085 Zswapped:              0 kB
1777804003.085856085 Dirty:                68 kB
1777804003.085856085 Writeback:             0 kB
1777804003.085856085 AnonPages:         82752 kB
1777804003.085856085 Mapped:            89360 kB
1777804003.085856085 Shmem:              3452 kB
1777804003.085856085 KReclaimable:      28180 kB
1777804003.085856085 Slab:             114708 kB
1777804003.085856085 SReclaimable:      28180 kB
1777804003.085856085 SUnreclaim:        86528 kB
1777804003.085856085 KernelStack:        2976 kB
1777804003.085856085 PageTables:         3412 kB
1777804003.085856085 SecPageTables:         0 kB
1777804003.085856085 NFS_Unstable:          0 kB
1777804003.085856085 Bounce:                0 kB
1777804003.085856085 WritebackTmp:          0 kB
1777804003.085856085 CommitLimit:     3537964 kB
1777804003.085856085 Committed_AS:     402964 kB
1777804003.085856085 VmallocTotal:   135288315904 kB
1777804003.085856085 VmallocUsed:       18704 kB
1777804003.085856085 VmallocChunk:          0 kB
1777804003.085856085 Percpu:             1456 kB
1777804003.085856085 AnonHugePages:         0 kB
1777804003.085856085 ShmemHugePages:        0 kB
1777804003.085856085 ShmemPmdMapped:        0 kB
1777804003.085856085 FileHugePages:         0 kB
1777804003.085856085 FilePmdMapped:         0 kB
1777804003.085856085 CmaTotal:          65536 kB
1777804003.085856085 CmaFree:           49128 kB
1777804003.085856085 Balloon:               0 kB
1777804003.085856085 HugePages_Total:     512
1777804003.085856085 HugePages_Free:      512
1777804003.085856085 HugePages_Rsvd:        0
1777804003.085856085 HugePages_Surp:        0
1777804003.085856085 Hugepagesize:       2048 kB
1777804003.085856085 Hugetlb:         1048576 kB
1777804004.094533148 MemTotal:        8124504 kB
1777804004.094533148 MemFree:         6390344 kB
1777804004.094533148 MemAvailable:    6669980 kB
1777804004.094533148 Buffers:           28008 kB
1777804004.094533148 Cached:           380672 kB
1777804004.094533148 SwapCached:            0 kB
1777804004.094533148 Active:           387424 kB
1777804004.094533148 Inactive:         104036 kB
1777804004.094533148 Active(anon):      86156 kB
1777804004.094533148 Inactive(anon):        0 kB
1777804004.094533148 Active(file):     301268 kB
1777804004.094533148 Inactive(file):   104036 kB
1777804004.094533148 Unevictable:           0 kB
1777804004.094533148 Mlocked:               0 kB
1777804004.094533148 SwapTotal:             0 kB
1777804004.094533148 SwapFree:              0 kB
1777804004.094533148 Zswap:                 0 kB
1777804004.094533148 Zswapped:              0 kB
1777804004.094533148 Dirty:                72 kB
1777804004.094533148 Writeback:             0 kB
1777804004.094533148 AnonPages:         82776 kB
1777804004.094533148 Mapped:            89360 kB
1777804004.094533148 Shmem:              3452 kB
1777804004.094533148 KReclaimable:      28180 kB
1777804004.094533148 Slab:             114696 kB
1777804004.094533148 SReclaimable:      28180 kB
1777804004.094533148 SUnreclaim:        86516 kB
1777804004.094533148 KernelStack:        2976 kB
1777804004.094533148 PageTables:         3320 kB
1777804004.094533148 SecPageTables:         0 kB
1777804004.094533148 NFS_Unstable:          0 kB
1777804004.094533148 Bounce:                0 kB
1777804004.094533148 WritebackTmp:          0 kB
1777804004.094533148 CommitLimit:     3537964 kB
1777804004.094533148 Committed_AS:     402964 kB
1777804004.094533148 VmallocTotal:   135288315904 kB
1777804004.094533148 VmallocUsed:       18704 kB
1777804004.094533148 VmallocChunk:          0 kB
1777804004.094533148 Percpu:             1456 kB
1777804004.094533148 AnonHugePages:         0 kB
1777804004.094533148 ShmemHugePages:        0 kB
1777804004.094533148 ShmemPmdMapped:        0 kB
1777804004.094533148 FileHugePages:         0 kB
1777804004.094533148 FilePmdMapped:         0 kB
1777804004.094533148 CmaTotal:          65536 kB
1777804004.094533148 CmaFree:           49128 kB
1777804004.094533148 Balloon:               0 kB
1777804004.094533148 HugePages_Total:     512
1777804004.094533148 HugePages_Free:      512
1777804004.094533148 HugePages_Rsvd:        0
1777804004.094533148 HugePages_Surp:        0
1777804004.094533148 Hugepagesize:       2048 kB
1777804004.094533148 Hugetlb:         1048576 kB
1777804005.103013469 MemTotal:        8124504 kB
1777804005.103013469 MemFree:         6391268 kB
1777804005.103013469 MemAvailable:    6670908 kB
1777804005.103013469 Buffers:           28008 kB
1777804005.103013469 Cached:           380680 kB
1777804005.103013469 SwapCached:            0 kB
1777804005.103013469 Active:           387356 kB
1777804005.103013469 Inactive:         104040 kB
1777804005.103013469 Active(anon):      86088 kB
1777804005.103013469 Inactive(anon):        0 kB
1777804005.103013469 Active(file):     301268 kB
1777804005.103013469 Inactive(file):   104040 kB
1777804005.103013469 Unevictable:           0 kB
1777804005.103013469 Mlocked:               0 kB
1777804005.103013469 SwapTotal:             0 kB
1777804005.103013469 SwapFree:              0 kB
1777804005.103013469 Zswap:                 0 kB
1777804005.103013469 Zswapped:              0 kB
1777804005.103013469 Dirty:                80 kB
1777804005.103013469 Writeback:             0 kB
1777804005.103013469 AnonPages:         82784 kB
1777804005.103013469 Mapped:            89320 kB
1777804005.103013469 Shmem:              3452 kB
1777804005.103013469 KReclaimable:      28180 kB
1777804005.103013469 Slab:             114712 kB
1777804005.103013469 SReclaimable:      28180 kB
1777804005.103013469 SUnreclaim:        86532 kB
1777804005.103013469 KernelStack:        2976 kB
1777804005.103013469 PageTables:         3320 kB
1777804005.103013469 SecPageTables:         0 kB
1777804005.103013469 NFS_Unstable:          0 kB
1777804005.103013469 Bounce:                0 kB
1777804005.103013469 WritebackTmp:          0 kB
1777804005.103013469 CommitLimit:     3537964 kB
1777804005.103013469 Committed_AS:     402964 kB
1777804005.103013469 VmallocTotal:   135288315904 kB
1777804005.103013469 VmallocUsed:       18672 kB
1777804005.103013469 VmallocChunk:          0 kB
1777804005.103013469 Percpu:             1456 kB
1777804005.103013469 AnonHugePages:         0 kB
1777804005.103013469 ShmemHugePages:        0 kB
1777804005.103013469 ShmemPmdMapped:        0 kB
1777804005.103013469 FileHugePages:         0 kB
1777804005.103013469 FilePmdMapped:         0 kB
1777804005.103013469 CmaTotal:          65536 kB
1777804005.103013469 CmaFree:           49128 kB
1777804005.103013469 Balloon:               0 kB
1777804005.103013469 HugePages_Total:     512
1777804005.103013469 HugePages_Free:      512
1777804005.103013469 HugePages_Rsvd:        0
1777804005.103013469 HugePages_Surp:        0
1777804005.103013469 Hugepagesize:       2048 kB
1777804005.103013469 Hugetlb:         1048576 kB
1777804006.111608865 MemTotal:        8124504 kB
1777804006.111608865 MemFree:         6389892 kB
1777804006.111608865 MemAvailable:    6669536 kB
1777804006.111608865 Buffers:           28008 kB
1777804006.111608865 Cached:           380684 kB
1777804006.111608865 SwapCached:            0 kB
1777804006.111608865 Active:           387436 kB
1777804006.111608865 Inactive:         104044 kB
1777804006.111608865 Active(anon):      86168 kB
1777804006.111608865 Inactive(anon):        0 kB
1777804006.111608865 Active(file):     301268 kB
1777804006.111608865 Inactive(file):   104044 kB
1777804006.111608865 Unevictable:           0 kB
1777804006.111608865 Mlocked:               0 kB
1777804006.111608865 SwapTotal:             0 kB
1777804006.111608865 SwapFree:              0 kB
1777804006.111608865 Zswap:                 0 kB
1777804006.111608865 Zswapped:              0 kB
1777804006.111608865 Dirty:                84 kB
1777804006.111608865 Writeback:             0 kB
1777804006.111608865 AnonPages:         82688 kB
1777804006.111608865 Mapped:            89320 kB
1777804006.111608865 Shmem:              3452 kB
1777804006.111608865 KReclaimable:      28180 kB
1777804006.111608865 Slab:             114712 kB
1777804006.111608865 SReclaimable:      28180 kB
1777804006.111608865 SUnreclaim:        86532 kB
1777804006.111608865 KernelStack:        2960 kB
1777804006.111608865 PageTables:         3316 kB
1777804006.111608865 SecPageTables:         0 kB
1777804006.111608865 NFS_Unstable:          0 kB
1777804006.111608865 Bounce:                0 kB
1777804006.111608865 WritebackTmp:          0 kB
1777804006.111608865 CommitLimit:     3537964 kB
1777804006.111608865 Committed_AS:     402964 kB
1777804006.111608865 VmallocTotal:   135288315904 kB
1777804006.111608865 VmallocUsed:       18720 kB
1777804006.111608865 VmallocChunk:          0 kB
1777804006.111608865 Percpu:             1456 kB
1777804006.111608865 AnonHugePages:         0 kB
1777804006.111608865 ShmemHugePages:        0 kB
1777804006.111608865 ShmemPmdMapped:        0 kB
1777804006.111608865 FileHugePages:         0 kB
1777804006.111608865 FilePmdMapped:         0 kB
1777804006.111608865 CmaTotal:          65536 kB
1777804006.111608865 CmaFree:           49128 kB
1777804006.111608865 Balloon:               0 kB
1777804006.111608865 HugePages_Total:     512
1777804006.111608865 HugePages_Free:      512
1777804006.111608865 HugePages_Rsvd:        0
1777804006.111608865 HugePages_Surp:        0
1777804006.111608865 Hugepagesize:       2048 kB
1777804006.111608865 Hugetlb:         1048576 kB
1777804007.120011631 MemTotal:        8124504 kB
1777804007.120011631 MemFree:         6390240 kB
1777804007.120011631 MemAvailable:    6669900 kB
1777804007.120011631 Buffers:           28016 kB
1777804007.120011631 Cached:           380692 kB
1777804007.120011631 SwapCached:            0 kB
1777804007.120011631 Active:           387364 kB
1777804007.120011631 Inactive:         104056 kB
1777804007.120011631 Active(anon):      86092 kB
1777804007.120011631 Inactive(anon):        0 kB
1777804007.120011631 Active(file):     301272 kB
1777804007.120011631 Inactive(file):   104056 kB
1777804007.120011631 Unevictable:           0 kB
1777804007.120011631 Mlocked:               0 kB
1777804007.120011631 SwapTotal:             0 kB
1777804007.120011631 SwapFree:              0 kB
1777804007.120011631 Zswap:                 0 kB
1777804007.120011631 Zswapped:              0 kB
1777804007.120011631 Dirty:                96 kB
1777804007.120011631 Writeback:             0 kB
1777804007.120011631 AnonPages:         82780 kB
1777804007.120011631 Mapped:            89320 kB
1777804007.120011631 Shmem:              3452 kB
1777804007.120011631 KReclaimable:      28180 kB
1777804007.120011631 Slab:             114712 kB
1777804007.120011631 SReclaimable:      28180 kB
1777804007.120011631 SUnreclaim:        86532 kB
1777804007.120011631 KernelStack:        2976 kB
1777804007.120011631 PageTables:         3320 kB
1777804007.120011631 SecPageTables:         0 kB
1777804007.120011631 NFS_Unstable:          0 kB
1777804007.120011631 Bounce:                0 kB
1777804007.120011631 WritebackTmp:          0 kB
1777804007.120011631 CommitLimit:     3537964 kB
1777804007.120011631 Committed_AS:     402964 kB
1777804007.120011631 VmallocTotal:   135288315904 kB
1777804007.120011631 VmallocUsed:       18688 kB
1777804007.120011631 VmallocChunk:          0 kB
1777804007.120011631 Percpu:             1456 kB
1777804007.120011631 AnonHugePages:         0 kB
1777804007.120011631 ShmemHugePages:        0 kB
1777804007.120011631 ShmemPmdMapped:        0 kB
1777804007.120011631 FileHugePages:         0 kB
1777804007.120011631 FilePmdMapped:         0 kB
1777804007.120011631 CmaTotal:          65536 kB
1777804007.120011631 CmaFree:           49128 kB
1777804007.120011631 Balloon:               0 kB
1777804007.120011631 HugePages_Total:     512
1777804007.120011631 HugePages_Free:      512
1777804007.120011631 HugePages_Rsvd:        0
1777804007.120011631 HugePages_Surp:        0
1777804007.120011631 Hugepagesize:       2048 kB
1777804007.120011631 Hugetlb:         1048576 kB
1777804008.128591119 MemTotal:        8124504 kB
1777804008.128591119 MemFree:         6389408 kB
1777804008.128591119 MemAvailable:    6669080 kB
1777804008.128591119 Buffers:           28016 kB
1777804008.128591119 Cached:           380696 kB
1777804008.128591119 SwapCached:            0 kB
1777804008.128591119 Active:           387384 kB
1777804008.128591119 Inactive:         104068 kB
1777804008.128591119 Active(anon):      86112 kB
1777804008.128591119 Inactive(anon):        0 kB
1777804008.128591119 Active(file):     301272 kB
1777804008.128591119 Inactive(file):   104068 kB
1777804008.128591119 Unevictable:           0 kB
1777804008.128591119 Mlocked:               0 kB
1777804008.128591119 SwapTotal:             0 kB
1777804008.128591119 SwapFree:              0 kB
1777804008.128591119 Zswap:                 0 kB
1777804008.128591119 Zswapped:              0 kB
1777804008.128591119 Dirty:               100 kB
1777804008.128591119 Writeback:             0 kB
1777804008.128591119 AnonPages:         82752 kB
1777804008.128591119 Mapped:            89360 kB
1777804008.128591119 Shmem:              3452 kB
1777804008.128591119 KReclaimable:      28180 kB
1777804008.128591119 Slab:             114700 kB
1777804008.128591119 SReclaimable:      28180 kB
1777804008.128591119 SUnreclaim:        86520 kB
1777804008.128591119 KernelStack:        2976 kB
1777804008.128591119 PageTables:         3396 kB
1777804008.128591119 SecPageTables:         0 kB
1777804008.128591119 NFS_Unstable:          0 kB
1777804008.128591119 Bounce:                0 kB
1777804008.128591119 WritebackTmp:          0 kB
1777804008.128591119 CommitLimit:     3537964 kB
1777804008.128591119 Committed_AS:     402964 kB
1777804008.128591119 VmallocTotal:   135288315904 kB
1777804008.128591119 VmallocUsed:       18704 kB
1777804008.128591119 VmallocChunk:          0 kB
1777804008.128591119 Percpu:             1456 kB
1777804008.128591119 AnonHugePages:         0 kB
1777804008.128591119 ShmemHugePages:        0 kB
1777804008.128591119 ShmemPmdMapped:        0 kB
1777804008.128591119 FileHugePages:         0 kB
1777804008.128591119 FilePmdMapped:         0 kB
1777804008.128591119 CmaTotal:          65536 kB
1777804008.128591119 CmaFree:           49128 kB
1777804008.128591119 Balloon:               0 kB
1777804008.128591119 HugePages_Total:     512
1777804008.128591119 HugePages_Free:      512
1777804008.128591119 HugePages_Rsvd:        0
1777804008.128591119 HugePages_Surp:        0
1777804008.128591119 Hugepagesize:       2048 kB
1777804008.128591119 Hugetlb:         1048576 kB
1777804009.137131978 MemTotal:        8124504 kB
1777804009.137131978 MemFree:         6390000 kB
1777804009.137131978 MemAvailable:    6669672 kB
1777804009.137131978 Buffers:           28016 kB
1777804009.137131978 Cached:           380696 kB
1777804009.137131978 SwapCached:            0 kB
1777804009.137131978 Active:           387324 kB
1777804009.137131978 Inactive:         104068 kB
1777804009.137131978 Active(anon):      86052 kB
1777804009.137131978 Inactive(anon):        0 kB
1777804009.137131978 Active(file):     301272 kB
1777804009.137131978 Inactive(file):   104068 kB
1777804009.137131978 Unevictable:           0 kB
1777804009.137131978 Mlocked:               0 kB
1777804009.137131978 SwapTotal:             0 kB
1777804009.137131978 SwapFree:              0 kB
1777804009.137131978 Zswap:                 0 kB
1777804009.137131978 Zswapped:              0 kB
1777804009.137131978 Dirty:               100 kB
1777804009.137131978 Writeback:             0 kB
1777804009.137131978 AnonPages:         82676 kB
1777804009.137131978 Mapped:            89320 kB
1777804009.137131978 Shmem:              3452 kB
1777804009.137131978 KReclaimable:      28180 kB
1777804009.137131978 Slab:             114716 kB
1777804009.137131978 SReclaimable:      28180 kB
1777804009.137131978 SUnreclaim:        86536 kB
1777804009.137131978 KernelStack:        2976 kB
1777804009.137131978 PageTables:         3416 kB
1777804009.137131978 SecPageTables:         0 kB
1777804009.137131978 NFS_Unstable:          0 kB
1777804009.137131978 Bounce:                0 kB
1777804009.137131978 WritebackTmp:          0 kB
1777804009.137131978 CommitLimit:     3537964 kB
1777804009.137131978 Committed_AS:     402964 kB
1777804009.137131978 VmallocTotal:   135288315904 kB
1777804009.137131978 VmallocUsed:       18688 kB
1777804009.137131978 VmallocChunk:          0 kB
1777804009.137131978 Percpu:             1456 kB
1777804009.137131978 AnonHugePages:         0 kB
1777804009.137131978 ShmemHugePages:        0 kB
1777804009.137131978 ShmemPmdMapped:        0 kB
1777804009.137131978 FileHugePages:         0 kB
1777804009.137131978 FilePmdMapped:         0 kB
1777804009.137131978 CmaTotal:          65536 kB
1777804009.137131978 CmaFree:           49128 kB
1777804009.137131978 Balloon:               0 kB
1777804009.137131978 HugePages_Total:     512
1777804009.137131978 HugePages_Free:      512
1777804009.137131978 HugePages_Rsvd:        0
1777804009.137131978 HugePages_Surp:        0
1777804009.137131978 Hugepagesize:       2048 kB
1777804009.137131978 Hugetlb:         1048576 kB
1777804010.145821056 MemTotal:        8124504 kB
1777804010.145821056 MemFree:         6391952 kB
1777804010.145821056 MemAvailable:    6671624 kB
1777804010.145821056 Buffers:           28016 kB
1777804010.145821056 Cached:           380704 kB
1777804010.145821056 SwapCached:            0 kB
1777804010.145821056 Active:           387244 kB
1777804010.145821056 Inactive:         104072 kB
1777804010.145821056 Active(anon):      85976 kB
1777804010.145821056 Inactive(anon):        0 kB
1777804010.145821056 Active(file):     301268 kB
1777804010.145821056 Inactive(file):   104072 kB
1777804010.145821056 Unevictable:           0 kB
1777804010.145821056 Mlocked:               0 kB
1777804010.145821056 SwapTotal:             0 kB
1777804010.145821056 SwapFree:              0 kB
1777804010.145821056 Zswap:                 0 kB
1777804010.145821056 Zswapped:              0 kB
1777804010.145821056 Dirty:               108 kB
1777804010.145821056 Writeback:             0 kB
1777804010.145821056 AnonPages:         82696 kB
1777804010.145821056 Mapped:            89320 kB
1777804010.145821056 Shmem:              3452 kB
1777804010.145821056 KReclaimable:      28180 kB
1777804010.145821056 Slab:             114720 kB
1777804010.145821056 SReclaimable:      28180 kB
1777804010.145821056 SUnreclaim:        86540 kB
1777804010.145821056 KernelStack:        2960 kB
1777804010.145821056 PageTables:         3360 kB
1777804010.145821056 SecPageTables:         0 kB
1777804010.145821056 NFS_Unstable:          0 kB
1777804010.145821056 Bounce:                0 kB
1777804010.145821056 WritebackTmp:          0 kB
1777804010.145821056 CommitLimit:     3537964 kB
1777804010.145821056 Committed_AS:     402964 kB
1777804010.145821056 VmallocTotal:   135288315904 kB
1777804010.145821056 VmallocUsed:       18672 kB
1777804010.145821056 VmallocChunk:          0 kB
1777804010.145821056 Percpu:             1456 kB
1777804010.145821056 AnonHugePages:         0 kB
1777804010.145821056 ShmemHugePages:        0 kB
1777804010.145821056 ShmemPmdMapped:        0 kB
1777804010.145821056 FileHugePages:         0 kB
1777804010.145821056 FilePmdMapped:         0 kB
1777804010.145821056 CmaTotal:          65536 kB
1777804010.145821056 CmaFree:           49128 kB
1777804010.145821056 Balloon:               0 kB
1777804010.145821056 HugePages_Total:     512
1777804010.145821056 HugePages_Free:      512
1777804010.145821056 HugePages_Rsvd:        0
1777804010.145821056 HugePages_Surp:        0
1777804010.145821056 Hugepagesize:       2048 kB
1777804010.145821056 Hugetlb:         1048576 kB
1777804011.154405094 MemTotal:        8124504 kB
1777804011.154405094 MemFree:         6389896 kB
1777804011.154405094 MemAvailable:    6669576 kB
1777804011.154405094 Buffers:           28016 kB
1777804011.154405094 Cached:           380704 kB
1777804011.154405094 SwapCached:            0 kB
1777804011.154405094 Active:           387508 kB
1777804011.154405094 Inactive:         104076 kB
1777804011.154405094 Active(anon):      86236 kB
1777804011.154405094 Inactive(anon):        0 kB
1777804011.154405094 Active(file):     301272 kB
1777804011.154405094 Inactive(file):   104076 kB
1777804011.154405094 Unevictable:           0 kB
1777804011.154405094 Mlocked:               0 kB
1777804011.154405094 SwapTotal:             0 kB
1777804011.154405094 SwapFree:              0 kB
1777804011.154405094 Zswap:                 0 kB
1777804011.154405094 Zswapped:              0 kB
1777804011.154405094 Dirty:               108 kB
1777804011.154405094 Writeback:             0 kB
1777804011.154405094 AnonPages:         82808 kB
1777804011.154405094 Mapped:            89360 kB
1777804011.154405094 Shmem:              3452 kB
1777804011.154405094 KReclaimable:      28180 kB
1777804011.154405094 Slab:             114724 kB
1777804011.154405094 SReclaimable:      28180 kB
1777804011.154405094 SUnreclaim:        86544 kB
1777804011.154405094 KernelStack:        2976 kB
1777804011.154405094 PageTables:         3336 kB
1777804011.154405094 SecPageTables:         0 kB
1777804011.154405094 NFS_Unstable:          0 kB
1777804011.154405094 Bounce:                0 kB
1777804011.154405094 WritebackTmp:          0 kB
1777804011.154405094 CommitLimit:     3537964 kB
1777804011.154405094 Committed_AS:     402964 kB
1777804011.154405094 VmallocTotal:   135288315904 kB
1777804011.154405094 VmallocUsed:       18672 kB
1777804011.154405094 VmallocChunk:          0 kB
1777804011.154405094 Percpu:             1456 kB
1777804011.154405094 AnonHugePages:         0 kB
1777804011.154405094 ShmemHugePages:        0 kB
1777804011.154405094 ShmemPmdMapped:        0 kB
1777804011.154405094 FileHugePages:         0 kB
1777804011.154405094 FilePmdMapped:         0 kB
1777804011.154405094 CmaTotal:          65536 kB
1777804011.154405094 CmaFree:           49128 kB
1777804011.154405094 Balloon:               0 kB
1777804011.154405094 HugePages_Total:     512
1777804011.154405094 HugePages_Free:      512
1777804011.154405094 HugePages_Rsvd:        0
1777804011.154405094 HugePages_Surp:        0
1777804011.154405094 Hugepagesize:       2048 kB
1777804011.154405094 Hugetlb:         1048576 kB
1777804012.162887390 MemTotal:        8124504 kB
1777804012.162887390 MemFree:         6390484 kB
1777804012.162887390 MemAvailable:    6670172 kB
1777804012.162887390 Buffers:           28024 kB
1777804012.162887390 Cached:           380712 kB
1777804012.162887390 SwapCached:            0 kB
1777804012.162887390 Active:           387440 kB
1777804012.162887390 Inactive:         104088 kB
1777804012.162887390 Active(anon):      86172 kB
1777804012.162887390 Inactive(anon):        0 kB
1777804012.162887390 Active(file):     301268 kB
1777804012.162887390 Inactive(file):   104088 kB
1777804012.162887390 Unevictable:           0 kB
1777804012.162887390 Mlocked:               0 kB
1777804012.162887390 SwapTotal:             0 kB
1777804012.162887390 SwapFree:              0 kB
1777804012.162887390 Zswap:                 0 kB
1777804012.162887390 Zswapped:              0 kB
1777804012.162887390 Dirty:               116 kB
1777804012.162887390 Writeback:             0 kB
1777804012.162887390 AnonPages:         82884 kB
1777804012.162887390 Mapped:            89296 kB
1777804012.162887390 Shmem:              3452 kB
1777804012.162887390 KReclaimable:      28180 kB
1777804012.162887390 Slab:             114720 kB
1777804012.162887390 SReclaimable:      28180 kB
1777804012.162887390 SUnreclaim:        86540 kB
1777804012.162887390 KernelStack:        2960 kB
1777804012.162887390 PageTables:         3304 kB
1777804012.162887390 SecPageTables:         0 kB
1777804012.162887390 NFS_Unstable:          0 kB
1777804012.162887390 Bounce:                0 kB
1777804012.162887390 WritebackTmp:          0 kB
1777804012.162887390 CommitLimit:     3537964 kB
1777804012.162887390 Committed_AS:     402964 kB
1777804012.162887390 VmallocTotal:   135288315904 kB
1777804012.162887390 VmallocUsed:       18688 kB
1777804012.162887390 VmallocChunk:          0 kB
1777804012.162887390 Percpu:             1456 kB
1777804012.162887390 AnonHugePages:         0 kB
1777804012.162887390 ShmemHugePages:        0 kB
1777804012.162887390 ShmemPmdMapped:        0 kB
1777804012.162887390 FileHugePages:         0 kB
1777804012.162887390 FilePmdMapped:         0 kB
1777804012.162887390 CmaTotal:          65536 kB
1777804012.162887390 CmaFree:           49128 kB
1777804012.162887390 Balloon:               0 kB
1777804012.162887390 HugePages_Total:     512
1777804012.162887390 HugePages_Free:      512
1777804012.162887390 HugePages_Rsvd:        0
1777804012.162887390 HugePages_Surp:        0
1777804012.162887390 Hugepagesize:       2048 kB
1777804012.162887390 Hugetlb:         1048576 kB
1777804013.171582465 MemTotal:        8124504 kB
1777804013.171582465 MemFree:         6389532 kB
1777804013.171582465 MemAvailable:    6669228 kB
1777804013.171582465 Buffers:           28024 kB
1777804013.171582465 Cached:           380724 kB
1777804013.171582465 SwapCached:            0 kB
1777804013.171582465 Active:           387252 kB
1777804013.171582465 Inactive:         104100 kB
1777804013.171582465 Active(anon):      85988 kB
1777804013.171582465 Inactive(anon):        0 kB
1777804013.171582465 Active(file):     301264 kB
1777804013.171582465 Inactive(file):   104100 kB
1777804013.171582465 Unevictable:           0 kB
1777804013.171582465 Mlocked:               0 kB
1777804013.171582465 SwapTotal:             0 kB
1777804013.171582465 SwapFree:              0 kB
1777804013.171582465 Zswap:                 0 kB
1777804013.171582465 Zswapped:              0 kB
1777804013.171582465 Dirty:               128 kB
1777804013.171582465 Writeback:             0 kB
1777804013.171582465 AnonPages:         82696 kB
1777804013.171582465 Mapped:            89320 kB
1777804013.171582465 Shmem:              3452 kB
1777804013.171582465 KReclaimable:      28180 kB
1777804013.171582465 Slab:             114716 kB
1777804013.171582465 SReclaimable:      28180 kB
1777804013.171582465 SUnreclaim:        86536 kB
1777804013.171582465 KernelStack:        2960 kB
1777804013.171582465 PageTables:         3324 kB
1777804013.171582465 SecPageTables:         0 kB
1777804013.171582465 NFS_Unstable:          0 kB
1777804013.171582465 Bounce:                0 kB
1777804013.171582465 WritebackTmp:          0 kB
1777804013.171582465 CommitLimit:     3537964 kB
1777804013.171582465 Committed_AS:     402964 kB
1777804013.171582465 VmallocTotal:   135288315904 kB
1777804013.171582465 VmallocUsed:       18688 kB
1777804013.171582465 VmallocChunk:          0 kB
1777804013.171582465 Percpu:             1456 kB
1777804013.171582465 AnonHugePages:         0 kB
1777804013.171582465 ShmemHugePages:        0 kB
1777804013.171582465 ShmemPmdMapped:        0 kB
1777804013.171582465 FileHugePages:         0 kB
1777804013.171582465 FilePmdMapped:         0 kB
1777804013.171582465 CmaTotal:          65536 kB
1777804013.171582465 CmaFree:           49128 kB
1777804013.171582465 Balloon:               0 kB
1777804013.171582465 HugePages_Total:     512
1777804013.171582465 HugePages_Free:      512
1777804013.171582465 HugePages_Rsvd:        0
1777804013.171582465 HugePages_Surp:        0
1777804013.171582465 Hugepagesize:       2048 kB
1777804013.171582465 Hugetlb:         1048576 kB
1777804014.180049947 MemTotal:        8124504 kB
1777804014.180049947 MemFree:         6389832 kB
1777804014.180049947 MemAvailable:    6669540 kB
1777804014.180049947 Buffers:           28024 kB
1777804014.180049947 Cached:           380724 kB
1777804014.180049947 SwapCached:            0 kB
1777804014.180049947 Active:           387432 kB
1777804014.180049947 Inactive:         104104 kB
1777804014.180049947 Active(anon):      86160 kB
1777804014.180049947 Inactive(anon):        0 kB
1777804014.180049947 Active(file):     301272 kB
1777804014.180049947 Inactive(file):   104104 kB
1777804014.180049947 Unevictable:           0 kB
1777804014.180049947 Mlocked:               0 kB
1777804014.180049947 SwapTotal:             0 kB
1777804014.180049947 SwapFree:              0 kB
1777804014.180049947 Zswap:                 0 kB
1777804014.180049947 Zswapped:              0 kB
1777804014.180049947 Dirty:               128 kB
1777804014.180049947 Writeback:             0 kB
1777804014.180049947 AnonPages:         82792 kB
1777804014.180049947 Mapped:            89360 kB
1777804014.180049947 Shmem:              3452 kB
1777804014.180049947 KReclaimable:      28180 kB
1777804014.180049947 Slab:             114728 kB
1777804014.180049947 SReclaimable:      28180 kB
1777804014.180049947 SUnreclaim:        86548 kB
1777804014.180049947 KernelStack:        2976 kB
1777804014.180049947 PageTables:         3388 kB
1777804014.180049947 SecPageTables:         0 kB
1777804014.180049947 NFS_Unstable:          0 kB
1777804014.180049947 Bounce:                0 kB
1777804014.180049947 WritebackTmp:          0 kB
1777804014.180049947 CommitLimit:     3537964 kB
1777804014.180049947 Committed_AS:     402964 kB
1777804014.180049947 VmallocTotal:   135288315904 kB
1777804014.180049947 VmallocUsed:       18688 kB
1777804014.180049947 VmallocChunk:          0 kB
1777804014.180049947 Percpu:             1456 kB
1777804014.180049947 AnonHugePages:         0 kB
1777804014.180049947 ShmemHugePages:        0 kB
1777804014.180049947 ShmemPmdMapped:        0 kB
1777804014.180049947 FileHugePages:         0 kB
1777804014.180049947 FilePmdMapped:         0 kB
1777804014.180049947 CmaTotal:          65536 kB
1777804014.180049947 CmaFree:           49128 kB
1777804014.180049947 Balloon:               0 kB
1777804014.180049947 HugePages_Total:     512
1777804014.180049947 HugePages_Free:      512
1777804014.180049947 HugePages_Rsvd:        0
1777804014.180049947 HugePages_Surp:        0
1777804014.180049947 Hugepagesize:       2048 kB
1777804014.180049947 Hugetlb:         1048576 kB
1777804015.188611429 MemTotal:        8124504 kB
1777804015.188611429 MemFree:         6391900 kB
1777804015.188611429 MemAvailable:    6671616 kB
1777804015.188611429 Buffers:           28024 kB
1777804015.188611429 Cached:           380728 kB
1777804015.188611429 SwapCached:            0 kB
1777804015.188611429 Active:           387372 kB
1777804015.188611429 Inactive:         104108 kB
1777804015.188611429 Active(anon):      86096 kB
1777804015.188611429 Inactive(anon):        0 kB
1777804015.188611429 Active(file):     301276 kB
1777804015.188611429 Inactive(file):   104108 kB
1777804015.188611429 Unevictable:           0 kB
1777804015.188611429 Mlocked:               0 kB
1777804015.188611429 SwapTotal:             0 kB
1777804015.188611429 SwapFree:              0 kB
1777804015.188611429 Zswap:                 0 kB
1777804015.188611429 Zswapped:              0 kB
1777804015.188611429 Dirty:               132 kB
1777804015.188611429 Writeback:             0 kB
1777804015.188611429 AnonPages:         82792 kB
1777804015.188611429 Mapped:            89360 kB
1777804015.188611429 Shmem:              3452 kB
1777804015.188611429 KReclaimable:      28180 kB
1777804015.188611429 Slab:             114732 kB
1777804015.188611429 SReclaimable:      28180 kB
1777804015.188611429 SUnreclaim:        86552 kB
1777804015.188611429 KernelStack:        2976 kB
1777804015.188611429 PageTables:         3400 kB
1777804015.188611429 SecPageTables:         0 kB
1777804015.188611429 NFS_Unstable:          0 kB
1777804015.188611429 Bounce:                0 kB
1777804015.188611429 WritebackTmp:          0 kB
1777804015.188611429 CommitLimit:     3537964 kB
1777804015.188611429 Committed_AS:     402964 kB
1777804015.188611429 VmallocTotal:   135288315904 kB
1777804015.188611429 VmallocUsed:       18688 kB
1777804015.188611429 VmallocChunk:          0 kB
1777804015.188611429 Percpu:             1456 kB
1777804015.188611429 AnonHugePages:         0 kB
1777804015.188611429 ShmemHugePages:        0 kB
1777804015.188611429 ShmemPmdMapped:        0 kB
1777804015.188611429 FileHugePages:         0 kB
1777804015.188611429 FilePmdMapped:         0 kB
1777804015.188611429 CmaTotal:          65536 kB
1777804015.188611429 CmaFree:           49128 kB
1777804015.188611429 Balloon:               0 kB
1777804015.188611429 HugePages_Total:     512
1777804015.188611429 HugePages_Free:      512
1777804015.188611429 HugePages_Rsvd:        0
1777804015.188611429 HugePages_Surp:        0
1777804015.188611429 Hugepagesize:       2048 kB
1777804015.188611429 Hugetlb:         1048576 kB
1777804016.197217874 MemTotal:        8124504 kB
1777804016.197217874 MemFree:         6390916 kB
1777804016.197217874 MemAvailable:    6670624 kB
1777804016.197217874 Buffers:           28024 kB
1777804016.197217874 Cached:           380732 kB
1777804016.197217874 SwapCached:            0 kB
1777804016.197217874 Active:           387364 kB
1777804016.197217874 Inactive:         104112 kB
1777804016.197217874 Active(anon):      86100 kB
1777804016.197217874 Inactive(anon):        0 kB
1777804016.197217874 Active(file):     301264 kB
1777804016.197217874 Inactive(file):   104112 kB
1777804016.197217874 Unevictable:           0 kB
1777804016.197217874 Mlocked:               0 kB
1777804016.197217874 SwapTotal:             0 kB
1777804016.197217874 SwapFree:              0 kB
1777804016.197217874 Zswap:                 0 kB
1777804016.197217874 Zswapped:              0 kB
1777804016.197217874 Dirty:               136 kB
1777804016.197217874 Writeback:             0 kB
1777804016.197217874 AnonPages:         82692 kB
1777804016.197217874 Mapped:            89320 kB
1777804016.197217874 Shmem:              3452 kB
1777804016.197217874 KReclaimable:      28180 kB
1777804016.197217874 Slab:             114728 kB
1777804016.197217874 SReclaimable:      28180 kB
1777804016.197217874 SUnreclaim:        86548 kB
1777804016.197217874 KernelStack:        2976 kB
1777804016.197217874 PageTables:         3320 kB
1777804016.197217874 SecPageTables:         0 kB
1777804016.197217874 NFS_Unstable:          0 kB
1777804016.197217874 Bounce:                0 kB
1777804016.197217874 WritebackTmp:          0 kB
1777804016.197217874 CommitLimit:     3537964 kB
1777804016.197217874 Committed_AS:     402964 kB
1777804016.197217874 VmallocTotal:   135288315904 kB
1777804016.197217874 VmallocUsed:       18688 kB
1777804016.197217874 VmallocChunk:          0 kB
1777804016.197217874 Percpu:             1456 kB
1777804016.197217874 AnonHugePages:         0 kB
1777804016.197217874 ShmemHugePages:        0 kB
1777804016.197217874 ShmemPmdMapped:        0 kB
1777804016.197217874 FileHugePages:         0 kB
1777804016.197217874 FilePmdMapped:         0 kB
1777804016.197217874 CmaTotal:          65536 kB
1777804016.197217874 CmaFree:           49128 kB
1777804016.197217874 Balloon:               0 kB
1777804016.197217874 HugePages_Total:     512
1777804016.197217874 HugePages_Free:      512
1777804016.197217874 HugePages_Rsvd:        0
1777804016.197217874 HugePages_Surp:        0
1777804016.197217874 Hugepagesize:       2048 kB
1777804016.197217874 Hugetlb:         1048576 kB
1777804017.205671725 MemTotal:        8124504 kB
1777804017.205671725 MemFree:         6391348 kB
1777804017.205671725 MemAvailable:    6671064 kB
1777804017.205671725 Buffers:           28032 kB
1777804017.205671725 Cached:           380736 kB
1777804017.205671725 SwapCached:            0 kB
1777804017.205671725 Active:           387312 kB
1777804017.205671725 Inactive:         104112 kB
1777804017.205671725 Active(anon):      86040 kB
1777804017.205671725 Inactive(anon):        0 kB
1777804017.205671725 Active(file):     301272 kB
1777804017.205671725 Inactive(file):   104112 kB
1777804017.205671725 Unevictable:           0 kB
1777804017.205671725 Mlocked:               0 kB
1777804017.205671725 SwapTotal:             0 kB
1777804017.205671725 SwapFree:              0 kB
1777804017.205671725 Zswap:                 0 kB
1777804017.205671725 Zswapped:              0 kB
1777804017.205671725 Dirty:               140 kB
1777804017.205671725 Writeback:             0 kB
1777804017.205671725 AnonPages:         82776 kB
1777804017.205671725 Mapped:            89320 kB
1777804017.205671725 Shmem:              3452 kB
1777804017.205671725 KReclaimable:      28180 kB
1777804017.205671725 Slab:             114716 kB
1777804017.205671725 SReclaimable:      28180 kB
1777804017.205671725 SUnreclaim:        86536 kB
1777804017.205671725 KernelStack:        2976 kB
1777804017.205671725 PageTables:         3328 kB
1777804017.205671725 SecPageTables:         0 kB
1777804017.205671725 NFS_Unstable:          0 kB
1777804017.205671725 Bounce:                0 kB
1777804017.205671725 WritebackTmp:          0 kB
1777804017.205671725 CommitLimit:     3537964 kB
1777804017.205671725 Committed_AS:     402964 kB
1777804017.205671725 VmallocTotal:   135288315904 kB
1777804017.205671725 VmallocUsed:       18672 kB
1777804017.205671725 VmallocChunk:          0 kB
1777804017.205671725 Percpu:             1456 kB
1777804017.205671725 AnonHugePages:         0 kB
1777804017.205671725 ShmemHugePages:        0 kB
1777804017.205671725 ShmemPmdMapped:        0 kB
1777804017.205671725 FileHugePages:         0 kB
1777804017.205671725 FilePmdMapped:         0 kB
1777804017.205671725 CmaTotal:          65536 kB
1777804017.205671725 CmaFree:           49128 kB
1777804017.205671725 Balloon:               0 kB
1777804017.205671725 HugePages_Total:     512
1777804017.205671725 HugePages_Free:      512
1777804017.205671725 HugePages_Rsvd:        0
1777804017.205671725 HugePages_Surp:        0
1777804017.205671725 Hugepagesize:       2048 kB
1777804017.205671725 Hugetlb:         1048576 kB
1777804018.214286171 MemTotal:        8124504 kB
1777804018.214286171 MemFree:         6389140 kB
1777804018.214286171 MemAvailable:    6668868 kB
1777804018.214286171 Buffers:           28032 kB
1777804018.214286171 Cached:           380740 kB
1777804018.214286171 SwapCached:            0 kB
1777804018.214286171 Active:           387340 kB
1777804018.214286171 Inactive:         104128 kB
1777804018.214286171 Active(anon):      86072 kB
1777804018.214286171 Inactive(anon):        0 kB
1777804018.214286171 Active(file):     301268 kB
1777804018.214286171 Inactive(file):   104128 kB
1777804018.214286171 Unevictable:           0 kB
1777804018.214286171 Mlocked:               0 kB
1777804018.214286171 SwapTotal:             0 kB
1777804018.214286171 SwapFree:              0 kB
1777804018.214286171 Zswap:                 0 kB
1777804018.214286171 Zswapped:              0 kB
1777804018.214286171 Dirty:               144 kB
1777804018.214286171 Writeback:             0 kB
1777804018.214286171 AnonPages:         82780 kB
1777804018.214286171 Mapped:            89320 kB
1777804018.214286171 Shmem:              3452 kB
1777804018.214286171 KReclaimable:      28180 kB
1777804018.214286171 Slab:             114728 kB
1777804018.214286171 SReclaimable:      28180 kB
1777804018.214286171 SUnreclaim:        86548 kB
1777804018.214286171 KernelStack:        2976 kB
1777804018.214286171 PageTables:         3352 kB
1777804018.214286171 SecPageTables:         0 kB
1777804018.214286171 NFS_Unstable:          0 kB
1777804018.214286171 Bounce:                0 kB
1777804018.214286171 WritebackTmp:          0 kB
1777804018.214286171 CommitLimit:     3537964 kB
1777804018.214286171 Committed_AS:     402964 kB
1777804018.214286171 VmallocTotal:   135288315904 kB
1777804018.214286171 VmallocUsed:       18672 kB
1777804018.214286171 VmallocChunk:          0 kB
1777804018.214286171 Percpu:             1456 kB
1777804018.214286171 AnonHugePages:         0 kB
1777804018.214286171 ShmemHugePages:        0 kB
1777804018.214286171 ShmemPmdMapped:        0 kB
1777804018.214286171 FileHugePages:         0 kB
1777804018.214286171 FilePmdMapped:         0 kB
1777804018.214286171 CmaTotal:          65536 kB
1777804018.214286171 CmaFree:           49128 kB
1777804018.214286171 Balloon:               0 kB
1777804018.214286171 HugePages_Total:     512
1777804018.214286171 HugePages_Free:      512
1777804018.214286171 HugePages_Rsvd:        0
1777804018.214286171 HugePages_Surp:        0
1777804018.214286171 Hugepagesize:       2048 kB
1777804018.214286171 Hugetlb:         1048576 kB
1777804019.222805875 MemTotal:        8124504 kB
1777804019.222805875 MemFree:         6388548 kB
1777804019.222805875 MemAvailable:    6668288 kB
1777804019.222805875 Buffers:           28032 kB
1777804019.222805875 Cached:           380752 kB
1777804019.222805875 SwapCached:            0 kB
1777804019.222805875 Active:           387312 kB
1777804019.222805875 Inactive:         104140 kB
1777804019.222805875 Active(anon):      86044 kB
1777804019.222805875 Inactive(anon):        0 kB
1777804019.222805875 Active(file):     301268 kB
1777804019.222805875 Inactive(file):   104140 kB
1777804019.222805875 Unevictable:           0 kB
1777804019.222805875 Mlocked:               0 kB
1777804019.222805875 SwapTotal:             0 kB
1777804019.222805875 SwapFree:              0 kB
1777804019.222805875 Zswap:                 0 kB
1777804019.222805875 Zswapped:              0 kB
1777804019.222805875 Dirty:               156 kB
1777804019.222805875 Writeback:             0 kB
1777804019.222805875 AnonPages:         82780 kB
1777804019.222805875 Mapped:            89320 kB
1777804019.222805875 Shmem:              3452 kB
1777804019.222805875 KReclaimable:      28180 kB
1777804019.222805875 Slab:             114760 kB
1777804019.222805875 SReclaimable:      28180 kB
1777804019.222805875 SUnreclaim:        86580 kB
1777804019.222805875 KernelStack:        2976 kB
1777804019.222805875 PageTables:         3328 kB
1777804019.222805875 SecPageTables:         0 kB
1777804019.222805875 NFS_Unstable:          0 kB
1777804019.222805875 Bounce:                0 kB
1777804019.222805875 WritebackTmp:          0 kB
1777804019.222805875 CommitLimit:     3537964 kB
1777804019.222805875 Committed_AS:     402964 kB
1777804019.222805875 VmallocTotal:   135288315904 kB
1777804019.222805875 VmallocUsed:       18704 kB
1777804019.222805875 VmallocChunk:          0 kB
1777804019.222805875 Percpu:             1456 kB
1777804019.222805875 AnonHugePages:         0 kB
1777804019.222805875 ShmemHugePages:        0 kB
1777804019.222805875 ShmemPmdMapped:        0 kB
1777804019.222805875 FileHugePages:         0 kB
1777804019.222805875 FilePmdMapped:         0 kB
1777804019.222805875 CmaTotal:          65536 kB
1777804019.222805875 CmaFree:           49128 kB
1777804019.222805875 Balloon:               0 kB
1777804019.222805875 HugePages_Total:     512
1777804019.222805875 HugePages_Free:      512
1777804019.222805875 HugePages_Rsvd:        0
1777804019.222805875 HugePages_Surp:        0
1777804019.222805875 Hugepagesize:       2048 kB
1777804019.222805875 Hugetlb:         1048576 kB
1777804020.231290189 MemTotal:        8124504 kB
1777804020.231290189 MemFree:         6388464 kB
1777804020.231290189 MemAvailable:    6668208 kB
1777804020.231290189 Buffers:           28032 kB
1777804020.231290189 Cached:           380752 kB
1777804020.231290189 SwapCached:            0 kB
1777804020.231290189 Active:           387420 kB
1777804020.231290189 Inactive:         104140 kB
1777804020.231290189 Active(anon):      86148 kB
1777804020.231290189 Inactive(anon):        0 kB
1777804020.231290189 Active(file):     301272 kB
1777804020.231290189 Inactive(file):   104140 kB
1777804020.231290189 Unevictable:           0 kB
1777804020.231290189 Mlocked:               0 kB
1777804020.231290189 SwapTotal:             0 kB
1777804020.231290189 SwapFree:              0 kB
1777804020.231290189 Zswap:                 0 kB
1777804020.231290189 Zswapped:              0 kB
1777804020.231290189 Dirty:               156 kB
1777804020.231290189 Writeback:             0 kB
1777804020.231290189 AnonPages:         82732 kB
1777804020.231290189 Mapped:            89320 kB
1777804020.231290189 Shmem:              3452 kB
1777804020.231290189 KReclaimable:      28180 kB
1777804020.231290189 Slab:             114732 kB
1777804020.231290189 SReclaimable:      28180 kB
1777804020.231290189 SUnreclaim:        86552 kB
1777804020.231290189 KernelStack:        2976 kB
1777804020.231290189 PageTables:         3364 kB
1777804020.231290189 SecPageTables:         0 kB
1777804020.231290189 NFS_Unstable:          0 kB
1777804020.231290189 Bounce:                0 kB
1777804020.231290189 WritebackTmp:          0 kB
1777804020.231290189 CommitLimit:     3537964 kB
1777804020.231290189 Committed_AS:     402964 kB
1777804020.231290189 VmallocTotal:   135288315904 kB
1777804020.231290189 VmallocUsed:       18688 kB
1777804020.231290189 VmallocChunk:          0 kB
1777804020.231290189 Percpu:             1456 kB
1777804020.231290189 AnonHugePages:         0 kB
1777804020.231290189 ShmemHugePages:        0 kB
1777804020.231290189 ShmemPmdMapped:        0 kB
1777804020.231290189 FileHugePages:         0 kB
1777804020.231290189 FilePmdMapped:         0 kB
1777804020.231290189 CmaTotal:          65536 kB
1777804020.231290189 CmaFree:           49128 kB
1777804020.231290189 Balloon:               0 kB
1777804020.231290189 HugePages_Total:     512
1777804020.231290189 HugePages_Free:      512
1777804020.231290189 HugePages_Rsvd:        0
1777804020.231290189 HugePages_Surp:        0
1777804020.231290189 Hugepagesize:       2048 kB
1777804020.231290189 Hugetlb:         1048576 kB
1777804021.239760041 MemTotal:        8124504 kB
1777804021.239760041 MemFree:         6390328 kB
1777804021.239760041 MemAvailable:    6670080 kB
1777804021.239760041 Buffers:           28032 kB
1777804021.239760041 Cached:           380760 kB
1777804021.239760041 SwapCached:            0 kB
1777804021.239760041 Active:           387360 kB
1777804021.239760041 Inactive:         104148 kB
1777804021.239760041 Active(anon):      86088 kB
1777804021.239760041 Inactive(anon):        0 kB
1777804021.239760041 Active(file):     301272 kB
1777804021.239760041 Inactive(file):   104148 kB
1777804021.239760041 Unevictable:           0 kB
1777804021.239760041 Mlocked:               0 kB
1777804021.239760041 SwapTotal:             0 kB
1777804021.239760041 SwapFree:              0 kB
1777804021.239760041 Zswap:                 0 kB
1777804021.239760041 Zswapped:              0 kB
1777804021.239760041 Dirty:               164 kB
1777804021.239760041 Writeback:             0 kB
1777804021.239760041 AnonPages:         82776 kB
1777804021.239760041 Mapped:            89320 kB
1777804021.239760041 Shmem:              3452 kB
1777804021.239760041 KReclaimable:      28180 kB
1777804021.239760041 Slab:             114744 kB
1777804021.239760041 SReclaimable:      28180 kB
1777804021.239760041 SUnreclaim:        86564 kB
1777804021.239760041 KernelStack:        2976 kB
1777804021.239760041 PageTables:         3328 kB
1777804021.239760041 SecPageTables:         0 kB
1777804021.239760041 NFS_Unstable:          0 kB
1777804021.239760041 Bounce:                0 kB
1777804021.239760041 WritebackTmp:          0 kB
1777804021.239760041 CommitLimit:     3537964 kB
1777804021.239760041 Committed_AS:     402964 kB
1777804021.239760041 VmallocTotal:   135288315904 kB
1777804021.239760041 VmallocUsed:       18672 kB
1777804021.239760041 VmallocChunk:          0 kB
1777804021.239760041 Percpu:             1456 kB
1777804021.239760041 AnonHugePages:         0 kB
1777804021.239760041 ShmemHugePages:        0 kB
1777804021.239760041 ShmemPmdMapped:        0 kB
1777804021.239760041 FileHugePages:         0 kB
1777804021.239760041 FilePmdMapped:         0 kB
1777804021.239760041 CmaTotal:          65536 kB
1777804021.239760041 CmaFree:           49128 kB
1777804021.239760041 Balloon:               0 kB
1777804021.239760041 HugePages_Total:     512
1777804021.239760041 HugePages_Free:      512
1777804021.239760041 HugePages_Rsvd:        0
1777804021.239760041 HugePages_Surp:        0
1777804021.239760041 Hugepagesize:       2048 kB
1777804021.239760041 Hugetlb:         1048576 kB
1777804022.248391949 MemTotal:        8124504 kB
1777804022.248391949 MemFree:         6390524 kB
1777804022.248391949 MemAvailable:    6670280 kB
1777804022.248391949 Buffers:           28040 kB
1777804022.248391949 Cached:           380760 kB
1777804022.248391949 SwapCached:            0 kB
1777804022.248391949 Active:           387432 kB
1777804022.248391949 Inactive:         104156 kB
1777804022.248391949 Active(anon):      86164 kB
1777804022.248391949 Inactive(anon):        0 kB
1777804022.248391949 Active(file):     301268 kB
1777804022.248391949 Inactive(file):   104156 kB
1777804022.248391949 Unevictable:           0 kB
1777804022.248391949 Mlocked:               0 kB
1777804022.248391949 SwapTotal:             0 kB
1777804022.248391949 SwapFree:              0 kB
1777804022.248391949 Zswap:                 0 kB
1777804022.248391949 Zswapped:              0 kB
1777804022.248391949 Dirty:               164 kB
1777804022.248391949 Writeback:             0 kB
1777804022.248391949 AnonPages:         82784 kB
1777804022.248391949 Mapped:            89320 kB
1777804022.248391949 Shmem:              3452 kB
1777804022.248391949 KReclaimable:      28180 kB
1777804022.248391949 Slab:             114732 kB
1777804022.248391949 SReclaimable:      28180 kB
1777804022.248391949 SUnreclaim:        86552 kB
1777804022.248391949 KernelStack:        2960 kB
1777804022.248391949 PageTables:         3368 kB
1777804022.248391949 SecPageTables:         0 kB
1777804022.248391949 NFS_Unstable:          0 kB
1777804022.248391949 Bounce:                0 kB
1777804022.248391949 WritebackTmp:          0 kB
1777804022.248391949 CommitLimit:     3537964 kB
1777804022.248391949 Committed_AS:     402964 kB
1777804022.248391949 VmallocTotal:   135288315904 kB
1777804022.248391949 VmallocUsed:       18704 kB
1777804022.248391949 VmallocChunk:          0 kB
1777804022.248391949 Percpu:             1456 kB
1777804022.248391949 AnonHugePages:         0 kB
1777804022.248391949 ShmemHugePages:        0 kB
1777804022.248391949 ShmemPmdMapped:        0 kB
1777804022.248391949 FileHugePages:         0 kB
1777804022.248391949 FilePmdMapped:         0 kB
1777804022.248391949 CmaTotal:          65536 kB
1777804022.248391949 CmaFree:           49128 kB
1777804022.248391949 Balloon:               0 kB
1777804022.248391949 HugePages_Total:     512
1777804022.248391949 HugePages_Free:      512
1777804022.248391949 HugePages_Rsvd:        0
1777804022.248391949 HugePages_Surp:        0
1777804022.248391949 Hugepagesize:       2048 kB
1777804022.248391949 Hugetlb:         1048576 kB
1777804023.256960302 MemTotal:        8124504 kB
1777804023.256960302 MemFree:         6390228 kB
1777804023.256960302 MemAvailable:    6669992 kB
1777804023.256960302 Buffers:           28040 kB
1777804023.256960302 Cached:           380764 kB
1777804023.256960302 SwapCached:            0 kB
1777804023.256960302 Active:           387416 kB
1777804023.256960302 Inactive:         104160 kB
1777804023.256960302 Active(anon):      86144 kB
1777804023.256960302 Inactive(anon):        0 kB
1777804023.256960302 Active(file):     301272 kB
1777804023.256960302 Inactive(file):   104160 kB
1777804023.256960302 Unevictable:           0 kB
1777804023.256960302 Mlocked:               0 kB
1777804023.256960302 SwapTotal:             0 kB
1777804023.256960302 SwapFree:              0 kB
1777804023.256960302 Zswap:                 0 kB
1777804023.256960302 Zswapped:              0 kB
1777804023.256960302 Dirty:               168 kB
1777804023.256960302 Writeback:             0 kB
1777804023.256960302 AnonPages:         82784 kB
1777804023.256960302 Mapped:            89360 kB
1777804023.256960302 Shmem:              3452 kB
1777804023.256960302 KReclaimable:      28180 kB
1777804023.256960302 Slab:             114756 kB
1777804023.256960302 SReclaimable:      28180 kB
1777804023.256960302 SUnreclaim:        86576 kB
1777804023.256960302 KernelStack:        2960 kB
1777804023.256960302 PageTables:         3332 kB
1777804023.256960302 SecPageTables:         0 kB
1777804023.256960302 NFS_Unstable:          0 kB
1777804023.256960302 Bounce:                0 kB
1777804023.256960302 WritebackTmp:          0 kB
1777804023.256960302 CommitLimit:     3537964 kB
1777804023.256960302 Committed_AS:     402964 kB
1777804023.256960302 VmallocTotal:   135288315904 kB
1777804023.256960302 VmallocUsed:       18704 kB
1777804023.256960302 VmallocChunk:          0 kB
1777804023.256960302 Percpu:             1456 kB
1777804023.256960302 AnonHugePages:         0 kB
1777804023.256960302 ShmemHugePages:        0 kB
1777804023.256960302 ShmemPmdMapped:        0 kB
1777804023.256960302 FileHugePages:         0 kB
1777804023.256960302 FilePmdMapped:         0 kB
1777804023.256960302 CmaTotal:          65536 kB
1777804023.256960302 CmaFree:           49128 kB
1777804023.256960302 Balloon:               0 kB
1777804023.256960302 HugePages_Total:     512
1777804023.256960302 HugePages_Free:      512
1777804023.256960302 HugePages_Rsvd:        0
1777804023.256960302 HugePages_Surp:        0
1777804023.256960302 Hugepagesize:       2048 kB
1777804023.256960302 Hugetlb:         1048576 kB
1777804024.265506580 MemTotal:        8124504 kB
1777804024.265506580 MemFree:         6391312 kB
1777804024.265506580 MemAvailable:    6671088 kB
1777804024.265506580 Buffers:           28040 kB
1777804024.265506580 Cached:           380776 kB
1777804024.265506580 SwapCached:            0 kB
1777804024.265506580 Active:           387360 kB
1777804024.265506580 Inactive:         104172 kB
1777804024.265506580 Active(anon):      86088 kB
1777804024.265506580 Inactive(anon):        0 kB
1777804024.265506580 Active(file):     301272 kB
1777804024.265506580 Inactive(file):   104172 kB
1777804024.265506580 Unevictable:           0 kB
1777804024.265506580 Mlocked:               0 kB
1777804024.265506580 SwapTotal:             0 kB
1777804024.265506580 SwapFree:              0 kB
1777804024.265506580 Zswap:                 0 kB
1777804024.265506580 Zswapped:              0 kB
1777804024.265506580 Dirty:                20 kB
1777804024.265506580 Writeback:             0 kB
1777804024.265506580 AnonPages:         82780 kB
1777804024.265506580 Mapped:            89360 kB
1777804024.265506580 Shmem:              3452 kB
1777804024.265506580 KReclaimable:      28180 kB
1777804024.265506580 Slab:             114748 kB
1777804024.265506580 SReclaimable:      28180 kB
1777804024.265506580 SUnreclaim:        86568 kB
1777804024.265506580 KernelStack:        2960 kB
1777804024.265506580 PageTables:         3336 kB
1777804024.265506580 SecPageTables:         0 kB
1777804024.265506580 NFS_Unstable:          0 kB
1777804024.265506580 Bounce:                0 kB
1777804024.265506580 WritebackTmp:          0 kB
1777804024.265506580 CommitLimit:     3537964 kB
1777804024.265506580 Committed_AS:     402964 kB
1777804024.265506580 VmallocTotal:   135288315904 kB
1777804024.265506580 VmallocUsed:       18672 kB
1777804024.265506580 VmallocChunk:          0 kB
1777804024.265506580 Percpu:             1456 kB
1777804024.265506580 AnonHugePages:         0 kB
1777804024.265506580 ShmemHugePages:        0 kB
1777804024.265506580 ShmemPmdMapped:        0 kB
1777804024.265506580 FileHugePages:         0 kB
1777804024.265506580 FilePmdMapped:         0 kB
1777804024.265506580 CmaTotal:          65536 kB
1777804024.265506580 CmaFree:           49128 kB
1777804024.265506580 Balloon:               0 kB
1777804024.265506580 HugePages_Total:     512
1777804024.265506580 HugePages_Free:      512
1777804024.265506580 HugePages_Rsvd:        0
1777804024.265506580 HugePages_Surp:        0
1777804024.265506580 Hugepagesize:       2048 kB
1777804024.265506580 Hugetlb:         1048576 kB
1777804025.274134451 MemTotal:        8124504 kB
1777804025.274134451 MemFree:         6392284 kB
1777804025.274134451 MemAvailable:    6672060 kB
1777804025.274134451 Buffers:           28040 kB
1777804025.274134451 Cached:           380776 kB
1777804025.274134451 SwapCached:            0 kB
1777804025.274134451 Active:           387352 kB
1777804025.274134451 Inactive:         104172 kB
1777804025.274134451 Active(anon):      86080 kB
1777804025.274134451 Inactive(anon):        0 kB
1777804025.274134451 Active(file):     301272 kB
1777804025.274134451 Inactive(file):   104172 kB
1777804025.274134451 Unevictable:           0 kB
1777804025.274134451 Mlocked:               0 kB
1777804025.274134451 SwapTotal:             0 kB
1777804025.274134451 SwapFree:              0 kB
1777804025.274134451 Zswap:                 0 kB
1777804025.274134451 Zswapped:              0 kB
1777804025.274134451 Dirty:                28 kB
1777804025.274134451 Writeback:             0 kB
1777804025.274134451 AnonPages:         82784 kB
1777804025.274134451 Mapped:            89360 kB
1777804025.274134451 Shmem:              3452 kB
1777804025.274134451 KReclaimable:      28180 kB
1777804025.274134451 Slab:             114740 kB
1777804025.274134451 SReclaimable:      28180 kB
1777804025.274134451 SUnreclaim:        86560 kB
1777804025.274134451 KernelStack:        2960 kB
1777804025.274134451 PageTables:         3328 kB
1777804025.274134451 SecPageTables:         0 kB
1777804025.274134451 NFS_Unstable:          0 kB
1777804025.274134451 Bounce:                0 kB
1777804025.274134451 WritebackTmp:          0 kB
1777804025.274134451 CommitLimit:     3537964 kB
1777804025.274134451 Committed_AS:     402964 kB
1777804025.274134451 VmallocTotal:   135288315904 kB
1777804025.274134451 VmallocUsed:       18672 kB
1777804025.274134451 VmallocChunk:          0 kB
1777804025.274134451 Percpu:             1456 kB
1777804025.274134451 AnonHugePages:         0 kB
1777804025.274134451 ShmemHugePages:        0 kB
1777804025.274134451 ShmemPmdMapped:        0 kB
1777804025.274134451 FileHugePages:         0 kB
1777804025.274134451 FilePmdMapped:         0 kB
1777804025.274134451 CmaTotal:          65536 kB
1777804025.274134451 CmaFree:           49128 kB
1777804025.274134451 Balloon:               0 kB
1777804025.274134451 HugePages_Total:     512
1777804025.274134451 HugePages_Free:      512
1777804025.274134451 HugePages_Rsvd:        0
1777804025.274134451 HugePages_Surp:        0
1777804025.274134451 Hugepagesize:       2048 kB
1777804025.274134451 Hugetlb:         1048576 kB
1777804026.282662636 MemTotal:        8124504 kB
1777804026.282662636 MemFree:         6392572 kB
1777804026.282662636 MemAvailable:    6672352 kB
1777804026.282662636 Buffers:           28040 kB
1777804026.282662636 Cached:           380784 kB
1777804026.282662636 SwapCached:            0 kB
1777804026.282662636 Active:           387244 kB
1777804026.282662636 Inactive:         104180 kB
1777804026.282662636 Active(anon):      85976 kB
1777804026.282662636 Inactive(anon):        0 kB
1777804026.282662636 Active(file):     301268 kB
1777804026.282662636 Inactive(file):   104180 kB
1777804026.282662636 Unevictable:           0 kB
1777804026.282662636 Mlocked:               0 kB
1777804026.282662636 SwapTotal:             0 kB
1777804026.282662636 SwapFree:              0 kB
1777804026.282662636 Zswap:                 0 kB
1777804026.282662636 Zswapped:              0 kB
1777804026.282662636 Dirty:                36 kB
1777804026.282662636 Writeback:             0 kB
1777804026.282662636 AnonPages:         82840 kB
1777804026.282662636 Mapped:            89320 kB
1777804026.282662636 Shmem:              3452 kB
1777804026.282662636 KReclaimable:      28180 kB
1777804026.282662636 Slab:             114748 kB
1777804026.282662636 SReclaimable:      28180 kB
1777804026.282662636 SUnreclaim:        86568 kB
1777804026.282662636 KernelStack:        2984 kB
1777804026.282662636 PageTables:         3356 kB
1777804026.282662636 SecPageTables:         0 kB
1777804026.282662636 NFS_Unstable:          0 kB
1777804026.282662636 Bounce:                0 kB
1777804026.282662636 WritebackTmp:          0 kB
1777804026.282662636 CommitLimit:     3537964 kB
1777804026.282662636 Committed_AS:     402964 kB
1777804026.282662636 VmallocTotal:   135288315904 kB
1777804026.282662636 VmallocUsed:       18656 kB
1777804026.282662636 VmallocChunk:          0 kB
1777804026.282662636 Percpu:             1456 kB
1777804026.282662636 AnonHugePages:         0 kB
1777804026.282662636 ShmemHugePages:        0 kB
1777804026.282662636 ShmemPmdMapped:        0 kB
1777804026.282662636 FileHugePages:         0 kB
1777804026.282662636 FilePmdMapped:         0 kB
1777804026.282662636 CmaTotal:          65536 kB
1777804026.282662636 CmaFree:           49128 kB
1777804026.282662636 Balloon:               0 kB
1777804026.282662636 HugePages_Total:     512
1777804026.282662636 HugePages_Free:      512
1777804026.282662636 HugePages_Rsvd:        0
1777804026.282662636 HugePages_Surp:        0
1777804026.282662636 Hugepagesize:       2048 kB
1777804026.282662636 Hugetlb:         1048576 kB
1777804027.291078321 MemTotal:        8124504 kB
1777804027.291078321 MemFree:         6391356 kB
1777804027.291078321 MemAvailable:    6671148 kB
1777804027.291078321 Buffers:           28048 kB
1777804027.291078321 Cached:           380788 kB
1777804027.291078321 SwapCached:            0 kB
1777804027.291078321 Active:           387368 kB
1777804027.291078321 Inactive:         104192 kB
1777804027.291078321 Active(anon):      86100 kB
1777804027.291078321 Inactive(anon):        0 kB
1777804027.291078321 Active(file):     301268 kB
1777804027.291078321 Inactive(file):   104192 kB
1777804027.291078321 Unevictable:           0 kB
1777804027.291078321 Mlocked:               0 kB
1777804027.291078321 SwapTotal:             0 kB
1777804027.291078321 SwapFree:              0 kB
1777804027.291078321 Zswap:                 0 kB
1777804027.291078321 Zswapped:              0 kB
1777804027.291078321 Dirty:                56 kB
1777804027.291078321 Writeback:             0 kB
1777804027.291078321 AnonPages:         82832 kB
1777804027.291078321 Mapped:            89360 kB
1777804027.291078321 Shmem:              3452 kB
1777804027.291078321 KReclaimable:      28180 kB
1777804027.291078321 Slab:             114768 kB
1777804027.291078321 SReclaimable:      28180 kB
1777804027.291078321 SUnreclaim:        86588 kB
1777804027.291078321 KernelStack:        2976 kB
1777804027.291078321 PageTables:         3388 kB
1777804027.291078321 SecPageTables:         0 kB
1777804027.291078321 NFS_Unstable:          0 kB
1777804027.291078321 Bounce:                0 kB
1777804027.291078321 WritebackTmp:          0 kB
1777804027.291078321 CommitLimit:     3537964 kB
1777804027.291078321 Committed_AS:     402964 kB
1777804027.291078321 VmallocTotal:   135288315904 kB
1777804027.291078321 VmallocUsed:       18688 kB
1777804027.291078321 VmallocChunk:          0 kB
1777804027.291078321 Percpu:             1456 kB
1777804027.291078321 AnonHugePages:         0 kB
1777804027.291078321 ShmemHugePages:        0 kB
1777804027.291078321 ShmemPmdMapped:        0 kB
1777804027.291078321 FileHugePages:         0 kB
1777804027.291078321 FilePmdMapped:         0 kB
1777804027.291078321 CmaTotal:          65536 kB
1777804027.291078321 CmaFree:           49128 kB
1777804027.291078321 Balloon:               0 kB
1777804027.291078321 HugePages_Total:     512
1777804027.291078321 HugePages_Free:      512
1777804027.291078321 HugePages_Rsvd:        0
1777804027.291078321 HugePages_Surp:        0
1777804027.291078321 Hugepagesize:       2048 kB
1777804027.291078321 Hugetlb:         1048576 kB
1777804028.300714013 MemTotal:        8124504 kB
1777804028.300714013 MemFree:         6391688 kB
1777804028.300714013 MemAvailable:    6671484 kB
1777804028.300714013 Buffers:           28048 kB
1777804028.300714013 Cached:           380792 kB
1777804028.300714013 SwapCached:            0 kB
1777804028.300714013 Active:           387244 kB
1777804028.300714013 Inactive:         104196 kB
1777804028.300714013 Active(anon):      85976 kB
1777804028.300714013 Inactive(anon):        0 kB
1777804028.300714013 Active(file):     301268 kB
1777804028.300714013 Inactive(file):   104196 kB
1777804028.300714013 Unevictable:           0 kB
1777804028.300714013 Mlocked:               0 kB
1777804028.300714013 SwapTotal:             0 kB
1777804028.300714013 SwapFree:              0 kB
1777804028.300714013 Zswap:                 0 kB
1777804028.300714013 Zswapped:              0 kB
1777804028.300714013 Dirty:                60 kB
1777804028.300714013 Writeback:             0 kB
1777804028.300714013 AnonPages:         82772 kB
1777804028.300714013 Mapped:            89392 kB
1777804028.300714013 Shmem:              3452 kB
1777804028.300714013 KReclaimable:      28180 kB
1777804028.300714013 Slab:             114764 kB
1777804028.300714013 SReclaimable:      28180 kB
1777804028.300714013 SUnreclaim:        86584 kB
1777804028.300714013 KernelStack:        2928 kB
1777804028.300714013 PageTables:         3408 kB
1777804028.300714013 SecPageTables:         0 kB
1777804028.300714013 NFS_Unstable:          0 kB
1777804028.300714013 Bounce:                0 kB
1777804028.300714013 WritebackTmp:          0 kB
1777804028.300714013 CommitLimit:     3537964 kB
1777804028.300714013 Committed_AS:     402964 kB
1777804028.300714013 VmallocTotal:   135288315904 kB
1777804028.300714013 VmallocUsed:       18656 kB
1777804028.300714013 VmallocChunk:          0 kB
1777804028.300714013 Percpu:             1456 kB
1777804028.300714013 AnonHugePages:         0 kB
1777804028.300714013 ShmemHugePages:        0 kB
1777804028.300714013 ShmemPmdMapped:        0 kB
1777804028.300714013 FileHugePages:         0 kB
1777804028.300714013 FilePmdMapped:         0 kB
1777804028.300714013 CmaTotal:          65536 kB
1777804028.300714013 CmaFree:           49128 kB
1777804028.300714013 Balloon:               0 kB
1777804028.300714013 HugePages_Total:     512
1777804028.300714013 HugePages_Free:      512
1777804028.300714013 HugePages_Rsvd:        0
1777804028.300714013 HugePages_Surp:        0
1777804028.300714013 Hugepagesize:       2048 kB
1777804028.300714013 Hugetlb:         1048576 kB
1777804029.311470118 MemTotal:        8124504 kB
1777804029.311470118 MemFree:         6391588 kB
1777804029.311470118 MemAvailable:    6671392 kB
1777804029.311470118 Buffers:           28048 kB
1777804029.311470118 Cached:           380796 kB
1777804029.311470118 SwapCached:            0 kB
1777804029.311470118 Active:           387328 kB
1777804029.311470118 Inactive:         104200 kB
1777804029.311470118 Active(anon):      86056 kB
1777804029.311470118 Inactive(anon):        0 kB
1777804029.311470118 Active(file):     301272 kB
1777804029.311470118 Inactive(file):   104200 kB
1777804029.311470118 Unevictable:           0 kB
1777804029.311470118 Mlocked:               0 kB
1777804029.311470118 SwapTotal:             0 kB
1777804029.311470118 SwapFree:              0 kB
1777804029.311470118 Zswap:                 0 kB
1777804029.311470118 Zswapped:              0 kB
1777804029.311470118 Dirty:                64 kB
1777804029.311470118 Writeback:             0 kB
1777804029.311470118 AnonPages:         82816 kB
1777804029.311470118 Mapped:            89444 kB
1777804029.311470118 Shmem:              3452 kB
1777804029.311470118 KReclaimable:      28180 kB
1777804029.311470118 Slab:             114768 kB
1777804029.311470118 SReclaimable:      28180 kB
1777804029.311470118 SUnreclaim:        86588 kB
1777804029.311470118 KernelStack:        2944 kB
1777804029.311470118 PageTables:         3496 kB
1777804029.311470118 SecPageTables:         0 kB
1777804029.311470118 NFS_Unstable:          0 kB
1777804029.311470118 Bounce:                0 kB
1777804029.311470118 WritebackTmp:          0 kB
1777804029.311470118 CommitLimit:     3537964 kB
1777804029.311470118 Committed_AS:     402964 kB
1777804029.311470118 VmallocTotal:   135288315904 kB
1777804029.311470118 VmallocUsed:       18688 kB
1777804029.311470118 VmallocChunk:          0 kB
1777804029.311470118 Percpu:             1456 kB
1777804029.311470118 AnonHugePages:         0 kB
1777804029.311470118 ShmemHugePages:        0 kB
1777804029.311470118 ShmemPmdMapped:        0 kB
1777804029.311470118 FileHugePages:         0 kB
1777804029.311470118 FilePmdMapped:         0 kB
1777804029.311470118 CmaTotal:          65536 kB
1777804029.311470118 CmaFree:           49128 kB
1777804029.311470118 Balloon:               0 kB
1777804029.311470118 HugePages_Total:     512
1777804029.311470118 HugePages_Free:      512
1777804029.311470118 HugePages_Rsvd:        0
1777804029.311470118 HugePages_Surp:        0
1777804029.311470118 Hugepagesize:       2048 kB
1777804029.311470118 Hugetlb:         1048576 kB
1777804030.318324868 MemTotal:        8124504 kB
1777804030.318324868 MemFree:         6392032 kB
1777804030.318324868 MemAvailable:    6671836 kB
1777804030.318324868 Buffers:           28048 kB
1777804030.318324868 Cached:           380800 kB
1777804030.318324868 SwapCached:            0 kB
1777804030.318324868 Active:           387284 kB
1777804030.318324868 Inactive:         104204 kB
1777804030.318324868 Active(anon):      86016 kB
1777804030.318324868 Inactive(anon):        0 kB
1777804030.318324868 Active(file):     301268 kB
1777804030.318324868 Inactive(file):   104204 kB
1777804030.318324868 Unevictable:           0 kB
1777804030.318324868 Mlocked:               0 kB
1777804030.318324868 SwapTotal:             0 kB
1777804030.318324868 SwapFree:              0 kB
1777804030.318324868 Zswap:                 0 kB
1777804030.318324868 Zswapped:              0 kB
1777804030.318324868 Dirty:                68 kB
1777804030.318324868 Writeback:             0 kB
1777804030.318324868 AnonPages:         82780 kB
1777804030.318324868 Mapped:            89320 kB
1777804030.318324868 Shmem:              3452 kB
1777804030.318324868 KReclaimable:      28180 kB
1777804030.318324868 Slab:             114736 kB
1777804030.318324868 SReclaimable:      28180 kB
1777804030.318324868 SUnreclaim:        86556 kB
1777804030.318324868 KernelStack:        2960 kB
1777804030.318324868 PageTables:         3340 kB
1777804030.318324868 SecPageTables:         0 kB
1777804030.318324868 NFS_Unstable:          0 kB
1777804030.318324868 Bounce:                0 kB
1777804030.318324868 WritebackTmp:          0 kB
1777804030.318324868 CommitLimit:     3537964 kB
1777804030.318324868 Committed_AS:     402964 kB
1777804030.318324868 VmallocTotal:   135288315904 kB
1777804030.318324868 VmallocUsed:       18672 kB
1777804030.318324868 VmallocChunk:          0 kB
1777804030.318324868 Percpu:             1456 kB
1777804030.318324868 AnonHugePages:         0 kB
1777804030.318324868 ShmemHugePages:        0 kB
1777804030.318324868 ShmemPmdMapped:        0 kB
1777804030.318324868 FileHugePages:         0 kB
1777804030.318324868 FilePmdMapped:         0 kB
1777804030.318324868 CmaTotal:          65536 kB
1777804030.318324868 CmaFree:           49128 kB
1777804030.318324868 Balloon:               0 kB
1777804030.318324868 HugePages_Total:     512
1777804030.318324868 HugePages_Free:      512
1777804030.318324868 HugePages_Rsvd:        0
1777804030.318324868 HugePages_Surp:        0
1777804030.318324868 Hugepagesize:       2048 kB
1777804030.318324868 Hugetlb:         1048576 kB
