# timestamp field value_kB
1777804052.849063919 MemTotal:        8124504 kB
1777804052.849063919 MemFree:         6392840 kB
1777804052.849063919 MemAvailable:    6672216 kB
1777804052.849063919 Buffers:           28084 kB
1777804052.849063919 Cached:           380804 kB
1777804052.849063919 SwapCached:            0 kB
1777804052.849063919 Active:           387668 kB
1777804052.849063919 Inactive:         104228 kB
1777804052.849063919 Active(anon):      86408 kB
1777804052.849063919 Inactive(anon):        0 kB
1777804052.849063919 Active(file):     301260 kB
1777804052.849063919 Inactive(file):   104228 kB
1777804052.849063919 Unevictable:           0 kB
1777804052.849063919 Mlocked:               0 kB
1777804052.849063919 SwapTotal:             0 kB
1777804052.849063919 SwapFree:              0 kB
1777804052.849063919 Zswap:                 0 kB
1777804052.849063919 Zswapped:              0 kB
1777804052.849063919 Dirty:               152 kB
1777804052.849063919 Writeback:             0 kB
1777804052.849063919 AnonPages:         82580 kB
1777804052.849063919 Mapped:            89568 kB
1777804052.849063919 Shmem:              3452 kB
1777804052.849063919 KReclaimable:      28184 kB
1777804052.849063919 Slab:             114740 kB
1777804052.849063919 SReclaimable:      28184 kB
1777804052.849063919 SUnreclaim:        86556 kB
1777804052.849063919 KernelStack:        2992 kB
1777804052.849063919 PageTables:         3572 kB
1777804052.849063919 SecPageTables:         0 kB
1777804052.849063919 NFS_Unstable:          0 kB
1777804052.849063919 Bounce:                0 kB
1777804052.849063919 WritebackTmp:          0 kB
1777804052.849063919 CommitLimit:     3537964 kB
1777804052.849063919 Committed_AS:     404452 kB
1777804052.849063919 VmallocTotal:   135288315904 kB
1777804052.849063919 VmallocUsed:       18688 kB
1777804052.849063919 VmallocChunk:          0 kB
1777804052.849063919 Percpu:             1456 kB
1777804052.849063919 AnonHugePages:         0 kB
1777804052.849063919 ShmemHugePages:        0 kB
1777804052.849063919 ShmemPmdMapped:        0 kB
1777804052.849063919 FileHugePages:         0 kB
1777804052.849063919 FilePmdMapped:         0 kB
1777804052.849063919 CmaTotal:          65536 kB
1777804052.849063919 CmaFree:           49128 kB
1777804052.849063919 Balloon:               0 kB
1777804052.849063919 HugePages_Total:     512
1777804052.849063919 HugePages_Free:      512
1777804052.849063919 HugePages_Rsvd:        0
1777804052.849063919 HugePages_Surp:        0
1777804052.849063919 Hugepagesize:       2048 kB
1777804052.849063919 Hugetlb:         1048576 kB
1777804053.858127774 MemTotal:        8124504 kB
1777804053.858127774 MemFree:         6391096 kB
1777804053.858127774 MemAvailable:    6670968 kB
1777804053.858127774 Buffers:           28084 kB
1777804053.858127774 Cached:           380828 kB
1777804053.858127774 SwapCached:            0 kB
1777804053.858127774 Active:           387400 kB
1777804053.858127774 Inactive:         104268 kB
1777804053.858127774 Active(anon):      86128 kB
1777804053.858127774 Inactive(anon):        0 kB
1777804053.858127774 Active(file):     301272 kB
1777804053.858127774 Inactive(file):   104268 kB
1777804053.858127774 Unevictable:           0 kB
1777804053.858127774 Mlocked:               0 kB
1777804053.858127774 SwapTotal:             0 kB
1777804053.858127774 SwapFree:              0 kB
1777804053.858127774 Zswap:                 0 kB
1777804053.858127774 Zswapped:              0 kB
1777804053.858127774 Dirty:               172 kB
1777804053.858127774 Writeback:             0 kB
1777804053.858127774 AnonPages:         82792 kB
1777804053.858127774 Mapped:            89360 kB
1777804053.858127774 Shmem:              3452 kB
1777804053.858127774 KReclaimable:      28184 kB
1777804053.858127774 Slab:             114764 kB
1777804053.858127774 SReclaimable:      28184 kB
1777804053.858127774 SUnreclaim:        86580 kB
1777804053.858127774 KernelStack:        2976 kB
1777804053.858127774 PageTables:         3316 kB
1777804053.858127774 SecPageTables:         0 kB
1777804053.858127774 NFS_Unstable:          0 kB
1777804053.858127774 Bounce:                0 kB
1777804053.858127774 WritebackTmp:          0 kB
1777804053.858127774 CommitLimit:     3537964 kB
1777804053.858127774 Committed_AS:     402964 kB
1777804053.858127774 VmallocTotal:   135288315904 kB
1777804053.858127774 VmallocUsed:       18688 kB
1777804053.858127774 VmallocChunk:          0 kB
1777804053.858127774 Percpu:             1456 kB
1777804053.858127774 AnonHugePages:         0 kB
1777804053.858127774 ShmemHugePages:        0 kB
1777804053.858127774 ShmemPmdMapped:        0 kB
1777804053.858127774 FileHugePages:         0 kB
1777804053.858127774 FilePmdMapped:         0 kB
1777804053.858127774 CmaTotal:          65536 kB
1777804053.858127774 CmaFree:           49128 kB
1777804053.858127774 Balloon:               0 kB
1777804053.858127774 HugePages_Total:     512
1777804053.858127774 HugePages_Free:      512
1777804053.858127774 HugePages_Rsvd:        0
1777804053.858127774 HugePages_Surp:        0
1777804053.858127774 Hugepagesize:       2048 kB
1777804053.858127774 Hugetlb:         1048576 kB
1777804054.864912746 MemTotal:        8124504 kB
1777804054.864912746 MemFree:         6390584 kB
1777804054.864912746 MemAvailable:    6670460 kB
1777804054.864912746 Buffers:           28084 kB
1777804054.864912746 Cached:           380832 kB
1777804054.864912746 SwapCached:            0 kB
1777804054.864912746 Active:           387416 kB
1777804054.864912746 Inactive:         104272 kB
1777804054.864912746 Active(anon):      86144 kB
1777804054.864912746 Inactive(anon):        0 kB
1777804054.864912746 Active(file):     301272 kB
1777804054.864912746 Inactive(file):   104272 kB
1777804054.864912746 Unevictable:           0 kB
1777804054.864912746 Mlocked:               0 kB
1777804054.864912746 SwapTotal:             0 kB
1777804054.864912746 SwapFree:              0 kB
1777804054.864912746 Zswap:                 0 kB
1777804054.864912746 Zswapped:              0 kB
1777804054.864912746 Dirty:               172 kB
1777804054.864912746 Writeback:             4 kB
1777804054.864912746 AnonPages:         82796 kB
1777804054.864912746 Mapped:            89360 kB
1777804054.864912746 Shmem:              3452 kB
1777804054.864912746 KReclaimable:      28184 kB
1777804054.864912746 Slab:             114744 kB
1777804054.864912746 SReclaimable:      28184 kB
1777804054.864912746 SUnreclaim:        86560 kB
1777804054.864912746 KernelStack:        2976 kB
1777804054.864912746 PageTables:         3324 kB
1777804054.864912746 SecPageTables:         0 kB
1777804054.864912746 NFS_Unstable:          0 kB
1777804054.864912746 Bounce:                0 kB
1777804054.864912746 WritebackTmp:          0 kB
1777804054.864912746 CommitLimit:     3537964 kB
1777804054.864912746 Committed_AS:     402964 kB
1777804054.864912746 VmallocTotal:   135288315904 kB
1777804054.864912746 VmallocUsed:       18704 kB
1777804054.864912746 VmallocChunk:          0 kB
1777804054.864912746 Percpu:             1456 kB
1777804054.864912746 AnonHugePages:         0 kB
1777804054.864912746 ShmemHugePages:        0 kB
1777804054.864912746 ShmemPmdMapped:        0 kB
1777804054.864912746 FileHugePages:         0 kB
1777804054.864912746 FilePmdMapped:         0 kB
1777804054.864912746 CmaTotal:          65536 kB
1777804054.864912746 CmaFree:           49128 kB
1777804054.864912746 Balloon:               0 kB
1777804054.864912746 HugePages_Total:     512
1777804054.864912746 HugePages_Free:      512
1777804054.864912746 HugePages_Rsvd:        0
1777804054.864912746 HugePages_Surp:        0
1777804054.864912746 Hugepagesize:       2048 kB
1777804054.864912746 Hugetlb:         1048576 kB
1777804055.871649532 MemTotal:        8124504 kB
1777804055.871649532 MemFree:         6391176 kB
1777804055.871649532 MemAvailable:    6671052 kB
1777804055.871649532 Buffers:           28084 kB
1777804055.871649532 Cached:           380836 kB
1777804055.871649532 SwapCached:            0 kB
1777804055.871649532 Active:           387484 kB
1777804055.871649532 Inactive:         104272 kB
1777804055.871649532 Active(anon):      86212 kB
1777804055.871649532 Inactive(anon):        0 kB
1777804055.871649532 Active(file):     301272 kB
1777804055.871649532 Inactive(file):   104272 kB
1777804055.871649532 Unevictable:           0 kB
1777804055.871649532 Mlocked:               0 kB
1777804055.871649532 SwapTotal:             0 kB
1777804055.871649532 SwapFree:              0 kB
1777804055.871649532 Zswap:                 0 kB
1777804055.871649532 Zswapped:              0 kB
1777804055.871649532 Dirty:               176 kB
1777804055.871649532 Writeback:             0 kB
1777804055.871649532 AnonPages:         82796 kB
1777804055.871649532 Mapped:            89360 kB
1777804055.871649532 Shmem:              3452 kB
1777804055.871649532 KReclaimable:      28184 kB
1777804055.871649532 Slab:             114764 kB
1777804055.871649532 SReclaimable:      28184 kB
1777804055.871649532 SUnreclaim:        86580 kB
1777804055.871649532 KernelStack:        2976 kB
1777804055.871649532 PageTables:         3316 kB
1777804055.871649532 SecPageTables:         0 kB
1777804055.871649532 NFS_Unstable:          0 kB
1777804055.871649532 Bounce:                0 kB
1777804055.871649532 WritebackTmp:          0 kB
1777804055.871649532 CommitLimit:     3537964 kB
1777804055.871649532 Committed_AS:     402964 kB
1777804055.871649532 VmallocTotal:   135288315904 kB
1777804055.871649532 VmallocUsed:       18704 kB
1777804055.871649532 VmallocChunk:          0 kB
1777804055.871649532 Percpu:             1456 kB
1777804055.871649532 AnonHugePages:         0 kB
1777804055.871649532 ShmemHugePages:        0 kB
1777804055.871649532 ShmemPmdMapped:        0 kB
1777804055.871649532 FileHugePages:         0 kB
1777804055.871649532 FilePmdMapped:         0 kB
1777804055.871649532 CmaTotal:          65536 kB
1777804055.871649532 CmaFree:           49128 kB
1777804055.871649532 Balloon:               0 kB
1777804055.871649532 HugePages_Total:     512
1777804055.871649532 HugePages_Free:      512
1777804055.871649532 HugePages_Rsvd:        0
1777804055.871649532 HugePages_Surp:        0
1777804055.871649532 Hugepagesize:       2048 kB
1777804055.871649532 Hugetlb:         1048576 kB
1777804056.878394467 MemTotal:        8124504 kB
1777804056.878394467 MemFree:         6391952 kB
1777804056.878394467 MemAvailable:    6671836 kB
1777804056.878394467 Buffers:           28084 kB
1777804056.878394467 Cached:           380840 kB
1777804056.878394467 SwapCached:            0 kB
1777804056.878394467 Active:           387524 kB
1777804056.878394467 Inactive:         104280 kB
1777804056.878394467 Active(anon):      86252 kB
1777804056.878394467 Inactive(anon):        0 kB
1777804056.878394467 Active(file):     301272 kB
1777804056.878394467 Inactive(file):   104280 kB
1777804056.878394467 Unevictable:           0 kB
1777804056.878394467 Mlocked:               0 kB
1777804056.878394467 SwapTotal:             0 kB
1777804056.878394467 SwapFree:              0 kB
1777804056.878394467 Zswap:                 0 kB
1777804056.878394467 Zswapped:              0 kB
1777804056.878394467 Dirty:               180 kB
1777804056.878394467 Writeback:             0 kB
1777804056.878394467 AnonPages:         82796 kB
1777804056.878394467 Mapped:            89360 kB
1777804056.878394467 Shmem:              3452 kB
1777804056.878394467 KReclaimable:      28184 kB
1777804056.878394467 Slab:             114760 kB
1777804056.878394467 SReclaimable:      28184 kB
1777804056.878394467 SUnreclaim:        86576 kB
1777804056.878394467 KernelStack:        2976 kB
1777804056.878394467 PageTables:         3312 kB
1777804056.878394467 SecPageTables:         0 kB
1777804056.878394467 NFS_Unstable:          0 kB
1777804056.878394467 Bounce:                0 kB
1777804056.878394467 WritebackTmp:          0 kB
1777804056.878394467 CommitLimit:     3537964 kB
1777804056.878394467 Committed_AS:     402964 kB
1777804056.878394467 VmallocTotal:   135288315904 kB
1777804056.878394467 VmallocUsed:       18688 kB
1777804056.878394467 VmallocChunk:          0 kB
1777804056.878394467 Percpu:             1456 kB
1777804056.878394467 AnonHugePages:         0 kB
1777804056.878394467 ShmemHugePages:        0 kB
1777804056.878394467 ShmemPmdMapped:        0 kB
1777804056.878394467 FileHugePages:         0 kB
1777804056.878394467 FilePmdMapped:         0 kB
1777804056.878394467 CmaTotal:          65536 kB
1777804056.878394467 CmaFree:           49128 kB
1777804056.878394467 Balloon:               0 kB
1777804056.878394467 HugePages_Total:     512
1777804056.878394467 HugePages_Free:      512
1777804056.878394467 HugePages_Rsvd:        0
1777804056.878394467 HugePages_Surp:        0
1777804056.878394467 Hugepagesize:       2048 kB
1777804056.878394467 Hugetlb:         1048576 kB
1777804057.885122587 MemTotal:        8124504 kB
1777804057.885122587 MemFree:         6391684 kB
1777804057.885122587 MemAvailable:    6671572 kB
1777804057.885122587 Buffers:           28092 kB
1777804057.885122587 Cached:           380840 kB
1777804057.885122587 SwapCached:            0 kB
1777804057.885122587 Active:           387460 kB
1777804057.885122587 Inactive:         104284 kB
1777804057.885122587 Active(anon):      86192 kB
1777804057.885122587 Inactive(anon):        0 kB
1777804057.885122587 Active(file):     301268 kB
1777804057.885122587 Inactive(file):   104284 kB
1777804057.885122587 Unevictable:           0 kB
1777804057.885122587 Mlocked:               0 kB
1777804057.885122587 SwapTotal:             0 kB
1777804057.885122587 SwapFree:              0 kB
1777804057.885122587 Zswap:                 0 kB
1777804057.885122587 Zswapped:              0 kB
1777804057.885122587 Dirty:               184 kB
1777804057.885122587 Writeback:             0 kB
1777804057.885122587 AnonPages:         82740 kB
1777804057.885122587 Mapped:            89552 kB
1777804057.885122587 Shmem:              3452 kB
1777804057.885122587 KReclaimable:      28188 kB
1777804057.885122587 Slab:             114752 kB
1777804057.885122587 SReclaimable:      28188 kB
1777804057.885122587 SUnreclaim:        86564 kB
1777804057.885122587 KernelStack:        3000 kB
1777804057.885122587 PageTables:         3540 kB
1777804057.885122587 SecPageTables:         0 kB
1777804057.885122587 NFS_Unstable:          0 kB
1777804057.885122587 Bounce:                0 kB
1777804057.885122587 WritebackTmp:          0 kB
1777804057.885122587 CommitLimit:     3537964 kB
1777804057.885122587 Committed_AS:     402964 kB
1777804057.885122587 VmallocTotal:   135288315904 kB
1777804057.885122587 VmallocUsed:       18688 kB
1777804057.885122587 VmallocChunk:          0 kB
1777804057.885122587 Percpu:             1456 kB
1777804057.885122587 AnonHugePages:         0 kB
1777804057.885122587 ShmemHugePages:        0 kB
1777804057.885122587 ShmemPmdMapped:        0 kB
1777804057.885122587 FileHugePages:         0 kB
1777804057.885122587 FilePmdMapped:         0 kB
1777804057.885122587 CmaTotal:          65536 kB
1777804057.885122587 CmaFree:           49128 kB
1777804057.885122587 Balloon:               0 kB
1777804057.885122587 HugePages_Total:     512
1777804057.885122587 HugePages_Free:      512
1777804057.885122587 HugePages_Rsvd:        0
1777804057.885122587 HugePages_Surp:        0
1777804057.885122587 Hugepagesize:       2048 kB
1777804057.885122587 Hugetlb:         1048576 kB
1777804058.891818447 MemTotal:        8124504 kB
1777804058.891818447 MemFree:         6392252 kB
1777804058.891818447 MemAvailable:    6672156 kB
1777804058.891818447 Buffers:           28092 kB
1777804058.891818447 Cached:           380848 kB
1777804058.891818447 SwapCached:            0 kB
1777804058.891818447 Active:           387476 kB
1777804058.891818447 Inactive:         104296 kB
1777804058.891818447 Active(anon):      86204 kB
1777804058.891818447 Inactive(anon):        0 kB
1777804058.891818447 Active(file):     301272 kB
1777804058.891818447 Inactive(file):   104296 kB
1777804058.891818447 Unevictable:           0 kB
1777804058.891818447 Mlocked:               0 kB
1777804058.891818447 SwapTotal:             0 kB
1777804058.891818447 SwapFree:              0 kB
1777804058.891818447 Zswap:                 0 kB
1777804058.891818447 Zswapped:              0 kB
1777804058.891818447 Dirty:               220 kB
1777804058.891818447 Writeback:             0 kB
1777804058.891818447 AnonPages:         82792 kB
1777804058.891818447 Mapped:            89360 kB
1777804058.891818447 Shmem:              3452 kB
1777804058.891818447 KReclaimable:      28188 kB
1777804058.891818447 Slab:             114756 kB
1777804058.891818447 SReclaimable:      28188 kB
1777804058.891818447 SUnreclaim:        86568 kB
1777804058.891818447 KernelStack:        2976 kB
1777804058.891818447 PageTables:         3312 kB
1777804058.891818447 SecPageTables:         0 kB
1777804058.891818447 NFS_Unstable:          0 kB
1777804058.891818447 Bounce:                0 kB
1777804058.891818447 WritebackTmp:          0 kB
1777804058.891818447 CommitLimit:     3537964 kB
1777804058.891818447 Committed_AS:     402964 kB
1777804058.891818447 VmallocTotal:   135288315904 kB
1777804058.891818447 VmallocUsed:       18672 kB
1777804058.891818447 VmallocChunk:          0 kB
1777804058.891818447 Percpu:             1456 kB
1777804058.891818447 AnonHugePages:         0 kB
1777804058.891818447 ShmemHugePages:        0 kB
1777804058.891818447 ShmemPmdMapped:        0 kB
1777804058.891818447 FileHugePages:         0 kB
1777804058.891818447 FilePmdMapped:         0 kB
1777804058.891818447 CmaTotal:          65536 kB
1777804058.891818447 CmaFree:           49128 kB
1777804058.891818447 Balloon:               0 kB
1777804058.891818447 HugePages_Total:     512
1777804058.891818447 HugePages_Free:      512
1777804058.891818447 HugePages_Rsvd:        0
1777804058.891818447 HugePages_Surp:        0
1777804058.891818447 Hugepagesize:       2048 kB
1777804058.891818447 Hugetlb:         1048576 kB
1777804059.898565326 MemTotal:        8124504 kB
1777804059.898565326 MemFree:         6390680 kB
1777804059.898565326 MemAvailable:    6670588 kB
1777804059.898565326 Buffers:           28092 kB
1777804059.898565326 Cached:           380860 kB
1777804059.898565326 SwapCached:            0 kB
1777804059.898565326 Active:           387404 kB
1777804059.898565326 Inactive:         104300 kB
1777804059.898565326 Active(anon):      86132 kB
1777804059.898565326 Inactive(anon):        0 kB
1777804059.898565326 Active(file):     301272 kB
1777804059.898565326 Inactive(file):   104300 kB
1777804059.898565326 Unevictable:           0 kB
1777804059.898565326 Mlocked:               0 kB
1777804059.898565326 SwapTotal:             0 kB
1777804059.898565326 SwapFree:              0 kB
1777804059.898565326 Zswap:                 0 kB
1777804059.898565326 Zswapped:              0 kB
1777804059.898565326 Dirty:               232 kB
1777804059.898565326 Writeback:             0 kB
1777804059.898565326 AnonPages:         82800 kB
1777804059.898565326 Mapped:            89360 kB
1777804059.898565326 Shmem:              3452 kB
1777804059.898565326 KReclaimable:      28188 kB
1777804059.898565326 Slab:             114772 kB
1777804059.898565326 SReclaimable:      28188 kB
1777804059.898565326 SUnreclaim:        86584 kB
1777804059.898565326 KernelStack:        2976 kB
1777804059.898565326 PageTables:         3316 kB
1777804059.898565326 SecPageTables:         0 kB
1777804059.898565326 NFS_Unstable:          0 kB
1777804059.898565326 Bounce:                0 kB
1777804059.898565326 WritebackTmp:          0 kB
1777804059.898565326 CommitLimit:     3537964 kB
1777804059.898565326 Committed_AS:     402964 kB
1777804059.898565326 VmallocTotal:   135288315904 kB
1777804059.898565326 VmallocUsed:       18688 kB
1777804059.898565326 VmallocChunk:          0 kB
1777804059.898565326 Percpu:             1456 kB
1777804059.898565326 AnonHugePages:         0 kB
1777804059.898565326 ShmemHugePages:        0 kB
1777804059.898565326 ShmemPmdMapped:        0 kB
1777804059.898565326 FileHugePages:         0 kB
1777804059.898565326 FilePmdMapped:         0 kB
1777804059.898565326 CmaTotal:          65536 kB
1777804059.898565326 CmaFree:           49128 kB
1777804059.898565326 Balloon:               0 kB
1777804059.898565326 HugePages_Total:     512
1777804059.898565326 HugePages_Free:      512
1777804059.898565326 HugePages_Rsvd:        0
1777804059.898565326 HugePages_Surp:        0
1777804059.898565326 Hugepagesize:       2048 kB
1777804059.898565326 Hugetlb:         1048576 kB
1777804060.905284353 MemTotal:        8124504 kB
1777804060.905284353 MemFree:         6391932 kB
1777804060.905284353 MemAvailable:    6671856 kB
1777804060.905284353 Buffers:           28092 kB
1777804060.905284353 Cached:           380864 kB
1777804060.905284353 SwapCached:            0 kB
1777804060.905284353 Active:           387272 kB
1777804060.905284353 Inactive:         104312 kB
1777804060.905284353 Active(anon):      86004 kB
1777804060.905284353 Inactive(anon):        0 kB
1777804060.905284353 Active(file):     301268 kB
1777804060.905284353 Inactive(file):   104312 kB
1777804060.905284353 Unevictable:           0 kB
1777804060.905284353 Mlocked:               0 kB
1777804060.905284353 SwapTotal:             0 kB
1777804060.905284353 SwapFree:              0 kB
1777804060.905284353 Zswap:                 0 kB
1777804060.905284353 Zswapped:              0 kB
1777804060.905284353 Dirty:               236 kB
1777804060.905284353 Writeback:             0 kB
1777804060.905284353 AnonPages:         82804 kB
1777804060.905284353 Mapped:            89320 kB
1777804060.905284353 Shmem:              3452 kB
1777804060.905284353 KReclaimable:      28204 kB
1777804060.905284353 Slab:             114784 kB
1777804060.905284353 SReclaimable:      28204 kB
1777804060.905284353 SUnreclaim:        86580 kB
1777804060.905284353 KernelStack:        2976 kB
1777804060.905284353 PageTables:         3320 kB
1777804060.905284353 SecPageTables:         0 kB
1777804060.905284353 NFS_Unstable:          0 kB
1777804060.905284353 Bounce:                0 kB
1777804060.905284353 WritebackTmp:          0 kB
1777804060.905284353 CommitLimit:     3537964 kB
1777804060.905284353 Committed_AS:     402964 kB
1777804060.905284353 VmallocTotal:   135288315904 kB
1777804060.905284353 VmallocUsed:       18688 kB
1777804060.905284353 VmallocChunk:          0 kB
1777804060.905284353 Percpu:             1456 kB
1777804060.905284353 AnonHugePages:         0 kB
1777804060.905284353 ShmemHugePages:        0 kB
1777804060.905284353 ShmemPmdMapped:        0 kB
1777804060.905284353 FileHugePages:         0 kB
1777804060.905284353 FilePmdMapped:         0 kB
1777804060.905284353 CmaTotal:          65536 kB
1777804060.905284353 CmaFree:           49128 kB
1777804060.905284353 Balloon:               0 kB
1777804060.905284353 HugePages_Total:     512
1777804060.905284353 HugePages_Free:      512
1777804060.905284353 HugePages_Rsvd:        0
1777804060.905284353 HugePages_Surp:        0
1777804060.905284353 Hugepagesize:       2048 kB
1777804060.905284353 Hugetlb:         1048576 kB
1777804061.912047602 MemTotal:        8124504 kB
1777804061.912047602 MemFree:         6390788 kB
1777804061.912047602 MemAvailable:    6670712 kB
1777804061.912047602 Buffers:           28092 kB
1777804061.912047602 Cached:           380864 kB
1777804061.912047602 SwapCached:            0 kB
1777804061.912047602 Active:           387408 kB
1777804061.912047602 Inactive:         104312 kB
1777804061.912047602 Active(anon):      86140 kB
1777804061.912047602 Inactive(anon):        0 kB
1777804061.912047602 Active(file):     301268 kB
1777804061.912047602 Inactive(file):   104312 kB
1777804061.912047602 Unevictable:           0 kB
1777804061.912047602 Mlocked:               0 kB
1777804061.912047602 SwapTotal:             0 kB
1777804061.912047602 SwapFree:              0 kB
1777804061.912047602 Zswap:                 0 kB
1777804061.912047602 Zswapped:              0 kB
1777804061.912047602 Dirty:               236 kB
1777804061.912047602 Writeback:             0 kB
1777804061.912047602 AnonPages:         82800 kB
1777804061.912047602 Mapped:            89360 kB
1777804061.912047602 Shmem:              3452 kB
1777804061.912047602 KReclaimable:      28204 kB
1777804061.912047602 Slab:             114784 kB
1777804061.912047602 SReclaimable:      28204 kB
1777804061.912047602 SUnreclaim:        86580 kB
1777804061.912047602 KernelStack:        2976 kB
1777804061.912047602 PageTables:         3328 kB
1777804061.912047602 SecPageTables:         0 kB
1777804061.912047602 NFS_Unstable:          0 kB
1777804061.912047602 Bounce:                0 kB
1777804061.912047602 WritebackTmp:          0 kB
1777804061.912047602 CommitLimit:     3537964 kB
1777804061.912047602 Committed_AS:     402964 kB
1777804061.912047602 VmallocTotal:   135288315904 kB
1777804061.912047602 VmallocUsed:       18688 kB
1777804061.912047602 VmallocChunk:          0 kB
1777804061.912047602 Percpu:             1456 kB
1777804061.912047602 AnonHugePages:         0 kB
1777804061.912047602 ShmemHugePages:        0 kB
1777804061.912047602 ShmemPmdMapped:        0 kB
1777804061.912047602 FileHugePages:         0 kB
1777804061.912047602 FilePmdMapped:         0 kB
1777804061.912047602 CmaTotal:          65536 kB
1777804061.912047602 CmaFree:           49128 kB
1777804061.912047602 Balloon:               0 kB
1777804061.912047602 HugePages_Total:     512
1777804061.912047602 HugePages_Free:      512
1777804061.912047602 HugePages_Rsvd:        0
1777804061.912047602 HugePages_Surp:        0
1777804061.912047602 Hugepagesize:       2048 kB
1777804061.912047602 Hugetlb:         1048576 kB
1777804062.918706777 MemTotal:        8124504 kB
1777804062.918706777 MemFree:         6390872 kB
1777804062.918706777 MemAvailable:    6670800 kB
1777804062.918706777 Buffers:           28100 kB
1777804062.918706777 Cached:           380868 kB
1777804062.918706777 SwapCached:            0 kB
1777804062.918706777 Active:           387328 kB
1777804062.918706777 Inactive:         104316 kB
1777804062.918706777 Active(anon):      86060 kB
1777804062.918706777 Inactive(anon):        0 kB
1777804062.918706777 Active(file):     301268 kB
1777804062.918706777 Inactive(file):   104316 kB
1777804062.918706777 Unevictable:           0 kB
1777804062.918706777 Mlocked:               0 kB
1777804062.918706777 SwapTotal:             0 kB
1777804062.918706777 SwapFree:              0 kB
1777804062.918706777 Zswap:                 0 kB
1777804062.918706777 Zswapped:              0 kB
1777804062.918706777 Dirty:               240 kB
1777804062.918706777 Writeback:             0 kB
1777804062.918706777 AnonPages:         82796 kB
1777804062.918706777 Mapped:            89320 kB
1777804062.918706777 Shmem:              3452 kB
1777804062.918706777 KReclaimable:      28204 kB
1777804062.918706777 Slab:             114804 kB
1777804062.918706777 SReclaimable:      28204 kB
1777804062.918706777 SUnreclaim:        86600 kB
1777804062.918706777 KernelStack:        2976 kB
1777804062.918706777 PageTables:         3328 kB
1777804062.918706777 SecPageTables:         0 kB
1777804062.918706777 NFS_Unstable:          0 kB
1777804062.918706777 Bounce:                0 kB
1777804062.918706777 WritebackTmp:          0 kB
1777804062.918706777 CommitLimit:     3537964 kB
1777804062.918706777 Committed_AS:     402964 kB
1777804062.918706777 VmallocTotal:   135288315904 kB
1777804062.918706777 VmallocUsed:       18688 kB
1777804062.918706777 VmallocChunk:          0 kB
1777804062.918706777 Percpu:             1456 kB
1777804062.918706777 AnonHugePages:         0 kB
1777804062.918706777 ShmemHugePages:        0 kB
1777804062.918706777 ShmemPmdMapped:        0 kB
1777804062.918706777 FileHugePages:         0 kB
1777804062.918706777 FilePmdMapped:         0 kB
1777804062.918706777 CmaTotal:          65536 kB
1777804062.918706777 CmaFree:           49128 kB
1777804062.918706777 Balloon:               0 kB
1777804062.918706777 HugePages_Total:     512
1777804062.918706777 HugePages_Free:      512
1777804062.918706777 HugePages_Rsvd:        0
1777804062.918706777 HugePages_Surp:        0
1777804062.918706777 Hugepagesize:       2048 kB
1777804062.918706777 Hugetlb:         1048576 kB
1777804063.925440656 MemTotal:        8124504 kB
1777804063.925440656 MemFree:         6391228 kB
1777804063.925440656 MemAvailable:    6671164 kB
1777804063.925440656 Buffers:           28100 kB
1777804063.925440656 Cached:           380872 kB
1777804063.925440656 SwapCached:            0 kB
1777804063.925440656 Active:           387460 kB
1777804063.925440656 Inactive:         104324 kB
1777804063.925440656 Active(anon):      86192 kB
1777804063.925440656 Inactive(anon):        0 kB
1777804063.925440656 Active(file):     301268 kB
1777804063.925440656 Inactive(file):   104324 kB
1777804063.925440656 Unevictable:           0 kB
1777804063.925440656 Mlocked:               0 kB
1777804063.925440656 SwapTotal:             0 kB
1777804063.925440656 SwapFree:              0 kB
1777804063.925440656 Zswap:                 0 kB
1777804063.925440656 Zswapped:              0 kB
1777804063.925440656 Dirty:               244 kB
1777804063.925440656 Writeback:             0 kB
1777804063.925440656 AnonPages:         82804 kB
1777804063.925440656 Mapped:            89360 kB
1777804063.925440656 Shmem:              3452 kB
1777804063.925440656 KReclaimable:      28204 kB
1777804063.925440656 Slab:             114796 kB
1777804063.925440656 SReclaimable:      28204 kB
1777804063.925440656 SUnreclaim:        86592 kB
1777804063.925440656 KernelStack:        2976 kB
1777804063.925440656 PageTables:         3312 kB
1777804063.925440656 SecPageTables:         0 kB
1777804063.925440656 NFS_Unstable:          0 kB
1777804063.925440656 Bounce:                0 kB
1777804063.925440656 WritebackTmp:          0 kB
1777804063.925440656 CommitLimit:     3537964 kB
1777804063.925440656 Committed_AS:     402964 kB
1777804063.925440656 VmallocTotal:   135288315904 kB
1777804063.925440656 VmallocUsed:       18704 kB
1777804063.925440656 VmallocChunk:          0 kB
1777804063.925440656 Percpu:             1456 kB
1777804063.925440656 AnonHugePages:         0 kB
1777804063.925440656 ShmemHugePages:        0 kB
1777804063.925440656 ShmemPmdMapped:        0 kB
1777804063.925440656 FileHugePages:         0 kB
1777804063.925440656 FilePmdMapped:         0 kB
1777804063.925440656 CmaTotal:          65536 kB
1777804063.925440656 CmaFree:           49128 kB
1777804063.925440656 Balloon:               0 kB
1777804063.925440656 HugePages_Total:     512
1777804063.925440656 HugePages_Free:      512
1777804063.925440656 HugePages_Rsvd:        0
1777804063.925440656 HugePages_Surp:        0
1777804063.925440656 Hugepagesize:       2048 kB
1777804063.925440656 Hugetlb:         1048576 kB
1777804064.932065275 MemTotal:        8124504 kB
1777804064.932065275 MemFree:         6392224 kB
1777804064.932065275 MemAvailable:    6672176 kB
1777804064.932065275 Buffers:           28100 kB
1777804064.932065275 Cached:           380880 kB
1777804064.932065275 SwapCached:            0 kB
1777804064.932065275 Active:           387376 kB
1777804064.932065275 Inactive:         104336 kB
1777804064.932065275 Active(anon):      86104 kB
1777804064.932065275 Inactive(anon):        0 kB
1777804064.932065275 Active(file):     301272 kB
1777804064.932065275 Inactive(file):   104336 kB
1777804064.932065275 Unevictable:           0 kB
1777804064.932065275 Mlocked:               0 kB
1777804064.932065275 SwapTotal:             0 kB
1777804064.932065275 SwapFree:              0 kB
1777804064.932065275 Zswap:                 0 kB
1777804064.932065275 Zswapped:              0 kB
1777804064.932065275 Dirty:               252 kB
1777804064.932065275 Writeback:             0 kB
1777804064.932065275 AnonPages:         82796 kB
1777804064.932065275 Mapped:            89320 kB
1777804064.932065275 Shmem:              3452 kB
1777804064.932065275 KReclaimable:      28204 kB
1777804064.932065275 Slab:             114780 kB
1777804064.932065275 SReclaimable:      28204 kB
1777804064.932065275 SUnreclaim:        86576 kB
1777804064.932065275 KernelStack:        2976 kB
1777804064.932065275 PageTables:         3328 kB
1777804064.932065275 SecPageTables:         0 kB
1777804064.932065275 NFS_Unstable:          0 kB
1777804064.932065275 Bounce:                0 kB
1777804064.932065275 WritebackTmp:          0 kB
1777804064.932065275 CommitLimit:     3537964 kB
1777804064.932065275 Committed_AS:     402964 kB
1777804064.932065275 VmallocTotal:   135288315904 kB
1777804064.932065275 VmallocUsed:       18688 kB
1777804064.932065275 VmallocChunk:          0 kB
1777804064.932065275 Percpu:             1456 kB
1777804064.932065275 AnonHugePages:         0 kB
1777804064.932065275 ShmemHugePages:        0 kB
1777804064.932065275 ShmemPmdMapped:        0 kB
1777804064.932065275 FileHugePages:         0 kB
1777804064.932065275 FilePmdMapped:         0 kB
1777804064.932065275 CmaTotal:          65536 kB
1777804064.932065275 CmaFree:           49128 kB
1777804064.932065275 Balloon:               0 kB
1777804064.932065275 HugePages_Total:     512
1777804064.932065275 HugePages_Free:      512
1777804064.932065275 HugePages_Rsvd:        0
1777804064.932065275 HugePages_Surp:        0
1777804064.932065275 Hugepagesize:       2048 kB
1777804064.932065275 Hugetlb:         1048576 kB
1777804065.938797006 MemTotal:        8124504 kB
1777804065.938797006 MemFree:         6391516 kB
1777804065.938797006 MemAvailable:    6671472 kB
1777804065.938797006 Buffers:           28100 kB
1777804065.938797006 Cached:           380884 kB
1777804065.938797006 SwapCached:            0 kB
1777804065.938797006 Active:           387496 kB
1777804065.938797006 Inactive:         104340 kB
1777804065.938797006 Active(anon):      86224 kB
1777804065.938797006 Inactive(anon):        0 kB
1777804065.938797006 Active(file):     301272 kB
1777804065.938797006 Inactive(file):   104340 kB
1777804065.938797006 Unevictable:           0 kB
1777804065.938797006 Mlocked:               0 kB
1777804065.938797006 SwapTotal:             0 kB
1777804065.938797006 SwapFree:              0 kB
1777804065.938797006 Zswap:                 0 kB
1777804065.938797006 Zswapped:              0 kB
1777804065.938797006 Dirty:               256 kB
1777804065.938797006 Writeback:             0 kB
1777804065.938797006 AnonPages:         82800 kB
1777804065.938797006 Mapped:            89360 kB
1777804065.938797006 Shmem:              3452 kB
1777804065.938797006 KReclaimable:      28204 kB
1777804065.938797006 Slab:             114776 kB
1777804065.938797006 SReclaimable:      28204 kB
1777804065.938797006 SUnreclaim:        86572 kB
1777804065.938797006 KernelStack:        2976 kB
1777804065.938797006 PageTables:         3320 kB
1777804065.938797006 SecPageTables:         0 kB
1777804065.938797006 NFS_Unstable:          0 kB
1777804065.938797006 Bounce:                0 kB
1777804065.938797006 WritebackTmp:          0 kB
1777804065.938797006 CommitLimit:     3537964 kB
1777804065.938797006 Committed_AS:     402964 kB
1777804065.938797006 VmallocTotal:   135288315904 kB
1777804065.938797006 VmallocUsed:       18688 kB
1777804065.938797006 VmallocChunk:          0 kB
1777804065.938797006 Percpu:             1456 kB
1777804065.938797006 AnonHugePages:         0 kB
1777804065.938797006 ShmemHugePages:        0 kB
1777804065.938797006 ShmemPmdMapped:        0 kB
1777804065.938797006 FileHugePages:         0 kB
1777804065.938797006 FilePmdMapped:         0 kB
1777804065.938797006 CmaTotal:          65536 kB
1777804065.938797006 CmaFree:           49128 kB
1777804065.938797006 Balloon:               0 kB
1777804065.938797006 HugePages_Total:     512
1777804065.938797006 HugePages_Free:      512
1777804065.938797006 HugePages_Rsvd:        0
1777804065.938797006 HugePages_Surp:        0
1777804065.938797006 Hugepagesize:       2048 kB
1777804065.938797006 Hugetlb:         1048576 kB
1777804066.945653256 MemTotal:        8124504 kB
1777804066.945653256 MemFree:         6390716 kB
1777804066.945653256 MemAvailable:    6670672 kB
1777804066.945653256 Buffers:           28100 kB
1777804066.945653256 Cached:           380892 kB
1777804066.945653256 SwapCached:            0 kB
1777804066.945653256 Active:           387472 kB
1777804066.945653256 Inactive:         104340 kB
1777804066.945653256 Active(anon):      86200 kB
1777804066.945653256 Inactive(anon):        0 kB
1777804066.945653256 Active(file):     301272 kB
1777804066.945653256 Inactive(file):   104340 kB
1777804066.945653256 Unevictable:           0 kB
1777804066.945653256 Mlocked:               0 kB
1777804066.945653256 SwapTotal:             0 kB
1777804066.945653256 SwapFree:              0 kB
1777804066.945653256 Zswap:                 0 kB
1777804066.945653256 Zswapped:              0 kB
1777804066.945653256 Dirty:               264 kB
1777804066.945653256 Writeback:             0 kB
1777804066.945653256 AnonPages:         82796 kB
1777804066.945653256 Mapped:            89360 kB
1777804066.945653256 Shmem:              3452 kB
1777804066.945653256 KReclaimable:      28204 kB
1777804066.945653256 Slab:             114796 kB
1777804066.945653256 SReclaimable:      28204 kB
1777804066.945653256 SUnreclaim:        86592 kB
1777804066.945653256 KernelStack:        2976 kB
1777804066.945653256 PageTables:         3320 kB
1777804066.945653256 SecPageTables:         0 kB
1777804066.945653256 NFS_Unstable:          0 kB
1777804066.945653256 Bounce:                0 kB
1777804066.945653256 WritebackTmp:          0 kB
1777804066.945653256 CommitLimit:     3537964 kB
1777804066.945653256 Committed_AS:     402964 kB
1777804066.945653256 VmallocTotal:   135288315904 kB
1777804066.945653256 VmallocUsed:       18688 kB
1777804066.945653256 VmallocChunk:          0 kB
1777804066.945653256 Percpu:             1456 kB
1777804066.945653256 AnonHugePages:         0 kB
1777804066.945653256 ShmemHugePages:        0 kB
1777804066.945653256 ShmemPmdMapped:        0 kB
1777804066.945653256 FileHugePages:         0 kB
1777804066.945653256 FilePmdMapped:         0 kB
1777804066.945653256 CmaTotal:          65536 kB
1777804066.945653256 CmaFree:           49128 kB
1777804066.945653256 Balloon:               0 kB
1777804066.945653256 HugePages_Total:     512
1777804066.945653256 HugePages_Free:      512
1777804066.945653256 HugePages_Rsvd:        0
1777804066.945653256 HugePages_Surp:        0
1777804066.945653256 Hugepagesize:       2048 kB
1777804066.945653256 Hugetlb:         1048576 kB
1777804067.952529062 MemTotal:        8124504 kB
1777804067.952529062 MemFree:         6392476 kB
1777804067.952529062 MemAvailable:    6672436 kB
1777804067.952529062 Buffers:           28108 kB
1777804067.952529062 Cached:           380896 kB
1777804067.952529062 SwapCached:            0 kB
1777804067.952529062 Active:           387252 kB
1777804067.952529062 Inactive:         104352 kB
1777804067.952529062 Active(anon):      85988 kB
1777804067.952529062 Inactive(anon):        0 kB
1777804067.952529062 Active(file):     301264 kB
1777804067.952529062 Inactive(file):   104352 kB
1777804067.952529062 Unevictable:           0 kB
1777804067.952529062 Mlocked:               0 kB
1777804067.952529062 SwapTotal:             0 kB
1777804067.952529062 SwapFree:              0 kB
1777804067.952529062 Zswap:                 0 kB
1777804067.952529062 Zswapped:              0 kB
1777804067.952529062 Dirty:               268 kB
1777804067.952529062 Writeback:             0 kB
1777804067.952529062 AnonPages:         82752 kB
1777804067.952529062 Mapped:            89320 kB
1777804067.952529062 Shmem:              3452 kB
1777804067.952529062 KReclaimable:      28204 kB
1777804067.952529062 Slab:             114792 kB
1777804067.952529062 SReclaimable:      28204 kB
1777804067.952529062 SUnreclaim:        86588 kB
1777804067.952529062 KernelStack:        2976 kB
1777804067.952529062 PageTables:         3360 kB
1777804067.952529062 SecPageTables:         0 kB
1777804067.952529062 NFS_Unstable:          0 kB
1777804067.952529062 Bounce:                0 kB
1777804067.952529062 WritebackTmp:          0 kB
1777804067.952529062 CommitLimit:     3537964 kB
1777804067.952529062 Committed_AS:     402964 kB
1777804067.952529062 VmallocTotal:   135288315904 kB
1777804067.952529062 VmallocUsed:       18672 kB
1777804067.952529062 VmallocChunk:          0 kB
1777804067.952529062 Percpu:             1456 kB
1777804067.952529062 AnonHugePages:         0 kB
1777804067.952529062 ShmemHugePages:        0 kB
1777804067.952529062 ShmemPmdMapped:        0 kB
1777804067.952529062 FileHugePages:         0 kB
1777804067.952529062 FilePmdMapped:         0 kB
1777804067.952529062 CmaTotal:          65536 kB
1777804067.952529062 CmaFree:           49128 kB
1777804067.952529062 Balloon:               0 kB
1777804067.952529062 HugePages_Total:     512
1777804067.952529062 HugePages_Free:      512
1777804067.952529062 HugePages_Rsvd:        0
1777804067.952529062 HugePages_Surp:        0
1777804067.952529062 Hugepagesize:       2048 kB
1777804067.952529062 Hugetlb:         1048576 kB
1777804068.959418109 MemTotal:        8124504 kB
1777804068.959418109 MemFree:         6392084 kB
1777804068.959418109 MemAvailable:    6672060 kB
1777804068.959418109 Buffers:           28108 kB
1777804068.959418109 Cached:           380900 kB
1777804068.959418109 SwapCached:            0 kB
1777804068.959418109 Active:           387340 kB
1777804068.959418109 Inactive:         104364 kB
1777804068.959418109 Active(anon):      86072 kB
1777804068.959418109 Inactive(anon):        0 kB
1777804068.959418109 Active(file):     301268 kB
1777804068.959418109 Inactive(file):   104364 kB
1777804068.959418109 Unevictable:           0 kB
1777804068.959418109 Mlocked:               0 kB
1777804068.959418109 SwapTotal:             0 kB
1777804068.959418109 SwapFree:              0 kB
1777804068.959418109 Zswap:                 0 kB
1777804068.959418109 Zswapped:              0 kB
1777804068.959418109 Dirty:               272 kB
1777804068.959418109 Writeback:             0 kB
1777804068.959418109 AnonPages:         82800 kB
1777804068.959418109 Mapped:            89348 kB
1777804068.959418109 Shmem:              3452 kB
1777804068.959418109 KReclaimable:      28204 kB
1777804068.959418109 Slab:             114764 kB
1777804068.959418109 SReclaimable:      28204 kB
1777804068.959418109 SUnreclaim:        86560 kB
1777804068.959418109 KernelStack:        2976 kB
1777804068.959418109 PageTables:         3368 kB
1777804068.959418109 SecPageTables:         0 kB
1777804068.959418109 NFS_Unstable:          0 kB
1777804068.959418109 Bounce:                0 kB
1777804068.959418109 WritebackTmp:          0 kB
1777804068.959418109 CommitLimit:     3537964 kB
1777804068.959418109 Committed_AS:     402964 kB
1777804068.959418109 VmallocTotal:   135288315904 kB
1777804068.959418109 VmallocUsed:       18672 kB
1777804068.959418109 VmallocChunk:          0 kB
1777804068.959418109 Percpu:             1456 kB
1777804068.959418109 AnonHugePages:         0 kB
1777804068.959418109 ShmemHugePages:        0 kB
1777804068.959418109 ShmemPmdMapped:        0 kB
1777804068.959418109 FileHugePages:         0 kB
1777804068.959418109 FilePmdMapped:         0 kB
1777804068.959418109 CmaTotal:          65536 kB
1777804068.959418109 CmaFree:           49128 kB
1777804068.959418109 Balloon:               0 kB
1777804068.959418109 HugePages_Total:     512
1777804068.959418109 HugePages_Free:      512
1777804068.959418109 HugePages_Rsvd:        0
1777804068.959418109 HugePages_Surp:        0
1777804068.959418109 Hugepagesize:       2048 kB
1777804068.959418109 Hugetlb:         1048576 kB
1777804069.966394637 MemTotal:        8124504 kB
1777804069.966394637 MemFree:         6392604 kB
1777804069.966394637 MemAvailable:    6672584 kB
1777804069.966394637 Buffers:           28108 kB
1777804069.966394637 Cached:           380904 kB
1777804069.966394637 SwapCached:            0 kB
1777804069.966394637 Active:           387520 kB
1777804069.966394637 Inactive:         104368 kB
1777804069.966394637 Active(anon):      86252 kB
1777804069.966394637 Inactive(anon):        0 kB
1777804069.966394637 Active(file):     301268 kB
1777804069.966394637 Inactive(file):   104368 kB
1777804069.966394637 Unevictable:           0 kB
1777804069.966394637 Mlocked:               0 kB
1777804069.966394637 SwapTotal:             0 kB
1777804069.966394637 SwapFree:              0 kB
1777804069.966394637 Zswap:                 0 kB
1777804069.966394637 Zswapped:              0 kB
1777804069.966394637 Dirty:               276 kB
1777804069.966394637 Writeback:             0 kB
1777804069.966394637 AnonPages:         82804 kB
1777804069.966394637 Mapped:            89360 kB
1777804069.966394637 Shmem:              3452 kB
1777804069.966394637 KReclaimable:      28204 kB
1777804069.966394637 Slab:             114804 kB
1777804069.966394637 SReclaimable:      28204 kB
1777804069.966394637 SUnreclaim:        86600 kB
1777804069.966394637 KernelStack:        2976 kB
1777804069.966394637 PageTables:         3320 kB
1777804069.966394637 SecPageTables:         0 kB
1777804069.966394637 NFS_Unstable:          0 kB
1777804069.966394637 Bounce:                0 kB
1777804069.966394637 WritebackTmp:          0 kB
1777804069.966394637 CommitLimit:     3537964 kB
1777804069.966394637 Committed_AS:     402964 kB
1777804069.966394637 VmallocTotal:   135288315904 kB
1777804069.966394637 VmallocUsed:       18704 kB
1777804069.966394637 VmallocChunk:          0 kB
1777804069.966394637 Percpu:             1456 kB
1777804069.966394637 AnonHugePages:         0 kB
1777804069.966394637 ShmemHugePages:        0 kB
1777804069.966394637 ShmemPmdMapped:        0 kB
1777804069.966394637 FileHugePages:         0 kB
1777804069.966394637 FilePmdMapped:         0 kB
1777804069.966394637 CmaTotal:          65536 kB
1777804069.966394637 CmaFree:           49128 kB
1777804069.966394637 Balloon:               0 kB
1777804069.966394637 HugePages_Total:     512
1777804069.966394637 HugePages_Free:      512
1777804069.966394637 HugePages_Rsvd:        0
1777804069.966394637 HugePages_Surp:        0
1777804069.966394637 Hugepagesize:       2048 kB
1777804069.966394637 Hugetlb:         1048576 kB
1777804070.973324851 MemTotal:        8124504 kB
1777804070.973324851 MemFree:         6392760 kB
1777804070.973324851 MemAvailable:    6672748 kB
1777804070.973324851 Buffers:           28108 kB
1777804070.973324851 Cached:           380912 kB
1777804070.973324851 SwapCached:            0 kB
1777804070.973324851 Active:           387380 kB
1777804070.973324851 Inactive:         104372 kB
1777804070.973324851 Active(anon):      86108 kB
1777804070.973324851 Inactive(anon):        0 kB
1777804070.973324851 Active(file):     301272 kB
1777804070.973324851 Inactive(file):   104372 kB
1777804070.973324851 Unevictable:           0 kB
1777804070.973324851 Mlocked:               0 kB
1777804070.973324851 SwapTotal:             0 kB
1777804070.973324851 SwapFree:              0 kB
1777804070.973324851 Zswap:                 0 kB
1777804070.973324851 Zswapped:              0 kB
1777804070.973324851 Dirty:               284 kB
1777804070.973324851 Writeback:             0 kB
1777804070.973324851 AnonPages:         82836 kB
1777804070.973324851 Mapped:            89320 kB
1777804070.973324851 Shmem:              3452 kB
1777804070.973324851 KReclaimable:      28204 kB
1777804070.973324851 Slab:             114812 kB
1777804070.973324851 SReclaimable:      28204 kB
1777804070.973324851 SUnreclaim:        86608 kB
1777804070.973324851 KernelStack:        2992 kB
1777804070.973324851 PageTables:         3360 kB
1777804070.973324851 SecPageTables:         0 kB
1777804070.973324851 NFS_Unstable:          0 kB
1777804070.973324851 Bounce:                0 kB
1777804070.973324851 WritebackTmp:          0 kB
1777804070.973324851 CommitLimit:     3537964 kB
1777804070.973324851 Committed_AS:     402964 kB
1777804070.973324851 VmallocTotal:   135288315904 kB
1777804070.973324851 VmallocUsed:       18704 kB
1777804070.973324851 VmallocChunk:          0 kB
1777804070.973324851 Percpu:             1456 kB
1777804070.973324851 AnonHugePages:         0 kB
1777804070.973324851 ShmemHugePages:        0 kB
1777804070.973324851 ShmemPmdMapped:        0 kB
1777804070.973324851 FileHugePages:         0 kB
1777804070.973324851 FilePmdMapped:         0 kB
1777804070.973324851 CmaTotal:          65536 kB
1777804070.973324851 CmaFree:           49128 kB
1777804070.973324851 Balloon:               0 kB
1777804070.973324851 HugePages_Total:     512
1777804070.973324851 HugePages_Free:      512
1777804070.973324851 HugePages_Rsvd:        0
1777804070.973324851 HugePages_Surp:        0
1777804070.973324851 Hugepagesize:       2048 kB
1777804070.973324851 Hugetlb:         1048576 kB
1777804071.980204416 MemTotal:        8124504 kB
1777804071.980204416 MemFree:         6391908 kB
1777804071.980204416 MemAvailable:    6671900 kB
1777804071.980204416 Buffers:           28108 kB
1777804071.980204416 Cached:           380916 kB
1777804071.980204416 SwapCached:            0 kB
1777804071.980204416 Active:           387324 kB
1777804071.980204416 Inactive:         104380 kB
1777804071.980204416 Active(anon):      86056 kB
1777804071.980204416 Inactive(anon):        0 kB
1777804071.980204416 Active(file):     301268 kB
1777804071.980204416 Inactive(file):   104380 kB
1777804071.980204416 Unevictable:           0 kB
1777804071.980204416 Mlocked:               0 kB
1777804071.980204416 SwapTotal:             0 kB
1777804071.980204416 SwapFree:              0 kB
1777804071.980204416 Zswap:                 0 kB
1777804071.980204416 Zswapped:              0 kB
1777804071.980204416 Dirty:               288 kB
1777804071.980204416 Writeback:             0 kB
1777804071.980204416 AnonPages:         82760 kB
1777804071.980204416 Mapped:            89320 kB
1777804071.980204416 Shmem:              3452 kB
1777804071.980204416 KReclaimable:      28204 kB
1777804071.980204416 Slab:             114792 kB
1777804071.980204416 SReclaimable:      28204 kB
1777804071.980204416 SUnreclaim:        86588 kB
1777804071.980204416 KernelStack:        2976 kB
1777804071.980204416 PageTables:         3364 kB
1777804071.980204416 SecPageTables:         0 kB
1777804071.980204416 NFS_Unstable:          0 kB
1777804071.980204416 Bounce:                0 kB
1777804071.980204416 WritebackTmp:          0 kB
1777804071.980204416 CommitLimit:     3537964 kB
1777804071.980204416 Committed_AS:     402964 kB
1777804071.980204416 VmallocTotal:   135288315904 kB
1777804071.980204416 VmallocUsed:       18688 kB
1777804071.980204416 VmallocChunk:          0 kB
1777804071.980204416 Percpu:             1456 kB
1777804071.980204416 AnonHugePages:         0 kB
1777804071.980204416 ShmemHugePages:        0 kB
1777804071.980204416 ShmemPmdMapped:        0 kB
1777804071.980204416 FileHugePages:         0 kB
1777804071.980204416 FilePmdMapped:         0 kB
1777804071.980204416 CmaTotal:          65536 kB
1777804071.980204416 CmaFree:           49128 kB
1777804071.980204416 Balloon:               0 kB
1777804071.980204416 HugePages_Total:     512
1777804071.980204416 HugePages_Free:      512
1777804071.980204416 HugePages_Rsvd:        0
1777804071.980204416 HugePages_Surp:        0
1777804071.980204416 Hugepagesize:       2048 kB
1777804071.980204416 Hugetlb:         1048576 kB
1777804072.987294741 MemTotal:        8124504 kB
1777804072.987294741 MemFree:         6393296 kB
1777804072.987294741 MemAvailable:    6673288 kB
1777804072.987294741 Buffers:           28116 kB
1777804072.987294741 Cached:           380916 kB
1777804072.987294741 SwapCached:            0 kB
1777804072.987294741 Active:           387392 kB
1777804072.987294741 Inactive:         104380 kB
1777804072.987294741 Active(anon):      86124 kB
1777804072.987294741 Inactive(anon):        0 kB
1777804072.987294741 Active(file):     301268 kB
1777804072.987294741 Inactive(file):   104380 kB
1777804072.987294741 Unevictable:           0 kB
1777804072.987294741 Mlocked:               0 kB
1777804072.987294741 SwapTotal:             0 kB
1777804072.987294741 SwapFree:              0 kB
1777804072.987294741 Zswap:                 0 kB
1777804072.987294741 Zswapped:              0 kB
1777804072.987294741 Dirty:               292 kB
1777804072.987294741 Writeback:             0 kB
1777804072.987294741 AnonPages:         82904 kB
1777804072.987294741 Mapped:            89320 kB
1777804072.987294741 Shmem:              3452 kB
1777804072.987294741 KReclaimable:      28204 kB
1777804072.987294741 Slab:             114788 kB
1777804072.987294741 SReclaimable:      28204 kB
1777804072.987294741 SUnreclaim:        86584 kB
1777804072.987294741 KernelStack:        2984 kB
1777804072.987294741 PageTables:         3392 kB
1777804072.987294741 SecPageTables:         0 kB
1777804072.987294741 NFS_Unstable:          0 kB
1777804072.987294741 Bounce:                0 kB
1777804072.987294741 WritebackTmp:          0 kB
1777804072.987294741 CommitLimit:     3537964 kB
1777804072.987294741 Committed_AS:     402964 kB
1777804072.987294741 VmallocTotal:   135288315904 kB
1777804072.987294741 VmallocUsed:       18704 kB
1777804072.987294741 VmallocChunk:          0 kB
1777804072.987294741 Percpu:             1456 kB
1777804072.987294741 AnonHugePages:         0 kB
1777804072.987294741 ShmemHugePages:        0 kB
1777804072.987294741 ShmemPmdMapped:        0 kB
1777804072.987294741 FileHugePages:         0 kB
1777804072.987294741 FilePmdMapped:         0 kB
1777804072.987294741 CmaTotal:          65536 kB
1777804072.987294741 CmaFree:           49128 kB
1777804072.987294741 Balloon:               0 kB
1777804072.987294741 HugePages_Total:     512
1777804072.987294741 HugePages_Free:      512
1777804072.987294741 HugePages_Rsvd:        0
1777804072.987294741 HugePages_Surp:        0
1777804072.987294741 Hugepagesize:       2048 kB
1777804072.987294741 Hugetlb:         1048576 kB
1777804073.994391900 MemTotal:        8124504 kB
1777804073.994391900 MemFree:         6392688 kB
1777804073.994391900 MemAvailable:    6672696 kB
1777804073.994391900 Buffers:           28116 kB
1777804073.994391900 Cached:           380924 kB
1777804073.994391900 SwapCached:            0 kB
1777804073.994391900 Active:           387292 kB
1777804073.994391900 Inactive:         104396 kB
1777804073.994391900 Active(anon):      86024 kB
1777804073.994391900 Inactive(anon):        0 kB
1777804073.994391900 Active(file):     301268 kB
1777804073.994391900 Inactive(file):   104396 kB
1777804073.994391900 Unevictable:           0 kB
1777804073.994391900 Mlocked:               0 kB
1777804073.994391900 SwapTotal:             0 kB
1777804073.994391900 SwapFree:              0 kB
1777804073.994391900 Zswap:                 0 kB
1777804073.994391900 Zswapped:              0 kB
1777804073.994391900 Dirty:               116 kB
1777804073.994391900 Writeback:             0 kB
1777804073.994391900 AnonPages:         82800 kB
1777804073.994391900 Mapped:            89320 kB
1777804073.994391900 Shmem:              3452 kB
1777804073.994391900 KReclaimable:      28204 kB
1777804073.994391900 Slab:             114812 kB
1777804073.994391900 SReclaimable:      28204 kB
1777804073.994391900 SUnreclaim:        86608 kB
1777804073.994391900 KernelStack:        2992 kB
1777804073.994391900 PageTables:         3436 kB
1777804073.994391900 SecPageTables:         0 kB
1777804073.994391900 NFS_Unstable:          0 kB
1777804073.994391900 Bounce:                0 kB
1777804073.994391900 WritebackTmp:          0 kB
1777804073.994391900 CommitLimit:     3537964 kB
1777804073.994391900 Committed_AS:     402964 kB
1777804073.994391900 VmallocTotal:   135288315904 kB
1777804073.994391900 VmallocUsed:       18704 kB
1777804073.994391900 VmallocChunk:          0 kB
1777804073.994391900 Percpu:             1456 kB
1777804073.994391900 AnonHugePages:         0 kB
1777804073.994391900 ShmemHugePages:        0 kB
1777804073.994391900 ShmemPmdMapped:        0 kB
1777804073.994391900 FileHugePages:         0 kB
1777804073.994391900 FilePmdMapped:         0 kB
1777804073.994391900 CmaTotal:          65536 kB
1777804073.994391900 CmaFree:           49128 kB
1777804073.994391900 Balloon:               0 kB
1777804073.994391900 HugePages_Total:     512
1777804073.994391900 HugePages_Free:      512
1777804073.994391900 HugePages_Rsvd:        0
1777804073.994391900 HugePages_Surp:        0
1777804073.994391900 Hugepagesize:       2048 kB
1777804073.994391900 Hugetlb:         1048576 kB
1777804075.001432073 MemTotal:        8124504 kB
1777804075.001432073 MemFree:         6394268 kB
1777804075.001432073 MemAvailable:    6674276 kB
1777804075.001432073 Buffers:           28116 kB
1777804075.001432073 Cached:           380928 kB
1777804075.001432073 SwapCached:            0 kB
1777804075.001432073 Active:           387312 kB
1777804075.001432073 Inactive:         104396 kB
1777804075.001432073 Active(anon):      86044 kB
1777804075.001432073 Inactive(anon):        0 kB
1777804075.001432073 Active(file):     301268 kB
1777804075.001432073 Inactive(file):   104396 kB
1777804075.001432073 Unevictable:           0 kB
1777804075.001432073 Mlocked:               0 kB
1777804075.001432073 SwapTotal:             0 kB
1777804075.001432073 SwapFree:              0 kB
1777804075.001432073 Zswap:                 0 kB
1777804075.001432073 Zswapped:              0 kB
1777804075.001432073 Dirty:               120 kB
1777804075.001432073 Writeback:             0 kB
1777804075.001432073 AnonPages:         82836 kB
1777804075.001432073 Mapped:            89320 kB
1777804075.001432073 Shmem:              3452 kB
1777804075.001432073 KReclaimable:      28204 kB
1777804075.001432073 Slab:             114808 kB
1777804075.001432073 SReclaimable:      28204 kB
1777804075.001432073 SUnreclaim:        86604 kB
1777804075.001432073 KernelStack:        3008 kB
1777804075.001432073 PageTables:         3368 kB
1777804075.001432073 SecPageTables:         0 kB
1777804075.001432073 NFS_Unstable:          0 kB
1777804075.001432073 Bounce:                0 kB
1777804075.001432073 WritebackTmp:          0 kB
1777804075.001432073 CommitLimit:     3537964 kB
1777804075.001432073 Committed_AS:     402964 kB
1777804075.001432073 VmallocTotal:   135288315904 kB
1777804075.001432073 VmallocUsed:       18704 kB
1777804075.001432073 VmallocChunk:          0 kB
1777804075.001432073 Percpu:             1456 kB
1777804075.001432073 AnonHugePages:         0 kB
1777804075.001432073 ShmemHugePages:        0 kB
1777804075.001432073 ShmemPmdMapped:        0 kB
1777804075.001432073 FileHugePages:         0 kB
1777804075.001432073 FilePmdMapped:         0 kB
1777804075.001432073 CmaTotal:          65536 kB
1777804075.001432073 CmaFree:           49128 kB
1777804075.001432073 Balloon:               0 kB
1777804075.001432073 HugePages_Total:     512
1777804075.001432073 HugePages_Free:      512
1777804075.001432073 HugePages_Rsvd:        0
1777804075.001432073 HugePages_Surp:        0
1777804075.001432073 Hugepagesize:       2048 kB
1777804075.001432073 Hugetlb:         1048576 kB
1777804076.009834992 MemTotal:        8124504 kB
1777804076.009834992 MemFree:         6393680 kB
1777804076.009834992 MemAvailable:    6673700 kB
1777804076.009834992 Buffers:           28116 kB
1777804076.009834992 Cached:           380936 kB
1777804076.009834992 SwapCached:            0 kB
1777804076.009834992 Active:           387248 kB
1777804076.009834992 Inactive:         104408 kB
1777804076.009834992 Active(anon):      85980 kB
1777804076.009834992 Inactive(anon):        0 kB
1777804076.009834992 Active(file):     301268 kB
1777804076.009834992 Inactive(file):   104408 kB
1777804076.009834992 Unevictable:           0 kB
1777804076.009834992 Mlocked:               0 kB
1777804076.009834992 SwapTotal:             0 kB
1777804076.009834992 SwapFree:              0 kB
1777804076.009834992 Zswap:                 0 kB
1777804076.009834992 Zswapped:              0 kB
1777804076.009834992 Dirty:               128 kB
1777804076.009834992 Writeback:             0 kB
1777804076.009834992 AnonPages:         82808 kB
1777804076.009834992 Mapped:            89360 kB
1777804076.009834992 Shmem:              3452 kB
1777804076.009834992 KReclaimable:      28204 kB
1777804076.009834992 Slab:             114788 kB
1777804076.009834992 SReclaimable:      28204 kB
1777804076.009834992 SUnreclaim:        86584 kB
1777804076.009834992 KernelStack:        3008 kB
1777804076.009834992 PageTables:         3400 kB
1777804076.009834992 SecPageTables:         0 kB
1777804076.009834992 NFS_Unstable:          0 kB
1777804076.009834992 Bounce:                0 kB
1777804076.009834992 WritebackTmp:          0 kB
1777804076.009834992 CommitLimit:     3537964 kB
1777804076.009834992 Committed_AS:     402964 kB
1777804076.009834992 VmallocTotal:   135288315904 kB
1777804076.009834992 VmallocUsed:       18720 kB
1777804076.009834992 VmallocChunk:          0 kB
1777804076.009834992 Percpu:             1456 kB
1777804076.009834992 AnonHugePages:         0 kB
1777804076.009834992 ShmemHugePages:        0 kB
1777804076.009834992 ShmemPmdMapped:        0 kB
1777804076.009834992 FileHugePages:         0 kB
1777804076.009834992 FilePmdMapped:         0 kB
1777804076.009834992 CmaTotal:          65536 kB
1777804076.009834992 CmaFree:           49128 kB
1777804076.009834992 Balloon:               0 kB
1777804076.009834992 HugePages_Total:     512
1777804076.009834992 HugePages_Free:      512
1777804076.009834992 HugePages_Rsvd:        0
1777804076.009834992 HugePages_Surp:        0
1777804076.009834992 Hugepagesize:       2048 kB
1777804076.009834992 Hugetlb:         1048576 kB
1777804077.016844388 MemTotal:        8124504 kB
1777804077.016844388 MemFree:         6392052 kB
1777804077.016844388 MemAvailable:    6672084 kB
1777804077.016844388 Buffers:           28116 kB
1777804077.016844388 Cached:           380940 kB
1777804077.016844388 SwapCached:            0 kB
1777804077.016844388 Active:           387528 kB
1777804077.016844388 Inactive:         104412 kB
1777804077.016844388 Active(anon):      86252 kB
1777804077.016844388 Inactive(anon):        0 kB
1777804077.016844388 Active(file):     301276 kB
1777804077.016844388 Inactive(file):   104412 kB
1777804077.016844388 Unevictable:           0 kB
1777804077.016844388 Mlocked:               0 kB
1777804077.016844388 SwapTotal:             0 kB
1777804077.016844388 SwapFree:              0 kB
1777804077.016844388 Zswap:                 0 kB
1777804077.016844388 Zswapped:              0 kB
1777804077.016844388 Dirty:               132 kB
1777804077.016844388 Writeback:             0 kB
1777804077.016844388 AnonPages:         82812 kB
1777804077.016844388 Mapped:            89360 kB
1777804077.016844388 Shmem:              3452 kB
1777804077.016844388 KReclaimable:      28204 kB
1777804077.016844388 Slab:             114800 kB
1777804077.016844388 SReclaimable:      28204 kB
1777804077.016844388 SUnreclaim:        86596 kB
1777804077.016844388 KernelStack:        3008 kB
1777804077.016844388 PageTables:         3440 kB
1777804077.016844388 SecPageTables:         0 kB
1777804077.016844388 NFS_Unstable:          0 kB
1777804077.016844388 Bounce:                0 kB
1777804077.016844388 WritebackTmp:          0 kB
1777804077.016844388 CommitLimit:     3537964 kB
1777804077.016844388 Committed_AS:     402964 kB
1777804077.016844388 VmallocTotal:   135288315904 kB
1777804077.016844388 VmallocUsed:       18720 kB
1777804077.016844388 VmallocChunk:          0 kB
1777804077.016844388 Percpu:             1456 kB
1777804077.016844388 AnonHugePages:         0 kB
1777804077.016844388 ShmemHugePages:        0 kB
1777804077.016844388 ShmemPmdMapped:        0 kB
1777804077.016844388 FileHugePages:         0 kB
1777804077.016844388 FilePmdMapped:         0 kB
1777804077.016844388 CmaTotal:          65536 kB
1777804077.016844388 CmaFree:           49128 kB
1777804077.016844388 Balloon:               0 kB
1777804077.016844388 HugePages_Total:     512
1777804077.016844388 HugePages_Free:      512
1777804077.016844388 HugePages_Rsvd:        0
1777804077.016844388 HugePages_Surp:        0
1777804077.016844388 Hugepagesize:       2048 kB
1777804077.016844388 Hugetlb:         1048576 kB
1777804078.025239232 MemTotal:        8124504 kB
1777804078.025239232 MemFree:         6392632 kB
1777804078.025239232 MemAvailable:    6672656 kB
1777804078.025239232 Buffers:           28120 kB
1777804078.025239232 Cached:           380940 kB
1777804078.025239232 SwapCached:            0 kB
1777804078.025239232 Active:           387392 kB
1777804078.025239232 Inactive:         104412 kB
1777804078.025239232 Active(anon):      86124 kB
1777804078.025239232 Inactive(anon):        0 kB
1777804078.025239232 Active(file):     301268 kB
1777804078.025239232 Inactive(file):   104412 kB
1777804078.025239232 Unevictable:           0 kB
1777804078.025239232 Mlocked:               0 kB
1777804078.025239232 SwapTotal:             0 kB
1777804078.025239232 SwapFree:              0 kB
1777804078.025239232 Zswap:                 0 kB
1777804078.025239232 Zswapped:              0 kB
1777804078.025239232 Dirty:               136 kB
1777804078.025239232 Writeback:             0 kB
1777804078.025239232 AnonPages:         82920 kB
1777804078.025239232 Mapped:            89360 kB
1777804078.025239232 Shmem:              3452 kB
1777804078.025239232 KReclaimable:      28204 kB
1777804078.025239232 Slab:             114796 kB
1777804078.025239232 SReclaimable:      28204 kB
1777804078.025239232 SUnreclaim:        86592 kB
1777804078.025239232 KernelStack:        3008 kB
1777804078.025239232 PageTables:         3384 kB
1777804078.025239232 SecPageTables:         0 kB
1777804078.025239232 NFS_Unstable:          0 kB
1777804078.025239232 Bounce:                0 kB
1777804078.025239232 WritebackTmp:          0 kB
1777804078.025239232 CommitLimit:     3537964 kB
1777804078.025239232 Committed_AS:     402964 kB
1777804078.025239232 VmallocTotal:   135288315904 kB
1777804078.025239232 VmallocUsed:       18720 kB
1777804078.025239232 VmallocChunk:          0 kB
1777804078.025239232 Percpu:             1456 kB
1777804078.025239232 AnonHugePages:         0 kB
1777804078.025239232 ShmemHugePages:        0 kB
1777804078.025239232 ShmemPmdMapped:        0 kB
1777804078.025239232 FileHugePages:         0 kB
1777804078.025239232 FilePmdMapped:         0 kB
1777804078.025239232 CmaTotal:          65536 kB
1777804078.025239232 CmaFree:           49128 kB
1777804078.025239232 Balloon:               0 kB
1777804078.025239232 HugePages_Total:     512
1777804078.025239232 HugePages_Free:      512
1777804078.025239232 HugePages_Rsvd:        0
1777804078.025239232 HugePages_Surp:        0
1777804078.025239232 Hugepagesize:       2048 kB
1777804078.025239232 Hugetlb:         1048576 kB
1777804079.033372632 MemTotal:        8124504 kB
1777804079.033372632 MemFree:         6392452 kB
1777804079.033372632 MemAvailable:    6672488 kB
1777804079.033372632 Buffers:           28124 kB
1777804079.033372632 Cached:           380948 kB
1777804079.033372632 SwapCached:            0 kB
1777804079.033372632 Active:           387300 kB
1777804079.033372632 Inactive:         104428 kB
1777804079.033372632 Active(anon):      86036 kB
1777804079.033372632 Inactive(anon):        0 kB
1777804079.033372632 Active(file):     301264 kB
1777804079.033372632 Inactive(file):   104428 kB
1777804079.033372632 Unevictable:           0 kB
1777804079.033372632 Mlocked:               0 kB
1777804079.033372632 SwapTotal:             0 kB
1777804079.033372632 SwapFree:              0 kB
1777804079.033372632 Zswap:                 0 kB
1777804079.033372632 Zswapped:              0 kB
1777804079.033372632 Dirty:               140 kB
1777804079.033372632 Writeback:             0 kB
1777804079.033372632 AnonPages:         82836 kB
1777804079.033372632 Mapped:            89320 kB
1777804079.033372632 Shmem:              3452 kB
1777804079.033372632 KReclaimable:      28204 kB
1777804079.033372632 Slab:             114796 kB
1777804079.033372632 SReclaimable:      28204 kB
1777804079.033372632 SUnreclaim:        86592 kB
1777804079.033372632 KernelStack:        2992 kB
1777804079.033372632 PageTables:         3384 kB
1777804079.033372632 SecPageTables:         0 kB
1777804079.033372632 NFS_Unstable:          0 kB
1777804079.033372632 Bounce:                0 kB
1777804079.033372632 WritebackTmp:          0 kB
1777804079.033372632 CommitLimit:     3537964 kB
1777804079.033372632 Committed_AS:     402964 kB
1777804079.033372632 VmallocTotal:   135288315904 kB
1777804079.033372632 VmallocUsed:       18720 kB
1777804079.033372632 VmallocChunk:          0 kB
1777804079.033372632 Percpu:             1456 kB
1777804079.033372632 AnonHugePages:         0 kB
1777804079.033372632 ShmemHugePages:        0 kB
1777804079.033372632 ShmemPmdMapped:        0 kB
1777804079.033372632 FileHugePages:         0 kB
1777804079.033372632 FilePmdMapped:         0 kB
1777804079.033372632 CmaTotal:          65536 kB
1777804079.033372632 CmaFree:           49128 kB
1777804079.033372632 Balloon:               0 kB
1777804079.033372632 HugePages_Total:     512
1777804079.033372632 HugePages_Free:      512
1777804079.033372632 HugePages_Rsvd:        0
1777804079.033372632 HugePages_Surp:        0
1777804079.033372632 Hugepagesize:       2048 kB
1777804079.033372632 Hugetlb:         1048576 kB
1777804080.040389213 MemTotal:        8124504 kB
1777804080.040389213 MemFree:         6393044 kB
1777804080.040389213 MemAvailable:    6673092 kB
1777804080.040389213 Buffers:           28124 kB
1777804080.040389213 Cached:           380952 kB
1777804080.040389213 SwapCached:            0 kB
1777804080.040389213 Active:           387432 kB
1777804080.040389213 Inactive:         104432 kB
1777804080.040389213 Active(anon):      86160 kB
1777804080.040389213 Inactive(anon):        0 kB
1777804080.040389213 Active(file):     301272 kB
1777804080.040389213 Inactive(file):   104432 kB
1777804080.040389213 Unevictable:           0 kB
1777804080.040389213 Mlocked:               0 kB
1777804080.040389213 SwapTotal:             0 kB
1777804080.040389213 SwapFree:              0 kB
1777804080.040389213 Zswap:                 0 kB
1777804080.040389213 Zswapped:              0 kB
1777804080.040389213 Dirty:               144 kB
1777804080.040389213 Writeback:             0 kB
1777804080.040389213 AnonPages:         82792 kB
1777804080.040389213 Mapped:            89320 kB
1777804080.040389213 Shmem:              3452 kB
1777804080.040389213 KReclaimable:      28204 kB
1777804080.040389213 Slab:             114812 kB
1777804080.040389213 SReclaimable:      28204 kB
1777804080.040389213 SUnreclaim:        86608 kB
1777804080.040389213 KernelStack:        2992 kB
1777804080.040389213 PageTables:         3440 kB
1777804080.040389213 SecPageTables:         0 kB
1777804080.040389213 NFS_Unstable:          0 kB
1777804080.040389213 Bounce:                0 kB
1777804080.040389213 WritebackTmp:          0 kB
1777804080.040389213 CommitLimit:     3537964 kB
1777804080.040389213 Committed_AS:     402964 kB
1777804080.040389213 VmallocTotal:   135288315904 kB
1777804080.040389213 VmallocUsed:       18704 kB
1777804080.040389213 VmallocChunk:          0 kB
1777804080.040389213 Percpu:             1456 kB
1777804080.040389213 AnonHugePages:         0 kB
1777804080.040389213 ShmemHugePages:        0 kB
1777804080.040389213 ShmemPmdMapped:        0 kB
1777804080.040389213 FileHugePages:         0 kB
1777804080.040389213 FilePmdMapped:         0 kB
1777804080.040389213 CmaTotal:          65536 kB
1777804080.040389213 CmaFree:           49128 kB
1777804080.040389213 Balloon:               0 kB
1777804080.040389213 HugePages_Total:     512
1777804080.040389213 HugePages_Free:      512
1777804080.040389213 HugePages_Rsvd:        0
1777804080.040389213 HugePages_Surp:        0
1777804080.040389213 Hugepagesize:       2048 kB
1777804080.040389213 Hugetlb:         1048576 kB
1777804081.047406035 MemTotal:        8124504 kB
1777804081.047406035 MemFree:         6392644 kB
1777804081.047406035 MemAvailable:    6672688 kB
1777804081.047406035 Buffers:           28124 kB
1777804081.047406035 Cached:           380960 kB
1777804081.047406035 SwapCached:            0 kB
1777804081.047406035 Active:           387280 kB
1777804081.047406035 Inactive:         104436 kB
1777804081.047406035 Active(anon):      86016 kB
1777804081.047406035 Inactive(anon):        0 kB
1777804081.047406035 Active(file):     301264 kB
1777804081.047406035 Inactive(file):   104436 kB
1777804081.047406035 Unevictable:           0 kB
1777804081.047406035 Mlocked:               0 kB
1777804081.047406035 SwapTotal:             0 kB
1777804081.047406035 SwapFree:              0 kB
1777804081.047406035 Zswap:                 0 kB
1777804081.047406035 Zswapped:              0 kB
1777804081.047406035 Dirty:               152 kB
1777804081.047406035 Writeback:             0 kB
1777804081.047406035 AnonPages:         82752 kB
1777804081.047406035 Mapped:            89320 kB
1777804081.047406035 Shmem:              3452 kB
1777804081.047406035 KReclaimable:      28204 kB
1777804081.047406035 Slab:             114820 kB
1777804081.047406035 SReclaimable:      28204 kB
1777804081.047406035 SUnreclaim:        86616 kB
1777804081.047406035 KernelStack:        2992 kB
1777804081.047406035 PageTables:         3372 kB
1777804081.047406035 SecPageTables:         0 kB
1777804081.047406035 NFS_Unstable:          0 kB
1777804081.047406035 Bounce:                0 kB
1777804081.047406035 WritebackTmp:          0 kB
1777804081.047406035 CommitLimit:     3537964 kB
1777804081.047406035 Committed_AS:     402964 kB
1777804081.047406035 VmallocTotal:   135288315904 kB
1777804081.047406035 VmallocUsed:       18704 kB
1777804081.047406035 VmallocChunk:          0 kB
1777804081.047406035 Percpu:             1456 kB
1777804081.047406035 AnonHugePages:         0 kB
1777804081.047406035 ShmemHugePages:        0 kB
1777804081.047406035 ShmemPmdMapped:        0 kB
1777804081.047406035 FileHugePages:         0 kB
1777804081.047406035 FilePmdMapped:         0 kB
1777804081.047406035 CmaTotal:          65536 kB
1777804081.047406035 CmaFree:           49128 kB
1777804081.047406035 Balloon:               0 kB
1777804081.047406035 HugePages_Total:     512
1777804081.047406035 HugePages_Free:      512
1777804081.047406035 HugePages_Rsvd:        0
1777804081.047406035 HugePages_Surp:        0
1777804081.047406035 Hugepagesize:       2048 kB
1777804081.047406035 Hugetlb:         1048576 kB
1777804082.054284171 MemTotal:        8124504 kB
1777804082.054284171 MemFree:         6392108 kB
1777804082.054284171 MemAvailable:    6672164 kB
1777804082.054284171 Buffers:           28124 kB
1777804082.054284171 Cached:           380968 kB
1777804082.054284171 SwapCached:            0 kB
1777804082.054284171 Active:           387308 kB
1777804082.054284171 Inactive:         104444 kB
1777804082.054284171 Active(anon):      86040 kB
1777804082.054284171 Inactive(anon):        0 kB
1777804082.054284171 Active(file):     301268 kB
1777804082.054284171 Inactive(file):   104444 kB
1777804082.054284171 Unevictable:           0 kB
1777804082.054284171 Mlocked:               0 kB
1777804082.054284171 SwapTotal:             0 kB
1777804082.054284171 SwapFree:              0 kB
1777804082.054284171 Zswap:                 0 kB
1777804082.054284171 Zswapped:              0 kB
1777804082.054284171 Dirty:               160 kB
1777804082.054284171 Writeback:             0 kB
1777804082.054284171 AnonPages:         82780 kB
1777804082.054284171 Mapped:            89320 kB
1777804082.054284171 Shmem:              3452 kB
1777804082.054284171 KReclaimable:      28204 kB
1777804082.054284171 Slab:             114824 kB
1777804082.054284171 SReclaimable:      28204 kB
1777804082.054284171 SUnreclaim:        86620 kB
1777804082.054284171 KernelStack:        2992 kB
1777804082.054284171 PageTables:         3380 kB
1777804082.054284171 SecPageTables:         0 kB
1777804082.054284171 NFS_Unstable:          0 kB
1777804082.054284171 Bounce:                0 kB
1777804082.054284171 WritebackTmp:          0 kB
1777804082.054284171 CommitLimit:     3537964 kB
1777804082.054284171 Committed_AS:     402964 kB
1777804082.054284171 VmallocTotal:   135288315904 kB
1777804082.054284171 VmallocUsed:       18720 kB
1777804082.054284171 VmallocChunk:          0 kB
1777804082.054284171 Percpu:             1456 kB
1777804082.054284171 AnonHugePages:         0 kB
1777804082.054284171 ShmemHugePages:        0 kB
1777804082.054284171 ShmemPmdMapped:        0 kB
1777804082.054284171 FileHugePages:         0 kB
1777804082.054284171 FilePmdMapped:         0 kB
1777804082.054284171 CmaTotal:          65536 kB
1777804082.054284171 CmaFree:           49128 kB
1777804082.054284171 Balloon:               0 kB
1777804082.054284171 HugePages_Total:     512
1777804082.054284171 HugePages_Free:      512
1777804082.054284171 HugePages_Rsvd:        0
1777804082.054284171 HugePages_Surp:        0
1777804082.054284171 Hugepagesize:       2048 kB
1777804082.054284171 Hugetlb:         1048576 kB
1777804083.061238975 MemTotal:        8124504 kB
1777804083.061238975 MemFree:         6392492 kB
1777804083.061238975 MemAvailable:    6672552 kB
1777804083.061238975 Buffers:           28128 kB
1777804083.061238975 Cached:           380964 kB
1777804083.061238975 SwapCached:            0 kB
1777804083.061238975 Active:           387316 kB
1777804083.061238975 Inactive:         104448 kB
1777804083.061238975 Active(anon):      86048 kB
1777804083.061238975 Inactive(anon):        0 kB
1777804083.061238975 Active(file):     301268 kB
1777804083.061238975 Inactive(file):   104448 kB
1777804083.061238975 Unevictable:           0 kB
1777804083.061238975 Mlocked:               0 kB
1777804083.061238975 SwapTotal:             0 kB
1777804083.061238975 SwapFree:              0 kB
1777804083.061238975 Zswap:                 0 kB
1777804083.061238975 Zswapped:              0 kB
1777804083.061238975 Dirty:               160 kB
1777804083.061238975 Writeback:             0 kB
1777804083.061238975 AnonPages:         82812 kB
1777804083.061238975 Mapped:            89320 kB
1777804083.061238975 Shmem:              3452 kB
1777804083.061238975 KReclaimable:      28204 kB
1777804083.061238975 Slab:             114824 kB
1777804083.061238975 SReclaimable:      28204 kB
1777804083.061238975 SUnreclaim:        86620 kB
1777804083.061238975 KernelStack:        2992 kB
1777804083.061238975 PageTables:         3376 kB
1777804083.061238975 SecPageTables:         0 kB
1777804083.061238975 NFS_Unstable:          0 kB
1777804083.061238975 Bounce:                0 kB
1777804083.061238975 WritebackTmp:          0 kB
1777804083.061238975 CommitLimit:     3537964 kB
1777804083.061238975 Committed_AS:     402964 kB
1777804083.061238975 VmallocTotal:   135288315904 kB
1777804083.061238975 VmallocUsed:       18720 kB
1777804083.061238975 VmallocChunk:          0 kB
1777804083.061238975 Percpu:             1456 kB
1777804083.061238975 AnonHugePages:         0 kB
1777804083.061238975 ShmemHugePages:        0 kB
1777804083.061238975 ShmemPmdMapped:        0 kB
1777804083.061238975 FileHugePages:         0 kB
1777804083.061238975 FilePmdMapped:         0 kB
1777804083.061238975 CmaTotal:          65536 kB
1777804083.061238975 CmaFree:           49128 kB
1777804083.061238975 Balloon:               0 kB
1777804083.061238975 HugePages_Total:     512
1777804083.061238975 HugePages_Free:      512
1777804083.061238975 HugePages_Rsvd:        0
1777804083.061238975 HugePages_Surp:        0
1777804083.061238975 Hugepagesize:       2048 kB
1777804083.061238975 Hugetlb:         1048576 kB
1777804084.070896990 MemTotal:        8124504 kB
1777804084.070896990 MemFree:         6391184 kB
1777804084.070896990 MemAvailable:    6671260 kB
1777804084.070896990 Buffers:           28132 kB
1777804084.070896990 Cached:           380972 kB
1777804084.070896990 SwapCached:            0 kB
1777804084.070896990 Active:           387460 kB
1777804084.070896990 Inactive:         104460 kB
1777804084.070896990 Active(anon):      86188 kB
1777804084.070896990 Inactive(anon):        0 kB
1777804084.070896990 Active(file):     301272 kB
1777804084.070896990 Inactive(file):   104460 kB
1777804084.070896990 Unevictable:           0 kB
1777804084.070896990 Mlocked:               0 kB
1777804084.070896990 SwapTotal:             0 kB
1777804084.070896990 SwapFree:              0 kB
1777804084.070896990 Zswap:                 0 kB
1777804084.070896990 Zswapped:              0 kB
1777804084.070896990 Dirty:               164 kB
1777804084.070896990 Writeback:             0 kB
1777804084.070896990 AnonPages:         82808 kB
1777804084.070896990 Mapped:            89360 kB
1777804084.070896990 Shmem:              3452 kB
1777804084.070896990 KReclaimable:      28204 kB
1777804084.070896990 Slab:             114800 kB
1777804084.070896990 SReclaimable:      28204 kB
1777804084.070896990 SUnreclaim:        86596 kB
1777804084.070896990 KernelStack:        3008 kB
1777804084.070896990 PageTables:         3452 kB
1777804084.070896990 SecPageTables:         0 kB
1777804084.070896990 NFS_Unstable:          0 kB
1777804084.070896990 Bounce:                0 kB
1777804084.070896990 WritebackTmp:          0 kB
1777804084.070896990 CommitLimit:     3537964 kB
1777804084.070896990 Committed_AS:     402964 kB
1777804084.070896990 VmallocTotal:   135288315904 kB
1777804084.070896990 VmallocUsed:       18704 kB
1777804084.070896990 VmallocChunk:          0 kB
1777804084.070896990 Percpu:             1456 kB
1777804084.070896990 AnonHugePages:         0 kB
1777804084.070896990 ShmemHugePages:        0 kB
1777804084.070896990 ShmemPmdMapped:        0 kB
1777804084.070896990 FileHugePages:         0 kB
1777804084.070896990 FilePmdMapped:         0 kB
1777804084.070896990 CmaTotal:          65536 kB
1777804084.070896990 CmaFree:           49128 kB
1777804084.070896990 Balloon:               0 kB
1777804084.070896990 HugePages_Total:     512
1777804084.070896990 HugePages_Free:      512
1777804084.070896990 HugePages_Rsvd:        0
1777804084.070896990 HugePages_Surp:        0
1777804084.070896990 Hugepagesize:       2048 kB
1777804084.070896990 Hugetlb:         1048576 kB
1777804085.077865997 MemTotal:        8124504 kB
1777804085.077865997 MemFree:         6391104 kB
1777804085.077865997 MemAvailable:    6671184 kB
1777804085.077865997 Buffers:           28132 kB
1777804085.077865997 Cached:           380976 kB
1777804085.077865997 SwapCached:            0 kB
1777804085.077865997 Active:           387392 kB
1777804085.077865997 Inactive:         104464 kB
1777804085.077865997 Active(anon):      86120 kB
1777804085.077865997 Inactive(anon):        0 kB
1777804085.077865997 Active(file):     301272 kB
1777804085.077865997 Inactive(file):   104464 kB
1777804085.077865997 Unevictable:           0 kB
1777804085.077865997 Mlocked:               0 kB
1777804085.077865997 SwapTotal:             0 kB
1777804085.077865997 SwapFree:              0 kB
1777804085.077865997 Zswap:                 0 kB
1777804085.077865997 Zswapped:              0 kB
1777804085.077865997 Dirty:               168 kB
1777804085.077865997 Writeback:             0 kB
1777804085.077865997 AnonPages:         82848 kB
1777804085.077865997 Mapped:            89360 kB
1777804085.077865997 Shmem:              3452 kB
1777804085.077865997 KReclaimable:      28204 kB
1777804085.077865997 Slab:             114812 kB
1777804085.077865997 SReclaimable:      28204 kB
1777804085.077865997 SUnreclaim:        86608 kB
1777804085.077865997 KernelStack:        3008 kB
1777804085.077865997 PageTables:         3376 kB
1777804085.077865997 SecPageTables:         0 kB
1777804085.077865997 NFS_Unstable:          0 kB
1777804085.077865997 Bounce:                0 kB
1777804085.077865997 WritebackTmp:          0 kB
1777804085.077865997 CommitLimit:     3537964 kB
1777804085.077865997 Committed_AS:     402964 kB
1777804085.077865997 VmallocTotal:   135288315904 kB
1777804085.077865997 VmallocUsed:       18720 kB
1777804085.077865997 VmallocChunk:          0 kB
1777804085.077865997 Percpu:             1456 kB
1777804085.077865997 AnonHugePages:         0 kB
1777804085.077865997 ShmemHugePages:        0 kB
1777804085.077865997 ShmemPmdMapped:        0 kB
1777804085.077865997 FileHugePages:         0 kB
1777804085.077865997 FilePmdMapped:         0 kB
1777804085.077865997 CmaTotal:          65536 kB
1777804085.077865997 CmaFree:           49128 kB
1777804085.077865997 Balloon:               0 kB
1777804085.077865997 HugePages_Total:     512
1777804085.077865997 HugePages_Free:      512
1777804085.077865997 HugePages_Rsvd:        0
1777804085.077865997 HugePages_Surp:        0
1777804085.077865997 Hugepagesize:       2048 kB
1777804085.077865997 Hugetlb:         1048576 kB
1777804086.084700263 MemTotal:        8124504 kB
1777804086.084700263 MemFree:         6390496 kB
1777804086.084700263 MemAvailable:    6670576 kB
1777804086.084700263 Buffers:           28132 kB
1777804086.084700263 Cached:           380980 kB
1777804086.084700263 SwapCached:            0 kB
1777804086.084700263 Active:           387404 kB
1777804086.084700263 Inactive:         104464 kB
1777804086.084700263 Active(anon):      86132 kB
1777804086.084700263 Inactive(anon):        0 kB
1777804086.084700263 Active(file):     301272 kB
1777804086.084700263 Inactive(file):   104464 kB
1777804086.084700263 Unevictable:           0 kB
1777804086.084700263 Mlocked:               0 kB
1777804086.084700263 SwapTotal:             0 kB
1777804086.084700263 SwapFree:              0 kB
1777804086.084700263 Zswap:                 0 kB
1777804086.084700263 Zswapped:              0 kB
1777804086.084700263 Dirty:                20 kB
1777804086.084700263 Writeback:             0 kB
1777804086.084700263 AnonPages:         82732 kB
1777804086.084700263 Mapped:            89320 kB
1777804086.084700263 Shmem:              3452 kB
1777804086.084700263 KReclaimable:      28204 kB
1777804086.084700263 Slab:             114840 kB
1777804086.084700263 SReclaimable:      28204 kB
1777804086.084700263 SUnreclaim:        86636 kB
1777804086.084700263 KernelStack:        3008 kB
1777804086.084700263 PageTables:         3444 kB
1777804086.084700263 SecPageTables:         0 kB
1777804086.084700263 NFS_Unstable:          0 kB
1777804086.084700263 Bounce:                0 kB
1777804086.084700263 WritebackTmp:          0 kB
1777804086.084700263 CommitLimit:     3537964 kB
1777804086.084700263 Committed_AS:     402964 kB
1777804086.084700263 VmallocTotal:   135288315904 kB
1777804086.084700263 VmallocUsed:       18704 kB
1777804086.084700263 VmallocChunk:          0 kB
1777804086.084700263 Percpu:             1456 kB
1777804086.084700263 AnonHugePages:         0 kB
1777804086.084700263 ShmemHugePages:        0 kB
1777804086.084700263 ShmemPmdMapped:        0 kB
1777804086.084700263 FileHugePages:         0 kB
1777804086.084700263 FilePmdMapped:         0 kB
1777804086.084700263 CmaTotal:          65536 kB
1777804086.084700263 CmaFree:           49128 kB
1777804086.084700263 Balloon:               0 kB
1777804086.084700263 HugePages_Total:     512
1777804086.084700263 HugePages_Free:      512
1777804086.084700263 HugePages_Rsvd:        0
1777804086.084700263 HugePages_Surp:        0
1777804086.084700263 Hugepagesize:       2048 kB
1777804086.084700263 Hugetlb:         1048576 kB
1777804087.093071070 MemTotal:        8124504 kB
1777804087.093071070 MemFree:         6390332 kB
1777804087.093071070 MemAvailable:    6670428 kB
1777804087.093071070 Buffers:           28132 kB
1777804087.093071070 Cached:           380988 kB
1777804087.093071070 SwapCached:            0 kB
1777804087.093071070 Active:           387408 kB
1777804087.093071070 Inactive:         104476 kB
1777804087.093071070 Active(anon):      86132 kB
1777804087.093071070 Inactive(anon):        0 kB
1777804087.093071070 Active(file):     301276 kB
1777804087.093071070 Inactive(file):   104476 kB
1777804087.093071070 Unevictable:           0 kB
1777804087.093071070 Mlocked:               0 kB
1777804087.093071070 SwapTotal:             0 kB
1777804087.093071070 SwapFree:              0 kB
1777804087.093071070 Zswap:                 0 kB
1777804087.093071070 Zswapped:              0 kB
1777804087.093071070 Dirty:                32 kB
1777804087.093071070 Writeback:             0 kB
1777804087.093071070 AnonPages:         82776 kB
1777804087.093071070 Mapped:            89360 kB
1777804087.093071070 Shmem:              3452 kB
1777804087.093071070 KReclaimable:      28204 kB
1777804087.093071070 Slab:             114824 kB
1777804087.093071070 SReclaimable:      28204 kB
1777804087.093071070 SUnreclaim:        86620 kB
1777804087.093071070 KernelStack:        2992 kB
1777804087.093071070 PageTables:         3416 kB
1777804087.093071070 SecPageTables:         0 kB
1777804087.093071070 NFS_Unstable:          0 kB
1777804087.093071070 Bounce:                0 kB
1777804087.093071070 WritebackTmp:          0 kB
1777804087.093071070 CommitLimit:     3537964 kB
1777804087.093071070 Committed_AS:     402964 kB
1777804087.093071070 VmallocTotal:   135288315904 kB
1777804087.093071070 VmallocUsed:       18704 kB
1777804087.093071070 VmallocChunk:          0 kB
1777804087.093071070 Percpu:             1456 kB
1777804087.093071070 AnonHugePages:         0 kB
1777804087.093071070 ShmemHugePages:        0 kB
1777804087.093071070 ShmemPmdMapped:        0 kB
1777804087.093071070 FileHugePages:         0 kB
1777804087.093071070 FilePmdMapped:         0 kB
1777804087.093071070 CmaTotal:          65536 kB
1777804087.093071070 CmaFree:           49128 kB
1777804087.093071070 Balloon:               0 kB
1777804087.093071070 HugePages_Total:     512
1777804087.093071070 HugePages_Free:      512
1777804087.093071070 HugePages_Rsvd:        0
1777804087.093071070 HugePages_Surp:        0
1777804087.093071070 Hugepagesize:       2048 kB
1777804087.093071070 Hugetlb:         1048576 kB
1777804088.099982040 MemTotal:        8124504 kB
1777804088.099982040 MemFree:         6390196 kB
1777804088.099982040 MemAvailable:    6670296 kB
1777804088.099982040 Buffers:           28136 kB
1777804088.099982040 Cached:           380988 kB
1777804088.099982040 SwapCached:            0 kB
1777804088.099982040 Active:           387432 kB
1777804088.099982040 Inactive:         104480 kB
1777804088.099982040 Active(anon):      86156 kB
1777804088.099982040 Inactive(anon):        0 kB
1777804088.099982040 Active(file):     301276 kB
1777804088.099982040 Inactive(file):   104480 kB
1777804088.099982040 Unevictable:           0 kB
1777804088.099982040 Mlocked:               0 kB
1777804088.099982040 SwapTotal:             0 kB
1777804088.099982040 SwapFree:              0 kB
1777804088.099982040 Zswap:                 0 kB
1777804088.099982040 Zswapped:              0 kB
1777804088.099982040 Dirty:                36 kB
1777804088.099982040 Writeback:             0 kB
1777804088.099982040 AnonPages:         82808 kB
1777804088.099982040 Mapped:            89360 kB
1777804088.099982040 Shmem:              3452 kB
1777804088.099982040 KReclaimable:      28204 kB
1777804088.099982040 Slab:             114828 kB
1777804088.099982040 SReclaimable:      28204 kB
1777804088.099982040 SUnreclaim:        86624 kB
1777804088.099982040 KernelStack:        3008 kB
1777804088.099982040 PageTables:         3456 kB
1777804088.099982040 SecPageTables:         0 kB
1777804088.099982040 NFS_Unstable:          0 kB
1777804088.099982040 Bounce:                0 kB
1777804088.099982040 WritebackTmp:          0 kB
1777804088.099982040 CommitLimit:     3537964 kB
1777804088.099982040 Committed_AS:     402964 kB
1777804088.099982040 VmallocTotal:   135288315904 kB
1777804088.099982040 VmallocUsed:       18704 kB
1777804088.099982040 VmallocChunk:          0 kB
1777804088.099982040 Percpu:             1456 kB
1777804088.099982040 AnonHugePages:         0 kB
1777804088.099982040 ShmemHugePages:        0 kB
1777804088.099982040 ShmemPmdMapped:        0 kB
1777804088.099982040 FileHugePages:         0 kB
1777804088.099982040 FilePmdMapped:         0 kB
1777804088.099982040 CmaTotal:          65536 kB
1777804088.099982040 CmaFree:           49128 kB
1777804088.099982040 Balloon:               0 kB
1777804088.099982040 HugePages_Total:     512
1777804088.099982040 HugePages_Free:      512
1777804088.099982040 HugePages_Rsvd:        0
1777804088.099982040 HugePages_Surp:        0
1777804088.099982040 Hugepagesize:       2048 kB
1777804088.099982040 Hugetlb:         1048576 kB
1777804089.108457237 MemTotal:        8124504 kB
1777804089.108457237 MemFree:         6390480 kB
1777804089.108457237 MemAvailable:    6670588 kB
1777804089.108457237 Buffers:           28140 kB
1777804089.108457237 Cached:           380996 kB
1777804089.108457237 SwapCached:            0 kB
1777804089.108457237 Active:           387400 kB
1777804089.108457237 Inactive:         104492 kB
1777804089.108457237 Active(anon):      86128 kB
1777804089.108457237 Inactive(anon):        0 kB
1777804089.108457237 Active(file):     301272 kB
1777804089.108457237 Inactive(file):   104492 kB
1777804089.108457237 Unevictable:           0 kB
1777804089.108457237 Mlocked:               0 kB
1777804089.108457237 SwapTotal:             0 kB
1777804089.108457237 SwapFree:              0 kB
1777804089.108457237 Zswap:                 0 kB
1777804089.108457237 Zswapped:              0 kB
1777804089.108457237 Dirty:                56 kB
1777804089.108457237 Writeback:             0 kB
1777804089.108457237 AnonPages:         82804 kB
1777804089.108457237 Mapped:            89360 kB
1777804089.108457237 Shmem:              3452 kB
1777804089.108457237 KReclaimable:      28204 kB
1777804089.108457237 Slab:             114840 kB
1777804089.108457237 SReclaimable:      28204 kB
1777804089.108457237 SUnreclaim:        86636 kB
1777804089.108457237 KernelStack:        2992 kB
1777804089.108457237 PageTables:         3348 kB
1777804089.108457237 SecPageTables:         0 kB
1777804089.108457237 NFS_Unstable:          0 kB
1777804089.108457237 Bounce:                0 kB
1777804089.108457237 WritebackTmp:          0 kB
1777804089.108457237 CommitLimit:     3537964 kB
1777804089.108457237 Committed_AS:     402964 kB
1777804089.108457237 VmallocTotal:   135288315904 kB
1777804089.108457237 VmallocUsed:       18704 kB
1777804089.108457237 VmallocChunk:          0 kB
1777804089.108457237 Percpu:             1456 kB
1777804089.108457237 AnonHugePages:         0 kB
1777804089.108457237 ShmemHugePages:        0 kB
1777804089.108457237 ShmemPmdMapped:        0 kB
1777804089.108457237 FileHugePages:         0 kB
1777804089.108457237 FilePmdMapped:         0 kB
1777804089.108457237 CmaTotal:          65536 kB
1777804089.108457237 CmaFree:           49128 kB
1777804089.108457237 Balloon:               0 kB
1777804089.108457237 HugePages_Total:     512
1777804089.108457237 HugePages_Free:      512
1777804089.108457237 HugePages_Rsvd:        0
1777804089.108457237 HugePages_Surp:        0
1777804089.108457237 Hugepagesize:       2048 kB
1777804089.108457237 Hugetlb:         1048576 kB
1777804090.116693174 MemTotal:        8124504 kB
1777804090.116693174 MemFree:         6389960 kB
1777804090.116693174 MemAvailable:    6670076 kB
1777804090.116693174 Buffers:           28140 kB
1777804090.116693174 Cached:           381004 kB
1777804090.116693174 SwapCached:            0 kB
1777804090.116693174 Active:           387432 kB
1777804090.116693174 Inactive:         104500 kB
1777804090.116693174 Active(anon):      86160 kB
1777804090.116693174 Inactive(anon):        0 kB
1777804090.116693174 Active(file):     301272 kB
1777804090.116693174 Inactive(file):   104500 kB
1777804090.116693174 Unevictable:           0 kB
1777804090.116693174 Mlocked:               0 kB
1777804090.116693174 SwapTotal:             0 kB
1777804090.116693174 SwapFree:              0 kB
1777804090.116693174 Zswap:                 0 kB
1777804090.116693174 Zswapped:              0 kB
1777804090.116693174 Dirty:                64 kB
1777804090.116693174 Writeback:             0 kB
1777804090.116693174 AnonPages:         82808 kB
1777804090.116693174 Mapped:            89360 kB
1777804090.116693174 Shmem:              3452 kB
1777804090.116693174 KReclaimable:      28204 kB
1777804090.116693174 Slab:             114820 kB
1777804090.116693174 SReclaimable:      28204 kB
1777804090.116693174 SUnreclaim:        86616 kB
1777804090.116693174 KernelStack:        2992 kB
1777804090.116693174 PageTables:         3344 kB
1777804090.116693174 SecPageTables:         0 kB
1777804090.116693174 NFS_Unstable:          0 kB
1777804090.116693174 Bounce:                0 kB
1777804090.116693174 WritebackTmp:          0 kB
1777804090.116693174 CommitLimit:     3537964 kB
1777804090.116693174 Committed_AS:     402964 kB
1777804090.116693174 VmallocTotal:   135288315904 kB
1777804090.116693174 VmallocUsed:       18704 kB
1777804090.116693174 VmallocChunk:          0 kB
1777804090.116693174 Percpu:             1456 kB
1777804090.116693174 AnonHugePages:         0 kB
1777804090.116693174 ShmemHugePages:        0 kB
1777804090.116693174 ShmemPmdMapped:        0 kB
1777804090.116693174 FileHugePages:         0 kB
1777804090.116693174 FilePmdMapped:         0 kB
1777804090.116693174 CmaTotal:          65536 kB
1777804090.116693174 CmaFree:           49128 kB
1777804090.116693174 Balloon:               0 kB
1777804090.116693174 HugePages_Total:     512
1777804090.116693174 HugePages_Free:      512
1777804090.116693174 HugePages_Rsvd:        0
1777804090.116693174 HugePages_Surp:        0
1777804090.116693174 Hugepagesize:       2048 kB
1777804090.116693174 Hugetlb:         1048576 kB
1777804091.124798277 MemTotal:        8124504 kB
1777804091.124798277 MemFree:         6390508 kB
1777804091.124798277 MemAvailable:    6670624 kB
1777804091.124798277 Buffers:           28140 kB
1777804091.124798277 Cached:           381008 kB
1777804091.124798277 SwapCached:            0 kB
1777804091.124798277 Active:           387268 kB
1777804091.124798277 Inactive:         104504 kB
1777804091.124798277 Active(anon):      86000 kB
1777804091.124798277 Inactive(anon):        0 kB
1777804091.124798277 Active(file):     301268 kB
1777804091.124798277 Inactive(file):   104504 kB
1777804091.124798277 Unevictable:           0 kB
1777804091.124798277 Mlocked:               0 kB
1777804091.124798277 SwapTotal:             0 kB
1777804091.124798277 SwapFree:              0 kB
1777804091.124798277 Zswap:                 0 kB
1777804091.124798277 Zswapped:              0 kB
1777804091.124798277 Dirty:                68 kB
1777804091.124798277 Writeback:             0 kB
1777804091.124798277 AnonPages:         82804 kB
1777804091.124798277 Mapped:            89360 kB
1777804091.124798277 Shmem:              3452 kB
1777804091.124798277 KReclaimable:      28204 kB
1777804091.124798277 Slab:             114828 kB
1777804091.124798277 SReclaimable:      28204 kB
1777804091.124798277 SUnreclaim:        86624 kB
1777804091.124798277 KernelStack:        2992 kB
1777804091.124798277 PageTables:         3340 kB
1777804091.124798277 SecPageTables:         0 kB
1777804091.124798277 NFS_Unstable:          0 kB
1777804091.124798277 Bounce:                0 kB
1777804091.124798277 WritebackTmp:          0 kB
1777804091.124798277 CommitLimit:     3537964 kB
1777804091.124798277 Committed_AS:     402964 kB
1777804091.124798277 VmallocTotal:   135288315904 kB
1777804091.124798277 VmallocUsed:       18688 kB
1777804091.124798277 VmallocChunk:          0 kB
1777804091.124798277 Percpu:             1456 kB
1777804091.124798277 AnonHugePages:         0 kB
1777804091.124798277 ShmemHugePages:        0 kB
1777804091.124798277 ShmemPmdMapped:        0 kB
1777804091.124798277 FileHugePages:         0 kB
1777804091.124798277 FilePmdMapped:         0 kB
1777804091.124798277 CmaTotal:          65536 kB
1777804091.124798277 CmaFree:           49128 kB
1777804091.124798277 Balloon:               0 kB
1777804091.124798277 HugePages_Total:     512
1777804091.124798277 HugePages_Free:      512
1777804091.124798277 HugePages_Rsvd:        0
1777804091.124798277 HugePages_Surp:        0
1777804091.124798277 Hugepagesize:       2048 kB
1777804091.124798277 Hugetlb:         1048576 kB
1777804092.131587283 MemTotal:        8124504 kB
1777804092.131587283 MemFree:         6390448 kB
1777804092.131587283 MemAvailable:    6670564 kB
1777804092.131587283 Buffers:           28140 kB
1777804092.131587283 Cached:           381008 kB
1777804092.131587283 SwapCached:            0 kB
1777804092.131587283 Active:           387272 kB
1777804092.131587283 Inactive:         104504 kB
1777804092.131587283 Active(anon):      86004 kB
1777804092.131587283 Inactive(anon):        0 kB
1777804092.131587283 Active(file):     301268 kB
1777804092.131587283 Inactive(file):   104504 kB
1777804092.131587283 Unevictable:           0 kB
1777804092.131587283 Mlocked:               0 kB
1777804092.131587283 SwapTotal:             0 kB
1777804092.131587283 SwapFree:              0 kB
1777804092.131587283 Zswap:                 0 kB
1777804092.131587283 Zswapped:              0 kB
1777804092.131587283 Dirty:                68 kB
1777804092.131587283 Writeback:             0 kB
1777804092.131587283 AnonPages:         82804 kB
1777804092.131587283 Mapped:            89320 kB
1777804092.131587283 Shmem:              3452 kB
1777804092.131587283 KReclaimable:      28204 kB
1777804092.131587283 Slab:             114832 kB
1777804092.131587283 SReclaimable:      28204 kB
1777804092.131587283 SUnreclaim:        86628 kB
1777804092.131587283 KernelStack:        2992 kB
1777804092.131587283 PageTables:         3344 kB
1777804092.131587283 SecPageTables:         0 kB
1777804092.131587283 NFS_Unstable:          0 kB
1777804092.131587283 Bounce:                0 kB
1777804092.131587283 WritebackTmp:          0 kB
1777804092.131587283 CommitLimit:     3537964 kB
1777804092.131587283 Committed_AS:     402964 kB
1777804092.131587283 VmallocTotal:   135288315904 kB
1777804092.131587283 VmallocUsed:       18720 kB
1777804092.131587283 VmallocChunk:          0 kB
1777804092.131587283 Percpu:             1456 kB
1777804092.131587283 AnonHugePages:         0 kB
1777804092.131587283 ShmemHugePages:        0 kB
1777804092.131587283 ShmemPmdMapped:        0 kB
1777804092.131587283 FileHugePages:         0 kB
1777804092.131587283 FilePmdMapped:         0 kB
1777804092.131587283 CmaTotal:          65536 kB
1777804092.131587283 CmaFree:           49128 kB
1777804092.131587283 Balloon:               0 kB
1777804092.131587283 HugePages_Total:     512
1777804092.131587283 HugePages_Free:      512
1777804092.131587283 HugePages_Rsvd:        0
1777804092.131587283 HugePages_Surp:        0
1777804092.131587283 Hugepagesize:       2048 kB
1777804092.131587283 Hugetlb:         1048576 kB
1777804093.139934202 MemTotal:        8124504 kB
1777804093.139934202 MemFree:         6390684 kB
1777804093.139934202 MemAvailable:    6670808 kB
1777804093.139934202 Buffers:           28140 kB
1777804093.139934202 Cached:           381020 kB
1777804093.139934202 SwapCached:            0 kB
1777804093.139934202 Active:           387372 kB
1777804093.139934202 Inactive:         104512 kB
1777804093.139934202 Active(anon):      86104 kB
1777804093.139934202 Inactive(anon):        0 kB
1777804093.139934202 Active(file):     301268 kB
1777804093.139934202 Inactive(file):   104512 kB
1777804093.139934202 Unevictable:           0 kB
1777804093.139934202 Mlocked:               0 kB
1777804093.139934202 SwapTotal:             0 kB
1777804093.139934202 SwapFree:              0 kB
1777804093.139934202 Zswap:                 0 kB
1777804093.139934202 Zswapped:              0 kB
1777804093.139934202 Dirty:                80 kB
1777804093.139934202 Writeback:             0 kB
1777804093.139934202 AnonPages:         82800 kB
1777804093.139934202 Mapped:            89360 kB
1777804093.139934202 Shmem:              3452 kB
1777804093.139934202 KReclaimable:      28204 kB
1777804093.139934202 Slab:             114844 kB
1777804093.139934202 SReclaimable:      28204 kB
1777804093.139934202 SUnreclaim:        86640 kB
1777804093.139934202 KernelStack:        3008 kB
1777804093.139934202 PageTables:         3408 kB
1777804093.139934202 SecPageTables:         0 kB
1777804093.139934202 NFS_Unstable:          0 kB
1777804093.139934202 Bounce:                0 kB
1777804093.139934202 WritebackTmp:          0 kB
1777804093.139934202 CommitLimit:     3537964 kB
1777804093.139934202 Committed_AS:     402964 kB
1777804093.139934202 VmallocTotal:   135288315904 kB
1777804093.139934202 VmallocUsed:       18704 kB
1777804093.139934202 VmallocChunk:          0 kB
1777804093.139934202 Percpu:             1456 kB
1777804093.139934202 AnonHugePages:         0 kB
1777804093.139934202 ShmemHugePages:        0 kB
1777804093.139934202 ShmemPmdMapped:        0 kB
1777804093.139934202 FileHugePages:         0 kB
1777804093.139934202 FilePmdMapped:         0 kB
1777804093.139934202 CmaTotal:          65536 kB
1777804093.139934202 CmaFree:           49128 kB
1777804093.139934202 Balloon:               0 kB
1777804093.139934202 HugePages_Total:     512
1777804093.139934202 HugePages_Free:      512
1777804093.139934202 HugePages_Rsvd:        0
1777804093.139934202 HugePages_Surp:        0
1777804093.139934202 Hugepagesize:       2048 kB
1777804093.139934202 Hugetlb:         1048576 kB
1777804094.146757634 MemTotal:        8124504 kB
1777804094.146757634 MemFree:         6390632 kB
1777804094.146757634 MemAvailable:    6670768 kB
1777804094.146757634 Buffers:           28148 kB
1777804094.146757634 Cached:           381020 kB
1777804094.146757634 SwapCached:            0 kB
1777804094.146757634 Active:           387360 kB
1777804094.146757634 Inactive:         104524 kB
1777804094.146757634 Active(anon):      86092 kB
1777804094.146757634 Inactive(anon):        0 kB
1777804094.146757634 Active(file):     301268 kB
1777804094.146757634 Inactive(file):   104524 kB
1777804094.146757634 Unevictable:           0 kB
1777804094.146757634 Mlocked:               0 kB
1777804094.146757634 SwapTotal:             0 kB
1777804094.146757634 SwapFree:              0 kB
1777804094.146757634 Zswap:                 0 kB
1777804094.146757634 Zswapped:              0 kB
1777804094.146757634 Dirty:                80 kB
1777804094.146757634 Writeback:             0 kB
1777804094.146757634 AnonPages:         82800 kB
1777804094.146757634 Mapped:            89360 kB
1777804094.146757634 Shmem:              3452 kB
1777804094.146757634 KReclaimable:      28204 kB
1777804094.146757634 Slab:             114824 kB
1777804094.146757634 SReclaimable:      28204 kB
1777804094.146757634 SUnreclaim:        86620 kB
1777804094.146757634 KernelStack:        2992 kB
1777804094.146757634 PageTables:         3340 kB
1777804094.146757634 SecPageTables:         0 kB
1777804094.146757634 NFS_Unstable:          0 kB
1777804094.146757634 Bounce:                0 kB
1777804094.146757634 WritebackTmp:          0 kB
1777804094.146757634 CommitLimit:     3537964 kB
1777804094.146757634 Committed_AS:     402964 kB
1777804094.146757634 VmallocTotal:   135288315904 kB
1777804094.146757634 VmallocUsed:       18720 kB
1777804094.146757634 VmallocChunk:          0 kB
1777804094.146757634 Percpu:             1456 kB
1777804094.146757634 AnonHugePages:         0 kB
1777804094.146757634 ShmemHugePages:        0 kB
1777804094.146757634 ShmemPmdMapped:        0 kB
1777804094.146757634 FileHugePages:         0 kB
1777804094.146757634 FilePmdMapped:         0 kB
1777804094.146757634 CmaTotal:          65536 kB
1777804094.146757634 CmaFree:           49128 kB
1777804094.146757634 Balloon:               0 kB
1777804094.146757634 HugePages_Total:     512
1777804094.146757634 HugePages_Free:      512
1777804094.146757634 HugePages_Rsvd:        0
1777804094.146757634 HugePages_Surp:        0
1777804094.146757634 Hugepagesize:       2048 kB
1777804094.146757634 Hugetlb:         1048576 kB
1777804095.153605678 MemTotal:        8124504 kB
1777804095.153605678 MemFree:         6389604 kB
1777804095.153605678 MemAvailable:    6669744 kB
1777804095.153605678 Buffers:           28148 kB
1777804095.153605678 Cached:           381024 kB
1777804095.153605678 SwapCached:            0 kB
1777804095.153605678 Active:           387212 kB
1777804095.153605678 Inactive:         104528 kB
1777804095.153605678 Active(anon):      85944 kB
1777804095.153605678 Inactive(anon):        0 kB
1777804095.153605678 Active(file):     301268 kB
1777804095.153605678 Inactive(file):   104528 kB
1777804095.153605678 Unevictable:           0 kB
1777804095.153605678 Mlocked:               0 kB
1777804095.153605678 SwapTotal:             0 kB
1777804095.153605678 SwapFree:              0 kB
1777804095.153605678 Zswap:                 0 kB
1777804095.153605678 Zswapped:              0 kB
1777804095.153605678 Dirty:                84 kB
1777804095.153605678 Writeback:             0 kB
1777804095.153605678 AnonPages:         82700 kB
1777804095.153605678 Mapped:            89444 kB
1777804095.153605678 Shmem:              3452 kB
1777804095.153605678 KReclaimable:      28204 kB
1777804095.153605678 Slab:             114816 kB
1777804095.153605678 SReclaimable:      28204 kB
1777804095.153605678 SUnreclaim:        86612 kB
1777804095.153605678 KernelStack:        3008 kB
1777804095.153605678 PageTables:         3536 kB
1777804095.153605678 SecPageTables:         0 kB
1777804095.153605678 NFS_Unstable:          0 kB
1777804095.153605678 Bounce:                0 kB
1777804095.153605678 WritebackTmp:          0 kB
1777804095.153605678 CommitLimit:     3537964 kB
1777804095.153605678 Committed_AS:     402964 kB
1777804095.153605678 VmallocTotal:   135288315904 kB
1777804095.153605678 VmallocUsed:       18736 kB
1777804095.153605678 VmallocChunk:          0 kB
1777804095.153605678 Percpu:             1456 kB
1777804095.153605678 AnonHugePages:         0 kB
1777804095.153605678 ShmemHugePages:        0 kB
1777804095.153605678 ShmemPmdMapped:        0 kB
1777804095.153605678 FileHugePages:         0 kB
1777804095.153605678 FilePmdMapped:         0 kB
1777804095.153605678 CmaTotal:          65536 kB
1777804095.153605678 CmaFree:           49128 kB
1777804095.153605678 Balloon:               0 kB
1777804095.153605678 HugePages_Total:     512
1777804095.153605678 HugePages_Free:      512
1777804095.153605678 HugePages_Rsvd:        0
1777804095.153605678 HugePages_Surp:        0
1777804095.153605678 Hugepagesize:       2048 kB
1777804095.153605678 Hugetlb:         1048576 kB
1777804096.161747762 MemTotal:        8124504 kB
1777804096.161747762 MemFree:         6390092 kB
1777804096.161747762 MemAvailable:    6670240 kB
1777804096.161747762 Buffers:           28148 kB
1777804096.161747762 Cached:           381032 kB
1777804096.161747762 SwapCached:            0 kB
1777804096.161747762 Active:           387180 kB
1777804096.161747762 Inactive:         104536 kB
1777804096.161747762 Active(anon):      85912 kB
1777804096.161747762 Inactive(anon):        0 kB
1777804096.161747762 Active(file):     301268 kB
1777804096.161747762 Inactive(file):   104536 kB
1777804096.161747762 Unevictable:           0 kB
1777804096.161747762 Mlocked:               0 kB
1777804096.161747762 SwapTotal:             0 kB
1777804096.161747762 SwapFree:              0 kB
1777804096.161747762 Zswap:                 0 kB
1777804096.161747762 Zswapped:              0 kB
1777804096.161747762 Dirty:                92 kB
1777804096.161747762 Writeback:             0 kB
1777804096.161747762 AnonPages:         82740 kB
1777804096.161747762 Mapped:            89380 kB
1777804096.161747762 Shmem:              3452 kB
1777804096.161747762 KReclaimable:      28204 kB
1777804096.161747762 Slab:             114816 kB
1777804096.161747762 SReclaimable:      28204 kB
1777804096.161747762 SUnreclaim:        86612 kB
1777804096.161747762 KernelStack:        2960 kB
1777804096.161747762 PageTables:         3756 kB
1777804096.161747762 SecPageTables:         0 kB
1777804096.161747762 NFS_Unstable:          0 kB
1777804096.161747762 Bounce:                0 kB
1777804096.161747762 WritebackTmp:          0 kB
1777804096.161747762 CommitLimit:     3537964 kB
1777804096.161747762 Committed_AS:     402964 kB
1777804096.161747762 VmallocTotal:   135288315904 kB
1777804096.161747762 VmallocUsed:       18704 kB
1777804096.161747762 VmallocChunk:          0 kB
1777804096.161747762 Percpu:             1456 kB
1777804096.161747762 AnonHugePages:         0 kB
1777804096.161747762 ShmemHugePages:        0 kB
1777804096.161747762 ShmemPmdMapped:        0 kB
1777804096.161747762 FileHugePages:         0 kB
1777804096.161747762 FilePmdMapped:         0 kB
1777804096.161747762 CmaTotal:          65536 kB
1777804096.161747762 CmaFree:           49128 kB
1777804096.161747762 Balloon:               0 kB
1777804096.161747762 HugePages_Total:     512
1777804096.161747762 HugePages_Free:      512
1777804096.161747762 HugePages_Rsvd:        0
1777804096.161747762 HugePages_Surp:        0
1777804096.161747762 Hugepagesize:       2048 kB
1777804096.161747762 Hugetlb:         1048576 kB
1777804097.170914591 MemTotal:        8124504 kB
1777804097.170914591 MemFree:         6390324 kB
1777804097.170914591 MemAvailable:    6670476 kB
1777804097.170914591 Buffers:           28148 kB
1777804097.170914591 Cached:           381036 kB
1777804097.170914591 SwapCached:            0 kB
1777804097.170914591 Active:           386852 kB
1777804097.170914591 Inactive:         104540 kB
1777804097.170914591 Active(anon):      85584 kB
1777804097.170914591 Inactive(anon):        0 kB
1777804097.170914591 Active(file):     301268 kB
1777804097.170914591 Inactive(file):   104540 kB
1777804097.170914591 Unevictable:           0 kB
1777804097.170914591 Mlocked:               0 kB
1777804097.170914591 SwapTotal:             0 kB
1777804097.170914591 SwapFree:              0 kB
1777804097.170914591 Zswap:                 0 kB
1777804097.170914591 Zswapped:              0 kB
1777804097.170914591 Dirty:                96 kB
1777804097.170914591 Writeback:             0 kB
1777804097.170914591 AnonPages:         82212 kB
1777804097.170914591 Mapped:            89532 kB
1777804097.170914591 Shmem:              3452 kB
1777804097.170914591 KReclaimable:      28204 kB
1777804097.170914591 Slab:             114820 kB
1777804097.170914591 SReclaimable:      28204 kB
1777804097.170914591 SUnreclaim:        86616 kB
1777804097.170914591 KernelStack:        3000 kB
1777804097.170914591 PageTables:         3760 kB
1777804097.170914591 SecPageTables:         0 kB
1777804097.170914591 NFS_Unstable:          0 kB
1777804097.170914591 Bounce:                0 kB
1777804097.170914591 WritebackTmp:          0 kB
1777804097.170914591 CommitLimit:     3537964 kB
1777804097.170914591 Committed_AS:     402368 kB
1777804097.170914591 VmallocTotal:   135288315904 kB
1777804097.170914591 VmallocUsed:       18720 kB
1777804097.170914591 VmallocChunk:          0 kB
1777804097.170914591 Percpu:             1456 kB
1777804097.170914591 AnonHugePages:         0 kB
1777804097.170914591 ShmemHugePages:        0 kB
1777804097.170914591 ShmemPmdMapped:        0 kB
1777804097.170914591 FileHugePages:         0 kB
1777804097.170914591 FilePmdMapped:         0 kB
1777804097.170914591 CmaTotal:          65536 kB
1777804097.170914591 CmaFree:           49128 kB
1777804097.170914591 Balloon:               0 kB
1777804097.170914591 HugePages_Total:     512
1777804097.170914591 HugePages_Free:      512
1777804097.170914591 HugePages_Rsvd:        0
1777804097.170914591 HugePages_Surp:        0
1777804097.170914591 Hugepagesize:       2048 kB
1777804097.170914591 Hugetlb:         1048576 kB
1777804098.178745138 MemTotal:        8124504 kB
1777804098.178745138 MemFree:         6389896 kB
1777804098.178745138 MemAvailable:    6670052 kB
1777804098.178745138 Buffers:           28148 kB
1777804098.178745138 Cached:           381044 kB
1777804098.178745138 SwapCached:            0 kB
1777804098.178745138 Active:           387396 kB
1777804098.178745138 Inactive:         104544 kB
1777804098.178745138 Active(anon):      86128 kB
1777804098.178745138 Inactive(anon):        0 kB
1777804098.178745138 Active(file):     301268 kB
1777804098.178745138 Inactive(file):   104544 kB
1777804098.178745138 Unevictable:           0 kB
1777804098.178745138 Mlocked:               0 kB
1777804098.178745138 SwapTotal:             0 kB
1777804098.178745138 SwapFree:              0 kB
1777804098.178745138 Zswap:                 0 kB
1777804098.178745138 Zswapped:              0 kB
1777804098.178745138 Dirty:               104 kB
1777804098.178745138 Writeback:             0 kB
1777804098.178745138 AnonPages:         82760 kB
1777804098.178745138 Mapped:            89320 kB
1777804098.178745138 Shmem:              3452 kB
1777804098.178745138 KReclaimable:      28204 kB
1777804098.178745138 Slab:             114832 kB
1777804098.178745138 SReclaimable:      28204 kB
1777804098.178745138 SUnreclaim:        86628 kB
1777804098.178745138 KernelStack:        3008 kB
1777804098.178745138 PageTables:         3376 kB
1777804098.178745138 SecPageTables:         0 kB
1777804098.178745138 NFS_Unstable:          0 kB
1777804098.178745138 Bounce:                0 kB
1777804098.178745138 WritebackTmp:          0 kB
1777804098.178745138 CommitLimit:     3537964 kB
1777804098.178745138 Committed_AS:     402964 kB
1777804098.178745138 VmallocTotal:   135288315904 kB
1777804098.178745138 VmallocUsed:       18688 kB
1777804098.178745138 VmallocChunk:          0 kB
1777804098.178745138 Percpu:             1456 kB
1777804098.178745138 AnonHugePages:         0 kB
1777804098.178745138 ShmemHugePages:        0 kB
1777804098.178745138 ShmemPmdMapped:        0 kB
1777804098.178745138 FileHugePages:         0 kB
1777804098.178745138 FilePmdMapped:         0 kB
1777804098.178745138 CmaTotal:          65536 kB
1777804098.178745138 CmaFree:           49128 kB
1777804098.178745138 Balloon:               0 kB
1777804098.178745138 HugePages_Total:     512
1777804098.178745138 HugePages_Free:      512
1777804098.178745138 HugePages_Rsvd:        0
1777804098.178745138 HugePages_Surp:        0
1777804098.178745138 Hugepagesize:       2048 kB
1777804098.178745138 Hugetlb:         1048576 kB
1777804099.185756515 MemTotal:        8124504 kB
1777804099.185756515 MemFree:         6390668 kB
1777804099.185756515 MemAvailable:    6670836 kB
1777804099.185756515 Buffers:           28156 kB
1777804099.185756515 Cached:           381048 kB
1777804099.185756515 SwapCached:            0 kB
1777804099.185756515 Active:           387464 kB
1777804099.185756515 Inactive:         104552 kB
1777804099.185756515 Active(anon):      86192 kB
1777804099.185756515 Inactive(anon):        0 kB
1777804099.185756515 Active(file):     301272 kB
1777804099.185756515 Inactive(file):   104552 kB
1777804099.185756515 Unevictable:           0 kB
1777804099.185756515 Mlocked:               0 kB
1777804099.185756515 SwapTotal:             0 kB
1777804099.185756515 SwapFree:              0 kB
1777804099.185756515 Zswap:                 0 kB
1777804099.185756515 Zswapped:              0 kB
1777804099.185756515 Dirty:               108 kB
1777804099.185756515 Writeback:             0 kB
1777804099.185756515 AnonPages:         82844 kB
1777804099.185756515 Mapped:            89360 kB
1777804099.185756515 Shmem:              3452 kB
1777804099.185756515 KReclaimable:      28204 kB
1777804099.185756515 Slab:             114832 kB
1777804099.185756515 SReclaimable:      28204 kB
1777804099.185756515 SUnreclaim:        86628 kB
1777804099.185756515 KernelStack:        3008 kB
1777804099.185756515 PageTables:         3384 kB
1777804099.185756515 SecPageTables:         0 kB
1777804099.185756515 NFS_Unstable:          0 kB
1777804099.185756515 Bounce:                0 kB
1777804099.185756515 WritebackTmp:          0 kB
1777804099.185756515 CommitLimit:     3537964 kB
1777804099.185756515 Committed_AS:     402964 kB
1777804099.185756515 VmallocTotal:   135288315904 kB
1777804099.185756515 VmallocUsed:       18704 kB
1777804099.185756515 VmallocChunk:          0 kB
1777804099.185756515 Percpu:             1456 kB
1777804099.185756515 AnonHugePages:         0 kB
1777804099.185756515 ShmemHugePages:        0 kB
1777804099.185756515 ShmemPmdMapped:        0 kB
1777804099.185756515 FileHugePages:         0 kB
1777804099.185756515 FilePmdMapped:         0 kB
1777804099.185756515 CmaTotal:          65536 kB
1777804099.185756515 CmaFree:           49128 kB
1777804099.185756515 Balloon:               0 kB
1777804099.185756515 HugePages_Total:     512
1777804099.185756515 HugePages_Free:      512
1777804099.185756515 HugePages_Rsvd:        0
1777804099.185756515 HugePages_Surp:        0
1777804099.185756515 Hugepagesize:       2048 kB
1777804099.185756515 Hugetlb:         1048576 kB
1777804100.192703930 MemTotal:        8124504 kB
1777804100.192703930 MemFree:         6390680 kB
1777804100.192703930 MemAvailable:    6670856 kB
1777804100.192703930 Buffers:           28156 kB
1777804100.192703930 Cached:           381048 kB
1777804100.192703930 SwapCached:            0 kB
1777804100.192703930 Active:           387480 kB
1777804100.192703930 Inactive:         104560 kB
1777804100.192703930 Active(anon):      86208 kB
1777804100.192703930 Inactive(anon):        0 kB
1777804100.192703930 Active(file):     301272 kB
1777804100.192703930 Inactive(file):   104560 kB
1777804100.192703930 Unevictable:           0 kB
1777804100.192703930 Mlocked:               0 kB
1777804100.192703930 SwapTotal:             0 kB
1777804100.192703930 SwapFree:              0 kB
1777804100.192703930 Zswap:                 0 kB
1777804100.192703930 Zswapped:              0 kB
1777804100.192703930 Dirty:               108 kB
1777804100.192703930 Writeback:             0 kB
1777804100.192703930 AnonPages:         82804 kB
1777804100.192703930 Mapped:            89360 kB
1777804100.192703930 Shmem:              3452 kB
1777804100.192703930 KReclaimable:      28204 kB
1777804100.192703930 Slab:             114836 kB
1777804100.192703930 SReclaimable:      28204 kB
1777804100.192703930 SUnreclaim:        86632 kB
1777804100.192703930 KernelStack:        2992 kB
1777804100.192703930 PageTables:         3344 kB
1777804100.192703930 SecPageTables:         0 kB
1777804100.192703930 NFS_Unstable:          0 kB
1777804100.192703930 Bounce:                0 kB
1777804100.192703930 WritebackTmp:          0 kB
1777804100.192703930 CommitLimit:     3537964 kB
1777804100.192703930 Committed_AS:     402964 kB
1777804100.192703930 VmallocTotal:   135288315904 kB
1777804100.192703930 VmallocUsed:       18688 kB
1777804100.192703930 VmallocChunk:          0 kB
1777804100.192703930 Percpu:             1456 kB
1777804100.192703930 AnonHugePages:         0 kB
1777804100.192703930 ShmemHugePages:        0 kB
1777804100.192703930 ShmemPmdMapped:        0 kB
1777804100.192703930 FileHugePages:         0 kB
1777804100.192703930 FilePmdMapped:         0 kB
1777804100.192703930 CmaTotal:          65536 kB
1777804100.192703930 CmaFree:           49128 kB
1777804100.192703930 Balloon:               0 kB
1777804100.192703930 HugePages_Total:     512
1777804100.192703930 HugePages_Free:      512
1777804100.192703930 HugePages_Rsvd:        0
1777804100.192703930 HugePages_Surp:        0
1777804100.192703930 Hugepagesize:       2048 kB
1777804100.192703930 Hugetlb:         1048576 kB
1777804101.199598992 MemTotal:        8124504 kB
1777804101.199598992 MemFree:         6390676 kB
1777804101.199598992 MemAvailable:    6670848 kB
1777804101.199598992 Buffers:           28156 kB
1777804101.199598992 Cached:           381056 kB
1777804101.199598992 SwapCached:            0 kB
1777804101.199598992 Active:           387360 kB
1777804101.199598992 Inactive:         104564 kB
1777804101.199598992 Active(anon):      86096 kB
1777804101.199598992 Inactive(anon):        0 kB
1777804101.199598992 Active(file):     301264 kB
1777804101.199598992 Inactive(file):   104564 kB
1777804101.199598992 Unevictable:           0 kB
1777804101.199598992 Mlocked:               0 kB
1777804101.199598992 SwapTotal:             0 kB
1777804101.199598992 SwapFree:              0 kB
1777804101.199598992 Zswap:                 0 kB
1777804101.199598992 Zswapped:              0 kB
1777804101.199598992 Dirty:               116 kB
1777804101.199598992 Writeback:             0 kB
1777804101.199598992 AnonPages:         82752 kB
1777804101.199598992 Mapped:            89320 kB
1777804101.199598992 Shmem:              3452 kB
1777804101.199598992 KReclaimable:      28204 kB
1777804101.199598992 Slab:             114836 kB
1777804101.199598992 SReclaimable:      28204 kB
1777804101.199598992 SUnreclaim:        86632 kB
1777804101.199598992 KernelStack:        3008 kB
1777804101.199598992 PageTables:         3380 kB
1777804101.199598992 SecPageTables:         0 kB
1777804101.199598992 NFS_Unstable:          0 kB
1777804101.199598992 Bounce:                0 kB
1777804101.199598992 WritebackTmp:          0 kB
1777804101.199598992 CommitLimit:     3537964 kB
1777804101.199598992 Committed_AS:     402964 kB
1777804101.199598992 VmallocTotal:   135288315904 kB
1777804101.199598992 VmallocUsed:       18688 kB
1777804101.199598992 VmallocChunk:          0 kB
1777804101.199598992 Percpu:             1456 kB
1777804101.199598992 AnonHugePages:         0 kB
1777804101.199598992 ShmemHugePages:        0 kB
1777804101.199598992 ShmemPmdMapped:        0 kB
1777804101.199598992 FileHugePages:         0 kB
1777804101.199598992 FilePmdMapped:         0 kB
1777804101.199598992 CmaTotal:          65536 kB
1777804101.199598992 CmaFree:           49128 kB
1777804101.199598992 Balloon:               0 kB
1777804101.199598992 HugePages_Total:     512
1777804101.199598992 HugePages_Free:      512
1777804101.199598992 HugePages_Rsvd:        0
1777804101.199598992 HugePages_Surp:        0
1777804101.199598992 Hugepagesize:       2048 kB
1777804101.199598992 Hugetlb:         1048576 kB
1777804102.206521758 MemTotal:        8124504 kB
1777804102.206521758 MemFree:         6390712 kB
1777804102.206521758 MemAvailable:    6670896 kB
1777804102.206521758 Buffers:           28156 kB
1777804102.206521758 Cached:           381056 kB
1777804102.206521758 SwapCached:            0 kB
1777804102.206521758 Active:           387484 kB
1777804102.206521758 Inactive:         104568 kB
1777804102.206521758 Active(anon):      86212 kB
1777804102.206521758 Inactive(anon):        0 kB
1777804102.206521758 Active(file):     301272 kB
1777804102.206521758 Inactive(file):   104568 kB
1777804102.206521758 Unevictable:           0 kB
1777804102.206521758 Mlocked:               0 kB
1777804102.206521758 SwapTotal:             0 kB
1777804102.206521758 SwapFree:              0 kB
1777804102.206521758 Zswap:                 0 kB
1777804102.206521758 Zswapped:              0 kB
1777804102.206521758 Dirty:               116 kB
1777804102.206521758 Writeback:             0 kB
1777804102.206521758 AnonPages:         82804 kB
1777804102.206521758 Mapped:            89360 kB
1777804102.206521758 Shmem:              3452 kB
1777804102.206521758 KReclaimable:      28204 kB
1777804102.206521758 Slab:             114840 kB
1777804102.206521758 SReclaimable:      28204 kB
1777804102.206521758 SUnreclaim:        86636 kB
1777804102.206521758 KernelStack:        2992 kB
1777804102.206521758 PageTables:         3344 kB
1777804102.206521758 SecPageTables:         0 kB
1777804102.206521758 NFS_Unstable:          0 kB
1777804102.206521758 Bounce:                0 kB
1777804102.206521758 WritebackTmp:          0 kB
1777804102.206521758 CommitLimit:     3537964 kB
1777804102.206521758 Committed_AS:     402964 kB
1777804102.206521758 VmallocTotal:   135288315904 kB
1777804102.206521758 VmallocUsed:       18704 kB
1777804102.206521758 VmallocChunk:          0 kB
1777804102.206521758 Percpu:             1456 kB
1777804102.206521758 AnonHugePages:         0 kB
1777804102.206521758 ShmemHugePages:        0 kB
1777804102.206521758 ShmemPmdMapped:        0 kB
1777804102.206521758 FileHugePages:         0 kB
1777804102.206521758 FilePmdMapped:         0 kB
1777804102.206521758 CmaTotal:          65536 kB
1777804102.206521758 CmaFree:           49128 kB
1777804102.206521758 Balloon:               0 kB
1777804102.206521758 HugePages_Total:     512
1777804102.206521758 HugePages_Free:      512
1777804102.206521758 HugePages_Rsvd:        0
1777804102.206521758 HugePages_Surp:        0
1777804102.206521758 Hugepagesize:       2048 kB
1777804102.206521758 Hugetlb:         1048576 kB
1777804103.213506284 MemTotal:        8124504 kB
1777804103.213506284 MemFree:         6391304 kB
1777804103.213506284 MemAvailable:    6671492 kB
1777804103.213506284 Buffers:           28156 kB
1777804103.213506284 Cached:           381064 kB
1777804103.213506284 SwapCached:            0 kB
1777804103.213506284 Active:           387348 kB
1777804103.213506284 Inactive:         104572 kB
1777804103.213506284 Active(anon):      86076 kB
1777804103.213506284 Inactive(anon):        0 kB
1777804103.213506284 Active(file):     301272 kB
1777804103.213506284 Inactive(file):   104572 kB
1777804103.213506284 Unevictable:           0 kB
1777804103.213506284 Mlocked:               0 kB
1777804103.213506284 SwapTotal:             0 kB
1777804103.213506284 SwapFree:              0 kB
1777804103.213506284 Zswap:                 0 kB
1777804103.213506284 Zswapped:              0 kB
1777804103.213506284 Dirty:               124 kB
1777804103.213506284 Writeback:             0 kB
1777804103.213506284 AnonPages:         82780 kB
1777804103.213506284 Mapped:            89320 kB
1777804103.213506284 Shmem:              3452 kB
1777804103.213506284 KReclaimable:      28208 kB
1777804103.213506284 Slab:             114852 kB
1777804103.213506284 SReclaimable:      28208 kB
1777804103.213506284 SUnreclaim:        86644 kB
1777804103.213506284 KernelStack:        2992 kB
1777804103.213506284 PageTables:         3448 kB
1777804103.213506284 SecPageTables:         0 kB
1777804103.213506284 NFS_Unstable:          0 kB
1777804103.213506284 Bounce:                0 kB
1777804103.213506284 WritebackTmp:          0 kB
1777804103.213506284 CommitLimit:     3537964 kB
1777804103.213506284 Committed_AS:     402964 kB
1777804103.213506284 VmallocTotal:   135288315904 kB
1777804103.213506284 VmallocUsed:       18720 kB
1777804103.213506284 VmallocChunk:          0 kB
1777804103.213506284 Percpu:             1456 kB
1777804103.213506284 AnonHugePages:         0 kB
1777804103.213506284 ShmemHugePages:        0 kB
1777804103.213506284 ShmemPmdMapped:        0 kB
1777804103.213506284 FileHugePages:         0 kB
1777804103.213506284 FilePmdMapped:         0 kB
1777804103.213506284 CmaTotal:          65536 kB
1777804103.213506284 CmaFree:           49128 kB
1777804103.213506284 Balloon:               0 kB
1777804103.213506284 HugePages_Total:     512
1777804103.213506284 HugePages_Free:      512
1777804103.213506284 HugePages_Rsvd:        0
1777804103.213506284 HugePages_Surp:        0
1777804103.213506284 Hugepagesize:       2048 kB
1777804103.213506284 Hugetlb:         1048576 kB
1777804104.220520902 MemTotal:        8124504 kB
1777804104.220520902 MemFree:         6391048 kB
1777804104.220520902 MemAvailable:    6671248 kB
1777804104.220520902 Buffers:           28164 kB
1777804104.220520902 Cached:           381076 kB
1777804104.220520902 SwapCached:            0 kB
1777804104.220520902 Active:           387412 kB
1777804104.220520902 Inactive:         104584 kB
1777804104.220520902 Active(anon):      86140 kB
1777804104.220520902 Inactive(anon):        0 kB
1777804104.220520902 Active(file):     301272 kB
1777804104.220520902 Inactive(file):   104584 kB
1777804104.220520902 Unevictable:           0 kB
1777804104.220520902 Mlocked:               0 kB
1777804104.220520902 SwapTotal:             0 kB
1777804104.220520902 SwapFree:              0 kB
1777804104.220520902 Zswap:                 0 kB
1777804104.220520902 Zswapped:              0 kB
1777804104.220520902 Dirty:               136 kB
1777804104.220520902 Writeback:             0 kB
1777804104.220520902 AnonPages:         82804 kB
1777804104.220520902 Mapped:            89360 kB
1777804104.220520902 Shmem:              3452 kB
1777804104.220520902 KReclaimable:      28208 kB
1777804104.220520902 Slab:             114844 kB
1777804104.220520902 SReclaimable:      28208 kB
1777804104.220520902 SUnreclaim:        86636 kB
1777804104.220520902 KernelStack:        2992 kB
1777804104.220520902 PageTables:         3348 kB
1777804104.220520902 SecPageTables:         0 kB
1777804104.220520902 NFS_Unstable:          0 kB
1777804104.220520902 Bounce:                0 kB
1777804104.220520902 WritebackTmp:          0 kB
1777804104.220520902 CommitLimit:     3537964 kB
1777804104.220520902 Committed_AS:     402964 kB
1777804104.220520902 VmallocTotal:   135288315904 kB
1777804104.220520902 VmallocUsed:       18720 kB
1777804104.220520902 VmallocChunk:          0 kB
1777804104.220520902 Percpu:             1456 kB
1777804104.220520902 AnonHugePages:         0 kB
1777804104.220520902 ShmemHugePages:        0 kB
1777804104.220520902 ShmemPmdMapped:        0 kB
1777804104.220520902 FileHugePages:         0 kB
1777804104.220520902 FilePmdMapped:         0 kB
1777804104.220520902 CmaTotal:          65536 kB
1777804104.220520902 CmaFree:           49128 kB
1777804104.220520902 Balloon:               0 kB
1777804104.220520902 HugePages_Total:     512
1777804104.220520902 HugePages_Free:      512
1777804104.220520902 HugePages_Rsvd:        0
1777804104.220520902 HugePages_Surp:        0
1777804104.220520902 Hugepagesize:       2048 kB
1777804104.220520902 Hugetlb:         1048576 kB
1777804105.228874228 MemTotal:        8124504 kB
1777804105.228874228 MemFree:         6390608 kB
1777804105.228874228 MemAvailable:    6670824 kB
1777804105.228874228 Buffers:           28164 kB
1777804105.228874228 Cached:           381076 kB
1777804105.228874228 SwapCached:            0 kB
1777804105.228874228 Active:           387456 kB
1777804105.228874228 Inactive:         104596 kB
1777804105.228874228 Active(anon):      86180 kB
1777804105.228874228 Inactive(anon):        0 kB
1777804105.228874228 Active(file):     301276 kB
1777804105.228874228 Inactive(file):   104596 kB
1777804105.228874228 Unevictable:           0 kB
1777804105.228874228 Mlocked:               0 kB
1777804105.228874228 SwapTotal:             0 kB
1777804105.228874228 SwapFree:              0 kB
1777804105.228874228 Zswap:                 0 kB
1777804105.228874228 Zswapped:              0 kB
1777804105.228874228 Dirty:               136 kB
1777804105.228874228 Writeback:             0 kB
1777804105.228874228 AnonPages:         82808 kB
1777804105.228874228 Mapped:            89360 kB
1777804105.228874228 Shmem:              3452 kB
1777804105.228874228 KReclaimable:      28208 kB
1777804105.228874228 Slab:             114860 kB
1777804105.228874228 SReclaimable:      28208 kB
1777804105.228874228 SUnreclaim:        86652 kB
1777804105.228874228 KernelStack:        3008 kB
1777804105.228874228 PageTables:         3456 kB
1777804105.228874228 SecPageTables:         0 kB
1777804105.228874228 NFS_Unstable:          0 kB
1777804105.228874228 Bounce:                0 kB
1777804105.228874228 WritebackTmp:          0 kB
1777804105.228874228 CommitLimit:     3537964 kB
1777804105.228874228 Committed_AS:     402964 kB
1777804105.228874228 VmallocTotal:   135288315904 kB
1777804105.228874228 VmallocUsed:       18704 kB
1777804105.228874228 VmallocChunk:          0 kB
1777804105.228874228 Percpu:             1456 kB
1777804105.228874228 AnonHugePages:         0 kB
1777804105.228874228 ShmemHugePages:        0 kB
1777804105.228874228 ShmemPmdMapped:        0 kB
1777804105.228874228 FileHugePages:         0 kB
1777804105.228874228 FilePmdMapped:         0 kB
1777804105.228874228 CmaTotal:          65536 kB
1777804105.228874228 CmaFree:           49128 kB
1777804105.228874228 Balloon:               0 kB
1777804105.228874228 HugePages_Total:     512
1777804105.228874228 HugePages_Free:      512
1777804105.228874228 HugePages_Rsvd:        0
1777804105.228874228 HugePages_Surp:        0
1777804105.228874228 Hugepagesize:       2048 kB
1777804105.228874228 Hugetlb:         1048576 kB
1777804106.235828624 MemTotal:        8124504 kB
1777804106.235828624 MemFree:         6389856 kB
1777804106.235828624 MemAvailable:    6670072 kB
1777804106.235828624 Buffers:           28164 kB
1777804106.235828624 Cached:           381080 kB
1777804106.235828624 SwapCached:            0 kB
1777804106.235828624 Active:           387356 kB
1777804106.235828624 Inactive:         104600 kB
1777804106.235828624 Active(anon):      86084 kB
1777804106.235828624 Inactive(anon):        0 kB
1777804106.235828624 Active(file):     301272 kB
1777804106.235828624 Inactive(file):   104600 kB
1777804106.235828624 Unevictable:           0 kB
1777804106.235828624 Mlocked:               0 kB
1777804106.235828624 SwapTotal:             0 kB
1777804106.235828624 SwapFree:              0 kB
1777804106.235828624 Zswap:                 0 kB
1777804106.235828624 Zswapped:              0 kB
1777804106.235828624 Dirty:               140 kB
1777804106.235828624 Writeback:             0 kB
1777804106.235828624 AnonPages:         82804 kB
1777804106.235828624 Mapped:            89360 kB
1777804106.235828624 Shmem:              3452 kB
1777804106.235828624 KReclaimable:      28208 kB
1777804106.235828624 Slab:             114856 kB
1777804106.235828624 SReclaimable:      28208 kB
1777804106.235828624 SUnreclaim:        86648 kB
1777804106.235828624 KernelStack:        2992 kB
1777804106.235828624 PageTables:         3356 kB
1777804106.235828624 SecPageTables:         0 kB
1777804106.235828624 NFS_Unstable:          0 kB
1777804106.235828624 Bounce:                0 kB
1777804106.235828624 WritebackTmp:          0 kB
1777804106.235828624 CommitLimit:     3537964 kB
1777804106.235828624 Committed_AS:     402964 kB
1777804106.235828624 VmallocTotal:   135288315904 kB
1777804106.235828624 VmallocUsed:       18720 kB
1777804106.235828624 VmallocChunk:          0 kB
1777804106.235828624 Percpu:             1456 kB
1777804106.235828624 AnonHugePages:         0 kB
1777804106.235828624 ShmemHugePages:        0 kB
1777804106.235828624 ShmemPmdMapped:        0 kB
1777804106.235828624 FileHugePages:         0 kB
1777804106.235828624 FilePmdMapped:         0 kB
1777804106.235828624 CmaTotal:          65536 kB
1777804106.235828624 CmaFree:           49128 kB
1777804106.235828624 Balloon:               0 kB
1777804106.235828624 HugePages_Total:     512
1777804106.235828624 HugePages_Free:      512
1777804106.235828624 HugePages_Rsvd:        0
1777804106.235828624 HugePages_Surp:        0
1777804106.235828624 Hugepagesize:       2048 kB
1777804106.235828624 Hugetlb:         1048576 kB
1777804107.242784038 MemTotal:        8124504 kB
1777804107.242784038 MemFree:         6389596 kB
1777804107.242784038 MemAvailable:    6669812 kB
1777804107.242784038 Buffers:           28164 kB
1777804107.242784038 Cached:           381084 kB
1777804107.242784038 SwapCached:            0 kB
1777804107.242784038 Active:           387348 kB
1777804107.242784038 Inactive:         104604 kB
1777804107.242784038 Active(anon):      86080 kB
1777804107.242784038 Inactive(anon):        0 kB
1777804107.242784038 Active(file):     301268 kB
1777804107.242784038 Inactive(file):   104604 kB
1777804107.242784038 Unevictable:           0 kB
1777804107.242784038 Mlocked:               0 kB
1777804107.242784038 SwapTotal:             0 kB
1777804107.242784038 SwapFree:              0 kB
1777804107.242784038 Zswap:                 0 kB
1777804107.242784038 Zswapped:              0 kB
1777804107.242784038 Dirty:               144 kB
1777804107.242784038 Writeback:             0 kB
1777804107.242784038 AnonPages:         82724 kB
1777804107.242784038 Mapped:            89320 kB
1777804107.242784038 Shmem:              3452 kB
1777804107.242784038 KReclaimable:      28208 kB
1777804107.242784038 Slab:             114848 kB
1777804107.242784038 SReclaimable:      28208 kB
1777804107.242784038 SUnreclaim:        86640 kB
1777804107.242784038 KernelStack:        3008 kB
1777804107.242784038 PageTables:         3456 kB
1777804107.242784038 SecPageTables:         0 kB
1777804107.242784038 NFS_Unstable:          0 kB
1777804107.242784038 Bounce:                0 kB
1777804107.242784038 WritebackTmp:          0 kB
1777804107.242784038 CommitLimit:     3537964 kB
1777804107.242784038 Committed_AS:     402964 kB
1777804107.242784038 VmallocTotal:   135288315904 kB
1777804107.242784038 VmallocUsed:       18704 kB
1777804107.242784038 VmallocChunk:          0 kB
1777804107.242784038 Percpu:             1456 kB
1777804107.242784038 AnonHugePages:         0 kB
1777804107.242784038 ShmemHugePages:        0 kB
1777804107.242784038 ShmemPmdMapped:        0 kB
1777804107.242784038 FileHugePages:         0 kB
1777804107.242784038 FilePmdMapped:         0 kB
1777804107.242784038 CmaTotal:          65536 kB
1777804107.242784038 CmaFree:           49128 kB
1777804107.242784038 Balloon:               0 kB
1777804107.242784038 HugePages_Total:     512
1777804107.242784038 HugePages_Free:      512
1777804107.242784038 HugePages_Rsvd:        0
1777804107.242784038 HugePages_Surp:        0
1777804107.242784038 Hugepagesize:       2048 kB
1777804107.242784038 Hugetlb:         1048576 kB
1777804108.249779434 MemTotal:        8124504 kB
1777804108.249779434 MemFree:         6390112 kB
1777804108.249779434 MemAvailable:    6670328 kB
1777804108.249779434 Buffers:           28164 kB
1777804108.249779434 Cached:           381088 kB
1777804108.249779434 SwapCached:            0 kB
1777804108.249779434 Active:           387308 kB
1777804108.249779434 Inactive:         104604 kB
1777804108.249779434 Active(anon):      86040 kB
1777804108.249779434 Inactive(anon):        0 kB
1777804108.249779434 Active(file):     301268 kB
1777804108.249779434 Inactive(file):   104604 kB
1777804108.249779434 Unevictable:           0 kB
1777804108.249779434 Mlocked:               0 kB
1777804108.249779434 SwapTotal:             0 kB
1777804108.249779434 SwapFree:              0 kB
1777804108.249779434 Zswap:                 0 kB
1777804108.249779434 Zswapped:              0 kB
1777804108.249779434 Dirty:               148 kB
1777804108.249779434 Writeback:             0 kB
1777804108.249779434 AnonPages:         82804 kB
1777804108.249779434 Mapped:            89320 kB
1777804108.249779434 Shmem:              3452 kB
1777804108.249779434 KReclaimable:      28208 kB
1777804108.249779434 Slab:             114864 kB
1777804108.249779434 SReclaimable:      28208 kB
1777804108.249779434 SUnreclaim:        86656 kB
1777804108.249779434 KernelStack:        2992 kB
1777804108.249779434 PageTables:         3360 kB
1777804108.249779434 SecPageTables:         0 kB
1777804108.249779434 NFS_Unstable:          0 kB
1777804108.249779434 Bounce:                0 kB
1777804108.249779434 WritebackTmp:          0 kB
1777804108.249779434 CommitLimit:     3537964 kB
1777804108.249779434 Committed_AS:     402964 kB
1777804108.249779434 VmallocTotal:   135288315904 kB
1777804108.249779434 VmallocUsed:       18720 kB
1777804108.249779434 VmallocChunk:          0 kB
1777804108.249779434 Percpu:             1456 kB
1777804108.249779434 AnonHugePages:         0 kB
1777804108.249779434 ShmemHugePages:        0 kB
1777804108.249779434 ShmemPmdMapped:        0 kB
1777804108.249779434 FileHugePages:         0 kB
1777804108.249779434 FilePmdMapped:         0 kB
1777804108.249779434 CmaTotal:          65536 kB
1777804108.249779434 CmaFree:           49128 kB
1777804108.249779434 Balloon:               0 kB
1777804108.249779434 HugePages_Total:     512
1777804108.249779434 HugePages_Free:      512
1777804108.249779434 HugePages_Rsvd:        0
1777804108.249779434 HugePages_Surp:        0
1777804108.249779434 Hugepagesize:       2048 kB
1777804108.249779434 Hugetlb:         1048576 kB
1777804109.256767849 MemTotal:        8124504 kB
1777804109.256767849 MemFree:         6388624 kB
1777804109.256767849 MemAvailable:    6668852 kB
1777804109.256767849 Buffers:           28172 kB
1777804109.256767849 Cached:           381096 kB
1777804109.256767849 SwapCached:            0 kB
1777804109.256767849 Active:           387368 kB
1777804109.256767849 Inactive:         104616 kB
1777804109.256767849 Active(anon):      86100 kB
1777804109.256767849 Inactive(anon):        0 kB
1777804109.256767849 Active(file):     301268 kB
1777804109.256767849 Inactive(file):   104616 kB
1777804109.256767849 Unevictable:           0 kB
1777804109.256767849 Mlocked:               0 kB
1777804109.256767849 SwapTotal:             0 kB
1777804109.256767849 SwapFree:              0 kB
1777804109.256767849 Zswap:                 0 kB
1777804109.256767849 Zswapped:              0 kB
1777804109.256767849 Dirty:               156 kB
1777804109.256767849 Writeback:             0 kB
1777804109.256767849 AnonPages:         82752 kB
1777804109.256767849 Mapped:            89320 kB
1777804109.256767849 Shmem:              3452 kB
1777804109.256767849 KReclaimable:      28208 kB
1777804109.256767849 Slab:             114852 kB
1777804109.256767849 SReclaimable:      28208 kB
1777804109.256767849 SUnreclaim:        86644 kB
1777804109.256767849 KernelStack:        3008 kB
1777804109.256767849 PageTables:         3396 kB
1777804109.256767849 SecPageTables:         0 kB
1777804109.256767849 NFS_Unstable:          0 kB
1777804109.256767849 Bounce:                0 kB
1777804109.256767849 WritebackTmp:          0 kB
1777804109.256767849 CommitLimit:     3537964 kB
1777804109.256767849 Committed_AS:     402964 kB
1777804109.256767849 VmallocTotal:   135288315904 kB
1777804109.256767849 VmallocUsed:       18720 kB
1777804109.256767849 VmallocChunk:          0 kB
1777804109.256767849 Percpu:             1456 kB
1777804109.256767849 AnonHugePages:         0 kB
1777804109.256767849 ShmemHugePages:        0 kB
1777804109.256767849 ShmemPmdMapped:        0 kB
1777804109.256767849 FileHugePages:         0 kB
1777804109.256767849 FilePmdMapped:         0 kB
1777804109.256767849 CmaTotal:          65536 kB
1777804109.256767849 CmaFree:           49128 kB
1777804109.256767849 Balloon:               0 kB
1777804109.256767849 HugePages_Total:     512
1777804109.256767849 HugePages_Free:      512
1777804109.256767849 HugePages_Rsvd:        0
1777804109.256767849 HugePages_Surp:        0
1777804109.256767849 Hugepagesize:       2048 kB
1777804109.256767849 Hugetlb:         1048576 kB
1777804110.263721411 MemTotal:        8124504 kB
1777804110.263721411 MemFree:         6387972 kB
1777804110.263721411 MemAvailable:    6668216 kB
1777804110.263721411 Buffers:           28172 kB
1777804110.263721411 Cached:           381104 kB
1777804110.263721411 SwapCached:            0 kB
1777804110.263721411 Active:           387388 kB
1777804110.263721411 Inactive:         104628 kB
1777804110.263721411 Active(anon):      86116 kB
1777804110.263721411 Inactive(anon):        0 kB
1777804110.263721411 Active(file):     301272 kB
1777804110.263721411 Inactive(file):   104628 kB
1777804110.263721411 Unevictable:           0 kB
1777804110.263721411 Mlocked:               0 kB
1777804110.263721411 SwapTotal:             0 kB
1777804110.263721411 SwapFree:              0 kB
1777804110.263721411 Zswap:                 0 kB
1777804110.263721411 Zswapped:              0 kB
1777804110.263721411 Dirty:               164 kB
1777804110.263721411 Writeback:             0 kB
1777804110.263721411 AnonPages:         82804 kB
1777804110.263721411 Mapped:            89360 kB
1777804110.263721411 Shmem:              3452 kB
1777804110.263721411 KReclaimable:      28208 kB
1777804110.263721411 Slab:             114872 kB
1777804110.263721411 SReclaimable:      28208 kB
1777804110.263721411 SUnreclaim:        86664 kB
1777804110.263721411 KernelStack:        2992 kB
1777804110.263721411 PageTables:         3360 kB
1777804110.263721411 SecPageTables:         0 kB
1777804110.263721411 NFS_Unstable:          0 kB
1777804110.263721411 Bounce:                0 kB
1777804110.263721411 WritebackTmp:          0 kB
1777804110.263721411 CommitLimit:     3537964 kB
1777804110.263721411 Committed_AS:     402964 kB
1777804110.263721411 VmallocTotal:   135288315904 kB
1777804110.263721411 VmallocUsed:       18704 kB
1777804110.263721411 VmallocChunk:          0 kB
1777804110.263721411 Percpu:             1456 kB
1777804110.263721411 AnonHugePages:         0 kB
1777804110.263721411 ShmemHugePages:        0 kB
1777804110.263721411 ShmemPmdMapped:        0 kB
1777804110.263721411 FileHugePages:         0 kB
1777804110.263721411 FilePmdMapped:         0 kB
1777804110.263721411 CmaTotal:          65536 kB
1777804110.263721411 CmaFree:           49128 kB
1777804110.263721411 Balloon:               0 kB
1777804110.263721411 HugePages_Total:     512
1777804110.263721411 HugePages_Free:      512
1777804110.263721411 HugePages_Rsvd:        0
1777804110.263721411 HugePages_Surp:        0
1777804110.263721411 Hugepagesize:       2048 kB
1777804110.263721411 Hugetlb:         1048576 kB
1777804111.270521344 MemTotal:        8124504 kB
1777804111.270521344 MemFree:         6388744 kB
1777804111.270521344 MemAvailable:    6668988 kB
1777804111.270521344 Buffers:           28172 kB
1777804111.270521344 Cached:           381104 kB
1777804111.270521344 SwapCached:            0 kB
1777804111.270521344 Active:           387336 kB
1777804111.270521344 Inactive:         104632 kB
1777804111.270521344 Active(anon):      86068 kB
1777804111.270521344 Inactive(anon):        0 kB
1777804111.270521344 Active(file):     301268 kB
1777804111.270521344 Inactive(file):   104632 kB
1777804111.270521344 Unevictable:           0 kB
1777804111.270521344 Mlocked:               0 kB
1777804111.270521344 SwapTotal:             0 kB
1777804111.270521344 SwapFree:              0 kB
1777804111.270521344 Zswap:                 0 kB
1777804111.270521344 Zswapped:              0 kB
1777804111.270521344 Dirty:               164 kB
1777804111.270521344 Writeback:             0 kB
1777804111.270521344 AnonPages:         82720 kB
1777804111.270521344 Mapped:            89320 kB
1777804111.270521344 Shmem:              3452 kB
1777804111.270521344 KReclaimable:      28208 kB
1777804111.270521344 Slab:             114868 kB
1777804111.270521344 SReclaimable:      28208 kB
1777804111.270521344 SUnreclaim:        86660 kB
1777804111.270521344 KernelStack:        2976 kB
1777804111.270521344 PageTables:         3356 kB
1777804111.270521344 SecPageTables:         0 kB
1777804111.270521344 NFS_Unstable:          0 kB
1777804111.270521344 Bounce:                0 kB
1777804111.270521344 WritebackTmp:          0 kB
1777804111.270521344 CommitLimit:     3537964 kB
1777804111.270521344 Committed_AS:     402964 kB
1777804111.270521344 VmallocTotal:   135288315904 kB
1777804111.270521344 VmallocUsed:       18704 kB
1777804111.270521344 VmallocChunk:          0 kB
1777804111.270521344 Percpu:             1456 kB
1777804111.270521344 AnonHugePages:         0 kB
1777804111.270521344 ShmemHugePages:        0 kB
1777804111.270521344 ShmemPmdMapped:        0 kB
1777804111.270521344 FileHugePages:         0 kB
1777804111.270521344 FilePmdMapped:         0 kB
1777804111.270521344 CmaTotal:          65536 kB
1777804111.270521344 CmaFree:           49128 kB
1777804111.270521344 Balloon:               0 kB
1777804111.270521344 HugePages_Total:     512
1777804111.270521344 HugePages_Free:      512
1777804111.270521344 HugePages_Rsvd:        0
1777804111.270521344 HugePages_Surp:        0
1777804111.270521344 Hugepagesize:       2048 kB
1777804111.270521344 Hugetlb:         1048576 kB
1777804112.277540536 MemTotal:        8124504 kB
1777804112.277540536 MemFree:         6389016 kB
1777804112.277540536 MemAvailable:    6669264 kB
1777804112.277540536 Buffers:           28172 kB
1777804112.277540536 Cached:           381112 kB
1777804112.277540536 SwapCached:            0 kB
1777804112.277540536 Active:           387420 kB
1777804112.277540536 Inactive:         104636 kB
1777804112.277540536 Active(anon):      86152 kB
1777804112.277540536 Inactive(anon):        0 kB
1777804112.277540536 Active(file):     301268 kB
1777804112.277540536 Inactive(file):   104636 kB
1777804112.277540536 Unevictable:           0 kB
1777804112.277540536 Mlocked:               0 kB
1777804112.277540536 SwapTotal:             0 kB
1777804112.277540536 SwapFree:              0 kB
1777804112.277540536 Zswap:                 0 kB
1777804112.277540536 Zswapped:              0 kB
1777804112.277540536 Dirty:               172 kB
1777804112.277540536 Writeback:             0 kB
1777804112.277540536 AnonPages:         82848 kB
1777804112.277540536 Mapped:            89360 kB
1777804112.277540536 Shmem:              3452 kB
1777804112.277540536 KReclaimable:      28208 kB
1777804112.277540536 Slab:             114892 kB
1777804112.277540536 SReclaimable:      28208 kB
1777804112.277540536 SUnreclaim:        86684 kB
1777804112.277540536 KernelStack:        3008 kB
1777804112.277540536 PageTables:         3388 kB
1777804112.277540536 SecPageTables:         0 kB
1777804112.277540536 NFS_Unstable:          0 kB
1777804112.277540536 Bounce:                0 kB
1777804112.277540536 WritebackTmp:          0 kB
1777804112.277540536 CommitLimit:     3537964 kB
1777804112.277540536 Committed_AS:     402964 kB
1777804112.277540536 VmallocTotal:   135288315904 kB
1777804112.277540536 VmallocUsed:       18720 kB
1777804112.277540536 VmallocChunk:          0 kB
1777804112.277540536 Percpu:             1456 kB
1777804112.277540536 AnonHugePages:         0 kB
1777804112.277540536 ShmemHugePages:        0 kB
1777804112.277540536 ShmemPmdMapped:        0 kB
1777804112.277540536 FileHugePages:         0 kB
1777804112.277540536 FilePmdMapped:         0 kB
1777804112.277540536 CmaTotal:          65536 kB
1777804112.277540536 CmaFree:           49128 kB
1777804112.277540536 Balloon:               0 kB
1777804112.277540536 HugePages_Total:     512
1777804112.277540536 HugePages_Free:      512
1777804112.277540536 HugePages_Rsvd:        0
1777804112.277540536 HugePages_Surp:        0
1777804112.277540536 Hugepagesize:       2048 kB
1777804112.277540536 Hugetlb:         1048576 kB
1777804113.284440135 MemTotal:        8124504 kB
1777804113.284440135 MemFree:         6389016 kB
1777804113.284440135 MemAvailable:    6669268 kB
1777804113.284440135 Buffers:           28172 kB
1777804113.284440135 Cached:           381112 kB
1777804113.284440135 SwapCached:            0 kB
1777804113.284440135 Active:           387320 kB
1777804113.284440135 Inactive:         104640 kB
1777804113.284440135 Active(anon):      86052 kB
1777804113.284440135 Inactive(anon):        0 kB
1777804113.284440135 Active(file):     301268 kB
1777804113.284440135 Inactive(file):   104640 kB
1777804113.284440135 Unevictable:           0 kB
1777804113.284440135 Mlocked:               0 kB
1777804113.284440135 SwapTotal:             0 kB
1777804113.284440135 SwapFree:              0 kB
1777804113.284440135 Zswap:                 0 kB
1777804113.284440135 Zswapped:              0 kB
1777804113.284440135 Dirty:               172 kB
1777804113.284440135 Writeback:             0 kB
1777804113.284440135 AnonPages:         82712 kB
1777804113.284440135 Mapped:            89320 kB
1777804113.284440135 Shmem:              3452 kB
1777804113.284440135 KReclaimable:      28208 kB
1777804113.284440135 Slab:             114868 kB
1777804113.284440135 SReclaimable:      28208 kB
1777804113.284440135 SUnreclaim:        86660 kB
1777804113.284440135 KernelStack:        2976 kB
1777804113.284440135 PageTables:         3340 kB
1777804113.284440135 SecPageTables:         0 kB
1777804113.284440135 NFS_Unstable:          0 kB
1777804113.284440135 Bounce:                0 kB
1777804113.284440135 WritebackTmp:          0 kB
1777804113.284440135 CommitLimit:     3537964 kB
1777804113.284440135 Committed_AS:     402964 kB
1777804113.284440135 VmallocTotal:   135288315904 kB
1777804113.284440135 VmallocUsed:       18704 kB
1777804113.284440135 VmallocChunk:          0 kB
1777804113.284440135 Percpu:             1456 kB
1777804113.284440135 AnonHugePages:         0 kB
1777804113.284440135 ShmemHugePages:        0 kB
1777804113.284440135 ShmemPmdMapped:        0 kB
1777804113.284440135 FileHugePages:         0 kB
1777804113.284440135 FilePmdMapped:         0 kB
1777804113.284440135 CmaTotal:          65536 kB
1777804113.284440135 CmaFree:           49128 kB
1777804113.284440135 Balloon:               0 kB
1777804113.284440135 HugePages_Total:     512
1777804113.284440135 HugePages_Free:      512
1777804113.284440135 HugePages_Rsvd:        0
1777804113.284440135 HugePages_Surp:        0
1777804113.284440135 Hugepagesize:       2048 kB
1777804113.284440135 Hugetlb:         1048576 kB
1777804114.291423643 MemTotal:        8124504 kB
1777804114.291423643 MemFree:         6388628 kB
1777804114.291423643 MemAvailable:    6668888 kB
1777804114.291423643 Buffers:           28180 kB
1777804114.291423643 Cached:           381116 kB
1777804114.291423643 SwapCached:            0 kB
1777804114.291423643 Active:           387404 kB
1777804114.291423643 Inactive:         104644 kB
1777804114.291423643 Active(anon):      86132 kB
1777804114.291423643 Inactive(anon):        0 kB
1777804114.291423643 Active(file):     301272 kB
1777804114.291423643 Inactive(file):   104644 kB
1777804114.291423643 Unevictable:           0 kB
1777804114.291423643 Mlocked:               0 kB
1777804114.291423643 SwapTotal:             0 kB
1777804114.291423643 SwapFree:              0 kB
1777804114.291423643 Zswap:                 0 kB
1777804114.291423643 Zswapped:              0 kB
1777804114.291423643 Dirty:               176 kB
1777804114.291423643 Writeback:             0 kB
1777804114.291423643 AnonPages:         82804 kB
1777804114.291423643 Mapped:            89360 kB
1777804114.291423643 Shmem:              3452 kB
1777804114.291423643 KReclaimable:      28208 kB
1777804114.291423643 Slab:             114880 kB
1777804114.291423643 SReclaimable:      28208 kB
1777804114.291423643 SUnreclaim:        86672 kB
1777804114.291423643 KernelStack:        2992 kB
1777804114.291423643 PageTables:         3356 kB
1777804114.291423643 SecPageTables:         0 kB
1777804114.291423643 NFS_Unstable:          0 kB
1777804114.291423643 Bounce:                0 kB
1777804114.291423643 WritebackTmp:          0 kB
1777804114.291423643 CommitLimit:     3537964 kB
1777804114.291423643 Committed_AS:     402964 kB
1777804114.291423643 VmallocTotal:   135288315904 kB
1777804114.291423643 VmallocUsed:       18720 kB
1777804114.291423643 VmallocChunk:          0 kB
1777804114.291423643 Percpu:             1456 kB
1777804114.291423643 AnonHugePages:         0 kB
1777804114.291423643 ShmemHugePages:        0 kB
1777804114.291423643 ShmemPmdMapped:        0 kB
1777804114.291423643 FileHugePages:         0 kB
1777804114.291423643 FilePmdMapped:         0 kB
1777804114.291423643 CmaTotal:          65536 kB
1777804114.291423643 CmaFree:           49128 kB
1777804114.291423643 Balloon:               0 kB
1777804114.291423643 HugePages_Total:     512
1777804114.291423643 HugePages_Free:      512
1777804114.291423643 HugePages_Rsvd:        0
1777804114.291423643 HugePages_Surp:        0
1777804114.291423643 Hugepagesize:       2048 kB
1777804114.291423643 Hugetlb:         1048576 kB
1777804115.298346149 MemTotal:        8124504 kB
1777804115.298346149 MemFree:         6389812 kB
1777804115.298346149 MemAvailable:    6670088 kB
1777804115.298346149 Buffers:           28180 kB
1777804115.298346149 Cached:           381128 kB
1777804115.298346149 SwapCached:            0 kB
1777804115.298346149 Active:           387276 kB
1777804115.298346149 Inactive:         104660 kB
1777804115.298346149 Active(anon):      86004 kB
1777804115.298346149 Inactive(anon):        0 kB
1777804115.298346149 Active(file):     301272 kB
1777804115.298346149 Inactive(file):   104660 kB
1777804115.298346149 Unevictable:           0 kB
1777804115.298346149 Mlocked:               0 kB
1777804115.298346149 SwapTotal:             0 kB
1777804115.298346149 SwapFree:              0 kB
1777804115.298346149 Zswap:                 0 kB
1777804115.298346149 Zswapped:              0 kB
1777804115.298346149 Dirty:               188 kB
1777804115.298346149 Writeback:             0 kB
1777804115.298346149 AnonPages:         82752 kB
1777804115.298346149 Mapped:            89320 kB
1777804115.298346149 Shmem:              3452 kB
1777804115.298346149 KReclaimable:      28208 kB
1777804115.298346149 Slab:             114876 kB
1777804115.298346149 SReclaimable:      28208 kB
1777804115.298346149 SUnreclaim:        86668 kB
1777804115.298346149 KernelStack:        2976 kB
1777804115.298346149 PageTables:         3412 kB
1777804115.298346149 SecPageTables:         0 kB
1777804115.298346149 NFS_Unstable:          0 kB
1777804115.298346149 Bounce:                0 kB
1777804115.298346149 WritebackTmp:          0 kB
1777804115.298346149 CommitLimit:     3537964 kB
1777804115.298346149 Committed_AS:     402964 kB
1777804115.298346149 VmallocTotal:   135288315904 kB
1777804115.298346149 VmallocUsed:       18736 kB
1777804115.298346149 VmallocChunk:          0 kB
1777804115.298346149 Percpu:             1456 kB
1777804115.298346149 AnonHugePages:         0 kB
1777804115.298346149 ShmemHugePages:        0 kB
1777804115.298346149 ShmemPmdMapped:        0 kB
1777804115.298346149 FileHugePages:         0 kB
1777804115.298346149 FilePmdMapped:         0 kB
1777804115.298346149 CmaTotal:          65536 kB
1777804115.298346149 CmaFree:           49128 kB
1777804115.298346149 Balloon:               0 kB
1777804115.298346149 HugePages_Total:     512
1777804115.298346149 HugePages_Free:      512
1777804115.298346149 HugePages_Rsvd:        0
1777804115.298346149 HugePages_Surp:        0
1777804115.298346149 Hugepagesize:       2048 kB
1777804115.298346149 Hugetlb:         1048576 kB
1777804116.305279527 MemTotal:        8124504 kB
1777804116.305279527 MemFree:         6390292 kB
1777804116.305279527 MemAvailable:    6670568 kB
1777804116.305279527 Buffers:           28180 kB
1777804116.305279527 Cached:           381128 kB
1777804116.305279527 SwapCached:            0 kB
1777804116.305279527 Active:           387316 kB
1777804116.305279527 Inactive:         104664 kB
1777804116.305279527 Active(anon):      86048 kB
1777804116.305279527 Inactive(anon):        0 kB
1777804116.305279527 Active(file):     301268 kB
1777804116.305279527 Inactive(file):   104664 kB
1777804116.305279527 Unevictable:           0 kB
1777804116.305279527 Mlocked:               0 kB
1777804116.305279527 SwapTotal:             0 kB
1777804116.305279527 SwapFree:              0 kB
1777804116.305279527 Zswap:                 0 kB
1777804116.305279527 Zswapped:              0 kB
1777804116.305279527 Dirty:                96 kB
1777804116.305279527 Writeback:             0 kB
1777804116.305279527 AnonPages:         82808 kB
1777804116.305279527 Mapped:            89320 kB
1777804116.305279527 Shmem:              3452 kB
1777804116.305279527 KReclaimable:      28208 kB
1777804116.305279527 Slab:             114876 kB
1777804116.305279527 SReclaimable:      28208 kB
1777804116.305279527 SUnreclaim:        86668 kB
1777804116.305279527 KernelStack:        2992 kB
1777804116.305279527 PageTables:         3352 kB
1777804116.305279527 SecPageTables:         0 kB
1777804116.305279527 NFS_Unstable:          0 kB
1777804116.305279527 Bounce:                0 kB
1777804116.305279527 WritebackTmp:          0 kB
1777804116.305279527 CommitLimit:     3537964 kB
1777804116.305279527 Committed_AS:     402964 kB
1777804116.305279527 VmallocTotal:   135288315904 kB
1777804116.305279527 VmallocUsed:       18720 kB
1777804116.305279527 VmallocChunk:          0 kB
1777804116.305279527 Percpu:             1456 kB
1777804116.305279527 AnonHugePages:         0 kB
1777804116.305279527 ShmemHugePages:        0 kB
1777804116.305279527 ShmemPmdMapped:        0 kB
1777804116.305279527 FileHugePages:         0 kB
1777804116.305279527 FilePmdMapped:         0 kB
1777804116.305279527 CmaTotal:          65536 kB
1777804116.305279527 CmaFree:           49128 kB
1777804116.305279527 Balloon:               0 kB
1777804116.305279527 HugePages_Total:     512
1777804116.305279527 HugePages_Free:      512
1777804116.305279527 HugePages_Rsvd:        0
1777804116.305279527 HugePages_Surp:        0
1777804116.305279527 Hugepagesize:       2048 kB
1777804116.305279527 Hugetlb:         1048576 kB
1777804117.312272163 MemTotal:        8124504 kB
1777804117.312272163 MemFree:         6390236 kB
1777804117.312272163 MemAvailable:    6670516 kB
1777804117.312272163 Buffers:           28180 kB
1777804117.312272163 Cached:           381136 kB
1777804117.312272163 SwapCached:            0 kB
1777804117.312272163 Active:           387284 kB
1777804117.312272163 Inactive:         104668 kB
1777804117.312272163 Active(anon):      86016 kB
1777804117.312272163 Inactive(anon):        0 kB
1777804117.312272163 Active(file):     301268 kB
1777804117.312272163 Inactive(file):   104668 kB
1777804117.312272163 Unevictable:           0 kB
1777804117.312272163 Mlocked:               0 kB
1777804117.312272163 SwapTotal:             0 kB
1777804117.312272163 SwapFree:              0 kB
1777804117.312272163 Zswap:                 0 kB
1777804117.312272163 Zswapped:              0 kB
1777804117.312272163 Dirty:               120 kB
1777804117.312272163 Writeback:             0 kB
1777804117.312272163 AnonPages:         82796 kB
1777804117.312272163 Mapped:            89320 kB
1777804117.312272163 Shmem:              3452 kB
1777804117.312272163 KReclaimable:      28208 kB
1777804117.312272163 Slab:             114896 kB
1777804117.312272163 SReclaimable:      28208 kB
1777804117.312272163 SUnreclaim:        86688 kB
1777804117.312272163 KernelStack:        2976 kB
1777804117.312272163 PageTables:         3380 kB
1777804117.312272163 SecPageTables:         0 kB
1777804117.312272163 NFS_Unstable:          0 kB
1777804117.312272163 Bounce:                0 kB
1777804117.312272163 WritebackTmp:          0 kB
1777804117.312272163 CommitLimit:     3537964 kB
1777804117.312272163 Committed_AS:     402964 kB
1777804117.312272163 VmallocTotal:   135288315904 kB
1777804117.312272163 VmallocUsed:       18720 kB
1777804117.312272163 VmallocChunk:          0 kB
1777804117.312272163 Percpu:             1456 kB
1777804117.312272163 AnonHugePages:         0 kB
1777804117.312272163 ShmemHugePages:        0 kB
1777804117.312272163 ShmemPmdMapped:        0 kB
1777804117.312272163 FileHugePages:         0 kB
1777804117.312272163 FilePmdMapped:         0 kB
1777804117.312272163 CmaTotal:          65536 kB
1777804117.312272163 CmaFree:           49128 kB
1777804117.312272163 Balloon:               0 kB
1777804117.312272163 HugePages_Total:     512
1777804117.312272163 HugePages_Free:      512
1777804117.312272163 HugePages_Rsvd:        0
1777804117.312272163 HugePages_Surp:        0
1777804117.312272163 Hugepagesize:       2048 kB
1777804117.312272163 Hugetlb:         1048576 kB
1777804118.319242745 MemTotal:        8124504 kB
1777804118.319242745 MemFree:         6389840 kB
1777804118.319242745 MemAvailable:    6670128 kB
1777804118.319242745 Buffers:           28180 kB
1777804118.319242745 Cached:           381140 kB
1777804118.319242745 SwapCached:            0 kB
1777804118.319242745 Active:           387284 kB
1777804118.319242745 Inactive:         104676 kB
1777804118.319242745 Active(anon):      86016 kB
1777804118.319242745 Inactive(anon):        0 kB
1777804118.319242745 Active(file):     301268 kB
1777804118.319242745 Inactive(file):   104676 kB
1777804118.319242745 Unevictable:           0 kB
1777804118.319242745 Mlocked:               0 kB
1777804118.319242745 SwapTotal:             0 kB
1777804118.319242745 SwapFree:              0 kB
1777804118.319242745 Zswap:                 0 kB
1777804118.319242745 Zswapped:              0 kB
1777804118.319242745 Dirty:               124 kB
1777804118.319242745 Writeback:             0 kB
1777804118.319242745 AnonPages:         82800 kB
1777804118.319242745 Mapped:            89320 kB
1777804118.319242745 Shmem:              3452 kB
1777804118.319242745 KReclaimable:      28208 kB
1777804118.319242745 Slab:             114892 kB
1777804118.319242745 SReclaimable:      28208 kB
1777804118.319242745 SUnreclaim:        86684 kB
1777804118.319242745 KernelStack:        2992 kB
1777804118.319242745 PageTables:         3364 kB
1777804118.319242745 SecPageTables:         0 kB
1777804118.319242745 NFS_Unstable:          0 kB
1777804118.319242745 Bounce:                0 kB
1777804118.319242745 WritebackTmp:          0 kB
1777804118.319242745 CommitLimit:     3537964 kB
1777804118.319242745 Committed_AS:     402964 kB
1777804118.319242745 VmallocTotal:   135288315904 kB
1777804118.319242745 VmallocUsed:       18704 kB
1777804118.319242745 VmallocChunk:          0 kB
1777804118.319242745 Percpu:             1456 kB
1777804118.319242745 AnonHugePages:         0 kB
1777804118.319242745 ShmemHugePages:        0 kB
1777804118.319242745 ShmemPmdMapped:        0 kB
1777804118.319242745 FileHugePages:         0 kB
1777804118.319242745 FilePmdMapped:         0 kB
1777804118.319242745 CmaTotal:          65536 kB
1777804118.319242745 CmaFree:           49128 kB
1777804118.319242745 Balloon:               0 kB
1777804118.319242745 HugePages_Total:     512
1777804118.319242745 HugePages_Free:      512
1777804118.319242745 HugePages_Rsvd:        0
1777804118.319242745 HugePages_Surp:        0
1777804118.319242745 Hugepagesize:       2048 kB
1777804118.319242745 Hugetlb:         1048576 kB
1777804119.326228733 MemTotal:        8124504 kB
1777804119.326228733 MemFree:         6389900 kB
1777804119.326228733 MemAvailable:    6670200 kB
1777804119.326228733 Buffers:           28188 kB
1777804119.326228733 Cached:           381144 kB
1777804119.326228733 SwapCached:            0 kB
1777804119.326228733 Active:           387344 kB
1777804119.326228733 Inactive:         104688 kB
1777804119.326228733 Active(anon):      86076 kB
1777804119.326228733 Inactive(anon):        0 kB
1777804119.326228733 Active(file):     301268 kB
1777804119.326228733 Inactive(file):   104688 kB
1777804119.326228733 Unevictable:           0 kB
1777804119.326228733 Mlocked:               0 kB
1777804119.326228733 SwapTotal:             0 kB
1777804119.326228733 SwapFree:              0 kB
1777804119.326228733 Zswap:                 0 kB
1777804119.326228733 Zswapped:              0 kB
1777804119.326228733 Dirty:               112 kB
1777804119.326228733 Writeback:             0 kB
1777804119.326228733 AnonPages:         82716 kB
1777804119.326228733 Mapped:            89320 kB
1777804119.326228733 Shmem:              3452 kB
1777804119.326228733 KReclaimable:      28208 kB
1777804119.326228733 Slab:             114896 kB
1777804119.326228733 SReclaimable:      28208 kB
1777804119.326228733 SUnreclaim:        86688 kB
1777804119.326228733 KernelStack:        2976 kB
1777804119.326228733 PageTables:         3360 kB
1777804119.326228733 SecPageTables:         0 kB
1777804119.326228733 NFS_Unstable:          0 kB
1777804119.326228733 Bounce:                0 kB
1777804119.326228733 WritebackTmp:          0 kB
1777804119.326228733 CommitLimit:     3537964 kB
1777804119.326228733 Committed_AS:     402964 kB
1777804119.326228733 VmallocTotal:   135288315904 kB
1777804119.326228733 VmallocUsed:       18736 kB
1777804119.326228733 VmallocChunk:          0 kB
1777804119.326228733 Percpu:             1456 kB
1777804119.326228733 AnonHugePages:         0 kB
1777804119.326228733 ShmemHugePages:        0 kB
1777804119.326228733 ShmemPmdMapped:        0 kB
1777804119.326228733 FileHugePages:         0 kB
1777804119.326228733 FilePmdMapped:         0 kB
1777804119.326228733 CmaTotal:          65536 kB
1777804119.326228733 CmaFree:           49128 kB
1777804119.326228733 Balloon:               0 kB
1777804119.326228733 HugePages_Total:     512
1777804119.326228733 HugePages_Free:      512
1777804119.326228733 HugePages_Rsvd:        0
1777804119.326228733 HugePages_Surp:        0
1777804119.326228733 Hugepagesize:       2048 kB
1777804119.326228733 Hugetlb:         1048576 kB
1777804120.333233907 MemTotal:        8124504 kB
1777804120.333233907 MemFree:         6390224 kB
1777804120.333233907 MemAvailable:    6670532 kB
1777804120.333233907 Buffers:           28188 kB
1777804120.333233907 Cached:           381148 kB
1777804120.333233907 SwapCached:            0 kB
1777804120.333233907 Active:           387400 kB
1777804120.333233907 Inactive:         104692 kB
1777804120.333233907 Active(anon):      86128 kB
1777804120.333233907 Inactive(anon):        0 kB
1777804120.333233907 Active(file):     301272 kB
1777804120.333233907 Inactive(file):   104692 kB
1777804120.333233907 Unevictable:           0 kB
1777804120.333233907 Mlocked:               0 kB
1777804120.333233907 SwapTotal:             0 kB
1777804120.333233907 SwapFree:              0 kB
1777804120.333233907 Zswap:                 0 kB
1777804120.333233907 Zswapped:              0 kB
1777804120.333233907 Dirty:               116 kB
1777804120.333233907 Writeback:             0 kB
1777804120.333233907 AnonPages:         82844 kB
1777804120.333233907 Mapped:            89360 kB
1777804120.333233907 Shmem:              3452 kB
1777804120.333233907 KReclaimable:      28208 kB
1777804120.333233907 Slab:             114904 kB
1777804120.333233907 SReclaimable:      28208 kB
1777804120.333233907 SUnreclaim:        86696 kB
1777804120.333233907 KernelStack:        3008 kB
1777804120.333233907 PageTables:         3404 kB
1777804120.333233907 SecPageTables:         0 kB
1777804120.333233907 NFS_Unstable:          0 kB
1777804120.333233907 Bounce:                0 kB
1777804120.333233907 WritebackTmp:          0 kB
1777804120.333233907 CommitLimit:     3537964 kB
1777804120.333233907 Committed_AS:     402964 kB
1777804120.333233907 VmallocTotal:   135288315904 kB
1777804120.333233907 VmallocUsed:       18720 kB
1777804120.333233907 VmallocChunk:          0 kB
1777804120.333233907 Percpu:             1456 kB
1777804120.333233907 AnonHugePages:         0 kB
1777804120.333233907 ShmemHugePages:        0 kB
1777804120.333233907 ShmemPmdMapped:        0 kB
1777804120.333233907 FileHugePages:         0 kB
1777804120.333233907 FilePmdMapped:         0 kB
1777804120.333233907 CmaTotal:          65536 kB
1777804120.333233907 CmaFree:           49128 kB
1777804120.333233907 Balloon:               0 kB
1777804120.333233907 HugePages_Total:     512
1777804120.333233907 HugePages_Free:      512
1777804120.333233907 HugePages_Rsvd:        0
1777804120.333233907 HugePages_Surp:        0
1777804120.333233907 Hugepagesize:       2048 kB
1777804120.333233907 Hugetlb:         1048576 kB
1777804121.341538937 MemTotal:        8124504 kB
1777804121.341538937 MemFree:         6391088 kB
1777804121.341538937 MemAvailable:    6671400 kB
1777804121.341538937 Buffers:           28188 kB
1777804121.341538937 Cached:           381152 kB
1777804121.341538937 SwapCached:            0 kB
1777804121.341538937 Active:           387440 kB
1777804121.341538937 Inactive:         104696 kB
1777804121.341538937 Active(anon):      86168 kB
1777804121.341538937 Inactive(anon):        0 kB
1777804121.341538937 Active(file):     301272 kB
1777804121.341538937 Inactive(file):   104696 kB
1777804121.341538937 Unevictable:           0 kB
1777804121.341538937 Mlocked:               0 kB
1777804121.341538937 SwapTotal:             0 kB
1777804121.341538937 SwapFree:              0 kB
1777804121.341538937 Zswap:                 0 kB
1777804121.341538937 Zswapped:              0 kB
1777804121.341538937 Dirty:                28 kB
1777804121.341538937 Writeback:             0 kB
1777804121.341538937 AnonPages:         82808 kB
1777804121.341538937 Mapped:            89360 kB
1777804121.341538937 Shmem:              3452 kB
1777804121.341538937 KReclaimable:      28208 kB
1777804121.341538937 Slab:             114920 kB
1777804121.341538937 SReclaimable:      28208 kB
1777804121.341538937 SUnreclaim:        86712 kB
1777804121.341538937 KernelStack:        2992 kB
1777804121.341538937 PageTables:         3364 kB
1777804121.341538937 SecPageTables:         0 kB
1777804121.341538937 NFS_Unstable:          0 kB
1777804121.341538937 Bounce:                0 kB
1777804121.341538937 WritebackTmp:          0 kB
1777804121.341538937 CommitLimit:     3537964 kB
1777804121.341538937 Committed_AS:     402964 kB
1777804121.341538937 VmallocTotal:   135288315904 kB
1777804121.341538937 VmallocUsed:       18720 kB
1777804121.341538937 VmallocChunk:          0 kB
1777804121.341538937 Percpu:             1456 kB
1777804121.341538937 AnonHugePages:         0 kB
1777804121.341538937 ShmemHugePages:        0 kB
1777804121.341538937 ShmemPmdMapped:        0 kB
1777804121.341538937 FileHugePages:         0 kB
1777804121.341538937 FilePmdMapped:         0 kB
1777804121.341538937 CmaTotal:          65536 kB
1777804121.341538937 CmaFree:           49128 kB
1777804121.341538937 Balloon:               0 kB
1777804121.341538937 HugePages_Total:     512
1777804121.341538937 HugePages_Free:      512
1777804121.341538937 HugePages_Rsvd:        0
1777804121.341538937 HugePages_Surp:        0
1777804121.341538937 Hugepagesize:       2048 kB
1777804121.341538937 Hugetlb:         1048576 kB
