# timestamp field value_kB
1777804140.022387376 MemTotal:        8124504 kB
1777804140.022387376 MemFree:         6390860 kB
1777804140.022387376 MemAvailable:    6671168 kB
1777804140.022387376 Buffers:           28200 kB
1777804140.022387376 Cached:           381156 kB
1777804140.022387376 SwapCached:            0 kB
1777804140.022387376 Active:           386632 kB
1777804140.022387376 Inactive:         104704 kB
1777804140.022387376 Active(anon):      85372 kB
1777804140.022387376 Inactive(anon):        0 kB
1777804140.022387376 Active(file):     301260 kB
1777804140.022387376 Inactive(file):   104704 kB
1777804140.022387376 Unevictable:           0 kB
1777804140.022387376 Mlocked:               0 kB
1777804140.022387376 SwapTotal:             0 kB
1777804140.022387376 SwapFree:              0 kB
1777804140.022387376 Zswap:                 0 kB
1777804140.022387376 Zswapped:              0 kB
1777804140.022387376 Dirty:                24 kB
1777804140.022387376 Writeback:             0 kB
1777804140.022387376 AnonPages:         82284 kB
1777804140.022387376 Mapped:            87200 kB
1777804140.022387376 Shmem:              3452 kB
1777804140.022387376 KReclaimable:      28208 kB
1777804140.022387376 Slab:             114868 kB
1777804140.022387376 SReclaimable:      28208 kB
1777804140.022387376 SUnreclaim:        86660 kB
1777804140.022387376 KernelStack:        3008 kB
1777804140.022387376 PageTables:         4068 kB
1777804140.022387376 SecPageTables:         0 kB
1777804140.022387376 NFS_Unstable:          0 kB
1777804140.022387376 Bounce:                0 kB
1777804140.022387376 WritebackTmp:          0 kB
1777804140.022387376 CommitLimit:     3537964 kB
1777804140.022387376 Committed_AS:     403164 kB
1777804140.022387376 VmallocTotal:   135288315904 kB
1777804140.022387376 VmallocUsed:       18736 kB
1777804140.022387376 VmallocChunk:          0 kB
1777804140.022387376 Percpu:             1456 kB
1777804140.022387376 AnonHugePages:         0 kB
1777804140.022387376 ShmemHugePages:        0 kB
1777804140.022387376 ShmemPmdMapped:        0 kB
1777804140.022387376 FileHugePages:         0 kB
1777804140.022387376 FilePmdMapped:         0 kB
1777804140.022387376 CmaTotal:          65536 kB
1777804140.022387376 CmaFree:           49128 kB
1777804140.022387376 Balloon:               0 kB
1777804140.022387376 HugePages_Total:     512
1777804140.022387376 HugePages_Free:      512
1777804140.022387376 HugePages_Rsvd:        0
1777804140.022387376 HugePages_Surp:        0
1777804140.022387376 Hugepagesize:       2048 kB
1777804140.022387376 Hugetlb:         1048576 kB
1777804141.032619057 MemTotal:        8124504 kB
1777804141.032619057 MemFree:         6389952 kB
1777804141.032619057 MemAvailable:    6670296 kB
1777804141.032619057 Buffers:           28200 kB
1777804141.032619057 Cached:           381180 kB
1777804141.032619057 SwapCached:            0 kB
1777804141.032619057 Active:           387328 kB
1777804141.032619057 Inactive:         104736 kB
1777804141.032619057 Active(anon):      86064 kB
1777804141.032619057 Inactive(anon):        0 kB
1777804141.032619057 Active(file):     301264 kB
1777804141.032619057 Inactive(file):   104736 kB
1777804141.032619057 Unevictable:           0 kB
1777804141.032619057 Mlocked:               0 kB
1777804141.032619057 SwapTotal:             0 kB
1777804141.032619057 SwapFree:              0 kB
1777804141.032619057 Zswap:                 0 kB
1777804141.032619057 Zswapped:              0 kB
1777804141.032619057 Dirty:                44 kB
1777804141.032619057 Writeback:             0 kB
1777804141.032619057 AnonPages:         82704 kB
1777804141.032619057 Mapped:            89320 kB
1777804141.032619057 Shmem:              3452 kB
1777804141.032619057 KReclaimable:      28208 kB
1777804141.032619057 Slab:             114908 kB
1777804141.032619057 SReclaimable:      28208 kB
1777804141.032619057 SUnreclaim:        86700 kB
1777804141.032619057 KernelStack:        2992 kB
1777804141.032619057 PageTables:         3400 kB
1777804141.032619057 SecPageTables:         0 kB
1777804141.032619057 NFS_Unstable:          0 kB
1777804141.032619057 Bounce:                0 kB
1777804141.032619057 WritebackTmp:          0 kB
1777804141.032619057 CommitLimit:     3537964 kB
1777804141.032619057 Committed_AS:     402964 kB
1777804141.032619057 VmallocTotal:   135288315904 kB
1777804141.032619057 VmallocUsed:       18720 kB
1777804141.032619057 VmallocChunk:          0 kB
1777804141.032619057 Percpu:             1456 kB
1777804141.032619057 AnonHugePages:         0 kB
1777804141.032619057 ShmemHugePages:        0 kB
1777804141.032619057 ShmemPmdMapped:        0 kB
1777804141.032619057 FileHugePages:         0 kB
1777804141.032619057 FilePmdMapped:         0 kB
1777804141.032619057 CmaTotal:          65536 kB
1777804141.032619057 CmaFree:           49128 kB
1777804141.032619057 Balloon:               0 kB
1777804141.032619057 HugePages_Total:     512
1777804141.032619057 HugePages_Free:      512
1777804141.032619057 HugePages_Rsvd:        0
1777804141.032619057 HugePages_Surp:        0
1777804141.032619057 Hugepagesize:       2048 kB
1777804141.032619057 Hugetlb:         1048576 kB
1777804142.039348256 MemTotal:        8124504 kB
1777804142.039348256 MemFree:         6392028 kB
1777804142.039348256 MemAvailable:    6672380 kB
1777804142.039348256 Buffers:           28200 kB
1777804142.039348256 Cached:           381184 kB
1777804142.039348256 SwapCached:            0 kB
1777804142.039348256 Active:           387276 kB
1777804142.039348256 Inactive:         104740 kB
1777804142.039348256 Active(anon):      86008 kB
1777804142.039348256 Inactive(anon):        0 kB
1777804142.039348256 Active(file):     301268 kB
1777804142.039348256 Inactive(file):   104740 kB
1777804142.039348256 Unevictable:           0 kB
1777804142.039348256 Mlocked:               0 kB
1777804142.039348256 SwapTotal:             0 kB
1777804142.039348256 SwapFree:              0 kB
1777804142.039348256 Zswap:                 0 kB
1777804142.039348256 Zswapped:              0 kB
1777804142.039348256 Dirty:                48 kB
1777804142.039348256 Writeback:             0 kB
1777804142.039348256 AnonPages:         82820 kB
1777804142.039348256 Mapped:            89320 kB
1777804142.039348256 Shmem:              3452 kB
1777804142.039348256 KReclaimable:      28208 kB
1777804142.039348256 Slab:             114920 kB
1777804142.039348256 SReclaimable:      28208 kB
1777804142.039348256 SUnreclaim:        86712 kB
1777804142.039348256 KernelStack:        2992 kB
1777804142.039348256 PageTables:         3468 kB
1777804142.039348256 SecPageTables:         0 kB
1777804142.039348256 NFS_Unstable:          0 kB
1777804142.039348256 Bounce:                0 kB
1777804142.039348256 WritebackTmp:          0 kB
1777804142.039348256 CommitLimit:     3537964 kB
1777804142.039348256 Committed_AS:     402964 kB
1777804142.039348256 VmallocTotal:   135288315904 kB
1777804142.039348256 VmallocUsed:       18720 kB
1777804142.039348256 VmallocChunk:          0 kB
1777804142.039348256 Percpu:             1456 kB
1777804142.039348256 AnonHugePages:         0 kB
1777804142.039348256 ShmemHugePages:        0 kB
1777804142.039348256 ShmemPmdMapped:        0 kB
1777804142.039348256 FileHugePages:         0 kB
1777804142.039348256 FilePmdMapped:         0 kB
1777804142.039348256 CmaTotal:          65536 kB
1777804142.039348256 CmaFree:           49128 kB
1777804142.039348256 Balloon:               0 kB
1777804142.039348256 HugePages_Total:     512
1777804142.039348256 HugePages_Free:      512
1777804142.039348256 HugePages_Rsvd:        0
1777804142.039348256 HugePages_Surp:        0
1777804142.039348256 Hugepagesize:       2048 kB
1777804142.039348256 Hugetlb:         1048576 kB
1777804143.046133381 MemTotal:        8124504 kB
1777804143.046133381 MemFree:         6390672 kB
1777804143.046133381 MemAvailable:    6671028 kB
1777804143.046133381 Buffers:           28200 kB
1777804143.046133381 Cached:           381188 kB
1777804143.046133381 SwapCached:            0 kB
1777804143.046133381 Active:           387340 kB
1777804143.046133381 Inactive:         104740 kB
1777804143.046133381 Active(anon):      86068 kB
1777804143.046133381 Inactive(anon):        0 kB
1777804143.046133381 Active(file):     301272 kB
1777804143.046133381 Inactive(file):   104740 kB
1777804143.046133381 Unevictable:           0 kB
1777804143.046133381 Mlocked:               0 kB
1777804143.046133381 SwapTotal:             0 kB
1777804143.046133381 SwapFree:              0 kB
1777804143.046133381 Zswap:                 0 kB
1777804143.046133381 Zswapped:              0 kB
1777804143.046133381 Dirty:                52 kB
1777804143.046133381 Writeback:             0 kB
1777804143.046133381 AnonPages:         82800 kB
1777804143.046133381 Mapped:            89320 kB
1777804143.046133381 Shmem:              3452 kB
1777804143.046133381 KReclaimable:      28208 kB
1777804143.046133381 Slab:             114916 kB
1777804143.046133381 SReclaimable:      28208 kB
1777804143.046133381 SUnreclaim:        86708 kB
1777804143.046133381 KernelStack:        2992 kB
1777804143.046133381 PageTables:         3404 kB
1777804143.046133381 SecPageTables:         0 kB
1777804143.046133381 NFS_Unstable:          0 kB
1777804143.046133381 Bounce:                0 kB
1777804143.046133381 WritebackTmp:          0 kB
1777804143.046133381 CommitLimit:     3537964 kB
1777804143.046133381 Committed_AS:     402964 kB
1777804143.046133381 VmallocTotal:   135288315904 kB
1777804143.046133381 VmallocUsed:       18704 kB
1777804143.046133381 VmallocChunk:          0 kB
1777804143.046133381 Percpu:             1456 kB
1777804143.046133381 AnonHugePages:         0 kB
1777804143.046133381 ShmemHugePages:        0 kB
1777804143.046133381 ShmemPmdMapped:        0 kB
1777804143.046133381 FileHugePages:         0 kB
1777804143.046133381 FilePmdMapped:         0 kB
1777804143.046133381 CmaTotal:          65536 kB
1777804143.046133381 CmaFree:           49128 kB
1777804143.046133381 Balloon:               0 kB
1777804143.046133381 HugePages_Total:     512
1777804143.046133381 HugePages_Free:      512
1777804143.046133381 HugePages_Rsvd:        0
1777804143.046133381 HugePages_Surp:        0
1777804143.046133381 Hugepagesize:       2048 kB
1777804143.046133381 Hugetlb:         1048576 kB
1777804144.052870672 MemTotal:        8124504 kB
1777804144.052870672 MemFree:         6390700 kB
1777804144.052870672 MemAvailable:    6671064 kB
1777804144.052870672 Buffers:           28200 kB
1777804144.052870672 Cached:           381192 kB
1777804144.052870672 SwapCached:            0 kB
1777804144.052870672 Active:           387440 kB
1777804144.052870672 Inactive:         104748 kB
1777804144.052870672 Active(anon):      86168 kB
1777804144.052870672 Inactive(anon):        0 kB
1777804144.052870672 Active(file):     301272 kB
1777804144.052870672 Inactive(file):   104748 kB
1777804144.052870672 Unevictable:           0 kB
1777804144.052870672 Mlocked:               0 kB
1777804144.052870672 SwapTotal:             0 kB
1777804144.052870672 SwapFree:              0 kB
1777804144.052870672 Zswap:                 0 kB
1777804144.052870672 Zswapped:              0 kB
1777804144.052870672 Dirty:                56 kB
1777804144.052870672 Writeback:             0 kB
1777804144.052870672 AnonPages:         82800 kB
1777804144.052870672 Mapped:            89320 kB
1777804144.052870672 Shmem:              3452 kB
1777804144.052870672 KReclaimable:      28208 kB
1777804144.052870672 Slab:             114900 kB
1777804144.052870672 SReclaimable:      28208 kB
1777804144.052870672 SUnreclaim:        86692 kB
1777804144.052870672 KernelStack:        2992 kB
1777804144.052870672 PageTables:         3396 kB
1777804144.052870672 SecPageTables:         0 kB
1777804144.052870672 NFS_Unstable:          0 kB
1777804144.052870672 Bounce:                0 kB
1777804144.052870672 WritebackTmp:          0 kB
1777804144.052870672 CommitLimit:     3537964 kB
1777804144.052870672 Committed_AS:     402964 kB
1777804144.052870672 VmallocTotal:   135288315904 kB
1777804144.052870672 VmallocUsed:       18704 kB
1777804144.052870672 VmallocChunk:          0 kB
1777804144.052870672 Percpu:             1456 kB
1777804144.052870672 AnonHugePages:         0 kB
1777804144.052870672 ShmemHugePages:        0 kB
1777804144.052870672 ShmemPmdMapped:        0 kB
1777804144.052870672 FileHugePages:         0 kB
1777804144.052870672 FilePmdMapped:         0 kB
1777804144.052870672 CmaTotal:          65536 kB
1777804144.052870672 CmaFree:           49128 kB
1777804144.052870672 Balloon:               0 kB
1777804144.052870672 HugePages_Total:     512
1777804144.052870672 HugePages_Free:      512
1777804144.052870672 HugePages_Rsvd:        0
1777804144.052870672 HugePages_Surp:        0
1777804144.052870672 Hugepagesize:       2048 kB
1777804144.052870672 Hugetlb:         1048576 kB
1777804145.059644167 MemTotal:        8124504 kB
1777804145.059644167 MemFree:         6390544 kB
1777804145.059644167 MemAvailable:    6670912 kB
1777804145.059644167 Buffers:           28208 kB
1777804145.059644167 Cached:           381196 kB
1777804145.059644167 SwapCached:            0 kB
1777804145.059644167 Active:           387292 kB
1777804145.059644167 Inactive:         104752 kB
1777804145.059644167 Active(anon):      86024 kB
1777804145.059644167 Inactive(anon):        0 kB
1777804145.059644167 Active(file):     301268 kB
1777804145.059644167 Inactive(file):   104752 kB
1777804145.059644167 Unevictable:           0 kB
1777804145.059644167 Mlocked:               0 kB
1777804145.059644167 SwapTotal:             0 kB
1777804145.059644167 SwapFree:              0 kB
1777804145.059644167 Zswap:                 0 kB
1777804145.059644167 Zswapped:              0 kB
1777804145.059644167 Dirty:                88 kB
1777804145.059644167 Writeback:             0 kB
1777804145.059644167 AnonPages:         82704 kB
1777804145.059644167 Mapped:            89320 kB
1777804145.059644167 Shmem:              3452 kB
1777804145.059644167 KReclaimable:      28212 kB
1777804145.059644167 Slab:             114912 kB
1777804145.059644167 SReclaimable:      28212 kB
1777804145.059644167 SUnreclaim:        86700 kB
1777804145.059644167 KernelStack:        2992 kB
1777804145.059644167 PageTables:         3404 kB
1777804145.059644167 SecPageTables:         0 kB
1777804145.059644167 NFS_Unstable:          0 kB
1777804145.059644167 Bounce:                0 kB
1777804145.059644167 WritebackTmp:          0 kB
1777804145.059644167 CommitLimit:     3537964 kB
1777804145.059644167 Committed_AS:     402964 kB
1777804145.059644167 VmallocTotal:   135288315904 kB
1777804145.059644167 VmallocUsed:       18704 kB
1777804145.059644167 VmallocChunk:          0 kB
1777804145.059644167 Percpu:             1456 kB
1777804145.059644167 AnonHugePages:         0 kB
1777804145.059644167 ShmemHugePages:        0 kB
1777804145.059644167 ShmemPmdMapped:        0 kB
1777804145.059644167 FileHugePages:         0 kB
1777804145.059644167 FilePmdMapped:         0 kB
1777804145.059644167 CmaTotal:          65536 kB
1777804145.059644167 CmaFree:           49128 kB
1777804145.059644167 Balloon:               0 kB
1777804145.059644167 HugePages_Total:     512
1777804145.059644167 HugePages_Free:      512
1777804145.059644167 HugePages_Rsvd:        0
1777804145.059644167 HugePages_Surp:        0
1777804145.059644167 Hugepagesize:       2048 kB
1777804145.059644167 Hugetlb:         1048576 kB
1777804146.066354014 MemTotal:        8124504 kB
1777804146.066354014 MemFree:         6389536 kB
1777804146.066354014 MemAvailable:    6669920 kB
1777804146.066354014 Buffers:           28208 kB
1777804146.066354014 Cached:           381200 kB
1777804146.066354014 SwapCached:            0 kB
1777804146.066354014 Active:           387324 kB
1777804146.066354014 Inactive:         104764 kB
1777804146.066354014 Active(anon):      86052 kB
1777804146.066354014 Inactive(anon):        0 kB
1777804146.066354014 Active(file):     301272 kB
1777804146.066354014 Inactive(file):   104764 kB
1777804146.066354014 Unevictable:           0 kB
1777804146.066354014 Mlocked:               0 kB
1777804146.066354014 SwapTotal:             0 kB
1777804146.066354014 SwapFree:              0 kB
1777804146.066354014 Zswap:                 0 kB
1777804146.066354014 Zswapped:              0 kB
1777804146.066354014 Dirty:                92 kB
1777804146.066354014 Writeback:             0 kB
1777804146.066354014 AnonPages:         82792 kB
1777804146.066354014 Mapped:            89320 kB
1777804146.066354014 Shmem:              3452 kB
1777804146.066354014 KReclaimable:      28212 kB
1777804146.066354014 Slab:             114912 kB
1777804146.066354014 SReclaimable:      28212 kB
1777804146.066354014 SUnreclaim:        86700 kB
1777804146.066354014 KernelStack:        2992 kB
1777804146.066354014 PageTables:         3408 kB
1777804146.066354014 SecPageTables:         0 kB
1777804146.066354014 NFS_Unstable:          0 kB
1777804146.066354014 Bounce:                0 kB
1777804146.066354014 WritebackTmp:          0 kB
1777804146.066354014 CommitLimit:     3537964 kB
1777804146.066354014 Committed_AS:     402964 kB
1777804146.066354014 VmallocTotal:   135288315904 kB
1777804146.066354014 VmallocUsed:       18704 kB
1777804146.066354014 VmallocChunk:          0 kB
1777804146.066354014 Percpu:             1456 kB
1777804146.066354014 AnonHugePages:         0 kB
1777804146.066354014 ShmemHugePages:        0 kB
1777804146.066354014 ShmemPmdMapped:        0 kB
1777804146.066354014 FileHugePages:         0 kB
1777804146.066354014 FilePmdMapped:         0 kB
1777804146.066354014 CmaTotal:          65536 kB
1777804146.066354014 CmaFree:           49128 kB
1777804146.066354014 Balloon:               0 kB
1777804146.066354014 HugePages_Total:     512
1777804146.066354014 HugePages_Free:      512
1777804146.066354014 HugePages_Rsvd:        0
1777804146.066354014 HugePages_Surp:        0
1777804146.066354014 Hugepagesize:       2048 kB
1777804146.066354014 Hugetlb:         1048576 kB
1777804147.073088749 MemTotal:        8124504 kB
1777804147.073088749 MemFree:         6389696 kB
1777804147.073088749 MemAvailable:    6670076 kB
1777804147.073088749 Buffers:           28208 kB
1777804147.073088749 Cached:           381212 kB
1777804147.073088749 SwapCached:            0 kB
1777804147.073088749 Active:           387256 kB
1777804147.073088749 Inactive:         104768 kB
1777804147.073088749 Active(anon):      85992 kB
1777804147.073088749 Inactive(anon):        0 kB
1777804147.073088749 Active(file):     301264 kB
1777804147.073088749 Inactive(file):   104768 kB
1777804147.073088749 Unevictable:           0 kB
1777804147.073088749 Mlocked:               0 kB
1777804147.073088749 SwapTotal:             0 kB
1777804147.073088749 SwapFree:              0 kB
1777804147.073088749 Zswap:                 0 kB
1777804147.073088749 Zswapped:              0 kB
1777804147.073088749 Dirty:               104 kB
1777804147.073088749 Writeback:             0 kB
1777804147.073088749 AnonPages:         82716 kB
1777804147.073088749 Mapped:            89320 kB
1777804147.073088749 Shmem:              3452 kB
1777804147.073088749 KReclaimable:      28212 kB
1777804147.073088749 Slab:             114924 kB
1777804147.073088749 SReclaimable:      28212 kB
1777804147.073088749 SUnreclaim:        86712 kB
1777804147.073088749 KernelStack:        2976 kB
1777804147.073088749 PageTables:         3392 kB
1777804147.073088749 SecPageTables:         0 kB
1777804147.073088749 NFS_Unstable:          0 kB
1777804147.073088749 Bounce:                0 kB
1777804147.073088749 WritebackTmp:          0 kB
1777804147.073088749 CommitLimit:     3537964 kB
1777804147.073088749 Committed_AS:     402964 kB
1777804147.073088749 VmallocTotal:   135288315904 kB
1777804147.073088749 VmallocUsed:       18704 kB
1777804147.073088749 VmallocChunk:          0 kB
1777804147.073088749 Percpu:             1456 kB
1777804147.073088749 AnonHugePages:         0 kB
1777804147.073088749 ShmemHugePages:        0 kB
1777804147.073088749 ShmemPmdMapped:        0 kB
1777804147.073088749 FileHugePages:         0 kB
1777804147.073088749 FilePmdMapped:         0 kB
1777804147.073088749 CmaTotal:          65536 kB
1777804147.073088749 CmaFree:           49128 kB
1777804147.073088749 Balloon:               0 kB
1777804147.073088749 HugePages_Total:     512
1777804147.073088749 HugePages_Free:      512
1777804147.073088749 HugePages_Rsvd:        0
1777804147.073088749 HugePages_Surp:        0
1777804147.073088749 Hugepagesize:       2048 kB
1777804147.073088749 Hugetlb:         1048576 kB
1777804148.079773021 MemTotal:        8124504 kB
1777804148.079773021 MemFree:         6390020 kB
1777804148.079773021 MemAvailable:    6670424 kB
1777804148.079773021 Buffers:           28208 kB
1777804148.079773021 Cached:           381216 kB
1777804148.079773021 SwapCached:            0 kB
1777804148.079773021 Active:           387452 kB
1777804148.079773021 Inactive:         104780 kB
1777804148.079773021 Active(anon):      86176 kB
1777804148.079773021 Inactive(anon):        0 kB
1777804148.079773021 Active(file):     301276 kB
1777804148.079773021 Inactive(file):   104780 kB
1777804148.079773021 Unevictable:           0 kB
1777804148.079773021 Mlocked:               0 kB
1777804148.079773021 SwapTotal:             0 kB
1777804148.079773021 SwapFree:              0 kB
1777804148.079773021 Zswap:                 0 kB
1777804148.079773021 Zswapped:              0 kB
1777804148.079773021 Dirty:               108 kB
1777804148.079773021 Writeback:             0 kB
1777804148.079773021 AnonPages:         82768 kB
1777804148.079773021 Mapped:            89360 kB
1777804148.079773021 Shmem:              3452 kB
1777804148.079773021 KReclaimable:      28212 kB
1777804148.079773021 Slab:             114908 kB
1777804148.079773021 SReclaimable:      28212 kB
1777804148.079773021 SUnreclaim:        86696 kB
1777804148.079773021 KernelStack:        2992 kB
1777804148.079773021 PageTables:         3484 kB
1777804148.079773021 SecPageTables:         0 kB
1777804148.079773021 NFS_Unstable:          0 kB
1777804148.079773021 Bounce:                0 kB
1777804148.079773021 WritebackTmp:          0 kB
1777804148.079773021 CommitLimit:     3537964 kB
1777804148.079773021 Committed_AS:     402964 kB
1777804148.079773021 VmallocTotal:   135288315904 kB
1777804148.079773021 VmallocUsed:       18704 kB
1777804148.079773021 VmallocChunk:          0 kB
1777804148.079773021 Percpu:             1456 kB
1777804148.079773021 AnonHugePages:         0 kB
1777804148.079773021 ShmemHugePages:        0 kB
1777804148.079773021 ShmemPmdMapped:        0 kB
1777804148.079773021 FileHugePages:         0 kB
1777804148.079773021 FilePmdMapped:         0 kB
1777804148.079773021 CmaTotal:          65536 kB
1777804148.079773021 CmaFree:           49128 kB
1777804148.079773021 Balloon:               0 kB
1777804148.079773021 HugePages_Total:     512
1777804148.079773021 HugePages_Free:      512
1777804148.079773021 HugePages_Rsvd:        0
1777804148.079773021 HugePages_Surp:        0
1777804148.079773021 Hugepagesize:       2048 kB
1777804148.079773021 Hugetlb:         1048576 kB
1777804149.086620887 MemTotal:        8124504 kB
1777804149.086620887 MemFree:         6391100 kB
1777804149.086620887 MemAvailable:    6671496 kB
1777804149.086620887 Buffers:           28208 kB
1777804149.086620887 Cached:           381216 kB
1777804149.086620887 SwapCached:            0 kB
1777804149.086620887 Active:           387416 kB
1777804149.086620887 Inactive:         104780 kB
1777804149.086620887 Active(anon):      86148 kB
1777804149.086620887 Inactive(anon):        0 kB
1777804149.086620887 Active(file):     301268 kB
1777804149.086620887 Inactive(file):   104780 kB
1777804149.086620887 Unevictable:           0 kB
1777804149.086620887 Mlocked:               0 kB
1777804149.086620887 SwapTotal:             0 kB
1777804149.086620887 SwapFree:              0 kB
1777804149.086620887 Zswap:                 0 kB
1777804149.086620887 Zswapped:              0 kB
1777804149.086620887 Dirty:               108 kB
1777804149.086620887 Writeback:             0 kB
1777804149.086620887 AnonPages:         82800 kB
1777804149.086620887 Mapped:            89360 kB
1777804149.086620887 Shmem:              3452 kB
1777804149.086620887 KReclaimable:      28212 kB
1777804149.086620887 Slab:             114896 kB
1777804149.086620887 SReclaimable:      28212 kB
1777804149.086620887 SUnreclaim:        86684 kB
1777804149.086620887 KernelStack:        2992 kB
1777804149.086620887 PageTables:         3404 kB
1777804149.086620887 SecPageTables:         0 kB
1777804149.086620887 NFS_Unstable:          0 kB
1777804149.086620887 Bounce:                0 kB
1777804149.086620887 WritebackTmp:          0 kB
1777804149.086620887 CommitLimit:     3537964 kB
1777804149.086620887 Committed_AS:     402964 kB
1777804149.086620887 VmallocTotal:   135288315904 kB
1777804149.086620887 VmallocUsed:       18704 kB
1777804149.086620887 VmallocChunk:          0 kB
1777804149.086620887 Percpu:             1456 kB
1777804149.086620887 AnonHugePages:         0 kB
1777804149.086620887 ShmemHugePages:        0 kB
1777804149.086620887 ShmemPmdMapped:        0 kB
1777804149.086620887 FileHugePages:         0 kB
1777804149.086620887 FilePmdMapped:         0 kB
1777804149.086620887 CmaTotal:          65536 kB
1777804149.086620887 CmaFree:           49128 kB
1777804149.086620887 Balloon:               0 kB
1777804149.086620887 HugePages_Total:     512
1777804149.086620887 HugePages_Free:      512
1777804149.086620887 HugePages_Rsvd:        0
1777804149.086620887 HugePages_Surp:        0
1777804149.086620887 Hugepagesize:       2048 kB
1777804149.086620887 Hugetlb:         1048576 kB
1777804150.093339697 MemTotal:        8124504 kB
1777804150.093339697 MemFree:         6390072 kB
1777804150.093339697 MemAvailable:    6670484 kB
1777804150.093339697 Buffers:           28216 kB
1777804150.093339697 Cached:           381220 kB
1777804150.093339697 SwapCached:            0 kB
1777804150.093339697 Active:           387364 kB
1777804150.093339697 Inactive:         104792 kB
1777804150.093339697 Active(anon):      86092 kB
1777804150.093339697 Inactive(anon):        0 kB
1777804150.093339697 Active(file):     301272 kB
1777804150.093339697 Inactive(file):   104792 kB
1777804150.093339697 Unevictable:           0 kB
1777804150.093339697 Mlocked:               0 kB
1777804150.093339697 SwapTotal:             0 kB
1777804150.093339697 SwapFree:              0 kB
1777804150.093339697 Zswap:                 0 kB
1777804150.093339697 Zswapped:              0 kB
1777804150.093339697 Dirty:               112 kB
1777804150.093339697 Writeback:             0 kB
1777804150.093339697 AnonPages:         82788 kB
1777804150.093339697 Mapped:            89320 kB
1777804150.093339697 Shmem:              3452 kB
1777804150.093339697 KReclaimable:      28212 kB
1777804150.093339697 Slab:             114912 kB
1777804150.093339697 SReclaimable:      28212 kB
1777804150.093339697 SUnreclaim:        86700 kB
1777804150.093339697 KernelStack:        2992 kB
1777804150.093339697 PageTables:         3520 kB
1777804150.093339697 SecPageTables:         0 kB
1777804150.093339697 NFS_Unstable:          0 kB
1777804150.093339697 Bounce:                0 kB
1777804150.093339697 WritebackTmp:          0 kB
1777804150.093339697 CommitLimit:     3537964 kB
1777804150.093339697 Committed_AS:     402964 kB
1777804150.093339697 VmallocTotal:   135288315904 kB
1777804150.093339697 VmallocUsed:       18704 kB
1777804150.093339697 VmallocChunk:          0 kB
1777804150.093339697 Percpu:             1456 kB
1777804150.093339697 AnonHugePages:         0 kB
1777804150.093339697 ShmemHugePages:        0 kB
1777804150.093339697 ShmemPmdMapped:        0 kB
1777804150.093339697 FileHugePages:         0 kB
1777804150.093339697 FilePmdMapped:         0 kB
1777804150.093339697 CmaTotal:          65536 kB
1777804150.093339697 CmaFree:           49128 kB
1777804150.093339697 Balloon:               0 kB
1777804150.093339697 HugePages_Total:     512
1777804150.093339697 HugePages_Free:      512
1777804150.093339697 HugePages_Rsvd:        0
1777804150.093339697 HugePages_Surp:        0
1777804150.093339697 Hugepagesize:       2048 kB
1777804150.093339697 Hugetlb:         1048576 kB
1777804151.100076710 MemTotal:        8124504 kB
1777804151.100076710 MemFree:         6390372 kB
1777804151.100076710 MemAvailable:    6670780 kB
1777804151.100076710 Buffers:           28216 kB
1777804151.100076710 Cached:           381224 kB
1777804151.100076710 SwapCached:            0 kB
1777804151.100076710 Active:           387260 kB
1777804151.100076710 Inactive:         104792 kB
1777804151.100076710 Active(anon):      85992 kB
1777804151.100076710 Inactive(anon):        0 kB
1777804151.100076710 Active(file):     301268 kB
1777804151.100076710 Inactive(file):   104792 kB
1777804151.100076710 Unevictable:           0 kB
1777804151.100076710 Mlocked:               0 kB
1777804151.100076710 SwapTotal:             0 kB
1777804151.100076710 SwapFree:              0 kB
1777804151.100076710 Zswap:                 0 kB
1777804151.100076710 Zswapped:              0 kB
1777804151.100076710 Dirty:               116 kB
1777804151.100076710 Writeback:             0 kB
1777804151.100076710 AnonPages:         82800 kB
1777804151.100076710 Mapped:            89320 kB
1777804151.100076710 Shmem:              3452 kB
1777804151.100076710 KReclaimable:      28212 kB
1777804151.100076710 Slab:             114920 kB
1777804151.100076710 SReclaimable:      28212 kB
1777804151.100076710 SUnreclaim:        86708 kB
1777804151.100076710 KernelStack:        2992 kB
1777804151.100076710 PageTables:         3404 kB
1777804151.100076710 SecPageTables:         0 kB
1777804151.100076710 NFS_Unstable:          0 kB
1777804151.100076710 Bounce:                0 kB
1777804151.100076710 WritebackTmp:          0 kB
1777804151.100076710 CommitLimit:     3537964 kB
1777804151.100076710 Committed_AS:     402964 kB
1777804151.100076710 VmallocTotal:   135288315904 kB
1777804151.100076710 VmallocUsed:       18704 kB
1777804151.100076710 VmallocChunk:          0 kB
1777804151.100076710 Percpu:             1456 kB
1777804151.100076710 AnonHugePages:         0 kB
1777804151.100076710 ShmemHugePages:        0 kB
1777804151.100076710 ShmemPmdMapped:        0 kB
1777804151.100076710 FileHugePages:         0 kB
1777804151.100076710 FilePmdMapped:         0 kB
1777804151.100076710 CmaTotal:          65536 kB
1777804151.100076710 CmaFree:           49128 kB
1777804151.100076710 Balloon:               0 kB
1777804151.100076710 HugePages_Total:     512
1777804151.100076710 HugePages_Free:      512
1777804151.100076710 HugePages_Rsvd:        0
1777804151.100076710 HugePages_Surp:        0
1777804151.100076710 Hugepagesize:       2048 kB
1777804151.100076710 Hugetlb:         1048576 kB
1777804152.106811316 MemTotal:        8124504 kB
1777804152.106811316 MemFree:         6390680 kB
1777804152.106811316 MemAvailable:    6671096 kB
1777804152.106811316 Buffers:           28216 kB
1777804152.106811316 Cached:           381232 kB
1777804152.106811316 SwapCached:            0 kB
1777804152.106811316 Active:           387236 kB
1777804152.106811316 Inactive:         104804 kB
1777804152.106811316 Active(anon):      85972 kB
1777804152.106811316 Inactive(anon):        0 kB
1777804152.106811316 Active(file):     301264 kB
1777804152.106811316 Inactive(file):   104804 kB
1777804152.106811316 Unevictable:           0 kB
1777804152.106811316 Mlocked:               0 kB
1777804152.106811316 SwapTotal:             0 kB
1777804152.106811316 SwapFree:              0 kB
1777804152.106811316 Zswap:                 0 kB
1777804152.106811316 Zswapped:              0 kB
1777804152.106811316 Dirty:               120 kB
1777804152.106811316 Writeback:             0 kB
1777804152.106811316 AnonPages:         82712 kB
1777804152.106811316 Mapped:            89320 kB
1777804152.106811316 Shmem:              3452 kB
1777804152.106811316 KReclaimable:      28216 kB
1777804152.106811316 Slab:             114932 kB
1777804152.106811316 SReclaimable:      28216 kB
1777804152.106811316 SUnreclaim:        86716 kB
1777804152.106811316 KernelStack:        2976 kB
1777804152.106811316 PageTables:         3400 kB
1777804152.106811316 SecPageTables:         0 kB
1777804152.106811316 NFS_Unstable:          0 kB
1777804152.106811316 Bounce:                0 kB
1777804152.106811316 WritebackTmp:          0 kB
1777804152.106811316 CommitLimit:     3537964 kB
1777804152.106811316 Committed_AS:     402964 kB
1777804152.106811316 VmallocTotal:   135288315904 kB
1777804152.106811316 VmallocUsed:       18704 kB
1777804152.106811316 VmallocChunk:          0 kB
1777804152.106811316 Percpu:             1456 kB
1777804152.106811316 AnonHugePages:         0 kB
1777804152.106811316 ShmemHugePages:        0 kB
1777804152.106811316 ShmemPmdMapped:        0 kB
1777804152.106811316 FileHugePages:         0 kB
1777804152.106811316 FilePmdMapped:         0 kB
1777804152.106811316 CmaTotal:          65536 kB
1777804152.106811316 CmaFree:           49128 kB
1777804152.106811316 Balloon:               0 kB
1777804152.106811316 HugePages_Total:     512
1777804152.106811316 HugePages_Free:      512
1777804152.106811316 HugePages_Rsvd:        0
1777804152.106811316 HugePages_Surp:        0
1777804152.106811316 Hugepagesize:       2048 kB
1777804152.106811316 Hugetlb:         1048576 kB
1777804153.114411742 MemTotal:        8124504 kB
1777804153.114411742 MemFree:         6389836 kB
1777804153.114411742 MemAvailable:    6670256 kB
1777804153.114411742 Buffers:           28216 kB
1777804153.114411742 Cached:           381236 kB
1777804153.114411742 SwapCached:            0 kB
1777804153.114411742 Active:           387240 kB
1777804153.114411742 Inactive:         104808 kB
1777804153.114411742 Active(anon):      85976 kB
1777804153.114411742 Inactive(anon):        0 kB
1777804153.114411742 Active(file):     301264 kB
1777804153.114411742 Inactive(file):   104808 kB
1777804153.114411742 Unevictable:           0 kB
1777804153.114411742 Mlocked:               0 kB
1777804153.114411742 SwapTotal:             0 kB
1777804153.114411742 SwapFree:              0 kB
1777804153.114411742 Zswap:                 0 kB
1777804153.114411742 Zswapped:              0 kB
1777804153.114411742 Dirty:               124 kB
1777804153.114411742 Writeback:             0 kB
1777804153.114411742 AnonPages:         82756 kB
1777804153.114411742 Mapped:            89320 kB
1777804153.114411742 Shmem:              3452 kB
1777804153.114411742 KReclaimable:      28216 kB
1777804153.114411742 Slab:             114920 kB
1777804153.114411742 SReclaimable:      28216 kB
1777804153.114411742 SUnreclaim:        86704 kB
1777804153.114411742 KernelStack:        3008 kB
1777804153.114411742 PageTables:         3448 kB
1777804153.114411742 SecPageTables:         0 kB
1777804153.114411742 NFS_Unstable:          0 kB
1777804153.114411742 Bounce:                0 kB
1777804153.114411742 WritebackTmp:          0 kB
1777804153.114411742 CommitLimit:     3537964 kB
1777804153.114411742 Committed_AS:     402964 kB
1777804153.114411742 VmallocTotal:   135288315904 kB
1777804153.114411742 VmallocUsed:       18688 kB
1777804153.114411742 VmallocChunk:          0 kB
1777804153.114411742 Percpu:             1456 kB
1777804153.114411742 AnonHugePages:         0 kB
1777804153.114411742 ShmemHugePages:        0 kB
1777804153.114411742 ShmemPmdMapped:        0 kB
1777804153.114411742 FileHugePages:         0 kB
1777804153.114411742 FilePmdMapped:         0 kB
1777804153.114411742 CmaTotal:          65536 kB
1777804153.114411742 CmaFree:           49128 kB
1777804153.114411742 Balloon:               0 kB
1777804153.114411742 HugePages_Total:     512
1777804153.114411742 HugePages_Free:      512
1777804153.114411742 HugePages_Rsvd:        0
1777804153.114411742 HugePages_Surp:        0
1777804153.114411742 Hugepagesize:       2048 kB
1777804153.114411742 Hugetlb:         1048576 kB
1777804154.122360744 MemTotal:        8124504 kB
1777804154.122360744 MemFree:         6391012 kB
1777804154.122360744 MemAvailable:    6671436 kB
1777804154.122360744 Buffers:           28216 kB
1777804154.122360744 Cached:           381244 kB
1777804154.122360744 SwapCached:            0 kB
1777804154.122360744 Active:           387276 kB
1777804154.122360744 Inactive:         104808 kB
1777804154.122360744 Active(anon):      86008 kB
1777804154.122360744 Inactive(anon):        0 kB
1777804154.122360744 Active(file):     301268 kB
1777804154.122360744 Inactive(file):   104808 kB
1777804154.122360744 Unevictable:           0 kB
1777804154.122360744 Mlocked:               0 kB
1777804154.122360744 SwapTotal:             0 kB
1777804154.122360744 SwapFree:              0 kB
1777804154.122360744 Zswap:                 0 kB
1777804154.122360744 Zswapped:              0 kB
1777804154.122360744 Dirty:               132 kB
1777804154.122360744 Writeback:             0 kB
1777804154.122360744 AnonPages:         82844 kB
1777804154.122360744 Mapped:            89360 kB
1777804154.122360744 Shmem:              3452 kB
1777804154.122360744 KReclaimable:      28216 kB
1777804154.122360744 Slab:             114912 kB
1777804154.122360744 SReclaimable:      28216 kB
1777804154.122360744 SUnreclaim:        86696 kB
1777804154.122360744 KernelStack:        3008 kB
1777804154.122360744 PageTables:         3456 kB
1777804154.122360744 SecPageTables:         0 kB
1777804154.122360744 NFS_Unstable:          0 kB
1777804154.122360744 Bounce:                0 kB
1777804154.122360744 WritebackTmp:          0 kB
1777804154.122360744 CommitLimit:     3537964 kB
1777804154.122360744 Committed_AS:     402964 kB
1777804154.122360744 VmallocTotal:   135288315904 kB
1777804154.122360744 VmallocUsed:       18704 kB
1777804154.122360744 VmallocChunk:          0 kB
1777804154.122360744 Percpu:             1456 kB
1777804154.122360744 AnonHugePages:         0 kB
1777804154.122360744 ShmemHugePages:        0 kB
1777804154.122360744 ShmemPmdMapped:        0 kB
1777804154.122360744 FileHugePages:         0 kB
1777804154.122360744 FilePmdMapped:         0 kB
1777804154.122360744 CmaTotal:          65536 kB
1777804154.122360744 CmaFree:           49128 kB
1777804154.122360744 Balloon:               0 kB
1777804154.122360744 HugePages_Total:     512
1777804154.122360744 HugePages_Free:      512
1777804154.122360744 HugePages_Rsvd:        0
1777804154.122360744 HugePages_Surp:        0
1777804154.122360744 Hugepagesize:       2048 kB
1777804154.122360744 Hugetlb:         1048576 kB
1777804155.130706433 MemTotal:        8124504 kB
1777804155.130706433 MemFree:         6391496 kB
1777804155.130706433 MemAvailable:    6671936 kB
1777804155.130706433 Buffers:           28220 kB
1777804155.130706433 Cached:           381244 kB
1777804155.130706433 SwapCached:            0 kB
1777804155.130706433 Active:           387424 kB
1777804155.130706433 Inactive:         104820 kB
1777804155.130706433 Active(anon):      86152 kB
1777804155.130706433 Inactive(anon):        0 kB
1777804155.130706433 Active(file):     301272 kB
1777804155.130706433 Inactive(file):   104820 kB
1777804155.130706433 Unevictable:           0 kB
1777804155.130706433 Mlocked:               0 kB
1777804155.130706433 SwapTotal:             0 kB
1777804155.130706433 SwapFree:              0 kB
1777804155.130706433 Zswap:                 0 kB
1777804155.130706433 Zswapped:              0 kB
1777804155.130706433 Dirty:                88 kB
1777804155.130706433 Writeback:             0 kB
1777804155.130706433 AnonPages:         82796 kB
1777804155.130706433 Mapped:            89320 kB
1777804155.130706433 Shmem:              3452 kB
1777804155.130706433 KReclaimable:      28216 kB
1777804155.130706433 Slab:             114932 kB
1777804155.130706433 SReclaimable:      28216 kB
1777804155.130706433 SUnreclaim:        86716 kB
1777804155.130706433 KernelStack:        2992 kB
1777804155.130706433 PageTables:         3400 kB
1777804155.130706433 SecPageTables:         0 kB
1777804155.130706433 NFS_Unstable:          0 kB
1777804155.130706433 Bounce:                0 kB
1777804155.130706433 WritebackTmp:          0 kB
1777804155.130706433 CommitLimit:     3537964 kB
1777804155.130706433 Committed_AS:     402964 kB
1777804155.130706433 VmallocTotal:   135288315904 kB
1777804155.130706433 VmallocUsed:       18720 kB
1777804155.130706433 VmallocChunk:          0 kB
1777804155.130706433 Percpu:             1456 kB
1777804155.130706433 AnonHugePages:         0 kB
1777804155.130706433 ShmemHugePages:        0 kB
1777804155.130706433 ShmemPmdMapped:        0 kB
1777804155.130706433 FileHugePages:         0 kB
1777804155.130706433 FilePmdMapped:         0 kB
1777804155.130706433 CmaTotal:          65536 kB
1777804155.130706433 CmaFree:           49128 kB
1777804155.130706433 Balloon:               0 kB
1777804155.130706433 HugePages_Total:     512
1777804155.130706433 HugePages_Free:      512
1777804155.130706433 HugePages_Rsvd:        0
1777804155.130706433 HugePages_Surp:        0
1777804155.130706433 Hugepagesize:       2048 kB
1777804155.130706433 Hugetlb:         1048576 kB
1777804156.139221901 MemTotal:        8124504 kB
1777804156.139221901 MemFree:         6391444 kB
1777804156.139221901 MemAvailable:    6671896 kB
1777804156.139221901 Buffers:           28224 kB
1777804156.139221901 Cached:           381252 kB
1777804156.139221901 SwapCached:            0 kB
1777804156.139221901 Active:           387364 kB
1777804156.139221901 Inactive:         104832 kB
1777804156.139221901 Active(anon):      86092 kB
1777804156.139221901 Inactive(anon):        0 kB
1777804156.139221901 Active(file):     301272 kB
1777804156.139221901 Inactive(file):   104832 kB
1777804156.139221901 Unevictable:           0 kB
1777804156.139221901 Mlocked:               0 kB
1777804156.139221901 SwapTotal:             0 kB
1777804156.139221901 SwapFree:              0 kB
1777804156.139221901 Zswap:                 0 kB
1777804156.139221901 Zswapped:              0 kB
1777804156.139221901 Dirty:               100 kB
1777804156.139221901 Writeback:             0 kB
1777804156.139221901 AnonPages:         82796 kB
1777804156.139221901 Mapped:            89320 kB
1777804156.139221901 Shmem:              3452 kB
1777804156.139221901 KReclaimable:      28216 kB
1777804156.139221901 Slab:             114936 kB
1777804156.139221901 SReclaimable:      28216 kB
1777804156.139221901 SUnreclaim:        86720 kB
1777804156.139221901 KernelStack:        2992 kB
1777804156.139221901 PageTables:         3412 kB
1777804156.139221901 SecPageTables:         0 kB
1777804156.139221901 NFS_Unstable:          0 kB
1777804156.139221901 Bounce:                0 kB
1777804156.139221901 WritebackTmp:          0 kB
1777804156.139221901 CommitLimit:     3537964 kB
1777804156.139221901 Committed_AS:     402964 kB
1777804156.139221901 VmallocTotal:   135288315904 kB
1777804156.139221901 VmallocUsed:       18720 kB
1777804156.139221901 VmallocChunk:          0 kB
1777804156.139221901 Percpu:             1456 kB
1777804156.139221901 AnonHugePages:         0 kB
1777804156.139221901 ShmemHugePages:        0 kB
1777804156.139221901 ShmemPmdMapped:        0 kB
1777804156.139221901 FileHugePages:         0 kB
1777804156.139221901 FilePmdMapped:         0 kB
1777804156.139221901 CmaTotal:          65536 kB
1777804156.139221901 CmaFree:           49128 kB
1777804156.139221901 Balloon:               0 kB
1777804156.139221901 HugePages_Total:     512
1777804156.139221901 HugePages_Free:      512
1777804156.139221901 HugePages_Rsvd:        0
1777804156.139221901 HugePages_Surp:        0
1777804156.139221901 Hugepagesize:       2048 kB
1777804156.139221901 Hugetlb:         1048576 kB
1777804157.147254311 MemTotal:        8124504 kB
1777804157.147254311 MemFree:         6390252 kB
1777804157.147254311 MemAvailable:    6670708 kB
1777804157.147254311 Buffers:           28224 kB
1777804157.147254311 Cached:           381256 kB
1777804157.147254311 SwapCached:            0 kB
1777804157.147254311 Active:           387372 kB
1777804157.147254311 Inactive:         104836 kB
1777804157.147254311 Active(anon):      86100 kB
1777804157.147254311 Inactive(anon):        0 kB
1777804157.147254311 Active(file):     301272 kB
1777804157.147254311 Inactive(file):   104836 kB
1777804157.147254311 Unevictable:           0 kB
1777804157.147254311 Mlocked:               0 kB
1777804157.147254311 SwapTotal:             0 kB
1777804157.147254311 SwapFree:              0 kB
1777804157.147254311 Zswap:                 0 kB
1777804157.147254311 Zswapped:              0 kB
1777804157.147254311 Dirty:               104 kB
1777804157.147254311 Writeback:             0 kB
1777804157.147254311 AnonPages:         82836 kB
1777804157.147254311 Mapped:            89360 kB
1777804157.147254311 Shmem:              3452 kB
1777804157.147254311 KReclaimable:      28216 kB
1777804157.147254311 Slab:             114940 kB
1777804157.147254311 SReclaimable:      28216 kB
1777804157.147254311 SUnreclaim:        86724 kB
1777804157.147254311 KernelStack:        3008 kB
1777804157.147254311 PageTables:         3452 kB
1777804157.147254311 SecPageTables:         0 kB
1777804157.147254311 NFS_Unstable:          0 kB
1777804157.147254311 Bounce:                0 kB
1777804157.147254311 WritebackTmp:          0 kB
1777804157.147254311 CommitLimit:     3537964 kB
1777804157.147254311 Committed_AS:     402964 kB
1777804157.147254311 VmallocTotal:   135288315904 kB
1777804157.147254311 VmallocUsed:       18736 kB
1777804157.147254311 VmallocChunk:          0 kB
1777804157.147254311 Percpu:             1456 kB
1777804157.147254311 AnonHugePages:         0 kB
1777804157.147254311 ShmemHugePages:        0 kB
1777804157.147254311 ShmemPmdMapped:        0 kB
1777804157.147254311 FileHugePages:         0 kB
1777804157.147254311 FilePmdMapped:         0 kB
1777804157.147254311 CmaTotal:          65536 kB
1777804157.147254311 CmaFree:           49128 kB
1777804157.147254311 Balloon:               0 kB
1777804157.147254311 HugePages_Total:     512
1777804157.147254311 HugePages_Free:      512
1777804157.147254311 HugePages_Rsvd:        0
1777804157.147254311 HugePages_Surp:        0
1777804157.147254311 Hugepagesize:       2048 kB
1777804157.147254311 Hugetlb:         1048576 kB
1777804158.154671069 MemTotal:        8124504 kB
1777804158.154671069 MemFree:         6391856 kB
1777804158.154671069 MemAvailable:    6672312 kB
1777804158.154671069 Buffers:           28224 kB
1777804158.154671069 Cached:           381260 kB
1777804158.154671069 SwapCached:            0 kB
1777804158.154671069 Active:           387364 kB
1777804158.154671069 Inactive:         104840 kB
1777804158.154671069 Active(anon):      86096 kB
1777804158.154671069 Inactive(anon):        0 kB
1777804158.154671069 Active(file):     301268 kB
1777804158.154671069 Inactive(file):   104840 kB
1777804158.154671069 Unevictable:           0 kB
1777804158.154671069 Mlocked:               0 kB
1777804158.154671069 SwapTotal:             0 kB
1777804158.154671069 SwapFree:              0 kB
1777804158.154671069 Zswap:                 0 kB
1777804158.154671069 Zswapped:              0 kB
1777804158.154671069 Dirty:               108 kB
1777804158.154671069 Writeback:             0 kB
1777804158.154671069 AnonPages:         82804 kB
1777804158.154671069 Mapped:            89320 kB
1777804158.154671069 Shmem:              3452 kB
1777804158.154671069 KReclaimable:      28216 kB
1777804158.154671069 Slab:             114936 kB
1777804158.154671069 SReclaimable:      28216 kB
1777804158.154671069 SUnreclaim:        86720 kB
1777804158.154671069 KernelStack:        2992 kB
1777804158.154671069 PageTables:         3412 kB
1777804158.154671069 SecPageTables:         0 kB
1777804158.154671069 NFS_Unstable:          0 kB
1777804158.154671069 Bounce:                0 kB
1777804158.154671069 WritebackTmp:          0 kB
1777804158.154671069 CommitLimit:     3537964 kB
1777804158.154671069 Committed_AS:     402964 kB
1777804158.154671069 VmallocTotal:   135288315904 kB
1777804158.154671069 VmallocUsed:       18704 kB
1777804158.154671069 VmallocChunk:          0 kB
1777804158.154671069 Percpu:             1456 kB
1777804158.154671069 AnonHugePages:         0 kB
1777804158.154671069 ShmemHugePages:        0 kB
1777804158.154671069 ShmemPmdMapped:        0 kB
1777804158.154671069 FileHugePages:         0 kB
1777804158.154671069 FilePmdMapped:         0 kB
1777804158.154671069 CmaTotal:          65536 kB
1777804158.154671069 CmaFree:           49128 kB
1777804158.154671069 Balloon:               0 kB
1777804158.154671069 HugePages_Total:     512
1777804158.154671069 HugePages_Free:      512
1777804158.154671069 HugePages_Rsvd:        0
1777804158.154671069 HugePages_Surp:        0
1777804158.154671069 Hugepagesize:       2048 kB
1777804158.154671069 Hugetlb:         1048576 kB
1777804159.162045512 MemTotal:        8124504 kB
1777804159.162045512 MemFree:         6392236 kB
1777804159.162045512 MemAvailable:    6672700 kB
1777804159.162045512 Buffers:           28224 kB
1777804159.162045512 Cached:           381268 kB
1777804159.162045512 SwapCached:            0 kB
1777804159.162045512 Active:           387316 kB
1777804159.162045512 Inactive:         104848 kB
1777804159.162045512 Active(anon):      86048 kB
1777804159.162045512 Inactive(anon):        0 kB
1777804159.162045512 Active(file):     301268 kB
1777804159.162045512 Inactive(file):   104848 kB
1777804159.162045512 Unevictable:           0 kB
1777804159.162045512 Mlocked:               0 kB
1777804159.162045512 SwapTotal:             0 kB
1777804159.162045512 SwapFree:              0 kB
1777804159.162045512 Zswap:                 0 kB
1777804159.162045512 Zswapped:              0 kB
1777804159.162045512 Dirty:               116 kB
1777804159.162045512 Writeback:             0 kB
1777804159.162045512 AnonPages:         82800 kB
1777804159.162045512 Mapped:            89360 kB
1777804159.162045512 Shmem:              3452 kB
1777804159.162045512 KReclaimable:      28216 kB
1777804159.162045512 Slab:             114940 kB
1777804159.162045512 SReclaimable:      28216 kB
1777804159.162045512 SUnreclaim:        86724 kB
1777804159.162045512 KernelStack:        2992 kB
1777804159.162045512 PageTables:         3416 kB
1777804159.162045512 SecPageTables:         0 kB
1777804159.162045512 NFS_Unstable:          0 kB
1777804159.162045512 Bounce:                0 kB
1777804159.162045512 WritebackTmp:          0 kB
1777804159.162045512 CommitLimit:     3537964 kB
1777804159.162045512 Committed_AS:     402964 kB
1777804159.162045512 VmallocTotal:   135288315904 kB
1777804159.162045512 VmallocUsed:       18704 kB
1777804159.162045512 VmallocChunk:          0 kB
1777804159.162045512 Percpu:             1456 kB
1777804159.162045512 AnonHugePages:         0 kB
1777804159.162045512 ShmemHugePages:        0 kB
1777804159.162045512 ShmemPmdMapped:        0 kB
1777804159.162045512 FileHugePages:         0 kB
1777804159.162045512 FilePmdMapped:         0 kB
1777804159.162045512 CmaTotal:          65536 kB
1777804159.162045512 CmaFree:           49128 kB
1777804159.162045512 Balloon:               0 kB
1777804159.162045512 HugePages_Total:     512
1777804159.162045512 HugePages_Free:      512
1777804159.162045512 HugePages_Rsvd:        0
1777804159.162045512 HugePages_Surp:        0
1777804159.162045512 Hugepagesize:       2048 kB
1777804159.162045512 Hugetlb:         1048576 kB
1777804160.169392251 MemTotal:        8124504 kB
1777804160.169392251 MemFree:         6390084 kB
1777804160.169392251 MemAvailable:    6670552 kB
1777804160.169392251 Buffers:           28224 kB
1777804160.169392251 Cached:           381268 kB
1777804160.169392251 SwapCached:            0 kB
1777804160.169392251 Active:           387452 kB
1777804160.169392251 Inactive:         104848 kB
1777804160.169392251 Active(anon):      86180 kB
1777804160.169392251 Inactive(anon):        0 kB
1777804160.169392251 Active(file):     301272 kB
1777804160.169392251 Inactive(file):   104848 kB
1777804160.169392251 Unevictable:           0 kB
1777804160.169392251 Mlocked:               0 kB
1777804160.169392251 SwapTotal:             0 kB
1777804160.169392251 SwapFree:              0 kB
1777804160.169392251 Zswap:                 0 kB
1777804160.169392251 Zswapped:              0 kB
1777804160.169392251 Dirty:               116 kB
1777804160.169392251 Writeback:             0 kB
1777804160.169392251 AnonPages:         82876 kB
1777804160.169392251 Mapped:            89360 kB
1777804160.169392251 Shmem:              3452 kB
1777804160.169392251 KReclaimable:      28216 kB
1777804160.169392251 Slab:             114928 kB
1777804160.169392251 SReclaimable:      28216 kB
1777804160.169392251 SUnreclaim:        86712 kB
1777804160.169392251 KernelStack:        2992 kB
1777804160.169392251 PageTables:         3468 kB
1777804160.169392251 SecPageTables:         0 kB
1777804160.169392251 NFS_Unstable:          0 kB
1777804160.169392251 Bounce:                0 kB
1777804160.169392251 WritebackTmp:          0 kB
1777804160.169392251 CommitLimit:     3537964 kB
1777804160.169392251 Committed_AS:     402964 kB
1777804160.169392251 VmallocTotal:   135288315904 kB
1777804160.169392251 VmallocUsed:       18704 kB
1777804160.169392251 VmallocChunk:          0 kB
1777804160.169392251 Percpu:             1456 kB
1777804160.169392251 AnonHugePages:         0 kB
1777804160.169392251 ShmemHugePages:        0 kB
1777804160.169392251 ShmemPmdMapped:        0 kB
1777804160.169392251 FileHugePages:         0 kB
1777804160.169392251 FilePmdMapped:         0 kB
1777804160.169392251 CmaTotal:          65536 kB
1777804160.169392251 CmaFree:           49128 kB
1777804160.169392251 Balloon:               0 kB
1777804160.169392251 HugePages_Total:     512
1777804160.169392251 HugePages_Free:      512
1777804160.169392251 HugePages_Rsvd:        0
1777804160.169392251 HugePages_Surp:        0
1777804160.169392251 Hugepagesize:       2048 kB
1777804160.169392251 Hugetlb:         1048576 kB
1777804161.176625175 MemTotal:        8124504 kB
1777804161.176625175 MemFree:         6389340 kB
1777804161.176625175 MemAvailable:    6669824 kB
1777804161.176625175 Buffers:           28232 kB
1777804161.176625175 Cached:           381276 kB
1777804161.176625175 SwapCached:            0 kB
1777804161.176625175 Active:           387404 kB
1777804161.176625175 Inactive:         104860 kB
1777804161.176625175 Active(anon):      86128 kB
1777804161.176625175 Inactive(anon):        0 kB
1777804161.176625175 Active(file):     301276 kB
1777804161.176625175 Inactive(file):   104860 kB
1777804161.176625175 Unevictable:           0 kB
1777804161.176625175 Mlocked:               0 kB
1777804161.176625175 SwapTotal:             0 kB
1777804161.176625175 SwapFree:              0 kB
1777804161.176625175 Zswap:                 0 kB
1777804161.176625175 Zswapped:              0 kB
1777804161.176625175 Dirty:               124 kB
1777804161.176625175 Writeback:             0 kB
1777804161.176625175 AnonPages:         82804 kB
1777804161.176625175 Mapped:            89360 kB
1777804161.176625175 Shmem:              3452 kB
1777804161.176625175 KReclaimable:      28216 kB
1777804161.176625175 Slab:             114932 kB
1777804161.176625175 SReclaimable:      28216 kB
1777804161.176625175 SUnreclaim:        86716 kB
1777804161.176625175 KernelStack:        2992 kB
1777804161.176625175 PageTables:         3480 kB
1777804161.176625175 SecPageTables:         0 kB
1777804161.176625175 NFS_Unstable:          0 kB
1777804161.176625175 Bounce:                0 kB
1777804161.176625175 WritebackTmp:          0 kB
1777804161.176625175 CommitLimit:     3537964 kB
1777804161.176625175 Committed_AS:     402964 kB
1777804161.176625175 VmallocTotal:   135288315904 kB
1777804161.176625175 VmallocUsed:       18736 kB
1777804161.176625175 VmallocChunk:          0 kB
1777804161.176625175 Percpu:             1456 kB
1777804161.176625175 AnonHugePages:         0 kB
1777804161.176625175 ShmemHugePages:        0 kB
1777804161.176625175 ShmemPmdMapped:        0 kB
1777804161.176625175 FileHugePages:         0 kB
1777804161.176625175 FilePmdMapped:         0 kB
1777804161.176625175 CmaTotal:          65536 kB
1777804161.176625175 CmaFree:           49128 kB
1777804161.176625175 Balloon:               0 kB
1777804161.176625175 HugePages_Total:     512
1777804161.176625175 HugePages_Free:      512
1777804161.176625175 HugePages_Rsvd:        0
1777804161.176625175 HugePages_Surp:        0
1777804161.176625175 Hugepagesize:       2048 kB
1777804161.176625175 Hugetlb:         1048576 kB
1777804162.183918136 MemTotal:        8124504 kB
1777804162.183918136 MemFree:         6390312 kB
1777804162.183918136 MemAvailable:    6670800 kB
1777804162.183918136 Buffers:           28232 kB
1777804162.183918136 Cached:           381276 kB
1777804162.183918136 SwapCached:            0 kB
1777804162.183918136 Active:           387512 kB
1777804162.183918136 Inactive:         104864 kB
1777804162.183918136 Active(anon):      86236 kB
1777804162.183918136 Inactive(anon):        0 kB
1777804162.183918136 Active(file):     301276 kB
1777804162.183918136 Inactive(file):   104864 kB
1777804162.183918136 Unevictable:           0 kB
1777804162.183918136 Mlocked:               0 kB
1777804162.183918136 SwapTotal:             0 kB
1777804162.183918136 SwapFree:              0 kB
1777804162.183918136 Zswap:                 0 kB
1777804162.183918136 Zswapped:              0 kB
1777804162.183918136 Dirty:               124 kB
1777804162.183918136 Writeback:             0 kB
1777804162.183918136 AnonPages:         82760 kB
1777804162.183918136 Mapped:            89360 kB
1777804162.183918136 Shmem:              3452 kB
1777804162.183918136 KReclaimable:      28216 kB
1777804162.183918136 Slab:             114924 kB
1777804162.183918136 SReclaimable:      28216 kB
1777804162.183918136 SUnreclaim:        86708 kB
1777804162.183918136 KernelStack:        2992 kB
1777804162.183918136 PageTables:         3500 kB
1777804162.183918136 SecPageTables:         0 kB
1777804162.183918136 NFS_Unstable:          0 kB
1777804162.183918136 Bounce:                0 kB
1777804162.183918136 WritebackTmp:          0 kB
1777804162.183918136 CommitLimit:     3537964 kB
1777804162.183918136 Committed_AS:     402964 kB
1777804162.183918136 VmallocTotal:   135288315904 kB
1777804162.183918136 VmallocUsed:       18720 kB
1777804162.183918136 VmallocChunk:          0 kB
1777804162.183918136 Percpu:             1456 kB
1777804162.183918136 AnonHugePages:         0 kB
1777804162.183918136 ShmemHugePages:        0 kB
1777804162.183918136 ShmemPmdMapped:        0 kB
1777804162.183918136 FileHugePages:         0 kB
1777804162.183918136 FilePmdMapped:         0 kB
1777804162.183918136 CmaTotal:          65536 kB
1777804162.183918136 CmaFree:           49128 kB
1777804162.183918136 Balloon:               0 kB
1777804162.183918136 HugePages_Total:     512
1777804162.183918136 HugePages_Free:      512
1777804162.183918136 HugePages_Rsvd:        0
1777804162.183918136 HugePages_Surp:        0
1777804162.183918136 Hugepagesize:       2048 kB
1777804162.183918136 Hugetlb:         1048576 kB
1777804163.191196097 MemTotal:        8124504 kB
1777804163.191196097 MemFree:         6390660 kB
1777804163.191196097 MemAvailable:    6671156 kB
1777804163.191196097 Buffers:           28232 kB
1777804163.191196097 Cached:           381288 kB
1777804163.191196097 SwapCached:            0 kB
1777804163.191196097 Active:           387400 kB
1777804163.191196097 Inactive:         104876 kB
1777804163.191196097 Active(anon):      86128 kB
1777804163.191196097 Inactive(anon):        0 kB
1777804163.191196097 Active(file):     301272 kB
1777804163.191196097 Inactive(file):   104876 kB
1777804163.191196097 Unevictable:           0 kB
1777804163.191196097 Mlocked:               0 kB
1777804163.191196097 SwapTotal:             0 kB
1777804163.191196097 SwapFree:              0 kB
1777804163.191196097 Zswap:                 0 kB
1777804163.191196097 Zswapped:              0 kB
1777804163.191196097 Dirty:               136 kB
1777804163.191196097 Writeback:             0 kB
1777804163.191196097 AnonPages:         82796 kB
1777804163.191196097 Mapped:            89360 kB
1777804163.191196097 Shmem:              3452 kB
1777804163.191196097 KReclaimable:      28216 kB
1777804163.191196097 Slab:             114940 kB
1777804163.191196097 SReclaimable:      28216 kB
1777804163.191196097 SUnreclaim:        86724 kB
1777804163.191196097 KernelStack:        2992 kB
1777804163.191196097 PageTables:         3404 kB
1777804163.191196097 SecPageTables:         0 kB
1777804163.191196097 NFS_Unstable:          0 kB
1777804163.191196097 Bounce:                0 kB
1777804163.191196097 WritebackTmp:          0 kB
1777804163.191196097 CommitLimit:     3537964 kB
1777804163.191196097 Committed_AS:     402964 kB
1777804163.191196097 VmallocTotal:   135288315904 kB
1777804163.191196097 VmallocUsed:       18704 kB
1777804163.191196097 VmallocChunk:          0 kB
1777804163.191196097 Percpu:             1456 kB
1777804163.191196097 AnonHugePages:         0 kB
1777804163.191196097 ShmemHugePages:        0 kB
1777804163.191196097 ShmemPmdMapped:        0 kB
1777804163.191196097 FileHugePages:         0 kB
1777804163.191196097 FilePmdMapped:         0 kB
1777804163.191196097 CmaTotal:          65536 kB
1777804163.191196097 CmaFree:           49128 kB
1777804163.191196097 Balloon:               0 kB
1777804163.191196097 HugePages_Total:     512
1777804163.191196097 HugePages_Free:      512
1777804163.191196097 HugePages_Rsvd:        0
1777804163.191196097 HugePages_Surp:        0
1777804163.191196097 Hugepagesize:       2048 kB
1777804163.191196097 Hugetlb:         1048576 kB
1777804164.198504428 MemTotal:        8124504 kB
1777804164.198504428 MemFree:         6391964 kB
1777804164.198504428 MemAvailable:    6672460 kB
1777804164.198504428 Buffers:           28232 kB
1777804164.198504428 Cached:           381292 kB
1777804164.198504428 SwapCached:            0 kB
1777804164.198504428 Active:           387324 kB
1777804164.198504428 Inactive:         104880 kB
1777804164.198504428 Active(anon):      86056 kB
1777804164.198504428 Inactive(anon):        0 kB
1777804164.198504428 Active(file):     301268 kB
1777804164.198504428 Inactive(file):   104880 kB
1777804164.198504428 Unevictable:           0 kB
1777804164.198504428 Mlocked:               0 kB
1777804164.198504428 SwapTotal:             0 kB
1777804164.198504428 SwapFree:              0 kB
1777804164.198504428 Zswap:                 0 kB
1777804164.198504428 Zswapped:              0 kB
1777804164.198504428 Dirty:               140 kB
1777804164.198504428 Writeback:             0 kB
1777804164.198504428 AnonPages:         82716 kB
1777804164.198504428 Mapped:            89320 kB
1777804164.198504428 Shmem:              3452 kB
1777804164.198504428 KReclaimable:      28216 kB
1777804164.198504428 Slab:             114936 kB
1777804164.198504428 SReclaimable:      28216 kB
1777804164.198504428 SUnreclaim:        86720 kB
1777804164.198504428 KernelStack:        2976 kB
1777804164.198504428 PageTables:         3412 kB
1777804164.198504428 SecPageTables:         0 kB
1777804164.198504428 NFS_Unstable:          0 kB
1777804164.198504428 Bounce:                0 kB
1777804164.198504428 WritebackTmp:          0 kB
1777804164.198504428 CommitLimit:     3537964 kB
1777804164.198504428 Committed_AS:     402964 kB
1777804164.198504428 VmallocTotal:   135288315904 kB
1777804164.198504428 VmallocUsed:       18704 kB
1777804164.198504428 VmallocChunk:          0 kB
1777804164.198504428 Percpu:             1456 kB
1777804164.198504428 AnonHugePages:         0 kB
1777804164.198504428 ShmemHugePages:        0 kB
1777804164.198504428 ShmemPmdMapped:        0 kB
1777804164.198504428 FileHugePages:         0 kB
1777804164.198504428 FilePmdMapped:         0 kB
1777804164.198504428 CmaTotal:          65536 kB
1777804164.198504428 CmaFree:           49128 kB
1777804164.198504428 Balloon:               0 kB
1777804164.198504428 HugePages_Total:     512
1777804164.198504428 HugePages_Free:      512
1777804164.198504428 HugePages_Rsvd:        0
1777804164.198504428 HugePages_Surp:        0
1777804164.198504428 Hugepagesize:       2048 kB
1777804164.198504428 Hugetlb:         1048576 kB
1777804165.205887297 MemTotal:        8124504 kB
1777804165.205887297 MemFree:         6391568 kB
1777804165.205887297 MemAvailable:    6672068 kB
1777804165.205887297 Buffers:           28232 kB
1777804165.205887297 Cached:           381296 kB
1777804165.205887297 SwapCached:            0 kB
1777804165.205887297 Active:           387396 kB
1777804165.205887297 Inactive:         104880 kB
1777804165.205887297 Active(anon):      86124 kB
1777804165.205887297 Inactive(anon):        0 kB
1777804165.205887297 Active(file):     301272 kB
1777804165.205887297 Inactive(file):   104880 kB
1777804165.205887297 Unevictable:           0 kB
1777804165.205887297 Mlocked:               0 kB
1777804165.205887297 SwapTotal:             0 kB
1777804165.205887297 SwapFree:              0 kB
1777804165.205887297 Zswap:                 0 kB
1777804165.205887297 Zswapped:              0 kB
1777804165.205887297 Dirty:               144 kB
1777804165.205887297 Writeback:             0 kB
1777804165.205887297 AnonPages:         82800 kB
1777804165.205887297 Mapped:            89360 kB
1777804165.205887297 Shmem:              3452 kB
1777804165.205887297 KReclaimable:      28216 kB
1777804165.205887297 Slab:             114944 kB
1777804165.205887297 SReclaimable:      28216 kB
1777804165.205887297 SUnreclaim:        86728 kB
1777804165.205887297 KernelStack:        2992 kB
1777804165.205887297 PageTables:         3412 kB
1777804165.205887297 SecPageTables:         0 kB
1777804165.205887297 NFS_Unstable:          0 kB
1777804165.205887297 Bounce:                0 kB
1777804165.205887297 WritebackTmp:          0 kB
1777804165.205887297 CommitLimit:     3537964 kB
1777804165.205887297 Committed_AS:     402964 kB
1777804165.205887297 VmallocTotal:   135288315904 kB
1777804165.205887297 VmallocUsed:       18720 kB
1777804165.205887297 VmallocChunk:          0 kB
1777804165.205887297 Percpu:             1456 kB
1777804165.205887297 AnonHugePages:         0 kB
1777804165.205887297 ShmemHugePages:        0 kB
1777804165.205887297 ShmemPmdMapped:        0 kB
1777804165.205887297 FileHugePages:         0 kB
1777804165.205887297 FilePmdMapped:         0 kB
1777804165.205887297 CmaTotal:          65536 kB
1777804165.205887297 CmaFree:           49128 kB
1777804165.205887297 Balloon:               0 kB
1777804165.205887297 HugePages_Total:     512
1777804165.205887297 HugePages_Free:      512
1777804165.205887297 HugePages_Rsvd:        0
1777804165.205887297 HugePages_Surp:        0
1777804165.205887297 Hugepagesize:       2048 kB
1777804165.205887297 Hugetlb:         1048576 kB
1777804166.213279333 MemTotal:        8124504 kB
1777804166.213279333 MemFree:         6389868 kB
1777804166.213279333 MemAvailable:    6670380 kB
1777804166.213279333 Buffers:           28240 kB
1777804166.213279333 Cached:           381300 kB
1777804166.213279333 SwapCached:            0 kB
1777804166.213279333 Active:           387400 kB
1777804166.213279333 Inactive:         104896 kB
1777804166.213279333 Active(anon):      86132 kB
1777804166.213279333 Inactive(anon):        0 kB
1777804166.213279333 Active(file):     301268 kB
1777804166.213279333 Inactive(file):   104896 kB
1777804166.213279333 Unevictable:           0 kB
1777804166.213279333 Mlocked:               0 kB
1777804166.213279333 SwapTotal:             0 kB
1777804166.213279333 SwapFree:              0 kB
1777804166.213279333 Zswap:                 0 kB
1777804166.213279333 Zswapped:              0 kB
1777804166.213279333 Dirty:               148 kB
1777804166.213279333 Writeback:             0 kB
1777804166.213279333 AnonPages:         82792 kB
1777804166.213279333 Mapped:            89360 kB
1777804166.213279333 Shmem:              3452 kB
1777804166.213279333 KReclaimable:      28216 kB
1777804166.213279333 Slab:             114936 kB
1777804166.213279333 SReclaimable:      28216 kB
1777804166.213279333 SUnreclaim:        86720 kB
1777804166.213279333 KernelStack:        2992 kB
1777804166.213279333 PageTables:         3416 kB
1777804166.213279333 SecPageTables:         0 kB
1777804166.213279333 NFS_Unstable:          0 kB
1777804166.213279333 Bounce:                0 kB
1777804166.213279333 WritebackTmp:          0 kB
1777804166.213279333 CommitLimit:     3537964 kB
1777804166.213279333 Committed_AS:     402964 kB
1777804166.213279333 VmallocTotal:   135288315904 kB
1777804166.213279333 VmallocUsed:       18736 kB
1777804166.213279333 VmallocChunk:          0 kB
1777804166.213279333 Percpu:             1456 kB
1777804166.213279333 AnonHugePages:         0 kB
1777804166.213279333 ShmemHugePages:        0 kB
1777804166.213279333 ShmemPmdMapped:        0 kB
1777804166.213279333 FileHugePages:         0 kB
1777804166.213279333 FilePmdMapped:         0 kB
1777804166.213279333 CmaTotal:          65536 kB
1777804166.213279333 CmaFree:           49128 kB
1777804166.213279333 Balloon:               0 kB
1777804166.213279333 HugePages_Total:     512
1777804166.213279333 HugePages_Free:      512
1777804166.213279333 HugePages_Rsvd:        0
1777804166.213279333 HugePages_Surp:        0
1777804166.213279333 Hugepagesize:       2048 kB
1777804166.213279333 Hugetlb:         1048576 kB
1777804167.220484460 MemTotal:        8124504 kB
1777804167.220484460 MemFree:         6392752 kB
1777804167.220484460 MemAvailable:    6673268 kB
1777804167.220484460 Buffers:           28240 kB
1777804167.220484460 Cached:           381304 kB
1777804167.220484460 SwapCached:            0 kB
1777804167.220484460 Active:           387340 kB
1777804167.220484460 Inactive:         104900 kB
1777804167.220484460 Active(anon):      86072 kB
1777804167.220484460 Inactive(anon):        0 kB
1777804167.220484460 Active(file):     301268 kB
1777804167.220484460 Inactive(file):   104900 kB
1777804167.220484460 Unevictable:           0 kB
1777804167.220484460 Mlocked:               0 kB
1777804167.220484460 SwapTotal:             0 kB
1777804167.220484460 SwapFree:              0 kB
1777804167.220484460 Zswap:                 0 kB
1777804167.220484460 Zswapped:              0 kB
1777804167.220484460 Dirty:               152 kB
1777804167.220484460 Writeback:             0 kB
1777804167.220484460 AnonPages:         82716 kB
1777804167.220484460 Mapped:            89320 kB
1777804167.220484460 Shmem:              3452 kB
1777804167.220484460 KReclaimable:      28216 kB
1777804167.220484460 Slab:             114944 kB
1777804167.220484460 SReclaimable:      28216 kB
1777804167.220484460 SUnreclaim:        86728 kB
1777804167.220484460 KernelStack:        2976 kB
1777804167.220484460 PageTables:         3412 kB
1777804167.220484460 SecPageTables:         0 kB
1777804167.220484460 NFS_Unstable:          0 kB
1777804167.220484460 Bounce:                0 kB
1777804167.220484460 WritebackTmp:          0 kB
1777804167.220484460 CommitLimit:     3537964 kB
1777804167.220484460 Committed_AS:     402964 kB
1777804167.220484460 VmallocTotal:   135288315904 kB
1777804167.220484460 VmallocUsed:       18704 kB
1777804167.220484460 VmallocChunk:          0 kB
1777804167.220484460 Percpu:             1456 kB
1777804167.220484460 AnonHugePages:         0 kB
1777804167.220484460 ShmemHugePages:        0 kB
1777804167.220484460 ShmemPmdMapped:        0 kB
1777804167.220484460 FileHugePages:         0 kB
1777804167.220484460 FilePmdMapped:         0 kB
1777804167.220484460 CmaTotal:          65536 kB
1777804167.220484460 CmaFree:           49128 kB
1777804167.220484460 Balloon:               0 kB
1777804167.220484460 HugePages_Total:     512
1777804167.220484460 HugePages_Free:      512
1777804167.220484460 HugePages_Rsvd:        0
1777804167.220484460 HugePages_Surp:        0
1777804167.220484460 Hugepagesize:       2048 kB
1777804167.220484460 Hugetlb:         1048576 kB
1777804168.227811792 MemTotal:        8124504 kB
1777804168.227811792 MemFree:         6390220 kB
1777804168.227811792 MemAvailable:    6670744 kB
1777804168.227811792 Buffers:           28240 kB
1777804168.227811792 Cached:           381312 kB
1777804168.227811792 SwapCached:            0 kB
1777804168.227811792 Active:           387428 kB
1777804168.227811792 Inactive:         104904 kB
1777804168.227811792 Active(anon):      86156 kB
1777804168.227811792 Inactive(anon):        0 kB
1777804168.227811792 Active(file):     301272 kB
1777804168.227811792 Inactive(file):   104904 kB
1777804168.227811792 Unevictable:           0 kB
1777804168.227811792 Mlocked:               0 kB
1777804168.227811792 SwapTotal:             0 kB
1777804168.227811792 SwapFree:              0 kB
1777804168.227811792 Zswap:                 0 kB
1777804168.227811792 Zswapped:              0 kB
1777804168.227811792 Dirty:               160 kB
1777804168.227811792 Writeback:             0 kB
1777804168.227811792 AnonPages:         82804 kB
1777804168.227811792 Mapped:            89360 kB
1777804168.227811792 Shmem:              3452 kB
1777804168.227811792 KReclaimable:      28216 kB
1777804168.227811792 Slab:             114948 kB
1777804168.227811792 SReclaimable:      28216 kB
1777804168.227811792 SUnreclaim:        86732 kB
1777804168.227811792 KernelStack:        2992 kB
1777804168.227811792 PageTables:         3408 kB
1777804168.227811792 SecPageTables:         0 kB
1777804168.227811792 NFS_Unstable:          0 kB
1777804168.227811792 Bounce:                0 kB
1777804168.227811792 WritebackTmp:          0 kB
1777804168.227811792 CommitLimit:     3537964 kB
1777804168.227811792 Committed_AS:     402964 kB
1777804168.227811792 VmallocTotal:   135288315904 kB
1777804168.227811792 VmallocUsed:       18688 kB
1777804168.227811792 VmallocChunk:          0 kB
1777804168.227811792 Percpu:             1456 kB
1777804168.227811792 AnonHugePages:         0 kB
1777804168.227811792 ShmemHugePages:        0 kB
1777804168.227811792 ShmemPmdMapped:        0 kB
1777804168.227811792 FileHugePages:         0 kB
1777804168.227811792 FilePmdMapped:         0 kB
1777804168.227811792 CmaTotal:          65536 kB
1777804168.227811792 CmaFree:           49128 kB
1777804168.227811792 Balloon:               0 kB
1777804168.227811792 HugePages_Total:     512
1777804168.227811792 HugePages_Free:      512
1777804168.227811792 HugePages_Rsvd:        0
1777804168.227811792 HugePages_Surp:        0
1777804168.227811792 Hugepagesize:       2048 kB
1777804168.227811792 Hugetlb:         1048576 kB
1777804169.235121253 MemTotal:        8124504 kB
1777804169.235121253 MemFree:         6389584 kB
1777804169.235121253 MemAvailable:    6670116 kB
1777804169.235121253 Buffers:           28240 kB
1777804169.235121253 Cached:           381320 kB
1777804169.235121253 SwapCached:            0 kB
1777804169.235121253 Active:           387408 kB
1777804169.235121253 Inactive:         104912 kB
1777804169.235121253 Active(anon):      86136 kB
1777804169.235121253 Inactive(anon):        0 kB
1777804169.235121253 Active(file):     301272 kB
1777804169.235121253 Inactive(file):   104912 kB
1777804169.235121253 Unevictable:           0 kB
1777804169.235121253 Mlocked:               0 kB
1777804169.235121253 SwapTotal:             0 kB
1777804169.235121253 SwapFree:              0 kB
1777804169.235121253 Zswap:                 0 kB
1777804169.235121253 Zswapped:              0 kB
1777804169.235121253 Dirty:               168 kB
1777804169.235121253 Writeback:             0 kB
1777804169.235121253 AnonPages:         82804 kB
1777804169.235121253 Mapped:            89360 kB
1777804169.235121253 Shmem:              3452 kB
1777804169.235121253 KReclaimable:      28216 kB
1777804169.235121253 Slab:             114944 kB
1777804169.235121253 SReclaimable:      28216 kB
1777804169.235121253 SUnreclaim:        86728 kB
1777804169.235121253 KernelStack:        2992 kB
1777804169.235121253 PageTables:         3428 kB
1777804169.235121253 SecPageTables:         0 kB
1777804169.235121253 NFS_Unstable:          0 kB
1777804169.235121253 Bounce:                0 kB
1777804169.235121253 WritebackTmp:          0 kB
1777804169.235121253 CommitLimit:     3537964 kB
1777804169.235121253 Committed_AS:     402964 kB
1777804169.235121253 VmallocTotal:   135288315904 kB
1777804169.235121253 VmallocUsed:       18704 kB
1777804169.235121253 VmallocChunk:          0 kB
1777804169.235121253 Percpu:             1456 kB
1777804169.235121253 AnonHugePages:         0 kB
1777804169.235121253 ShmemHugePages:        0 kB
1777804169.235121253 ShmemPmdMapped:        0 kB
1777804169.235121253 FileHugePages:         0 kB
1777804169.235121253 FilePmdMapped:         0 kB
1777804169.235121253 CmaTotal:          65536 kB
1777804169.235121253 CmaFree:           49128 kB
1777804169.235121253 Balloon:               0 kB
1777804169.235121253 HugePages_Total:     512
1777804169.235121253 HugePages_Free:      512
1777804169.235121253 HugePages_Rsvd:        0
1777804169.235121253 HugePages_Surp:        0
1777804169.235121253 Hugepagesize:       2048 kB
1777804169.235121253 Hugetlb:         1048576 kB
1777804170.242349713 MemTotal:        8124504 kB
1777804170.242349713 MemFree:         6390544 kB
1777804170.242349713 MemAvailable:    6671076 kB
1777804170.242349713 Buffers:           28240 kB
1777804170.242349713 Cached:           381320 kB
1777804170.242349713 SwapCached:            0 kB
1777804170.242349713 Active:           387268 kB
1777804170.242349713 Inactive:         104916 kB
1777804170.242349713 Active(anon):      86000 kB
1777804170.242349713 Inactive(anon):        0 kB
1777804170.242349713 Active(file):     301268 kB
1777804170.242349713 Inactive(file):   104916 kB
1777804170.242349713 Unevictable:           0 kB
1777804170.242349713 Mlocked:               0 kB
1777804170.242349713 SwapTotal:             0 kB
1777804170.242349713 SwapFree:              0 kB
1777804170.242349713 Zswap:                 0 kB
1777804170.242349713 Zswapped:              0 kB
1777804170.242349713 Dirty:               168 kB
1777804170.242349713 Writeback:             0 kB
1777804170.242349713 AnonPages:         82772 kB
1777804170.242349713 Mapped:            89320 kB
1777804170.242349713 Shmem:              3452 kB
1777804170.242349713 KReclaimable:      28216 kB
1777804170.242349713 Slab:             114932 kB
1777804170.242349713 SReclaimable:      28216 kB
1777804170.242349713 SUnreclaim:        86716 kB
1777804170.242349713 KernelStack:        2976 kB
1777804170.242349713 PageTables:         3500 kB
1777804170.242349713 SecPageTables:         0 kB
1777804170.242349713 NFS_Unstable:          0 kB
1777804170.242349713 Bounce:                0 kB
1777804170.242349713 WritebackTmp:          0 kB
1777804170.242349713 CommitLimit:     3537964 kB
1777804170.242349713 Committed_AS:     402964 kB
1777804170.242349713 VmallocTotal:   135288315904 kB
1777804170.242349713 VmallocUsed:       18704 kB
1777804170.242349713 VmallocChunk:          0 kB
1777804170.242349713 Percpu:             1456 kB
1777804170.242349713 AnonHugePages:         0 kB
1777804170.242349713 ShmemHugePages:        0 kB
1777804170.242349713 ShmemPmdMapped:        0 kB
1777804170.242349713 FileHugePages:         0 kB
1777804170.242349713 FilePmdMapped:         0 kB
1777804170.242349713 CmaTotal:          65536 kB
1777804170.242349713 CmaFree:           49128 kB
1777804170.242349713 Balloon:               0 kB
1777804170.242349713 HugePages_Total:     512
1777804170.242349713 HugePages_Free:      512
1777804170.242349713 HugePages_Rsvd:        0
1777804170.242349713 HugePages_Surp:        0
1777804170.242349713 Hugepagesize:       2048 kB
1777804170.242349713 Hugetlb:         1048576 kB
1777804171.249673230 MemTotal:        8124504 kB
1777804171.249673230 MemFree:         6388932 kB
1777804171.249673230 MemAvailable:    6669468 kB
1777804171.249673230 Buffers:           28248 kB
1777804171.249673230 Cached:           381324 kB
1777804171.249673230 SwapCached:            0 kB
1777804171.249673230 Active:           387296 kB
1777804171.249673230 Inactive:         104920 kB
1777804171.249673230 Active(anon):      86028 kB
1777804171.249673230 Inactive(anon):        0 kB
1777804171.249673230 Active(file):     301268 kB
1777804171.249673230 Inactive(file):   104920 kB
1777804171.249673230 Unevictable:           0 kB
1777804171.249673230 Mlocked:               0 kB
1777804171.249673230 SwapTotal:             0 kB
1777804171.249673230 SwapFree:              0 kB
1777804171.249673230 Zswap:                 0 kB
1777804171.249673230 Zswapped:              0 kB
1777804171.249673230 Dirty:               172 kB
1777804171.249673230 Writeback:             0 kB
1777804171.249673230 AnonPages:         82804 kB
1777804171.249673230 Mapped:            89320 kB
1777804171.249673230 Shmem:              3452 kB
1777804171.249673230 KReclaimable:      28216 kB
1777804171.249673230 Slab:             114972 kB
1777804171.249673230 SReclaimable:      28216 kB
1777804171.249673230 SUnreclaim:        86756 kB
1777804171.249673230 KernelStack:        2992 kB
1777804171.249673230 PageTables:         3420 kB
1777804171.249673230 SecPageTables:         0 kB
1777804171.249673230 NFS_Unstable:          0 kB
1777804171.249673230 Bounce:                0 kB
1777804171.249673230 WritebackTmp:          0 kB
1777804171.249673230 CommitLimit:     3537964 kB
1777804171.249673230 Committed_AS:     402964 kB
1777804171.249673230 VmallocTotal:   135288315904 kB
1777804171.249673230 VmallocUsed:       18704 kB
1777804171.249673230 VmallocChunk:          0 kB
1777804171.249673230 Percpu:             1456 kB
1777804171.249673230 AnonHugePages:         0 kB
1777804171.249673230 ShmemHugePages:        0 kB
1777804171.249673230 ShmemPmdMapped:        0 kB
1777804171.249673230 FileHugePages:         0 kB
1777804171.249673230 FilePmdMapped:         0 kB
1777804171.249673230 CmaTotal:          65536 kB
1777804171.249673230 CmaFree:           49128 kB
1777804171.249673230 Balloon:               0 kB
1777804171.249673230 HugePages_Total:     512
1777804171.249673230 HugePages_Free:      512
1777804171.249673230 HugePages_Rsvd:        0
1777804171.249673230 HugePages_Surp:        0
1777804171.249673230 Hugepagesize:       2048 kB
1777804171.249673230 Hugetlb:         1048576 kB
1777804172.257056414 MemTotal:        8124504 kB
1777804172.257056414 MemFree:         6388176 kB
1777804172.257056414 MemAvailable:    6668728 kB
1777804172.257056414 Buffers:           28248 kB
1777804172.257056414 Cached:           381328 kB
1777804172.257056414 SwapCached:            0 kB
1777804172.257056414 Active:           387512 kB
1777804172.257056414 Inactive:         104932 kB
1777804172.257056414 Active(anon):      86240 kB
1777804172.257056414 Inactive(anon):        0 kB
1777804172.257056414 Active(file):     301272 kB
1777804172.257056414 Inactive(file):   104932 kB
1777804172.257056414 Unevictable:           0 kB
1777804172.257056414 Mlocked:               0 kB
1777804172.257056414 SwapTotal:             0 kB
1777804172.257056414 SwapFree:              0 kB
1777804172.257056414 Zswap:                 0 kB
1777804172.257056414 Zswapped:              0 kB
1777804172.257056414 Dirty:                 8 kB
1777804172.257056414 Writeback:             0 kB
1777804172.257056414 AnonPages:         82796 kB
1777804172.257056414 Mapped:            89360 kB
1777804172.257056414 Shmem:              3452 kB
1777804172.257056414 KReclaimable:      28216 kB
1777804172.257056414 Slab:             114944 kB
1777804172.257056414 SReclaimable:      28216 kB
1777804172.257056414 SUnreclaim:        86728 kB
1777804172.257056414 KernelStack:        2992 kB
1777804172.257056414 PageTables:         3424 kB
1777804172.257056414 SecPageTables:         0 kB
1777804172.257056414 NFS_Unstable:          0 kB
1777804172.257056414 Bounce:                0 kB
1777804172.257056414 WritebackTmp:          0 kB
1777804172.257056414 CommitLimit:     3537964 kB
1777804172.257056414 Committed_AS:     402964 kB
1777804172.257056414 VmallocTotal:   135288315904 kB
1777804172.257056414 VmallocUsed:       18704 kB
1777804172.257056414 VmallocChunk:          0 kB
1777804172.257056414 Percpu:             1456 kB
1777804172.257056414 AnonHugePages:         0 kB
1777804172.257056414 ShmemHugePages:        0 kB
1777804172.257056414 ShmemPmdMapped:        0 kB
1777804172.257056414 FileHugePages:         0 kB
1777804172.257056414 FilePmdMapped:         0 kB
1777804172.257056414 CmaTotal:          65536 kB
1777804172.257056414 CmaFree:           49128 kB
1777804172.257056414 Balloon:               0 kB
1777804172.257056414 HugePages_Total:     512
1777804172.257056414 HugePages_Free:      512
1777804172.257056414 HugePages_Rsvd:        0
1777804172.257056414 HugePages_Surp:        0
1777804172.257056414 Hugepagesize:       2048 kB
1777804172.257056414 Hugetlb:         1048576 kB
1777804173.264415912 MemTotal:        8124504 kB
1777804173.264415912 MemFree:         6387936 kB
1777804173.264415912 MemAvailable:    6668492 kB
1777804173.264415912 Buffers:           28248 kB
1777804173.264415912 Cached:           381332 kB
1777804173.264415912 SwapCached:            0 kB
1777804173.264415912 Active:           387424 kB
1777804173.264415912 Inactive:         104936 kB
1777804173.264415912 Active(anon):      86152 kB
1777804173.264415912 Inactive(anon):        0 kB
1777804173.264415912 Active(file):     301272 kB
1777804173.264415912 Inactive(file):   104936 kB
1777804173.264415912 Unevictable:           0 kB
1777804173.264415912 Mlocked:               0 kB
1777804173.264415912 SwapTotal:             0 kB
1777804173.264415912 SwapFree:              0 kB
1777804173.264415912 Zswap:                 0 kB
1777804173.264415912 Zswapped:              0 kB
1777804173.264415912 Dirty:                32 kB
1777804173.264415912 Writeback:             0 kB
1777804173.264415912 AnonPages:         82796 kB
1777804173.264415912 Mapped:            89360 kB
1777804173.264415912 Shmem:              3452 kB
1777804173.264415912 KReclaimable:      28216 kB
1777804173.264415912 Slab:             114960 kB
1777804173.264415912 SReclaimable:      28216 kB
1777804173.264415912 SUnreclaim:        86744 kB
1777804173.264415912 KernelStack:        2992 kB
1777804173.264415912 PageTables:         3412 kB
1777804173.264415912 SecPageTables:         0 kB
1777804173.264415912 NFS_Unstable:          0 kB
1777804173.264415912 Bounce:                0 kB
1777804173.264415912 WritebackTmp:          0 kB
1777804173.264415912 CommitLimit:     3537964 kB
1777804173.264415912 Committed_AS:     402964 kB
1777804173.264415912 VmallocTotal:   135288315904 kB
1777804173.264415912 VmallocUsed:       18704 kB
1777804173.264415912 VmallocChunk:          0 kB
1777804173.264415912 Percpu:             1456 kB
1777804173.264415912 AnonHugePages:         0 kB
1777804173.264415912 ShmemHugePages:        0 kB
1777804173.264415912 ShmemPmdMapped:        0 kB
1777804173.264415912 FileHugePages:         0 kB
1777804173.264415912 FilePmdMapped:         0 kB
1777804173.264415912 CmaTotal:          65536 kB
1777804173.264415912 CmaFree:           49128 kB
1777804173.264415912 Balloon:               0 kB
1777804173.264415912 HugePages_Total:     512
1777804173.264415912 HugePages_Free:      512
1777804173.264415912 HugePages_Rsvd:        0
1777804173.264415912 HugePages_Surp:        0
1777804173.264415912 Hugepagesize:       2048 kB
1777804173.264415912 Hugetlb:         1048576 kB
1777804174.271663336 MemTotal:        8124504 kB
1777804174.271663336 MemFree:         6389508 kB
1777804174.271663336 MemAvailable:    6670072 kB
1777804174.271663336 Buffers:           28248 kB
1777804174.271663336 Cached:           381340 kB
1777804174.271663336 SwapCached:            0 kB
1777804174.271663336 Active:           387380 kB
1777804174.271663336 Inactive:         104944 kB
1777804174.271663336 Active(anon):      86108 kB
1777804174.271663336 Inactive(anon):        0 kB
1777804174.271663336 Active(file):     301272 kB
1777804174.271663336 Inactive(file):   104944 kB
1777804174.271663336 Unevictable:           0 kB
1777804174.271663336 Mlocked:               0 kB
1777804174.271663336 SwapTotal:             0 kB
1777804174.271663336 SwapFree:              0 kB
1777804174.271663336 Zswap:                 0 kB
1777804174.271663336 Zswapped:              0 kB
1777804174.271663336 Dirty:                40 kB
1777804174.271663336 Writeback:             0 kB
1777804174.271663336 AnonPages:         82796 kB
1777804174.271663336 Mapped:            89360 kB
1777804174.271663336 Shmem:              3452 kB
1777804174.271663336 KReclaimable:      28216 kB
1777804174.271663336 Slab:             114936 kB
1777804174.271663336 SReclaimable:      28216 kB
1777804174.271663336 SUnreclaim:        86720 kB
1777804174.271663336 KernelStack:        2992 kB
1777804174.271663336 PageTables:         3424 kB
1777804174.271663336 SecPageTables:         0 kB
1777804174.271663336 NFS_Unstable:          0 kB
1777804174.271663336 Bounce:                0 kB
1777804174.271663336 WritebackTmp:          0 kB
1777804174.271663336 CommitLimit:     3537964 kB
1777804174.271663336 Committed_AS:     402964 kB
1777804174.271663336 VmallocTotal:   135288315904 kB
1777804174.271663336 VmallocUsed:       18704 kB
1777804174.271663336 VmallocChunk:          0 kB
1777804174.271663336 Percpu:             1456 kB
1777804174.271663336 AnonHugePages:         0 kB
1777804174.271663336 ShmemHugePages:        0 kB
1777804174.271663336 ShmemPmdMapped:        0 kB
1777804174.271663336 FileHugePages:         0 kB
1777804174.271663336 FilePmdMapped:         0 kB
1777804174.271663336 CmaTotal:          65536 kB
1777804174.271663336 CmaFree:           49128 kB
1777804174.271663336 Balloon:               0 kB
1777804174.271663336 HugePages_Total:     512
1777804174.271663336 HugePages_Free:      512
1777804174.271663336 HugePages_Rsvd:        0
1777804174.271663336 HugePages_Surp:        0
1777804174.271663336 Hugepagesize:       2048 kB
1777804174.271663336 Hugetlb:         1048576 kB
1777804175.278835685 MemTotal:        8124504 kB
1777804175.278835685 MemFree:         6389928 kB
1777804175.278835685 MemAvailable:    6670496 kB
1777804175.278835685 Buffers:           28248 kB
1777804175.278835685 Cached:           381344 kB
1777804175.278835685 SwapCached:            0 kB
1777804175.278835685 Active:           387636 kB
1777804175.278835685 Inactive:         104948 kB
1777804175.278835685 Active(anon):      86364 kB
1777804175.278835685 Inactive(anon):        0 kB
1777804175.278835685 Active(file):     301272 kB
1777804175.278835685 Inactive(file):   104948 kB
1777804175.278835685 Unevictable:           0 kB
1777804175.278835685 Mlocked:               0 kB
1777804175.278835685 SwapTotal:             0 kB
1777804175.278835685 SwapFree:              0 kB
1777804175.278835685 Zswap:                 0 kB
1777804175.278835685 Zswapped:              0 kB
1777804175.278835685 Dirty:                44 kB
1777804175.278835685 Writeback:             0 kB
1777804175.278835685 AnonPages:         82788 kB
1777804175.278835685 Mapped:            89452 kB
1777804175.278835685 Shmem:              3452 kB
1777804175.278835685 KReclaimable:      28216 kB
1777804175.278835685 Slab:             114928 kB
1777804175.278835685 SReclaimable:      28216 kB
1777804175.278835685 SUnreclaim:        86712 kB
1777804175.278835685 KernelStack:        3056 kB
1777804175.278835685 PageTables:         3520 kB
1777804175.278835685 SecPageTables:         0 kB
1777804175.278835685 NFS_Unstable:          0 kB
1777804175.278835685 Bounce:                0 kB
1777804175.278835685 WritebackTmp:          0 kB
1777804175.278835685 CommitLimit:     3537964 kB
1777804175.278835685 Committed_AS:     402964 kB
1777804175.278835685 VmallocTotal:   135288315904 kB
1777804175.278835685 VmallocUsed:       18720 kB
1777804175.278835685 VmallocChunk:          0 kB
1777804175.278835685 Percpu:             1456 kB
1777804175.278835685 AnonHugePages:         0 kB
1777804175.278835685 ShmemHugePages:        0 kB
1777804175.278835685 ShmemPmdMapped:        0 kB
1777804175.278835685 FileHugePages:         0 kB
1777804175.278835685 FilePmdMapped:         0 kB
1777804175.278835685 CmaTotal:          65536 kB
1777804175.278835685 CmaFree:           49128 kB
1777804175.278835685 Balloon:               0 kB
1777804175.278835685 HugePages_Total:     512
1777804175.278835685 HugePages_Free:      512
1777804175.278835685 HugePages_Rsvd:        0
1777804175.278835685 HugePages_Surp:        0
1777804175.278835685 Hugepagesize:       2048 kB
1777804175.278835685 Hugetlb:         1048576 kB
1777804176.285959720 MemTotal:        8124504 kB
1777804176.285959720 MemFree:         6389108 kB
1777804176.285959720 MemAvailable:    6669688 kB
1777804176.285959720 Buffers:           28256 kB
1777804176.285959720 Cached:           381348 kB
1777804176.285959720 SwapCached:            0 kB
1777804176.285959720 Active:           387408 kB
1777804176.285959720 Inactive:         104960 kB
1777804176.285959720 Active(anon):      86140 kB
1777804176.285959720 Inactive(anon):        0 kB
1777804176.285959720 Active(file):     301268 kB
1777804176.285959720 Inactive(file):   104960 kB
1777804176.285959720 Unevictable:           0 kB
1777804176.285959720 Mlocked:               0 kB
1777804176.285959720 SwapTotal:             0 kB
1777804176.285959720 SwapFree:              0 kB
1777804176.285959720 Zswap:                 0 kB
1777804176.285959720 Zswapped:              0 kB
1777804176.285959720 Dirty:                60 kB
1777804176.285959720 Writeback:             0 kB
1777804176.285959720 AnonPages:         82840 kB
1777804176.285959720 Mapped:            89360 kB
1777804176.285959720 Shmem:              3452 kB
1777804176.285959720 KReclaimable:      28220 kB
1777804176.285959720 Slab:             114944 kB
1777804176.285959720 SReclaimable:      28220 kB
1777804176.285959720 SUnreclaim:        86724 kB
1777804176.285959720 KernelStack:        3008 kB
1777804176.285959720 PageTables:         3496 kB
1777804176.285959720 SecPageTables:         0 kB
1777804176.285959720 NFS_Unstable:          0 kB
1777804176.285959720 Bounce:                0 kB
1777804176.285959720 WritebackTmp:          0 kB
1777804176.285959720 CommitLimit:     3537964 kB
1777804176.285959720 Committed_AS:     402964 kB
1777804176.285959720 VmallocTotal:   135288315904 kB
1777804176.285959720 VmallocUsed:       18704 kB
1777804176.285959720 VmallocChunk:          0 kB
1777804176.285959720 Percpu:             1456 kB
1777804176.285959720 AnonHugePages:         0 kB
1777804176.285959720 ShmemHugePages:        0 kB
1777804176.285959720 ShmemPmdMapped:        0 kB
1777804176.285959720 FileHugePages:         0 kB
1777804176.285959720 FilePmdMapped:         0 kB
1777804176.285959720 CmaTotal:          65536 kB
1777804176.285959720 CmaFree:           49128 kB
1777804176.285959720 Balloon:               0 kB
1777804176.285959720 HugePages_Total:     512
1777804176.285959720 HugePages_Free:      512
1777804176.285959720 HugePages_Rsvd:        0
1777804176.285959720 HugePages_Surp:        0
1777804176.285959720 Hugepagesize:       2048 kB
1777804176.285959720 Hugetlb:         1048576 kB
1777804177.293223625 MemTotal:        8124504 kB
1777804177.293223625 MemFree:         6388804 kB
1777804177.293223625 MemAvailable:    6669392 kB
1777804177.293223625 Buffers:           28256 kB
1777804177.293223625 Cached:           381356 kB
1777804177.293223625 SwapCached:            0 kB
1777804177.293223625 Active:           387304 kB
1777804177.293223625 Inactive:         104968 kB
1777804177.293223625 Active(anon):      86036 kB
1777804177.293223625 Inactive(anon):        0 kB
1777804177.293223625 Active(file):     301268 kB
1777804177.293223625 Inactive(file):   104968 kB
1777804177.293223625 Unevictable:           0 kB
1777804177.293223625 Mlocked:               0 kB
1777804177.293223625 SwapTotal:             0 kB
1777804177.293223625 SwapFree:              0 kB
1777804177.293223625 Zswap:                 0 kB
1777804177.293223625 Zswapped:              0 kB
1777804177.293223625 Dirty:                68 kB
1777804177.293223625 Writeback:             0 kB
1777804177.293223625 AnonPages:         82804 kB
1777804177.293223625 Mapped:            89360 kB
1777804177.293223625 Shmem:              3452 kB
1777804177.293223625 KReclaimable:      28220 kB
1777804177.293223625 Slab:             114952 kB
1777804177.293223625 SReclaimable:      28220 kB
1777804177.293223625 SUnreclaim:        86732 kB
1777804177.293223625 KernelStack:        2992 kB
1777804177.293223625 PageTables:         3424 kB
1777804177.293223625 SecPageTables:         0 kB
1777804177.293223625 NFS_Unstable:          0 kB
1777804177.293223625 Bounce:                0 kB
1777804177.293223625 WritebackTmp:          0 kB
1777804177.293223625 CommitLimit:     3537964 kB
1777804177.293223625 Committed_AS:     402964 kB
1777804177.293223625 VmallocTotal:   135288315904 kB
1777804177.293223625 VmallocUsed:       18688 kB
1777804177.293223625 VmallocChunk:          0 kB
1777804177.293223625 Percpu:             1456 kB
1777804177.293223625 AnonHugePages:         0 kB
1777804177.293223625 ShmemHugePages:        0 kB
1777804177.293223625 ShmemPmdMapped:        0 kB
1777804177.293223625 FileHugePages:         0 kB
1777804177.293223625 FilePmdMapped:         0 kB
1777804177.293223625 CmaTotal:          65536 kB
1777804177.293223625 CmaFree:           49128 kB
1777804177.293223625 Balloon:               0 kB
1777804177.293223625 HugePages_Total:     512
1777804177.293223625 HugePages_Free:      512
1777804177.293223625 HugePages_Rsvd:        0
1777804177.293223625 HugePages_Surp:        0
1777804177.293223625 Hugepagesize:       2048 kB
1777804177.293223625 Hugetlb:         1048576 kB
1777804178.300519419 MemTotal:        8124504 kB
1777804178.300519419 MemFree:         6389724 kB
1777804178.300519419 MemAvailable:    6670316 kB
1777804178.300519419 Buffers:           28256 kB
1777804178.300519419 Cached:           381360 kB
1777804178.300519419 SwapCached:            0 kB
1777804178.300519419 Active:           387388 kB
1777804178.300519419 Inactive:         104972 kB
1777804178.300519419 Active(anon):      86120 kB
1777804178.300519419 Inactive(anon):        0 kB
1777804178.300519419 Active(file):     301268 kB
1777804178.300519419 Inactive(file):   104972 kB
1777804178.300519419 Unevictable:           0 kB
1777804178.300519419 Mlocked:               0 kB
1777804178.300519419 SwapTotal:             0 kB
1777804178.300519419 SwapFree:              0 kB
1777804178.300519419 Zswap:                 0 kB
1777804178.300519419 Zswapped:              0 kB
1777804178.300519419 Dirty:                72 kB
1777804178.300519419 Writeback:             0 kB
1777804178.300519419 AnonPages:         82888 kB
1777804178.300519419 Mapped:            89420 kB
1777804178.300519419 Shmem:              3452 kB
1777804178.300519419 KReclaimable:      28220 kB
1777804178.300519419 Slab:             114956 kB
1777804178.300519419 SReclaimable:      28220 kB
1777804178.300519419 SUnreclaim:        86736 kB
1777804178.300519419 KernelStack:        3008 kB
1777804178.300519419 PageTables:         3472 kB
1777804178.300519419 SecPageTables:         0 kB
1777804178.300519419 NFS_Unstable:          0 kB
1777804178.300519419 Bounce:                0 kB
1777804178.300519419 WritebackTmp:          0 kB
1777804178.300519419 CommitLimit:     3537964 kB
1777804178.300519419 Committed_AS:     402964 kB
1777804178.300519419 VmallocTotal:   135288315904 kB
1777804178.300519419 VmallocUsed:       18704 kB
1777804178.300519419 VmallocChunk:          0 kB
1777804178.300519419 Percpu:             1456 kB
1777804178.300519419 AnonHugePages:         0 kB
1777804178.300519419 ShmemHugePages:        0 kB
1777804178.300519419 ShmemPmdMapped:        0 kB
1777804178.300519419 FileHugePages:         0 kB
1777804178.300519419 FilePmdMapped:         0 kB
1777804178.300519419 CmaTotal:          65536 kB
1777804178.300519419 CmaFree:           49128 kB
1777804178.300519419 Balloon:               0 kB
1777804178.300519419 HugePages_Total:     512
1777804178.300519419 HugePages_Free:      512
1777804178.300519419 HugePages_Rsvd:        0
1777804178.300519419 HugePages_Surp:        0
1777804178.300519419 Hugepagesize:       2048 kB
1777804178.300519419 Hugetlb:         1048576 kB
1777804179.307757861 MemTotal:        8124504 kB
1777804179.307757861 MemFree:         6389840 kB
1777804179.307757861 MemAvailable:    6670436 kB
1777804179.307757861 Buffers:           28256 kB
1777804179.307757861 Cached:           381360 kB
1777804179.307757861 SwapCached:            0 kB
1777804179.307757861 Active:           387344 kB
1777804179.307757861 Inactive:         104972 kB
1777804179.307757861 Active(anon):      86072 kB
1777804179.307757861 Inactive(anon):        0 kB
1777804179.307757861 Active(file):     301272 kB
1777804179.307757861 Inactive(file):   104972 kB
1777804179.307757861 Unevictable:           0 kB
1777804179.307757861 Mlocked:               0 kB
1777804179.307757861 SwapTotal:             0 kB
1777804179.307757861 SwapFree:              0 kB
1777804179.307757861 Zswap:                 0 kB
1777804179.307757861 Zswapped:              0 kB
1777804179.307757861 Dirty:                72 kB
1777804179.307757861 Writeback:             0 kB
1777804179.307757861 AnonPages:         82800 kB
1777804179.307757861 Mapped:            89360 kB
1777804179.307757861 Shmem:              3452 kB
1777804179.307757861 KReclaimable:      28220 kB
1777804179.307757861 Slab:             114968 kB
1777804179.307757861 SReclaimable:      28220 kB
1777804179.307757861 SUnreclaim:        86748 kB
1777804179.307757861 KernelStack:        2992 kB
1777804179.307757861 PageTables:         3428 kB
1777804179.307757861 SecPageTables:         0 kB
1777804179.307757861 NFS_Unstable:          0 kB
1777804179.307757861 Bounce:                0 kB
1777804179.307757861 WritebackTmp:          0 kB
1777804179.307757861 CommitLimit:     3537964 kB
1777804179.307757861 Committed_AS:     402964 kB
1777804179.307757861 VmallocTotal:   135288315904 kB
1777804179.307757861 VmallocUsed:       18720 kB
1777804179.307757861 VmallocChunk:          0 kB
1777804179.307757861 Percpu:             1456 kB
1777804179.307757861 AnonHugePages:         0 kB
1777804179.307757861 ShmemHugePages:        0 kB
1777804179.307757861 ShmemPmdMapped:        0 kB
1777804179.307757861 FileHugePages:         0 kB
1777804179.307757861 FilePmdMapped:         0 kB
1777804179.307757861 CmaTotal:          65536 kB
1777804179.307757861 CmaFree:           49128 kB
1777804179.307757861 Balloon:               0 kB
1777804179.307757861 HugePages_Total:     512
1777804179.307757861 HugePages_Free:      512
1777804179.307757861 HugePages_Rsvd:        0
1777804179.307757861 HugePages_Surp:        0
1777804179.307757861 Hugepagesize:       2048 kB
1777804179.307757861 Hugetlb:         1048576 kB
1777804180.314999748 MemTotal:        8124504 kB
1777804180.314999748 MemFree:         6389536 kB
1777804180.314999748 MemAvailable:    6670140 kB
1777804180.314999748 Buffers:           28256 kB
1777804180.314999748 Cached:           381372 kB
1777804180.314999748 SwapCached:            0 kB
1777804180.314999748 Active:           387328 kB
1777804180.314999748 Inactive:         104980 kB
1777804180.314999748 Active(anon):      86056 kB
1777804180.314999748 Inactive(anon):        0 kB
1777804180.314999748 Active(file):     301272 kB
1777804180.314999748 Inactive(file):   104980 kB
1777804180.314999748 Unevictable:           0 kB
1777804180.314999748 Mlocked:               0 kB
1777804180.314999748 SwapTotal:             0 kB
1777804180.314999748 SwapFree:              0 kB
1777804180.314999748 Zswap:                 0 kB
1777804180.314999748 Zswapped:              0 kB
1777804180.314999748 Dirty:                84 kB
1777804180.314999748 Writeback:             0 kB
1777804180.314999748 AnonPages:         82900 kB
1777804180.314999748 Mapped:            89440 kB
1777804180.314999748 Shmem:              3452 kB
1777804180.314999748 KReclaimable:      28220 kB
1777804180.314999748 Slab:             114980 kB
1777804180.314999748 SReclaimable:      28220 kB
1777804180.314999748 SUnreclaim:        86760 kB
1777804180.314999748 KernelStack:        3008 kB
1777804180.314999748 PageTables:         3684 kB
1777804180.314999748 SecPageTables:         0 kB
1777804180.314999748 NFS_Unstable:          0 kB
1777804180.314999748 Bounce:                0 kB
1777804180.314999748 WritebackTmp:          0 kB
1777804180.314999748 CommitLimit:     3537964 kB
1777804180.314999748 Committed_AS:     402964 kB
1777804180.314999748 VmallocTotal:   135288315904 kB
1777804180.314999748 VmallocUsed:       18720 kB
1777804180.314999748 VmallocChunk:          0 kB
1777804180.314999748 Percpu:             1456 kB
1777804180.314999748 AnonHugePages:         0 kB
1777804180.314999748 ShmemHugePages:        0 kB
1777804180.314999748 ShmemPmdMapped:        0 kB
1777804180.314999748 FileHugePages:         0 kB
1777804180.314999748 FilePmdMapped:         0 kB
1777804180.314999748 CmaTotal:          65536 kB
1777804180.314999748 CmaFree:           49128 kB
1777804180.314999748 Balloon:               0 kB
1777804180.314999748 HugePages_Total:     512
1777804180.314999748 HugePages_Free:      512
1777804180.314999748 HugePages_Rsvd:        0
1777804180.314999748 HugePages_Surp:        0
1777804180.314999748 Hugepagesize:       2048 kB
1777804180.314999748 Hugetlb:         1048576 kB
1777804181.322202172 MemTotal:        8124504 kB
1777804181.322202172 MemFree:         6388428 kB
1777804181.322202172 MemAvailable:    6669036 kB
1777804181.322202172 Buffers:           28264 kB
1777804181.322202172 Cached:           381372 kB
1777804181.322202172 SwapCached:            0 kB
1777804181.322202172 Active:           387316 kB
1777804181.322202172 Inactive:         104992 kB
1777804181.322202172 Active(anon):      86052 kB
1777804181.322202172 Inactive(anon):        0 kB
1777804181.322202172 Active(file):     301264 kB
1777804181.322202172 Inactive(file):   104992 kB
1777804181.322202172 Unevictable:           0 kB
1777804181.322202172 Mlocked:               0 kB
1777804181.322202172 SwapTotal:             0 kB
1777804181.322202172 SwapFree:              0 kB
1777804181.322202172 Zswap:                 0 kB
1777804181.322202172 Zswapped:              0 kB
1777804181.322202172 Dirty:                84 kB
1777804181.322202172 Writeback:             0 kB
1777804181.322202172 AnonPages:         82764 kB
1777804181.322202172 Mapped:            89428 kB
1777804181.322202172 Shmem:              3452 kB
1777804181.322202172 KReclaimable:      28220 kB
1777804181.322202172 Slab:             114968 kB
1777804181.322202172 SReclaimable:      28220 kB
1777804181.322202172 SUnreclaim:        86748 kB
1777804181.322202172 KernelStack:        3008 kB
1777804181.322202172 PageTables:         3440 kB
1777804181.322202172 SecPageTables:         0 kB
1777804181.322202172 NFS_Unstable:          0 kB
1777804181.322202172 Bounce:                0 kB
1777804181.322202172 WritebackTmp:          0 kB
1777804181.322202172 CommitLimit:     3537964 kB
1777804181.322202172 Committed_AS:     402964 kB
1777804181.322202172 VmallocTotal:   135288315904 kB
1777804181.322202172 VmallocUsed:       18704 kB
1777804181.322202172 VmallocChunk:          0 kB
1777804181.322202172 Percpu:             1456 kB
1777804181.322202172 AnonHugePages:         0 kB
1777804181.322202172 ShmemHugePages:        0 kB
1777804181.322202172 ShmemPmdMapped:        0 kB
1777804181.322202172 FileHugePages:         0 kB
1777804181.322202172 FilePmdMapped:         0 kB
1777804181.322202172 CmaTotal:          65536 kB
1777804181.322202172 CmaFree:           49128 kB
1777804181.322202172 Balloon:               0 kB
1777804181.322202172 HugePages_Total:     512
1777804181.322202172 HugePages_Free:      512
1777804181.322202172 HugePages_Rsvd:        0
1777804181.322202172 HugePages_Surp:        0
1777804181.322202172 Hugepagesize:       2048 kB
1777804181.322202172 Hugetlb:         1048576 kB
1777804182.329422651 MemTotal:        8124504 kB
1777804182.329422651 MemFree:         6389656 kB
1777804182.329422651 MemAvailable:    6670272 kB
1777804182.329422651 Buffers:           28264 kB
1777804182.329422651 Cached:           381376 kB
1777804182.329422651 SwapCached:            0 kB
1777804182.329422651 Active:           387324 kB
1777804182.329422651 Inactive:         104996 kB
1777804182.329422651 Active(anon):      86056 kB
1777804182.329422651 Inactive(anon):        0 kB
1777804182.329422651 Active(file):     301268 kB
1777804182.329422651 Inactive(file):   104996 kB
1777804182.329422651 Unevictable:           0 kB
1777804182.329422651 Mlocked:               0 kB
1777804182.329422651 SwapTotal:             0 kB
1777804182.329422651 SwapFree:              0 kB
1777804182.329422651 Zswap:                 0 kB
1777804182.329422651 Zswapped:              0 kB
1777804182.329422651 Dirty:                88 kB
1777804182.329422651 Writeback:             0 kB
1777804182.329422651 AnonPages:         82816 kB
1777804182.329422651 Mapped:            89360 kB
1777804182.329422651 Shmem:              3452 kB
1777804182.329422651 KReclaimable:      28220 kB
1777804182.329422651 Slab:             114948 kB
1777804182.329422651 SReclaimable:      28220 kB
1777804182.329422651 SUnreclaim:        86728 kB
1777804182.329422651 KernelStack:        2992 kB
1777804182.329422651 PageTables:         3424 kB
1777804182.329422651 SecPageTables:         0 kB
1777804182.329422651 NFS_Unstable:          0 kB
1777804182.329422651 Bounce:                0 kB
1777804182.329422651 WritebackTmp:          0 kB
1777804182.329422651 CommitLimit:     3537964 kB
1777804182.329422651 Committed_AS:     402964 kB
1777804182.329422651 VmallocTotal:   135288315904 kB
1777804182.329422651 VmallocUsed:       18704 kB
1777804182.329422651 VmallocChunk:          0 kB
1777804182.329422651 Percpu:             1456 kB
1777804182.329422651 AnonHugePages:         0 kB
1777804182.329422651 ShmemHugePages:        0 kB
1777804182.329422651 ShmemPmdMapped:        0 kB
1777804182.329422651 FileHugePages:         0 kB
1777804182.329422651 FilePmdMapped:         0 kB
1777804182.329422651 CmaTotal:          65536 kB
1777804182.329422651 CmaFree:           49128 kB
1777804182.329422651 Balloon:               0 kB
1777804182.329422651 HugePages_Total:     512
1777804182.329422651 HugePages_Free:      512
1777804182.329422651 HugePages_Rsvd:        0
1777804182.329422651 HugePages_Surp:        0
1777804182.329422651 Hugepagesize:       2048 kB
1777804182.329422651 Hugetlb:         1048576 kB
1777804183.336612704 MemTotal:        8124504 kB
1777804183.336612704 MemFree:         6388960 kB
1777804183.336612704 MemAvailable:    6669584 kB
1777804183.336612704 Buffers:           28264 kB
1777804183.336612704 Cached:           381384 kB
1777804183.336612704 SwapCached:            0 kB
1777804183.336612704 Active:           387188 kB
1777804183.336612704 Inactive:         105004 kB
1777804183.336612704 Active(anon):      85920 kB
1777804183.336612704 Inactive(anon):        0 kB
1777804183.336612704 Active(file):     301268 kB
1777804183.336612704 Inactive(file):   105004 kB
1777804183.336612704 Unevictable:           0 kB
1777804183.336612704 Mlocked:               0 kB
1777804183.336612704 SwapTotal:             0 kB
1777804183.336612704 SwapFree:              0 kB
1777804183.336612704 Zswap:                 0 kB
1777804183.336612704 Zswapped:              0 kB
1777804183.336612704 Dirty:                96 kB
1777804183.336612704 Writeback:             0 kB
1777804183.336612704 AnonPages:         82700 kB
1777804183.336612704 Mapped:            89320 kB
1777804183.336612704 Shmem:              3452 kB
1777804183.336612704 KReclaimable:      28220 kB
1777804183.336612704 Slab:             114956 kB
1777804183.336612704 SReclaimable:      28220 kB
1777804183.336612704 SUnreclaim:        86736 kB
1777804183.336612704 KernelStack:        2992 kB
1777804183.336612704 PageTables:         3520 kB
1777804183.336612704 SecPageTables:         0 kB
1777804183.336612704 NFS_Unstable:          0 kB
1777804183.336612704 Bounce:                0 kB
1777804183.336612704 WritebackTmp:          0 kB
1777804183.336612704 CommitLimit:     3537964 kB
1777804183.336612704 Committed_AS:     402964 kB
1777804183.336612704 VmallocTotal:   135288315904 kB
1777804183.336612704 VmallocUsed:       18704 kB
1777804183.336612704 VmallocChunk:          0 kB
1777804183.336612704 Percpu:             1456 kB
1777804183.336612704 AnonHugePages:         0 kB
1777804183.336612704 ShmemHugePages:        0 kB
1777804183.336612704 ShmemPmdMapped:        0 kB
1777804183.336612704 FileHugePages:         0 kB
1777804183.336612704 FilePmdMapped:         0 kB
1777804183.336612704 CmaTotal:          65536 kB
1777804183.336612704 CmaFree:           49128 kB
1777804183.336612704 Balloon:               0 kB
1777804183.336612704 HugePages_Total:     512
1777804183.336612704 HugePages_Free:      512
1777804183.336612704 HugePages_Rsvd:        0
1777804183.336612704 HugePages_Surp:        0
1777804183.336612704 Hugepagesize:       2048 kB
1777804183.336612704 Hugetlb:         1048576 kB
1777804184.343867887 MemTotal:        8124504 kB
1777804184.343867887 MemFree:         6389704 kB
1777804184.343867887 MemAvailable:    6670336 kB
1777804184.343867887 Buffers:           28264 kB
1777804184.343867887 Cached:           381388 kB
1777804184.343867887 SwapCached:            0 kB
1777804184.343867887 Active:           387496 kB
1777804184.343867887 Inactive:         105008 kB
1777804184.343867887 Active(anon):      86224 kB
1777804184.343867887 Inactive(anon):        0 kB
1777804184.343867887 Active(file):     301272 kB
1777804184.343867887 Inactive(file):   105008 kB
1777804184.343867887 Unevictable:           0 kB
1777804184.343867887 Mlocked:               0 kB
1777804184.343867887 SwapTotal:             0 kB
1777804184.343867887 SwapFree:              0 kB
1777804184.343867887 Zswap:                 0 kB
1777804184.343867887 Zswapped:              0 kB
1777804184.343867887 Dirty:               100 kB
1777804184.343867887 Writeback:             0 kB
1777804184.343867887 AnonPages:         82856 kB
1777804184.343867887 Mapped:            89484 kB
1777804184.343867887 Shmem:              3452 kB
1777804184.343867887 KReclaimable:      28220 kB
1777804184.343867887 Slab:             114972 kB
1777804184.343867887 SReclaimable:      28220 kB
1777804184.343867887 SUnreclaim:        86752 kB
1777804184.343867887 KernelStack:        2984 kB
1777804184.343867887 PageTables:         3680 kB
1777804184.343867887 SecPageTables:         0 kB
1777804184.343867887 NFS_Unstable:          0 kB
1777804184.343867887 Bounce:                0 kB
1777804184.343867887 WritebackTmp:          0 kB
1777804184.343867887 CommitLimit:     3537964 kB
1777804184.343867887 Committed_AS:     402964 kB
1777804184.343867887 VmallocTotal:   135288315904 kB
1777804184.343867887 VmallocUsed:       18704 kB
1777804184.343867887 VmallocChunk:          0 kB
1777804184.343867887 Percpu:             1456 kB
1777804184.343867887 AnonHugePages:         0 kB
1777804184.343867887 ShmemHugePages:        0 kB
1777804184.343867887 ShmemPmdMapped:        0 kB
1777804184.343867887 FileHugePages:         0 kB
1777804184.343867887 FilePmdMapped:         0 kB
1777804184.343867887 CmaTotal:          65536 kB
1777804184.343867887 CmaFree:           49128 kB
1777804184.343867887 Balloon:               0 kB
1777804184.343867887 HugePages_Total:     512
1777804184.343867887 HugePages_Free:      512
1777804184.343867887 HugePages_Rsvd:        0
1777804184.343867887 HugePages_Surp:        0
1777804184.343867887 Hugepagesize:       2048 kB
1777804184.343867887 Hugetlb:         1048576 kB
1777804185.351017847 MemTotal:        8124504 kB
1777804185.351017847 MemFree:         6389756 kB
1777804185.351017847 MemAvailable:    6670396 kB
1777804185.351017847 Buffers:           28264 kB
1777804185.351017847 Cached:           381396 kB
1777804185.351017847 SwapCached:            0 kB
1777804185.351017847 Active:           387372 kB
1777804185.351017847 Inactive:         105016 kB
1777804185.351017847 Active(anon):      86100 kB
1777804185.351017847 Inactive(anon):        0 kB
1777804185.351017847 Active(file):     301272 kB
1777804185.351017847 Inactive(file):   105016 kB
1777804185.351017847 Unevictable:           0 kB
1777804185.351017847 Mlocked:               0 kB
1777804185.351017847 SwapTotal:             0 kB
1777804185.351017847 SwapFree:              0 kB
1777804185.351017847 Zswap:                 0 kB
1777804185.351017847 Zswapped:              0 kB
1777804185.351017847 Dirty:               108 kB
1777804185.351017847 Writeback:             0 kB
1777804185.351017847 AnonPages:         82824 kB
1777804185.351017847 Mapped:            89432 kB
1777804185.351017847 Shmem:              3452 kB
1777804185.351017847 KReclaimable:      28220 kB
1777804185.351017847 Slab:             114972 kB
1777804185.351017847 SReclaimable:      28220 kB
1777804185.351017847 SUnreclaim:        86752 kB
1777804185.351017847 KernelStack:        2976 kB
1777804185.351017847 PageTables:         3556 kB
1777804185.351017847 SecPageTables:         0 kB
1777804185.351017847 NFS_Unstable:          0 kB
1777804185.351017847 Bounce:                0 kB
1777804185.351017847 WritebackTmp:          0 kB
1777804185.351017847 CommitLimit:     3537964 kB
1777804185.351017847 Committed_AS:     402964 kB
1777804185.351017847 VmallocTotal:   135288315904 kB
1777804185.351017847 VmallocUsed:       18704 kB
1777804185.351017847 VmallocChunk:          0 kB
1777804185.351017847 Percpu:             1456 kB
1777804185.351017847 AnonHugePages:         0 kB
1777804185.351017847 ShmemHugePages:        0 kB
1777804185.351017847 ShmemPmdMapped:        0 kB
1777804185.351017847 FileHugePages:         0 kB
1777804185.351017847 FilePmdMapped:         0 kB
1777804185.351017847 CmaTotal:          65536 kB
1777804185.351017847 CmaFree:           49128 kB
1777804185.351017847 Balloon:               0 kB
1777804185.351017847 HugePages_Total:     512
1777804185.351017847 HugePages_Free:      512
1777804185.351017847 HugePages_Rsvd:        0
1777804185.351017847 HugePages_Surp:        0
1777804185.351017847 Hugepagesize:       2048 kB
1777804185.351017847 Hugetlb:         1048576 kB
1777804186.358172048 MemTotal:        8124504 kB
1777804186.358172048 MemFree:         6389544 kB
1777804186.358172048 MemAvailable:    6670188 kB
1777804186.358172048 Buffers:           28272 kB
1777804186.358172048 Cached:           381392 kB
1777804186.358172048 SwapCached:            0 kB
1777804186.358172048 Active:           387468 kB
1777804186.358172048 Inactive:         105020 kB
1777804186.358172048 Active(anon):      86196 kB
1777804186.358172048 Inactive(anon):        0 kB
1777804186.358172048 Active(file):     301272 kB
1777804186.358172048 Inactive(file):   105020 kB
1777804186.358172048 Unevictable:           0 kB
1777804186.358172048 Mlocked:               0 kB
1777804186.358172048 SwapTotal:             0 kB
1777804186.358172048 SwapFree:              0 kB
1777804186.358172048 Zswap:                 0 kB
1777804186.358172048 Zswapped:              0 kB
1777804186.358172048 Dirty:                92 kB
1777804186.358172048 Writeback:             4 kB
1777804186.358172048 AnonPages:         82944 kB
1777804186.358172048 Mapped:            89636 kB
1777804186.358172048 Shmem:              3452 kB
1777804186.358172048 KReclaimable:      28220 kB
1777804186.358172048 Slab:             114960 kB
1777804186.358172048 SReclaimable:      28220 kB
1777804186.358172048 SUnreclaim:        86740 kB
1777804186.358172048 KernelStack:        2992 kB
1777804186.358172048 PageTables:         3732 kB
1777804186.358172048 SecPageTables:         0 kB
1777804186.358172048 NFS_Unstable:          0 kB
1777804186.358172048 Bounce:                0 kB
1777804186.358172048 WritebackTmp:          0 kB
1777804186.358172048 CommitLimit:     3537964 kB
1777804186.358172048 Committed_AS:     402964 kB
1777804186.358172048 VmallocTotal:   135288315904 kB
1777804186.358172048 VmallocUsed:       18704 kB
1777804186.358172048 VmallocChunk:          0 kB
1777804186.358172048 Percpu:             1456 kB
1777804186.358172048 AnonHugePages:         0 kB
1777804186.358172048 ShmemHugePages:        0 kB
1777804186.358172048 ShmemPmdMapped:        0 kB
1777804186.358172048 FileHugePages:         0 kB
1777804186.358172048 FilePmdMapped:         0 kB
1777804186.358172048 CmaTotal:          65536 kB
1777804186.358172048 CmaFree:           49128 kB
1777804186.358172048 Balloon:               0 kB
1777804186.358172048 HugePages_Total:     512
1777804186.358172048 HugePages_Free:      512
1777804186.358172048 HugePages_Rsvd:        0
1777804186.358172048 HugePages_Surp:        0
1777804186.358172048 Hugepagesize:       2048 kB
1777804186.358172048 Hugetlb:         1048576 kB
1777804187.366064086 MemTotal:        8124504 kB
1777804187.366064086 MemFree:         6388324 kB
1777804187.366064086 MemAvailable:    6668968 kB
1777804187.366064086 Buffers:           28272 kB
1777804187.366064086 Cached:           381400 kB
1777804187.366064086 SwapCached:            0 kB
1777804187.366064086 Active:           387172 kB
1777804187.366064086 Inactive:         105028 kB
1777804187.366064086 Active(anon):      86056 kB
1777804187.366064086 Inactive(anon):        0 kB
1777804187.366064086 Active(file):     301264 kB
1777804187.366064086 Inactive(file):   105028 kB
1777804187.366064086 Unevictable:           0 kB
1777804187.366064086 Mlocked:               0 kB
1777804187.366064086 SwapTotal:             0 kB
1777804187.366064086 SwapFree:              0 kB
1777804187.366064086 Zswap:                 0 kB
1777804187.366064086 Zswapped:              0 kB
1777804187.366064086 Dirty:                92 kB
1777804187.366064086 Writeback:             0 kB
1777804187.366064086 AnonPages:         82940 kB
1777804187.366064086 Mapped:            89688 kB
1777804187.366064086 Shmem:              3452 kB
1777804187.366064086 KReclaimable:      28220 kB
1777804187.366064086 Slab:             114988 kB
1777804187.366064086 SReclaimable:      28220 kB
1777804187.366064086 SUnreclaim:        86768 kB
1777804187.366064086 KernelStack:        3024 kB
1777804187.366064086 PageTables:         4092 kB
1777804187.366064086 SecPageTables:         0 kB
1777804187.366064086 NFS_Unstable:          0 kB
1777804187.366064086 Bounce:                0 kB
1777804187.366064086 WritebackTmp:          0 kB
1777804187.366064086 CommitLimit:     3537964 kB
1777804187.366064086 Committed_AS:     403292 kB
1777804187.366064086 VmallocTotal:   135288315904 kB
1777804187.366064086 VmallocUsed:       18736 kB
1777804187.366064086 VmallocChunk:          0 kB
1777804187.366064086 Percpu:             1456 kB
1777804187.366064086 AnonHugePages:         0 kB
1777804187.366064086 ShmemHugePages:        0 kB
1777804187.366064086 ShmemPmdMapped:        0 kB
1777804187.366064086 FileHugePages:         0 kB
1777804187.366064086 FilePmdMapped:         0 kB
1777804187.366064086 CmaTotal:          65536 kB
1777804187.366064086 CmaFree:           49128 kB
1777804187.366064086 Balloon:               0 kB
1777804187.366064086 HugePages_Total:     512
1777804187.366064086 HugePages_Free:      512
1777804187.366064086 HugePages_Rsvd:        0
1777804187.366064086 HugePages_Surp:        0
1777804187.366064086 Hugepagesize:       2048 kB
1777804187.366064086 Hugetlb:         1048576 kB
1777804188.374248071 MemTotal:        8124504 kB
1777804188.374248071 MemFree:         6389344 kB
1777804188.374248071 MemAvailable:    6669996 kB
1777804188.374248071 Buffers:           28272 kB
1777804188.374248071 Cached:           381408 kB
1777804188.374248071 SwapCached:            0 kB
1777804188.374248071 Active:           387304 kB
1777804188.374248071 Inactive:         105032 kB
1777804188.374248071 Active(anon):      86036 kB
1777804188.374248071 Inactive(anon):        0 kB
1777804188.374248071 Active(file):     301268 kB
1777804188.374248071 Inactive(file):   105032 kB
1777804188.374248071 Unevictable:           0 kB
1777804188.374248071 Mlocked:               0 kB
1777804188.374248071 SwapTotal:             0 kB
1777804188.374248071 SwapFree:              0 kB
1777804188.374248071 Zswap:                 0 kB
1777804188.374248071 Zswapped:              0 kB
1777804188.374248071 Dirty:               100 kB
1777804188.374248071 Writeback:             0 kB
1777804188.374248071 AnonPages:         82648 kB
1777804188.374248071 Mapped:            89400 kB
1777804188.374248071 Shmem:              3452 kB
1777804188.374248071 KReclaimable:      28220 kB
1777804188.374248071 Slab:             114980 kB
1777804188.374248071 SReclaimable:      28220 kB
1777804188.374248071 SUnreclaim:        86760 kB
1777804188.374248071 KernelStack:        2992 kB
1777804188.374248071 PageTables:         3424 kB
1777804188.374248071 SecPageTables:         0 kB
1777804188.374248071 NFS_Unstable:          0 kB
1777804188.374248071 Bounce:                0 kB
1777804188.374248071 WritebackTmp:          0 kB
1777804188.374248071 CommitLimit:     3537964 kB
1777804188.374248071 Committed_AS:     402964 kB
1777804188.374248071 VmallocTotal:   135288315904 kB
1777804188.374248071 VmallocUsed:       18704 kB
1777804188.374248071 VmallocChunk:          0 kB
1777804188.374248071 Percpu:             1456 kB
1777804188.374248071 AnonHugePages:         0 kB
1777804188.374248071 ShmemHugePages:        0 kB
1777804188.374248071 ShmemPmdMapped:        0 kB
1777804188.374248071 FileHugePages:         0 kB
1777804188.374248071 FilePmdMapped:         0 kB
1777804188.374248071 CmaTotal:          65536 kB
1777804188.374248071 CmaFree:           49128 kB
1777804188.374248071 Balloon:               0 kB
1777804188.374248071 HugePages_Total:     512
1777804188.374248071 HugePages_Free:      512
1777804188.374248071 HugePages_Rsvd:        0
1777804188.374248071 HugePages_Surp:        0
1777804188.374248071 Hugepagesize:       2048 kB
1777804188.374248071 Hugetlb:         1048576 kB
1777804189.384066825 MemTotal:        8124504 kB
1777804189.384066825 MemFree:         6390408 kB
1777804189.384066825 MemAvailable:    6671068 kB
1777804189.384066825 Buffers:           28272 kB
1777804189.384066825 Cached:           381408 kB
1777804189.384066825 SwapCached:            0 kB
1777804189.384066825 Active:           387508 kB
1777804189.384066825 Inactive:         105036 kB
1777804189.384066825 Active(anon):      86236 kB
1777804189.384066825 Inactive(anon):        0 kB
1777804189.384066825 Active(file):     301272 kB
1777804189.384066825 Inactive(file):   105036 kB
1777804189.384066825 Unevictable:           0 kB
1777804189.384066825 Mlocked:               0 kB
1777804189.384066825 SwapTotal:             0 kB
1777804189.384066825 SwapFree:              0 kB
1777804189.384066825 Zswap:                 0 kB
1777804189.384066825 Zswapped:              0 kB
1777804189.384066825 Dirty:               100 kB
1777804189.384066825 Writeback:             0 kB
1777804189.384066825 AnonPages:         82840 kB
1777804189.384066825 Mapped:            89360 kB
1777804189.384066825 Shmem:              3452 kB
1777804189.384066825 KReclaimable:      28220 kB
1777804189.384066825 Slab:             114984 kB
1777804189.384066825 SReclaimable:      28220 kB
1777804189.384066825 SUnreclaim:        86764 kB
1777804189.384066825 KernelStack:        3008 kB
1777804189.384066825 PageTables:         3468 kB
1777804189.384066825 SecPageTables:         0 kB
1777804189.384066825 NFS_Unstable:          0 kB
1777804189.384066825 Bounce:                0 kB
1777804189.384066825 WritebackTmp:          0 kB
1777804189.384066825 CommitLimit:     3537964 kB
1777804189.384066825 Committed_AS:     402964 kB
1777804189.384066825 VmallocTotal:   135288315904 kB
1777804189.384066825 VmallocUsed:       18704 kB
1777804189.384066825 VmallocChunk:          0 kB
1777804189.384066825 Percpu:             1456 kB
1777804189.384066825 AnonHugePages:         0 kB
1777804189.384066825 ShmemHugePages:        0 kB
1777804189.384066825 ShmemPmdMapped:        0 kB
1777804189.384066825 FileHugePages:         0 kB
1777804189.384066825 FilePmdMapped:         0 kB
1777804189.384066825 CmaTotal:          65536 kB
1777804189.384066825 CmaFree:           49128 kB
1777804189.384066825 Balloon:               0 kB
1777804189.384066825 HugePages_Total:     512
1777804189.384066825 HugePages_Free:      512
1777804189.384066825 HugePages_Rsvd:        0
1777804189.384066825 HugePages_Surp:        0
1777804189.384066825 Hugepagesize:       2048 kB
1777804189.384066825 Hugetlb:         1048576 kB
1777804190.391756233 MemTotal:        8124504 kB
1777804190.391756233 MemFree:         6390744 kB
1777804190.391756233 MemAvailable:    6671408 kB
1777804190.391756233 Buffers:           28272 kB
1777804190.391756233 Cached:           381416 kB
1777804190.391756233 SwapCached:            0 kB
1777804190.391756233 Active:           387508 kB
1777804190.391756233 Inactive:         105040 kB
1777804190.391756233 Active(anon):      86236 kB
1777804190.391756233 Inactive(anon):        0 kB
1777804190.391756233 Active(file):     301272 kB
1777804190.391756233 Inactive(file):   105040 kB
1777804190.391756233 Unevictable:           0 kB
1777804190.391756233 Mlocked:               0 kB
1777804190.391756233 SwapTotal:             0 kB
1777804190.391756233 SwapFree:              0 kB
1777804190.391756233 Zswap:                 0 kB
1777804190.391756233 Zswapped:              0 kB
1777804190.391756233 Dirty:               108 kB
1777804190.391756233 Writeback:             0 kB
1777804190.391756233 AnonPages:         82796 kB
1777804190.391756233 Mapped:            89360 kB
1777804190.391756233 Shmem:              3452 kB
1777804190.391756233 KReclaimable:      28220 kB
1777804190.391756233 Slab:             114984 kB
1777804190.391756233 SReclaimable:      28220 kB
1777804190.391756233 SUnreclaim:        86764 kB
1777804190.391756233 KernelStack:        2992 kB
1777804190.391756233 PageTables:         3432 kB
1777804190.391756233 SecPageTables:         0 kB
1777804190.391756233 NFS_Unstable:          0 kB
1777804190.391756233 Bounce:                0 kB
1777804190.391756233 WritebackTmp:          0 kB
1777804190.391756233 CommitLimit:     3537964 kB
1777804190.391756233 Committed_AS:     402964 kB
1777804190.391756233 VmallocTotal:   135288315904 kB
1777804190.391756233 VmallocUsed:       18688 kB
1777804190.391756233 VmallocChunk:          0 kB
1777804190.391756233 Percpu:             1456 kB
1777804190.391756233 AnonHugePages:         0 kB
1777804190.391756233 ShmemHugePages:        0 kB
1777804190.391756233 ShmemPmdMapped:        0 kB
1777804190.391756233 FileHugePages:         0 kB
1777804190.391756233 FilePmdMapped:         0 kB
1777804190.391756233 CmaTotal:          65536 kB
1777804190.391756233 CmaFree:           49128 kB
1777804190.391756233 Balloon:               0 kB
1777804190.391756233 HugePages_Total:     512
1777804190.391756233 HugePages_Free:      512
1777804190.391756233 HugePages_Rsvd:        0
1777804190.391756233 HugePages_Surp:        0
1777804190.391756233 Hugepagesize:       2048 kB
1777804190.391756233 Hugetlb:         1048576 kB
1777804191.398741618 MemTotal:        8124504 kB
1777804191.398741618 MemFree:         6390656 kB
1777804191.398741618 MemAvailable:    6671328 kB
1777804191.398741618 Buffers:           28280 kB
1777804191.398741618 Cached:           381428 kB
1777804191.398741618 SwapCached:            0 kB
1777804191.398741618 Active:           387484 kB
1777804191.398741618 Inactive:         105048 kB
1777804191.398741618 Active(anon):      86212 kB
1777804191.398741618 Inactive(anon):        0 kB
1777804191.398741618 Active(file):     301272 kB
1777804191.398741618 Inactive(file):   105048 kB
1777804191.398741618 Unevictable:           0 kB
1777804191.398741618 Mlocked:               0 kB
1777804191.398741618 SwapTotal:             0 kB
1777804191.398741618 SwapFree:              0 kB
1777804191.398741618 Zswap:                 0 kB
1777804191.398741618 Zswapped:              0 kB
1777804191.398741618 Dirty:               124 kB
1777804191.398741618 Writeback:             0 kB
1777804191.398741618 AnonPages:         82800 kB
1777804191.398741618 Mapped:            89360 kB
1777804191.398741618 Shmem:              3452 kB
1777804191.398741618 KReclaimable:      28220 kB
1777804191.398741618 Slab:             114968 kB
1777804191.398741618 SReclaimable:      28220 kB
1777804191.398741618 SUnreclaim:        86748 kB
1777804191.398741618 KernelStack:        2992 kB
1777804191.398741618 PageTables:         3432 kB
1777804191.398741618 SecPageTables:         0 kB
1777804191.398741618 NFS_Unstable:          0 kB
1777804191.398741618 Bounce:                0 kB
1777804191.398741618 WritebackTmp:          0 kB
1777804191.398741618 CommitLimit:     3537964 kB
1777804191.398741618 Committed_AS:     402964 kB
1777804191.398741618 VmallocTotal:   135288315904 kB
1777804191.398741618 VmallocUsed:       18704 kB
1777804191.398741618 VmallocChunk:          0 kB
1777804191.398741618 Percpu:             1456 kB
1777804191.398741618 AnonHugePages:         0 kB
1777804191.398741618 ShmemHugePages:        0 kB
1777804191.398741618 ShmemPmdMapped:        0 kB
1777804191.398741618 FileHugePages:         0 kB
1777804191.398741618 FilePmdMapped:         0 kB
1777804191.398741618 CmaTotal:          65536 kB
1777804191.398741618 CmaFree:           49128 kB
1777804191.398741618 Balloon:               0 kB
1777804191.398741618 HugePages_Total:     512
1777804191.398741618 HugePages_Free:      512
1777804191.398741618 HugePages_Rsvd:        0
1777804191.398741618 HugePages_Surp:        0
1777804191.398741618 Hugepagesize:       2048 kB
1777804191.398741618 Hugetlb:         1048576 kB
1777804192.405709244 MemTotal:        8124504 kB
1777804192.405709244 MemFree:         6390560 kB
1777804192.405709244 MemAvailable:    6671244 kB
1777804192.405709244 Buffers:           28280 kB
1777804192.405709244 Cached:           381428 kB
1777804192.405709244 SwapCached:            0 kB
1777804192.405709244 Active:           387392 kB
1777804192.405709244 Inactive:         105064 kB
1777804192.405709244 Active(anon):      86124 kB
1777804192.405709244 Inactive(anon):        0 kB
1777804192.405709244 Active(file):     301268 kB
1777804192.405709244 Inactive(file):   105064 kB
1777804192.405709244 Unevictable:           0 kB
1777804192.405709244 Mlocked:               0 kB
1777804192.405709244 SwapTotal:             0 kB
1777804192.405709244 SwapFree:              0 kB
1777804192.405709244 Zswap:                 0 kB
1777804192.405709244 Zswapped:              0 kB
1777804192.405709244 Dirty:               124 kB
1777804192.405709244 Writeback:             0 kB
1777804192.405709244 AnonPages:         82800 kB
1777804192.405709244 Mapped:            89360 kB
1777804192.405709244 Shmem:              3452 kB
1777804192.405709244 KReclaimable:      28220 kB
1777804192.405709244 Slab:             114960 kB
1777804192.405709244 SReclaimable:      28220 kB
1777804192.405709244 SUnreclaim:        86740 kB
1777804192.405709244 KernelStack:        2992 kB
1777804192.405709244 PageTables:         3432 kB
1777804192.405709244 SecPageTables:         0 kB
1777804192.405709244 NFS_Unstable:          0 kB
1777804192.405709244 Bounce:                0 kB
1777804192.405709244 WritebackTmp:          0 kB
1777804192.405709244 CommitLimit:     3537964 kB
1777804192.405709244 Committed_AS:     402964 kB
1777804192.405709244 VmallocTotal:   135288315904 kB
1777804192.405709244 VmallocUsed:       18704 kB
1777804192.405709244 VmallocChunk:          0 kB
1777804192.405709244 Percpu:             1456 kB
1777804192.405709244 AnonHugePages:         0 kB
1777804192.405709244 ShmemHugePages:        0 kB
1777804192.405709244 ShmemPmdMapped:        0 kB
1777804192.405709244 FileHugePages:         0 kB
1777804192.405709244 FilePmdMapped:         0 kB
1777804192.405709244 CmaTotal:          65536 kB
1777804192.405709244 CmaFree:           49128 kB
1777804192.405709244 Balloon:               0 kB
1777804192.405709244 HugePages_Total:     512
1777804192.405709244 HugePages_Free:      512
1777804192.405709244 HugePages_Rsvd:        0
1777804192.405709244 HugePages_Surp:        0
1777804192.405709244 Hugepagesize:       2048 kB
1777804192.405709244 Hugetlb:         1048576 kB
1777804193.412686721 MemTotal:        8124504 kB
1777804193.412686721 MemFree:         6391592 kB
1777804193.412686721 MemAvailable:    6672284 kB
1777804193.412686721 Buffers:           28280 kB
1777804193.412686721 Cached:           381432 kB
1777804193.412686721 SwapCached:            0 kB
1777804193.412686721 Active:           387468 kB
1777804193.412686721 Inactive:         105068 kB
1777804193.412686721 Active(anon):      86196 kB
1777804193.412686721 Inactive(anon):        0 kB
1777804193.412686721 Active(file):     301272 kB
1777804193.412686721 Inactive(file):   105068 kB
1777804193.412686721 Unevictable:           0 kB
1777804193.412686721 Mlocked:               0 kB
1777804193.412686721 SwapTotal:             0 kB
1777804193.412686721 SwapFree:              0 kB
1777804193.412686721 Zswap:                 0 kB
1777804193.412686721 Zswapped:              0 kB
1777804193.412686721 Dirty:               128 kB
1777804193.412686721 Writeback:             0 kB
1777804193.412686721 AnonPages:         82836 kB
1777804193.412686721 Mapped:            89360 kB
1777804193.412686721 Shmem:              3452 kB
1777804193.412686721 KReclaimable:      28220 kB
1777804193.412686721 Slab:             114984 kB
1777804193.412686721 SReclaimable:      28220 kB
1777804193.412686721 SUnreclaim:        86764 kB
1777804193.412686721 KernelStack:        3008 kB
1777804193.412686721 PageTables:         3472 kB
1777804193.412686721 SecPageTables:         0 kB
1777804193.412686721 NFS_Unstable:          0 kB
1777804193.412686721 Bounce:                0 kB
1777804193.412686721 WritebackTmp:          0 kB
1777804193.412686721 CommitLimit:     3537964 kB
1777804193.412686721 Committed_AS:     402964 kB
1777804193.412686721 VmallocTotal:   135288315904 kB
1777804193.412686721 VmallocUsed:       18688 kB
1777804193.412686721 VmallocChunk:          0 kB
1777804193.412686721 Percpu:             1456 kB
1777804193.412686721 AnonHugePages:         0 kB
1777804193.412686721 ShmemHugePages:        0 kB
1777804193.412686721 ShmemPmdMapped:        0 kB
1777804193.412686721 FileHugePages:         0 kB
1777804193.412686721 FilePmdMapped:         0 kB
1777804193.412686721 CmaTotal:          65536 kB
1777804193.412686721 CmaFree:           49128 kB
1777804193.412686721 Balloon:               0 kB
1777804193.412686721 HugePages_Total:     512
1777804193.412686721 HugePages_Free:      512
1777804193.412686721 HugePages_Rsvd:        0
1777804193.412686721 HugePages_Surp:        0
1777804193.412686721 Hugepagesize:       2048 kB
1777804193.412686721 Hugetlb:         1048576 kB
1777804194.420268128 MemTotal:        8124504 kB
1777804194.420268128 MemFree:         6389996 kB
1777804194.420268128 MemAvailable:    6670688 kB
1777804194.420268128 Buffers:           28280 kB
1777804194.420268128 Cached:           381436 kB
1777804194.420268128 SwapCached:            0 kB
1777804194.420268128 Active:           387384 kB
1777804194.420268128 Inactive:         105072 kB
1777804194.420268128 Active(anon):      86116 kB
1777804194.420268128 Inactive(anon):        0 kB
1777804194.420268128 Active(file):     301268 kB
1777804194.420268128 Inactive(file):   105072 kB
1777804194.420268128 Unevictable:           0 kB
1777804194.420268128 Mlocked:               0 kB
1777804194.420268128 SwapTotal:             0 kB
1777804194.420268128 SwapFree:              0 kB
1777804194.420268128 Zswap:                 0 kB
1777804194.420268128 Zswapped:              0 kB
1777804194.420268128 Dirty:               132 kB
1777804194.420268128 Writeback:             0 kB
1777804194.420268128 AnonPages:         82796 kB
1777804194.420268128 Mapped:            89360 kB
1777804194.420268128 Shmem:              3452 kB
1777804194.420268128 KReclaimable:      28220 kB
1777804194.420268128 Slab:             115008 kB
1777804194.420268128 SReclaimable:      28220 kB
1777804194.420268128 SUnreclaim:        86788 kB
1777804194.420268128 KernelStack:        2992 kB
1777804194.420268128 PageTables:         3432 kB
1777804194.420268128 SecPageTables:         0 kB
1777804194.420268128 NFS_Unstable:          0 kB
1777804194.420268128 Bounce:                0 kB
1777804194.420268128 WritebackTmp:          0 kB
1777804194.420268128 CommitLimit:     3537964 kB
1777804194.420268128 Committed_AS:     402964 kB
1777804194.420268128 VmallocTotal:   135288315904 kB
1777804194.420268128 VmallocUsed:       18720 kB
1777804194.420268128 VmallocChunk:          0 kB
1777804194.420268128 Percpu:             1456 kB
1777804194.420268128 AnonHugePages:         0 kB
1777804194.420268128 ShmemHugePages:        0 kB
1777804194.420268128 ShmemPmdMapped:        0 kB
1777804194.420268128 FileHugePages:         0 kB
1777804194.420268128 FilePmdMapped:         0 kB
1777804194.420268128 CmaTotal:          65536 kB
1777804194.420268128 CmaFree:           49128 kB
1777804194.420268128 Balloon:               0 kB
1777804194.420268128 HugePages_Total:     512
1777804194.420268128 HugePages_Free:      512
1777804194.420268128 HugePages_Rsvd:        0
1777804194.420268128 HugePages_Surp:        0
1777804194.420268128 Hugepagesize:       2048 kB
1777804194.420268128 Hugetlb:         1048576 kB
1777804195.427165958 MemTotal:        8124504 kB
1777804195.427165958 MemFree:         6389660 kB
1777804195.427165958 MemAvailable:    6670356 kB
1777804195.427165958 Buffers:           28280 kB
1777804195.427165958 Cached:           381440 kB
1777804195.427165958 SwapCached:            0 kB
1777804195.427165958 Active:           387396 kB
1777804195.427165958 Inactive:         105072 kB
1777804195.427165958 Active(anon):      86124 kB
1777804195.427165958 Inactive(anon):        0 kB
1777804195.427165958 Active(file):     301272 kB
1777804195.427165958 Inactive(file):   105072 kB
1777804195.427165958 Unevictable:           0 kB
1777804195.427165958 Mlocked:               0 kB
1777804195.427165958 SwapTotal:             0 kB
1777804195.427165958 SwapFree:              0 kB
1777804195.427165958 Zswap:                 0 kB
1777804195.427165958 Zswapped:              0 kB
1777804195.427165958 Dirty:               136 kB
1777804195.427165958 Writeback:             0 kB
1777804195.427165958 AnonPages:         82800 kB
1777804195.427165958 Mapped:            89360 kB
1777804195.427165958 Shmem:              3452 kB
1777804195.427165958 KReclaimable:      28220 kB
1777804195.427165958 Slab:             115000 kB
1777804195.427165958 SReclaimable:      28220 kB
1777804195.427165958 SUnreclaim:        86780 kB
1777804195.427165958 KernelStack:        2992 kB
1777804195.427165958 PageTables:         3420 kB
1777804195.427165958 SecPageTables:         0 kB
1777804195.427165958 NFS_Unstable:          0 kB
1777804195.427165958 Bounce:                0 kB
1777804195.427165958 WritebackTmp:          0 kB
1777804195.427165958 CommitLimit:     3537964 kB
1777804195.427165958 Committed_AS:     402964 kB
1777804195.427165958 VmallocTotal:   135288315904 kB
1777804195.427165958 VmallocUsed:       18688 kB
1777804195.427165958 VmallocChunk:          0 kB
1777804195.427165958 Percpu:             1456 kB
1777804195.427165958 AnonHugePages:         0 kB
1777804195.427165958 ShmemHugePages:        0 kB
1777804195.427165958 ShmemPmdMapped:        0 kB
1777804195.427165958 FileHugePages:         0 kB
1777804195.427165958 FilePmdMapped:         0 kB
1777804195.427165958 CmaTotal:          65536 kB
1777804195.427165958 CmaFree:           49128 kB
1777804195.427165958 Balloon:               0 kB
1777804195.427165958 HugePages_Total:     512
1777804195.427165958 HugePages_Free:      512
1777804195.427165958 HugePages_Rsvd:        0
1777804195.427165958 HugePages_Surp:        0
1777804195.427165958 Hugepagesize:       2048 kB
1777804195.427165958 Hugetlb:         1048576 kB
1777804196.434110324 MemTotal:        8124504 kB
1777804196.434110324 MemFree:         6388804 kB
1777804196.434110324 MemAvailable:    6669512 kB
1777804196.434110324 Buffers:           28288 kB
1777804196.434110324 Cached:           381440 kB
1777804196.434110324 SwapCached:            0 kB
1777804196.434110324 Active:           387380 kB
1777804196.434110324 Inactive:         105084 kB
1777804196.434110324 Active(anon):      86108 kB
1777804196.434110324 Inactive(anon):        0 kB
1777804196.434110324 Active(file):     301272 kB
1777804196.434110324 Inactive(file):   105084 kB
1777804196.434110324 Unevictable:           0 kB
1777804196.434110324 Mlocked:               0 kB
1777804196.434110324 SwapTotal:             0 kB
1777804196.434110324 SwapFree:              0 kB
1777804196.434110324 Zswap:                 0 kB
1777804196.434110324 Zswapped:              0 kB
1777804196.434110324 Dirty:               144 kB
1777804196.434110324 Writeback:             0 kB
1777804196.434110324 AnonPages:         82844 kB
1777804196.434110324 Mapped:            89360 kB
1777804196.434110324 Shmem:              3452 kB
1777804196.434110324 KReclaimable:      28220 kB
1777804196.434110324 Slab:             114980 kB
1777804196.434110324 SReclaimable:      28220 kB
1777804196.434110324 SUnreclaim:        86760 kB
1777804196.434110324 KernelStack:        3008 kB
1777804196.434110324 PageTables:         3488 kB
1777804196.434110324 SecPageTables:         0 kB
1777804196.434110324 NFS_Unstable:          0 kB
1777804196.434110324 Bounce:                0 kB
1777804196.434110324 WritebackTmp:          0 kB
1777804196.434110324 CommitLimit:     3537964 kB
1777804196.434110324 Committed_AS:     402964 kB
1777804196.434110324 VmallocTotal:   135288315904 kB
1777804196.434110324 VmallocUsed:       18688 kB
1777804196.434110324 VmallocChunk:          0 kB
1777804196.434110324 Percpu:             1456 kB
1777804196.434110324 AnonHugePages:         0 kB
1777804196.434110324 ShmemHugePages:        0 kB
1777804196.434110324 ShmemPmdMapped:        0 kB
1777804196.434110324 FileHugePages:         0 kB
1777804196.434110324 FilePmdMapped:         0 kB
1777804196.434110324 CmaTotal:          65536 kB
1777804196.434110324 CmaFree:           49128 kB
1777804196.434110324 Balloon:               0 kB
1777804196.434110324 HugePages_Total:     512
1777804196.434110324 HugePages_Free:      512
1777804196.434110324 HugePages_Rsvd:        0
1777804196.434110324 HugePages_Surp:        0
1777804196.434110324 Hugepagesize:       2048 kB
1777804196.434110324 Hugetlb:         1048576 kB
1777804197.441064542 MemTotal:        8124504 kB
1777804197.441064542 MemFree:         6388980 kB
1777804197.441064542 MemAvailable:    6669700 kB
1777804197.441064542 Buffers:           28288 kB
1777804197.441064542 Cached:           381452 kB
1777804197.441064542 SwapCached:            0 kB
1777804197.441064542 Active:           387376 kB
1777804197.441064542 Inactive:         105096 kB
1777804197.441064542 Active(anon):      86104 kB
1777804197.441064542 Inactive(anon):        0 kB
1777804197.441064542 Active(file):     301272 kB
1777804197.441064542 Inactive(file):   105096 kB
1777804197.441064542 Unevictable:           0 kB
1777804197.441064542 Mlocked:               0 kB
1777804197.441064542 SwapTotal:             0 kB
1777804197.441064542 SwapFree:              0 kB
1777804197.441064542 Zswap:                 0 kB
1777804197.441064542 Zswapped:              0 kB
1777804197.441064542 Dirty:               148 kB
1777804197.441064542 Writeback:             0 kB
1777804197.441064542 AnonPages:         82800 kB
1777804197.441064542 Mapped:            89360 kB
1777804197.441064542 Shmem:              3452 kB
1777804197.441064542 KReclaimable:      28220 kB
1777804197.441064542 Slab:             115024 kB
1777804197.441064542 SReclaimable:      28220 kB
1777804197.441064542 SUnreclaim:        86804 kB
1777804197.441064542 KernelStack:        2992 kB
1777804197.441064542 PageTables:         3428 kB
1777804197.441064542 SecPageTables:         0 kB
1777804197.441064542 NFS_Unstable:          0 kB
1777804197.441064542 Bounce:                0 kB
1777804197.441064542 WritebackTmp:          0 kB
1777804197.441064542 CommitLimit:     3537964 kB
1777804197.441064542 Committed_AS:     402964 kB
1777804197.441064542 VmallocTotal:   135288315904 kB
1777804197.441064542 VmallocUsed:       18704 kB
1777804197.441064542 VmallocChunk:          0 kB
1777804197.441064542 Percpu:             1456 kB
1777804197.441064542 AnonHugePages:         0 kB
1777804197.441064542 ShmemHugePages:        0 kB
1777804197.441064542 ShmemPmdMapped:        0 kB
1777804197.441064542 FileHugePages:         0 kB
1777804197.441064542 FilePmdMapped:         0 kB
1777804197.441064542 CmaTotal:          65536 kB
1777804197.441064542 CmaFree:           49128 kB
1777804197.441064542 Balloon:               0 kB
1777804197.441064542 HugePages_Total:     512
1777804197.441064542 HugePages_Free:      512
1777804197.441064542 HugePages_Rsvd:        0
1777804197.441064542 HugePages_Surp:        0
1777804197.441064542 Hugepagesize:       2048 kB
1777804197.441064542 Hugetlb:         1048576 kB
1777804198.447977612 MemTotal:        8124504 kB
1777804198.447977612 MemFree:         6389780 kB
1777804198.447977612 MemAvailable:    6670504 kB
1777804198.447977612 Buffers:           28288 kB
1777804198.447977612 Cached:           381456 kB
1777804198.447977612 SwapCached:            0 kB
1777804198.447977612 Active:           387420 kB
1777804198.447977612 Inactive:         105100 kB
1777804198.447977612 Active(anon):      86148 kB
1777804198.447977612 Inactive(anon):        0 kB
1777804198.447977612 Active(file):     301272 kB
1777804198.447977612 Inactive(file):   105100 kB
1777804198.447977612 Unevictable:           0 kB
1777804198.447977612 Mlocked:               0 kB
1777804198.447977612 SwapTotal:             0 kB
1777804198.447977612 SwapFree:              0 kB
1777804198.447977612 Zswap:                 0 kB
1777804198.447977612 Zswapped:              0 kB
1777804198.447977612 Dirty:               152 kB
1777804198.447977612 Writeback:             0 kB
1777804198.447977612 AnonPages:         82840 kB
1777804198.447977612 Mapped:            89360 kB
1777804198.447977612 Shmem:              3452 kB
1777804198.447977612 KReclaimable:      28220 kB
1777804198.447977612 Slab:             115008 kB
1777804198.447977612 SReclaimable:      28220 kB
1777804198.447977612 SUnreclaim:        86788 kB
1777804198.447977612 KernelStack:        3008 kB
1777804198.447977612 PageTables:         3480 kB
1777804198.447977612 SecPageTables:         0 kB
1777804198.447977612 NFS_Unstable:          0 kB
1777804198.447977612 Bounce:                0 kB
1777804198.447977612 WritebackTmp:          0 kB
1777804198.447977612 CommitLimit:     3537964 kB
1777804198.447977612 Committed_AS:     402964 kB
1777804198.447977612 VmallocTotal:   135288315904 kB
1777804198.447977612 VmallocUsed:       18720 kB
1777804198.447977612 VmallocChunk:          0 kB
1777804198.447977612 Percpu:             1456 kB
1777804198.447977612 AnonHugePages:         0 kB
1777804198.447977612 ShmemHugePages:        0 kB
1777804198.447977612 ShmemPmdMapped:        0 kB
1777804198.447977612 FileHugePages:         0 kB
1777804198.447977612 FilePmdMapped:         0 kB
1777804198.447977612 CmaTotal:          65536 kB
1777804198.447977612 CmaFree:           49128 kB
1777804198.447977612 Balloon:               0 kB
1777804198.447977612 HugePages_Total:     512
1777804198.447977612 HugePages_Free:      512
1777804198.447977612 HugePages_Rsvd:        0
1777804198.447977612 HugePages_Surp:        0
1777804198.447977612 Hugepagesize:       2048 kB
1777804198.447977612 Hugetlb:         1048576 kB
1777804199.454889960 MemTotal:        8124504 kB
1777804199.454889960 MemFree:         6389528 kB
1777804199.454889960 MemAvailable:    6670256 kB
1777804199.454889960 Buffers:           28288 kB
1777804199.454889960 Cached:           381464 kB
1777804199.454889960 SwapCached:            0 kB
1777804199.454889960 Active:           387352 kB
1777804199.454889960 Inactive:         105104 kB
1777804199.454889960 Active(anon):      86080 kB
1777804199.454889960 Inactive(anon):        0 kB
1777804199.454889960 Active(file):     301272 kB
1777804199.454889960 Inactive(file):   105104 kB
1777804199.454889960 Unevictable:           0 kB
1777804199.454889960 Mlocked:               0 kB
1777804199.454889960 SwapTotal:             0 kB
1777804199.454889960 SwapFree:              0 kB
1777804199.454889960 Zswap:                 0 kB
1777804199.454889960 Zswapped:              0 kB
1777804199.454889960 Dirty:               160 kB
1777804199.454889960 Writeback:             0 kB
1777804199.454889960 AnonPages:         82800 kB
1777804199.454889960 Mapped:            89360 kB
1777804199.454889960 Shmem:              3452 kB
1777804199.454889960 KReclaimable:      28220 kB
1777804199.454889960 Slab:             115012 kB
1777804199.454889960 SReclaimable:      28220 kB
1777804199.454889960 SUnreclaim:        86792 kB
1777804199.454889960 KernelStack:        2992 kB
1777804199.454889960 PageTables:         3440 kB
1777804199.454889960 SecPageTables:         0 kB
1777804199.454889960 NFS_Unstable:          0 kB
1777804199.454889960 Bounce:                0 kB
1777804199.454889960 WritebackTmp:          0 kB
1777804199.454889960 CommitLimit:     3537964 kB
1777804199.454889960 Committed_AS:     402964 kB
1777804199.454889960 VmallocTotal:   135288315904 kB
1777804199.454889960 VmallocUsed:       18704 kB
1777804199.454889960 VmallocChunk:          0 kB
1777804199.454889960 Percpu:             1456 kB
1777804199.454889960 AnonHugePages:         0 kB
1777804199.454889960 ShmemHugePages:        0 kB
1777804199.454889960 ShmemPmdMapped:        0 kB
1777804199.454889960 FileHugePages:         0 kB
1777804199.454889960 FilePmdMapped:         0 kB
1777804199.454889960 CmaTotal:          65536 kB
1777804199.454889960 CmaFree:           49128 kB
1777804199.454889960 Balloon:               0 kB
1777804199.454889960 HugePages_Total:     512
1777804199.454889960 HugePages_Free:      512
1777804199.454889960 HugePages_Rsvd:        0
1777804199.454889960 HugePages_Surp:        0
1777804199.454889960 Hugepagesize:       2048 kB
1777804199.454889960 Hugetlb:         1048576 kB
1777804200.461680103 MemTotal:        8124504 kB
1777804200.461680103 MemFree:         6389096 kB
1777804200.461680103 MemAvailable:    6669828 kB
1777804200.461680103 Buffers:           28288 kB
1777804200.461680103 Cached:           381464 kB
1777804200.461680103 SwapCached:            0 kB
1777804200.461680103 Active:           387460 kB
1777804200.461680103 Inactive:         105108 kB
1777804200.461680103 Active(anon):      86188 kB
1777804200.461680103 Inactive(anon):        0 kB
1777804200.461680103 Active(file):     301272 kB
1777804200.461680103 Inactive(file):   105108 kB
1777804200.461680103 Unevictable:           0 kB
1777804200.461680103 Mlocked:               0 kB
1777804200.461680103 SwapTotal:             0 kB
1777804200.461680103 SwapFree:              0 kB
1777804200.461680103 Zswap:                 0 kB
1777804200.461680103 Zswapped:              0 kB
1777804200.461680103 Dirty:               160 kB
1777804200.461680103 Writeback:             0 kB
1777804200.461680103 AnonPages:         82804 kB
1777804200.461680103 Mapped:            89360 kB
1777804200.461680103 Shmem:              3452 kB
1777804200.461680103 KReclaimable:      28220 kB
1777804200.461680103 Slab:             115004 kB
1777804200.461680103 SReclaimable:      28220 kB
1777804200.461680103 SUnreclaim:        86784 kB
1777804200.461680103 KernelStack:        2992 kB
1777804200.461680103 PageTables:         3436 kB
1777804200.461680103 SecPageTables:         0 kB
1777804200.461680103 NFS_Unstable:          0 kB
1777804200.461680103 Bounce:                0 kB
1777804200.461680103 WritebackTmp:          0 kB
1777804200.461680103 CommitLimit:     3537964 kB
1777804200.461680103 Committed_AS:     402964 kB
1777804200.461680103 VmallocTotal:   135288315904 kB
1777804200.461680103 VmallocUsed:       18704 kB
1777804200.461680103 VmallocChunk:          0 kB
1777804200.461680103 Percpu:             1456 kB
1777804200.461680103 AnonHugePages:         0 kB
1777804200.461680103 ShmemHugePages:        0 kB
1777804200.461680103 ShmemPmdMapped:        0 kB
1777804200.461680103 FileHugePages:         0 kB
1777804200.461680103 FilePmdMapped:         0 kB
1777804200.461680103 CmaTotal:          65536 kB
1777804200.461680103 CmaFree:           49128 kB
1777804200.461680103 Balloon:               0 kB
1777804200.461680103 HugePages_Total:     512
1777804200.461680103 HugePages_Free:      512
1777804200.461680103 HugePages_Rsvd:        0
1777804200.461680103 HugePages_Surp:        0
1777804200.461680103 Hugepagesize:       2048 kB
1777804200.461680103 Hugetlb:         1048576 kB
1777804201.469445048 MemTotal:        8124504 kB
1777804201.469445048 MemFree:         6389208 kB
1777804201.469445048 MemAvailable:    6669952 kB
1777804201.469445048 Buffers:           28304 kB
1777804201.469445048 Cached:           381468 kB
1777804201.469445048 SwapCached:            0 kB
1777804201.469445048 Active:           387384 kB
1777804201.469445048 Inactive:         105120 kB
1777804201.469445048 Active(anon):      86112 kB
1777804201.469445048 Inactive(anon):        0 kB
1777804201.469445048 Active(file):     301272 kB
1777804201.469445048 Inactive(file):   105120 kB
1777804201.469445048 Unevictable:           0 kB
1777804201.469445048 Mlocked:               0 kB
1777804201.469445048 SwapTotal:             0 kB
1777804201.469445048 SwapFree:              0 kB
1777804201.469445048 Zswap:                 0 kB
1777804201.469445048 Zswapped:              0 kB
1777804201.469445048 Dirty:               176 kB
1777804201.469445048 Writeback:             0 kB
1777804201.469445048 AnonPages:         82792 kB
1777804201.469445048 Mapped:            89360 kB
1777804201.469445048 Shmem:              3452 kB
1777804201.469445048 KReclaimable:      28220 kB
1777804201.469445048 Slab:             115024 kB
1777804201.469445048 SReclaimable:      28220 kB
1777804201.469445048 SUnreclaim:        86804 kB
1777804201.469445048 KernelStack:        2976 kB
1777804201.469445048 PageTables:         3428 kB
1777804201.469445048 SecPageTables:         0 kB
1777804201.469445048 NFS_Unstable:          0 kB
1777804201.469445048 Bounce:                0 kB
1777804201.469445048 WritebackTmp:          0 kB
1777804201.469445048 CommitLimit:     3537964 kB
1777804201.469445048 Committed_AS:     402964 kB
1777804201.469445048 VmallocTotal:   135288315904 kB
1777804201.469445048 VmallocUsed:       18720 kB
1777804201.469445048 VmallocChunk:          0 kB
1777804201.469445048 Percpu:             1456 kB
1777804201.469445048 AnonHugePages:         0 kB
1777804201.469445048 ShmemHugePages:        0 kB
1777804201.469445048 ShmemPmdMapped:        0 kB
1777804201.469445048 FileHugePages:         0 kB
1777804201.469445048 FilePmdMapped:         0 kB
1777804201.469445048 CmaTotal:          65536 kB
1777804201.469445048 CmaFree:           49128 kB
1777804201.469445048 Balloon:               0 kB
1777804201.469445048 HugePages_Total:     512
1777804201.469445048 HugePages_Free:      512
1777804201.469445048 HugePages_Rsvd:        0
1777804201.469445048 HugePages_Surp:        0
1777804201.469445048 Hugepagesize:       2048 kB
1777804201.469445048 Hugetlb:         1048576 kB
1777804202.476329007 MemTotal:        8124504 kB
1777804202.476329007 MemFree:         6389252 kB
1777804202.476329007 MemAvailable:    6670008 kB
1777804202.476329007 Buffers:           28304 kB
1777804202.476329007 Cached:           381476 kB
1777804202.476329007 SwapCached:            0 kB
1777804202.476329007 Active:           387264 kB
1777804202.476329007 Inactive:         105136 kB
1777804202.476329007 Active(anon):      85996 kB
1777804202.476329007 Inactive(anon):        0 kB
1777804202.476329007 Active(file):     301268 kB
1777804202.476329007 Inactive(file):   105136 kB
1777804202.476329007 Unevictable:           0 kB
1777804202.476329007 Mlocked:               0 kB
1777804202.476329007 SwapTotal:             0 kB
1777804202.476329007 SwapFree:              0 kB
1777804202.476329007 Zswap:                 0 kB
1777804202.476329007 Zswapped:              0 kB
1777804202.476329007 Dirty:               184 kB
1777804202.476329007 Writeback:             0 kB
1777804202.476329007 AnonPages:         82804 kB
1777804202.476329007 Mapped:            89320 kB
1777804202.476329007 Shmem:              3452 kB
1777804202.476329007 KReclaimable:      28220 kB
1777804202.476329007 Slab:             115012 kB
1777804202.476329007 SReclaimable:      28220 kB
1777804202.476329007 SUnreclaim:        86792 kB
1777804202.476329007 KernelStack:        2992 kB
1777804202.476329007 PageTables:         3432 kB
1777804202.476329007 SecPageTables:         0 kB
1777804202.476329007 NFS_Unstable:          0 kB
1777804202.476329007 Bounce:                0 kB
1777804202.476329007 WritebackTmp:          0 kB
1777804202.476329007 CommitLimit:     3537964 kB
1777804202.476329007 Committed_AS:     402964 kB
1777804202.476329007 VmallocTotal:   135288315904 kB
1777804202.476329007 VmallocUsed:       18704 kB
1777804202.476329007 VmallocChunk:          0 kB
1777804202.476329007 Percpu:             1456 kB
1777804202.476329007 AnonHugePages:         0 kB
1777804202.476329007 ShmemHugePages:        0 kB
1777804202.476329007 ShmemPmdMapped:        0 kB
1777804202.476329007 FileHugePages:         0 kB
1777804202.476329007 FilePmdMapped:         0 kB
1777804202.476329007 CmaTotal:          65536 kB
1777804202.476329007 CmaFree:           49128 kB
1777804202.476329007 Balloon:               0 kB
1777804202.476329007 HugePages_Total:     512
1777804202.476329007 HugePages_Free:      512
1777804202.476329007 HugePages_Rsvd:        0
1777804202.476329007 HugePages_Surp:        0
1777804202.476329007 Hugepagesize:       2048 kB
1777804202.476329007 Hugetlb:         1048576 kB
1777804203.483295763 MemTotal:        8124504 kB
1777804203.483295763 MemFree:         6389444 kB
1777804203.483295763 MemAvailable:    6670208 kB
1777804203.483295763 Buffers:           28304 kB
1777804203.483295763 Cached:           381480 kB
1777804203.483295763 SwapCached:            0 kB
1777804203.483295763 Active:           387424 kB
1777804203.483295763 Inactive:         105140 kB
1777804203.483295763 Active(anon):      86152 kB
1777804203.483295763 Inactive(anon):        0 kB
1777804203.483295763 Active(file):     301272 kB
1777804203.483295763 Inactive(file):   105140 kB
1777804203.483295763 Unevictable:           0 kB
1777804203.483295763 Mlocked:               0 kB
1777804203.483295763 SwapTotal:             0 kB
1777804203.483295763 SwapFree:              0 kB
1777804203.483295763 Zswap:                 0 kB
1777804203.483295763 Zswapped:              0 kB
1777804203.483295763 Dirty:                80 kB
1777804203.483295763 Writeback:             0 kB
1777804203.483295763 AnonPages:         82800 kB
1777804203.483295763 Mapped:            89360 kB
1777804203.483295763 Shmem:              3452 kB
1777804203.483295763 KReclaimable:      28220 kB
1777804203.483295763 Slab:             115012 kB
1777804203.483295763 SReclaimable:      28220 kB
1777804203.483295763 SUnreclaim:        86792 kB
1777804203.483295763 KernelStack:        2992 kB
1777804203.483295763 PageTables:         3432 kB
1777804203.483295763 SecPageTables:         0 kB
1777804203.483295763 NFS_Unstable:          0 kB
1777804203.483295763 Bounce:                0 kB
1777804203.483295763 WritebackTmp:          0 kB
1777804203.483295763 CommitLimit:     3537964 kB
1777804203.483295763 Committed_AS:     402964 kB
1777804203.483295763 VmallocTotal:   135288315904 kB
1777804203.483295763 VmallocUsed:       18704 kB
1777804203.483295763 VmallocChunk:          0 kB
1777804203.483295763 Percpu:             1456 kB
1777804203.483295763 AnonHugePages:         0 kB
1777804203.483295763 ShmemHugePages:        0 kB
1777804203.483295763 ShmemPmdMapped:        0 kB
1777804203.483295763 FileHugePages:         0 kB
1777804203.483295763 FilePmdMapped:         0 kB
1777804203.483295763 CmaTotal:          65536 kB
1777804203.483295763 CmaFree:           49128 kB
1777804203.483295763 Balloon:               0 kB
1777804203.483295763 HugePages_Total:     512
1777804203.483295763 HugePages_Free:      512
1777804203.483295763 HugePages_Rsvd:        0
1777804203.483295763 HugePages_Surp:        0
1777804203.483295763 Hugepagesize:       2048 kB
1777804203.483295763 Hugetlb:         1048576 kB
1777804204.490156073 MemTotal:        8124504 kB
1777804204.490156073 MemFree:         6388532 kB
1777804204.490156073 MemAvailable:    6669296 kB
1777804204.490156073 Buffers:           28304 kB
1777804204.490156073 Cached:           381488 kB
1777804204.490156073 SwapCached:            0 kB
1777804204.490156073 Active:           387300 kB
1777804204.490156073 Inactive:         105144 kB
1777804204.490156073 Active(anon):      86032 kB
1777804204.490156073 Inactive(anon):        0 kB
1777804204.490156073 Active(file):     301268 kB
1777804204.490156073 Inactive(file):   105144 kB
1777804204.490156073 Unevictable:           0 kB
1777804204.490156073 Mlocked:               0 kB
1777804204.490156073 SwapTotal:             0 kB
1777804204.490156073 SwapFree:              0 kB
1777804204.490156073 Zswap:                 0 kB
1777804204.490156073 Zswapped:              0 kB
1777804204.490156073 Dirty:                96 kB
1777804204.490156073 Writeback:             0 kB
1777804204.490156073 AnonPages:         82840 kB
1777804204.490156073 Mapped:            89320 kB
1777804204.490156073 Shmem:              3452 kB
1777804204.490156073 KReclaimable:      28220 kB
1777804204.490156073 Slab:             115048 kB
1777804204.490156073 SReclaimable:      28220 kB
1777804204.490156073 SUnreclaim:        86828 kB
1777804204.490156073 KernelStack:        3008 kB
1777804204.490156073 PageTables:         3468 kB
1777804204.490156073 SecPageTables:         0 kB
1777804204.490156073 NFS_Unstable:          0 kB
1777804204.490156073 Bounce:                0 kB
1777804204.490156073 WritebackTmp:          0 kB
1777804204.490156073 CommitLimit:     3537964 kB
1777804204.490156073 Committed_AS:     402964 kB
1777804204.490156073 VmallocTotal:   135288315904 kB
1777804204.490156073 VmallocUsed:       18704 kB
1777804204.490156073 VmallocChunk:          0 kB
1777804204.490156073 Percpu:             1456 kB
1777804204.490156073 AnonHugePages:         0 kB
1777804204.490156073 ShmemHugePages:        0 kB
1777804204.490156073 ShmemPmdMapped:        0 kB
1777804204.490156073 FileHugePages:         0 kB
1777804204.490156073 FilePmdMapped:         0 kB
1777804204.490156073 CmaTotal:          65536 kB
1777804204.490156073 CmaFree:           49128 kB
1777804204.490156073 Balloon:               0 kB
1777804204.490156073 HugePages_Total:     512
1777804204.490156073 HugePages_Free:      512
1777804204.490156073 HugePages_Rsvd:        0
1777804204.490156073 HugePages_Surp:        0
1777804204.490156073 Hugepagesize:       2048 kB
1777804204.490156073 Hugetlb:         1048576 kB
1777804205.497141392 MemTotal:        8124504 kB
1777804205.497141392 MemFree:         6389144 kB
1777804205.497141392 MemAvailable:    6669920 kB
1777804205.497141392 Buffers:           28304 kB
1777804205.497141392 Cached:           381492 kB
1777804205.497141392 SwapCached:            0 kB
1777804205.497141392 Active:           387372 kB
1777804205.497141392 Inactive:         105152 kB
1777804205.497141392 Active(anon):      86100 kB
1777804205.497141392 Inactive(anon):        0 kB
1777804205.497141392 Active(file):     301272 kB
1777804205.497141392 Inactive(file):   105152 kB
1777804205.497141392 Unevictable:           0 kB
1777804205.497141392 Mlocked:               0 kB
1777804205.497141392 SwapTotal:             0 kB
1777804205.497141392 SwapFree:              0 kB
1777804205.497141392 Zswap:                 0 kB
1777804205.497141392 Zswapped:              0 kB
1777804205.497141392 Dirty:               100 kB
1777804205.497141392 Writeback:             0 kB
1777804205.497141392 AnonPages:         82796 kB
1777804205.497141392 Mapped:            89360 kB
1777804205.497141392 Shmem:              3452 kB
1777804205.497141392 KReclaimable:      28220 kB
1777804205.497141392 Slab:             115028 kB
1777804205.497141392 SReclaimable:      28220 kB
1777804205.497141392 SUnreclaim:        86808 kB
1777804205.497141392 KernelStack:        3008 kB
1777804205.497141392 PageTables:         3440 kB
1777804205.497141392 SecPageTables:         0 kB
1777804205.497141392 NFS_Unstable:          0 kB
1777804205.497141392 Bounce:                0 kB
1777804205.497141392 WritebackTmp:          0 kB
1777804205.497141392 CommitLimit:     3537964 kB
1777804205.497141392 Committed_AS:     402964 kB
1777804205.497141392 VmallocTotal:   135288315904 kB
1777804205.497141392 VmallocUsed:       18704 kB
1777804205.497141392 VmallocChunk:          0 kB
1777804205.497141392 Percpu:             1456 kB
1777804205.497141392 AnonHugePages:         0 kB
1777804205.497141392 ShmemHugePages:        0 kB
1777804205.497141392 ShmemPmdMapped:        0 kB
1777804205.497141392 FileHugePages:         0 kB
1777804205.497141392 FilePmdMapped:         0 kB
1777804205.497141392 CmaTotal:          65536 kB
1777804205.497141392 CmaFree:           49128 kB
1777804205.497141392 Balloon:               0 kB
1777804205.497141392 HugePages_Total:     512
1777804205.497141392 HugePages_Free:      512
1777804205.497141392 HugePages_Rsvd:        0
1777804205.497141392 HugePages_Surp:        0
1777804205.497141392 Hugepagesize:       2048 kB
1777804205.497141392 Hugetlb:         1048576 kB
1777804206.504125970 MemTotal:        8124504 kB
1777804206.504125970 MemFree:         6389400 kB
1777804206.504125970 MemAvailable:    6670172 kB
1777804206.504125970 Buffers:           28308 kB
1777804206.504125970 Cached:           381492 kB
1777804206.504125970 SwapCached:            0 kB
1777804206.504125970 Active:           387416 kB
1777804206.504125970 Inactive:         105152 kB
1777804206.504125970 Active(anon):      86148 kB
1777804206.504125970 Inactive(anon):        0 kB
1777804206.504125970 Active(file):     301268 kB
1777804206.504125970 Inactive(file):   105152 kB
1777804206.504125970 Unevictable:           0 kB
1777804206.504125970 Mlocked:               0 kB
1777804206.504125970 SwapTotal:             0 kB
1777804206.504125970 SwapFree:              0 kB
1777804206.504125970 Zswap:                 0 kB
1777804206.504125970 Zswapped:              0 kB
1777804206.504125970 Dirty:               104 kB
1777804206.504125970 Writeback:             0 kB
1777804206.504125970 AnonPages:         82832 kB
1777804206.504125970 Mapped:            89360 kB
1777804206.504125970 Shmem:              3452 kB
1777804206.504125970 KReclaimable:      28220 kB
1777804206.504125970 Slab:             115032 kB
1777804206.504125970 SReclaimable:      28220 kB
1777804206.504125970 SUnreclaim:        86812 kB
1777804206.504125970 KernelStack:        3024 kB
1777804206.504125970 PageTables:         3476 kB
1777804206.504125970 SecPageTables:         0 kB
1777804206.504125970 NFS_Unstable:          0 kB
1777804206.504125970 Bounce:                0 kB
1777804206.504125970 WritebackTmp:          0 kB
1777804206.504125970 CommitLimit:     3537964 kB
1777804206.504125970 Committed_AS:     402964 kB
1777804206.504125970 VmallocTotal:   135288315904 kB
1777804206.504125970 VmallocUsed:       18720 kB
1777804206.504125970 VmallocChunk:          0 kB
1777804206.504125970 Percpu:             1456 kB
1777804206.504125970 AnonHugePages:         0 kB
1777804206.504125970 ShmemHugePages:        0 kB
1777804206.504125970 ShmemPmdMapped:        0 kB
1777804206.504125970 FileHugePages:         0 kB
1777804206.504125970 FilePmdMapped:         0 kB
1777804206.504125970 CmaTotal:          65536 kB
1777804206.504125970 CmaFree:           49128 kB
1777804206.504125970 Balloon:               0 kB
1777804206.504125970 HugePages_Total:     512
1777804206.504125970 HugePages_Free:      512
1777804206.504125970 HugePages_Rsvd:        0
1777804206.504125970 HugePages_Surp:        0
1777804206.504125970 Hugepagesize:       2048 kB
1777804206.504125970 Hugetlb:         1048576 kB
1777804207.511113770 MemTotal:        8124504 kB
1777804207.511113770 MemFree:         6388296 kB
1777804207.511113770 MemAvailable:    6669100 kB
1777804207.511113770 Buffers:           28320 kB
1777804207.511113770 Cached:           381504 kB
1777804207.511113770 SwapCached:            0 kB
1777804207.511113770 Active:           387160 kB
1777804207.511113770 Inactive:         105180 kB
1777804207.511113770 Active(anon):      85888 kB
1777804207.511113770 Inactive(anon):        0 kB
1777804207.511113770 Active(file):     301272 kB
1777804207.511113770 Inactive(file):   105180 kB
1777804207.511113770 Unevictable:           0 kB
1777804207.511113770 Mlocked:               0 kB
1777804207.511113770 SwapTotal:             0 kB
1777804207.511113770 SwapFree:              0 kB
1777804207.511113770 Zswap:                 0 kB
1777804207.511113770 Zswapped:              0 kB
1777804207.511113770 Dirty:              1188 kB
1777804207.511113770 Writeback:             0 kB
1777804207.511113770 AnonPages:         82420 kB
1777804207.511113770 Mapped:            89360 kB
1777804207.511113770 Shmem:              3452 kB
1777804207.511113770 KReclaimable:      28220 kB
1777804207.511113770 Slab:             115024 kB
1777804207.511113770 SReclaimable:      28220 kB
1777804207.511113770 SUnreclaim:        86804 kB
1777804207.511113770 KernelStack:        3024 kB
1777804207.511113770 PageTables:         3436 kB
1777804207.511113770 SecPageTables:         0 kB
1777804207.511113770 NFS_Unstable:          0 kB
1777804207.511113770 Bounce:                0 kB
1777804207.511113770 WritebackTmp:          0 kB
1777804207.511113770 CommitLimit:     3537964 kB
1777804207.511113770 Committed_AS:     402964 kB
1777804207.511113770 VmallocTotal:   135288315904 kB
1777804207.511113770 VmallocUsed:       18736 kB
1777804207.511113770 VmallocChunk:          0 kB
1777804207.511113770 Percpu:             1456 kB
1777804207.511113770 AnonHugePages:         0 kB
1777804207.511113770 ShmemHugePages:        0 kB
1777804207.511113770 ShmemPmdMapped:        0 kB
1777804207.511113770 FileHugePages:         0 kB
1777804207.511113770 FilePmdMapped:         0 kB
1777804207.511113770 CmaTotal:          65536 kB
1777804207.511113770 CmaFree:           49128 kB
1777804207.511113770 Balloon:               0 kB
1777804207.511113770 HugePages_Total:     512
1777804207.511113770 HugePages_Free:      512
1777804207.511113770 HugePages_Rsvd:        0
1777804207.511113770 HugePages_Surp:        0
1777804207.511113770 Hugepagesize:       2048 kB
1777804207.511113770 Hugetlb:         1048576 kB
1777804208.518066866 MemTotal:        8124504 kB
1777804208.518066866 MemFree:         6388396 kB
1777804208.518066866 MemAvailable:    6669200 kB
1777804208.518066866 Buffers:           28320 kB
1777804208.518066866 Cached:           381508 kB
1777804208.518066866 SwapCached:            0 kB
1777804208.518066866 Active:           387084 kB
1777804208.518066866 Inactive:         105184 kB
1777804208.518066866 Active(anon):      85816 kB
1777804208.518066866 Inactive(anon):        0 kB
1777804208.518066866 Active(file):     301268 kB
1777804208.518066866 Inactive(file):   105184 kB
1777804208.518066866 Unevictable:           0 kB
1777804208.518066866 Mlocked:               0 kB
1777804208.518066866 SwapTotal:             0 kB
1777804208.518066866 SwapFree:              0 kB
1777804208.518066866 Zswap:                 0 kB
1777804208.518066866 Zswapped:              0 kB
1777804208.518066866 Dirty:              1120 kB
1777804208.518066866 Writeback:             0 kB
1777804208.518066866 AnonPages:         82432 kB
1777804208.518066866 Mapped:            89360 kB
1777804208.518066866 Shmem:              3452 kB
1777804208.518066866 KReclaimable:      28220 kB
1777804208.518066866 Slab:             115044 kB
1777804208.518066866 SReclaimable:      28220 kB
1777804208.518066866 SUnreclaim:        86824 kB
1777804208.518066866 KernelStack:        3024 kB
1777804208.518066866 PageTables:         3444 kB
1777804208.518066866 SecPageTables:         0 kB
1777804208.518066866 NFS_Unstable:          0 kB
1777804208.518066866 Bounce:                0 kB
1777804208.518066866 WritebackTmp:          0 kB
1777804208.518066866 CommitLimit:     3537964 kB
1777804208.518066866 Committed_AS:     402964 kB
1777804208.518066866 VmallocTotal:   135288315904 kB
1777804208.518066866 VmallocUsed:       18768 kB
1777804208.518066866 VmallocChunk:          0 kB
1777804208.518066866 Percpu:             1456 kB
1777804208.518066866 AnonHugePages:         0 kB
1777804208.518066866 ShmemHugePages:        0 kB
1777804208.518066866 ShmemPmdMapped:        0 kB
1777804208.518066866 FileHugePages:         0 kB
1777804208.518066866 FilePmdMapped:         0 kB
1777804208.518066866 CmaTotal:          65536 kB
1777804208.518066866 CmaFree:           49128 kB
1777804208.518066866 Balloon:               0 kB
1777804208.518066866 HugePages_Total:     512
1777804208.518066866 HugePages_Free:      512
1777804208.518066866 HugePages_Rsvd:        0
1777804208.518066866 HugePages_Surp:        0
1777804208.518066866 Hugepagesize:       2048 kB
1777804208.518066866 Hugetlb:         1048576 kB
1777804209.524984202 MemTotal:        8124504 kB
1777804209.524984202 MemFree:         6389056 kB
1777804209.524984202 MemAvailable:    6669868 kB
1777804209.524984202 Buffers:           28320 kB
1777804209.524984202 Cached:           381512 kB
1777804209.524984202 SwapCached:            0 kB
1777804209.524984202 Active:           386896 kB
1777804209.524984202 Inactive:         105188 kB
1777804209.524984202 Active(anon):      85624 kB
1777804209.524984202 Inactive(anon):        0 kB
1777804209.524984202 Active(file):     301272 kB
1777804209.524984202 Inactive(file):   105188 kB
1777804209.524984202 Unevictable:           0 kB
1777804209.524984202 Mlocked:               0 kB
1777804209.524984202 SwapTotal:             0 kB
1777804209.524984202 SwapFree:              0 kB
1777804209.524984202 Zswap:                 0 kB
1777804209.524984202 Zswapped:              0 kB
1777804209.524984202 Dirty:              1136 kB
1777804209.524984202 Writeback:             0 kB
1777804209.524984202 AnonPages:         82300 kB
1777804209.524984202 Mapped:            89316 kB
1777804209.524984202 Shmem:              3452 kB
1777804209.524984202 KReclaimable:      28220 kB
1777804209.524984202 Slab:             115044 kB
1777804209.524984202 SReclaimable:      28220 kB
1777804209.524984202 SUnreclaim:        86824 kB
1777804209.524984202 KernelStack:        3008 kB
1777804209.524984202 PageTables:         3388 kB
1777804209.524984202 SecPageTables:         0 kB
1777804209.524984202 NFS_Unstable:          0 kB
1777804209.524984202 Bounce:                0 kB
1777804209.524984202 WritebackTmp:          0 kB
1777804209.524984202 CommitLimit:     3537964 kB
1777804209.524984202 Committed_AS:     402576 kB
1777804209.524984202 VmallocTotal:   135288315904 kB
1777804209.524984202 VmallocUsed:       18720 kB
1777804209.524984202 VmallocChunk:          0 kB
1777804209.524984202 Percpu:             1456 kB
1777804209.524984202 AnonHugePages:         0 kB
1777804209.524984202 ShmemHugePages:        0 kB
1777804209.524984202 ShmemPmdMapped:        0 kB
1777804209.524984202 FileHugePages:         0 kB
1777804209.524984202 FilePmdMapped:         0 kB
1777804209.524984202 CmaTotal:          65536 kB
1777804209.524984202 CmaFree:           49128 kB
1777804209.524984202 Balloon:               0 kB
1777804209.524984202 HugePages_Total:     512
1777804209.524984202 HugePages_Free:      512
1777804209.524984202 HugePages_Rsvd:        0
1777804209.524984202 HugePages_Surp:        0
1777804209.524984202 Hugepagesize:       2048 kB
1777804209.524984202 Hugetlb:         1048576 kB
