# timestamp field value_kB
1776799202.769566710 MemTotal:        8124504 kB
1776799202.769566710 MemFree:         6358452 kB
1776799202.769566710 MemAvailable:    6639944 kB
1776799202.769566710 Buffers:           32472 kB
1776799202.769566710 Cached:           377872 kB
1776799202.769566710 SwapCached:            0 kB
1776799202.769566710 Active:           401136 kB
1776799202.769566710 Inactive:         111304 kB
1776799202.769566710 Active(anon):     107248 kB
1776799202.769566710 Inactive(anon):        0 kB
1776799202.769566710 Active(file):     293888 kB
1776799202.769566710 Inactive(file):   111304 kB
1776799202.769566710 Unevictable:           0 kB
1776799202.769566710 Mlocked:               0 kB
1776799202.769566710 SwapTotal:             0 kB
1776799202.769566710 SwapFree:              0 kB
1776799202.769566710 Zswap:                 0 kB
1776799202.769566710 Zswapped:              0 kB
1776799202.769566710 Dirty:                16 kB
1776799202.769566710 Writeback:             0 kB
1776799202.769566710 AnonPages:        102412 kB
1776799202.769566710 Mapped:           105316 kB
1776799202.769566710 Shmem:              5248 kB
1776799202.769566710 KReclaimable:      32116 kB
1776799202.769566710 Slab:             123004 kB
1776799202.769566710 SReclaimable:      32116 kB
1776799202.769566710 SUnreclaim:        90888 kB
1776799202.769566710 KernelStack:        3224 kB
1776799202.769566710 PageTables:         4588 kB
1776799202.769566710 SecPageTables:         0 kB
1776799202.769566710 NFS_Unstable:          0 kB
1776799202.769566710 Bounce:                0 kB
1776799202.769566710 WritebackTmp:          0 kB
1776799202.769566710 CommitLimit:     3537964 kB
1776799202.769566710 Committed_AS:     508496 kB
1776799202.769566710 VmallocTotal:   135288315904 kB
1776799202.769566710 VmallocUsed:       25908 kB
1776799202.769566710 VmallocChunk:          0 kB
1776799202.769566710 Percpu:             1552 kB
1776799202.769566710 AnonHugePages:         0 kB
1776799202.769566710 ShmemHugePages:        0 kB
1776799202.769566710 ShmemPmdMapped:        0 kB
1776799202.769566710 FileHugePages:         0 kB
1776799202.769566710 FilePmdMapped:         0 kB
1776799202.769566710 CmaTotal:          65536 kB
1776799202.769566710 CmaFree:           49104 kB
1776799202.769566710 Balloon:               0 kB
1776799202.769566710 HugePages_Total:     512
1776799202.769566710 HugePages_Free:      469
1776799202.769566710 HugePages_Rsvd:        0
1776799202.769566710 HugePages_Surp:        0
1776799202.769566710 Hugepagesize:       2048 kB
1776799202.769566710 Hugetlb:         1048576 kB
1776799203.780159363 MemTotal:        8124504 kB
1776799203.780159363 MemFree:         6356600 kB
1776799203.780159363 MemAvailable:    6638048 kB
1776799203.780159363 Buffers:           32472 kB
1776799203.780159363 Cached:           377832 kB
1776799203.780159363 SwapCached:            0 kB
1776799203.780159363 Active:           401728 kB
1776799203.780159363 Inactive:         111264 kB
1776799203.780159363 Active(anon):     107844 kB
1776799203.780159363 Inactive(anon):        0 kB
1776799203.780159363 Active(file):     293884 kB
1776799203.780159363 Inactive(file):   111264 kB
1776799203.780159363 Unevictable:           0 kB
1776799203.780159363 Mlocked:               0 kB
1776799203.780159363 SwapTotal:             0 kB
1776799203.780159363 SwapFree:              0 kB
1776799203.780159363 Zswap:                 0 kB
1776799203.780159363 Zswapped:              0 kB
1776799203.780159363 Dirty:                20 kB
1776799203.780159363 Writeback:             0 kB
1776799203.780159363 AnonPages:        102528 kB
1776799203.780159363 Mapped:           105392 kB
1776799203.780159363 Shmem:              5248 kB
1776799203.780159363 KReclaimable:      32116 kB
1776799203.780159363 Slab:             123188 kB
1776799203.780159363 SReclaimable:      32116 kB
1776799203.780159363 SUnreclaim:        91072 kB
1776799203.780159363 KernelStack:        3176 kB
1776799203.780159363 PageTables:         4528 kB
1776799203.780159363 SecPageTables:         0 kB
1776799203.780159363 NFS_Unstable:          0 kB
1776799203.780159363 Bounce:                0 kB
1776799203.780159363 WritebackTmp:          0 kB
1776799203.780159363 CommitLimit:     3537964 kB
1776799203.780159363 Committed_AS:     508168 kB
1776799203.780159363 VmallocTotal:   135288315904 kB
1776799203.780159363 VmallocUsed:       25876 kB
1776799203.780159363 VmallocChunk:          0 kB
1776799203.780159363 Percpu:             1552 kB
1776799203.780159363 AnonHugePages:         0 kB
1776799203.780159363 ShmemHugePages:        0 kB
1776799203.780159363 ShmemPmdMapped:        0 kB
1776799203.780159363 FileHugePages:         0 kB
1776799203.780159363 FilePmdMapped:         0 kB
1776799203.780159363 CmaTotal:          65536 kB
1776799203.780159363 CmaFree:           49104 kB
1776799203.780159363 Balloon:               0 kB
1776799203.780159363 HugePages_Total:     512
1776799203.780159363 HugePages_Free:      469
1776799203.780159363 HugePages_Rsvd:        0
1776799203.780159363 HugePages_Surp:        0
1776799203.780159363 Hugepagesize:       2048 kB
1776799203.780159363 Hugetlb:         1048576 kB
1776799204.788311694 MemTotal:        8124504 kB
1776799204.788311694 MemFree:         6358788 kB
1776799204.788311694 MemAvailable:    6640240 kB
1776799204.788311694 Buffers:           32472 kB
1776799204.788311694 Cached:           377836 kB
1776799204.788311694 SwapCached:            0 kB
1776799204.788311694 Active:           401016 kB
1776799204.788311694 Inactive:         111268 kB
1776799204.788311694 Active(anon):     107132 kB
1776799204.788311694 Inactive(anon):        0 kB
1776799204.788311694 Active(file):     293884 kB
1776799204.788311694 Inactive(file):   111268 kB
1776799204.788311694 Unevictable:           0 kB
1776799204.788311694 Mlocked:               0 kB
1776799204.788311694 SwapTotal:             0 kB
1776799204.788311694 SwapFree:              0 kB
1776799204.788311694 Zswap:                 0 kB
1776799204.788311694 Zswapped:              0 kB
1776799204.788311694 Dirty:                24 kB
1776799204.788311694 Writeback:             0 kB
1776799204.788311694 AnonPages:        101912 kB
1776799204.788311694 Mapped:           105420 kB
1776799204.788311694 Shmem:              5248 kB
1776799204.788311694 KReclaimable:      32116 kB
1776799204.788311694 Slab:             123224 kB
1776799204.788311694 SReclaimable:      32116 kB
1776799204.788311694 SUnreclaim:        91108 kB
1776799204.788311694 KernelStack:        3208 kB
1776799204.788311694 PageTables:         4500 kB
1776799204.788311694 SecPageTables:         0 kB
1776799204.788311694 NFS_Unstable:          0 kB
1776799204.788311694 Bounce:                0 kB
1776799204.788311694 WritebackTmp:          0 kB
1776799204.788311694 CommitLimit:     3537964 kB
1776799204.788311694 Committed_AS:     508016 kB
1776799204.788311694 VmallocTotal:   135288315904 kB
1776799204.788311694 VmallocUsed:       25908 kB
1776799204.788311694 VmallocChunk:          0 kB
1776799204.788311694 Percpu:             1552 kB
1776799204.788311694 AnonHugePages:         0 kB
1776799204.788311694 ShmemHugePages:        0 kB
1776799204.788311694 ShmemPmdMapped:        0 kB
1776799204.788311694 FileHugePages:         0 kB
1776799204.788311694 FilePmdMapped:         0 kB
1776799204.788311694 CmaTotal:          65536 kB
1776799204.788311694 CmaFree:           49104 kB
1776799204.788311694 Balloon:               0 kB
1776799204.788311694 HugePages_Total:     512
1776799204.788311694 HugePages_Free:      469
1776799204.788311694 HugePages_Rsvd:        0
1776799204.788311694 HugePages_Surp:        0
1776799204.788311694 Hugepagesize:       2048 kB
1776799204.788311694 Hugetlb:         1048576 kB
1776799205.795907598 MemTotal:        8124504 kB
1776799205.795907598 MemFree:         6360256 kB
1776799205.795907598 MemAvailable:    6641712 kB
1776799205.795907598 Buffers:           32472 kB
1776799205.795907598 Cached:           377840 kB
1776799205.795907598 SwapCached:            0 kB
1776799205.795907598 Active:           401140 kB
1776799205.795907598 Inactive:         111268 kB
1776799205.795907598 Active(anon):     107256 kB
1776799205.795907598 Inactive(anon):        0 kB
1776799205.795907598 Active(file):     293884 kB
1776799205.795907598 Inactive(file):   111268 kB
1776799205.795907598 Unevictable:           0 kB
1776799205.795907598 Mlocked:               0 kB
1776799205.795907598 SwapTotal:             0 kB
1776799205.795907598 SwapFree:              0 kB
1776799205.795907598 Zswap:                 0 kB
1776799205.795907598 Zswapped:              0 kB
1776799205.795907598 Dirty:              1204 kB
1776799205.795907598 Writeback:             0 kB
1776799205.795907598 AnonPages:        102464 kB
1776799205.795907598 Mapped:           105376 kB
1776799205.795907598 Shmem:              5248 kB
1776799205.795907598 KReclaimable:      32124 kB
1776799205.795907598 Slab:             123300 kB
1776799205.795907598 SReclaimable:      32124 kB
1776799205.795907598 SUnreclaim:        91176 kB
1776799205.795907598 KernelStack:        3184 kB
1776799205.795907598 PageTables:         4380 kB
1776799205.795907598 SecPageTables:         0 kB
1776799205.795907598 NFS_Unstable:          0 kB
1776799205.795907598 Bounce:                0 kB
1776799205.795907598 WritebackTmp:          0 kB
1776799205.795907598 CommitLimit:     3537964 kB
1776799205.795907598 Committed_AS:     508496 kB
1776799205.795907598 VmallocTotal:   135288315904 kB
1776799205.795907598 VmallocUsed:       25860 kB
1776799205.795907598 VmallocChunk:          0 kB
1776799205.795907598 Percpu:             1552 kB
1776799205.795907598 AnonHugePages:         0 kB
1776799205.795907598 ShmemHugePages:        0 kB
1776799205.795907598 ShmemPmdMapped:        0 kB
1776799205.795907598 FileHugePages:         0 kB
1776799205.795907598 FilePmdMapped:         0 kB
1776799205.795907598 CmaTotal:          65536 kB
1776799205.795907598 CmaFree:           49104 kB
1776799205.795907598 Balloon:               0 kB
1776799205.795907598 HugePages_Total:     512
1776799205.795907598 HugePages_Free:      469
1776799205.795907598 HugePages_Rsvd:        0
1776799205.795907598 HugePages_Surp:        0
1776799205.795907598 Hugepagesize:       2048 kB
1776799205.795907598 Hugetlb:         1048576 kB
1776799206.803470853 MemTotal:        8124504 kB
1776799206.803470853 MemFree:         6359264 kB
1776799206.803470853 MemAvailable:    6640728 kB
1776799206.803470853 Buffers:           32472 kB
1776799206.803470853 Cached:           377844 kB
1776799206.803470853 SwapCached:            0 kB
1776799206.803470853 Active:           401620 kB
1776799206.803470853 Inactive:         111276 kB
1776799206.803470853 Active(anon):     107736 kB
1776799206.803470853 Inactive(anon):        0 kB
1776799206.803470853 Active(file):     293884 kB
1776799206.803470853 Inactive(file):   111276 kB
1776799206.803470853 Unevictable:           0 kB
1776799206.803470853 Mlocked:               0 kB
1776799206.803470853 SwapTotal:             0 kB
1776799206.803470853 SwapFree:              0 kB
1776799206.803470853 Zswap:                 0 kB
1776799206.803470853 Zswapped:              0 kB
1776799206.803470853 Dirty:              1208 kB
1776799206.803470853 Writeback:             0 kB
1776799206.803470853 AnonPages:        102832 kB
1776799206.803470853 Mapped:           105572 kB
1776799206.803470853 Shmem:              5248 kB
1776799206.803470853 KReclaimable:      32124 kB
1776799206.803470853 Slab:             123300 kB
1776799206.803470853 SReclaimable:      32124 kB
1776799206.803470853 SUnreclaim:        91176 kB
1776799206.803470853 KernelStack:        3200 kB
1776799206.803470853 PageTables:         4248 kB
1776799206.803470853 SecPageTables:         0 kB
1776799206.803470853 NFS_Unstable:          0 kB
1776799206.803470853 Bounce:                0 kB
1776799206.803470853 WritebackTmp:          0 kB
1776799206.803470853 CommitLimit:     3537964 kB
1776799206.803470853 Committed_AS:     508284 kB
1776799206.803470853 VmallocTotal:   135288315904 kB
1776799206.803470853 VmallocUsed:       25844 kB
1776799206.803470853 VmallocChunk:          0 kB
1776799206.803470853 Percpu:             1552 kB
1776799206.803470853 AnonHugePages:         0 kB
1776799206.803470853 ShmemHugePages:        0 kB
1776799206.803470853 ShmemPmdMapped:        0 kB
1776799206.803470853 FileHugePages:         0 kB
1776799206.803470853 FilePmdMapped:         0 kB
1776799206.803470853 CmaTotal:          65536 kB
1776799206.803470853 CmaFree:           49104 kB
1776799206.803470853 Balloon:               0 kB
1776799206.803470853 HugePages_Total:     512
1776799206.803470853 HugePages_Free:      469
1776799206.803470853 HugePages_Rsvd:        0
1776799206.803470853 HugePages_Surp:        0
1776799206.803470853 Hugepagesize:       2048 kB
1776799206.803470853 Hugetlb:         1048576 kB
1776799207.811004331 MemTotal:        8124504 kB
1776799207.811004331 MemFree:         6357620 kB
1776799207.811004331 MemAvailable:    6639084 kB
1776799207.811004331 Buffers:           32480 kB
1776799207.811004331 Cached:           377848 kB
1776799207.811004331 SwapCached:            0 kB
1776799207.811004331 Active:           401752 kB
1776799207.811004331 Inactive:         111280 kB
1776799207.811004331 Active(anon):     107868 kB
1776799207.811004331 Inactive(anon):        0 kB
1776799207.811004331 Active(file):     293884 kB
1776799207.811004331 Inactive(file):   111280 kB
1776799207.811004331 Unevictable:           0 kB
1776799207.811004331 Mlocked:               0 kB
1776799207.811004331 SwapTotal:             0 kB
1776799207.811004331 SwapFree:              0 kB
1776799207.811004331 Zswap:                 0 kB
1776799207.811004331 Zswapped:              0 kB
1776799207.811004331 Dirty:              1256 kB
1776799207.811004331 Writeback:             0 kB
1776799207.811004331 AnonPages:        101952 kB
1776799207.811004331 Mapped:           105380 kB
1776799207.811004331 Shmem:              5248 kB
1776799207.811004331 KReclaimable:      32120 kB
1776799207.811004331 Slab:             123284 kB
1776799207.811004331 SReclaimable:      32120 kB
1776799207.811004331 SUnreclaim:        91164 kB
1776799207.811004331 KernelStack:        3184 kB
1776799207.811004331 PageTables:         4248 kB
1776799207.811004331 SecPageTables:         0 kB
1776799207.811004331 NFS_Unstable:          0 kB
1776799207.811004331 Bounce:                0 kB
1776799207.811004331 WritebackTmp:          0 kB
1776799207.811004331 CommitLimit:     3537964 kB
1776799207.811004331 Committed_AS:     507320 kB
1776799207.811004331 VmallocTotal:   135288315904 kB
1776799207.811004331 VmallocUsed:       25860 kB
1776799207.811004331 VmallocChunk:          0 kB
1776799207.811004331 Percpu:             1552 kB
1776799207.811004331 AnonHugePages:         0 kB
1776799207.811004331 ShmemHugePages:        0 kB
1776799207.811004331 ShmemPmdMapped:        0 kB
1776799207.811004331 FileHugePages:         0 kB
1776799207.811004331 FilePmdMapped:         0 kB
1776799207.811004331 CmaTotal:          65536 kB
1776799207.811004331 CmaFree:           49104 kB
1776799207.811004331 Balloon:               0 kB
1776799207.811004331 HugePages_Total:     512
1776799207.811004331 HugePages_Free:      469
1776799207.811004331 HugePages_Rsvd:        0
1776799207.811004331 HugePages_Surp:        0
1776799207.811004331 Hugepagesize:       2048 kB
1776799207.811004331 Hugetlb:         1048576 kB
1776799208.818281456 MemTotal:        8124504 kB
1776799208.818281456 MemFree:         6357888 kB
1776799208.818281456 MemAvailable:    6639368 kB
1776799208.818281456 Buffers:           32480 kB
1776799208.818281456 Cached:           377852 kB
1776799208.818281456 SwapCached:            0 kB
1776799208.818281456 Active:           401844 kB
1776799208.818281456 Inactive:         111292 kB
1776799208.818281456 Active(anon):     107956 kB
1776799208.818281456 Inactive(anon):        0 kB
1776799208.818281456 Active(file):     293888 kB
1776799208.818281456 Inactive(file):   111292 kB
1776799208.818281456 Unevictable:           0 kB
1776799208.818281456 Mlocked:               0 kB
1776799208.818281456 SwapTotal:             0 kB
1776799208.818281456 SwapFree:              0 kB
1776799208.818281456 Zswap:                 0 kB
1776799208.818281456 Zswapped:              0 kB
1776799208.818281456 Dirty:              1260 kB
1776799208.818281456 Writeback:             0 kB
1776799208.818281456 AnonPages:        102740 kB
1776799208.818281456 Mapped:           105380 kB
1776799208.818281456 Shmem:              5248 kB
1776799208.818281456 KReclaimable:      32120 kB
1776799208.818281456 Slab:             123304 kB
1776799208.818281456 SReclaimable:      32120 kB
1776799208.818281456 SUnreclaim:        91184 kB
1776799208.818281456 KernelStack:        3184 kB
1776799208.818281456 PageTables:         4208 kB
1776799208.818281456 SecPageTables:         0 kB
1776799208.818281456 NFS_Unstable:          0 kB
1776799208.818281456 Bounce:                0 kB
1776799208.818281456 WritebackTmp:          0 kB
1776799208.818281456 CommitLimit:     3537964 kB
1776799208.818281456 Committed_AS:     508168 kB
1776799208.818281456 VmallocTotal:   135288315904 kB
1776799208.818281456 VmallocUsed:       25860 kB
1776799208.818281456 VmallocChunk:          0 kB
1776799208.818281456 Percpu:             1552 kB
1776799208.818281456 AnonHugePages:         0 kB
1776799208.818281456 ShmemHugePages:        0 kB
1776799208.818281456 ShmemPmdMapped:        0 kB
1776799208.818281456 FileHugePages:         0 kB
1776799208.818281456 FilePmdMapped:         0 kB
1776799208.818281456 CmaTotal:          65536 kB
1776799208.818281456 CmaFree:           49104 kB
1776799208.818281456 Balloon:               0 kB
1776799208.818281456 HugePages_Total:     512
1776799208.818281456 HugePages_Free:      469
1776799208.818281456 HugePages_Rsvd:        0
1776799208.818281456 HugePages_Surp:        0
1776799208.818281456 Hugepagesize:       2048 kB
1776799208.818281456 Hugetlb:         1048576 kB
1776799209.825256783 MemTotal:        8124504 kB
1776799209.825256783 MemFree:         6357960 kB
1776799209.825256783 MemAvailable:    6639440 kB
1776799209.825256783 Buffers:           32480 kB
1776799209.825256783 Cached:           377864 kB
1776799209.825256783 SwapCached:            0 kB
1776799209.825256783 Active:           401892 kB
1776799209.825256783 Inactive:         111296 kB
1776799209.825256783 Active(anon):     108008 kB
1776799209.825256783 Inactive(anon):        0 kB
1776799209.825256783 Active(file):     293884 kB
1776799209.825256783 Inactive(file):   111296 kB
1776799209.825256783 Unevictable:           0 kB
1776799209.825256783 Mlocked:               0 kB
1776799209.825256783 SwapTotal:             0 kB
1776799209.825256783 SwapFree:              0 kB
1776799209.825256783 Zswap:                 0 kB
1776799209.825256783 Zswapped:              0 kB
1776799209.825256783 Dirty:              1272 kB
1776799209.825256783 Writeback:             0 kB
1776799209.825256783 AnonPages:        102764 kB
1776799209.825256783 Mapped:           105380 kB
1776799209.825256783 Shmem:              5248 kB
1776799209.825256783 KReclaimable:      32120 kB
1776799209.825256783 Slab:             123300 kB
1776799209.825256783 SReclaimable:      32120 kB
1776799209.825256783 SUnreclaim:        91180 kB
1776799209.825256783 KernelStack:        3168 kB
1776799209.825256783 PageTables:         4196 kB
1776799209.825256783 SecPageTables:         0 kB
1776799209.825256783 NFS_Unstable:          0 kB
1776799209.825256783 Bounce:                0 kB
1776799209.825256783 WritebackTmp:          0 kB
1776799209.825256783 CommitLimit:     3537964 kB
1776799209.825256783 Committed_AS:     508168 kB
1776799209.825256783 VmallocTotal:   135288315904 kB
1776799209.825256783 VmallocUsed:       25860 kB
1776799209.825256783 VmallocChunk:          0 kB
1776799209.825256783 Percpu:             1552 kB
1776799209.825256783 AnonHugePages:         0 kB
1776799209.825256783 ShmemHugePages:        0 kB
1776799209.825256783 ShmemPmdMapped:        0 kB
1776799209.825256783 FileHugePages:         0 kB
1776799209.825256783 FilePmdMapped:         0 kB
1776799209.825256783 CmaTotal:          65536 kB
1776799209.825256783 CmaFree:           49104 kB
1776799209.825256783 Balloon:               0 kB
1776799209.825256783 HugePages_Total:     512
1776799209.825256783 HugePages_Free:      469
1776799209.825256783 HugePages_Rsvd:        0
1776799209.825256783 HugePages_Surp:        0
1776799209.825256783 Hugepagesize:       2048 kB
1776799209.825256783 Hugetlb:         1048576 kB
1776799210.832177518 MemTotal:        8124504 kB
1776799210.832177518 MemFree:         6358196 kB
1776799210.832177518 MemAvailable:    6639688 kB
1776799210.832177518 Buffers:           32480 kB
1776799210.832177518 Cached:           377868 kB
1776799210.832177518 SwapCached:            0 kB
1776799210.832177518 Active:           401756 kB
1776799210.832177518 Inactive:         111308 kB
1776799210.832177518 Active(anon):     107872 kB
1776799210.832177518 Inactive(anon):        0 kB
1776799210.832177518 Active(file):     293884 kB
1776799210.832177518 Inactive(file):   111308 kB
1776799210.832177518 Unevictable:           0 kB
1776799210.832177518 Mlocked:               0 kB
1776799210.832177518 SwapTotal:             0 kB
1776799210.832177518 SwapFree:              0 kB
1776799210.832177518 Zswap:                 0 kB
1776799210.832177518 Zswapped:              0 kB
1776799210.832177518 Dirty:              1276 kB
1776799210.832177518 Writeback:             0 kB
1776799210.832177518 AnonPages:        102840 kB
1776799210.832177518 Mapped:           105380 kB
1776799210.832177518 Shmem:              5248 kB
1776799210.832177518 KReclaimable:      32120 kB
1776799210.832177518 Slab:             123340 kB
1776799210.832177518 SReclaimable:      32120 kB
1776799210.832177518 SUnreclaim:        91220 kB
1776799210.832177518 KernelStack:        3184 kB
1776799210.832177518 PageTables:         4248 kB
1776799210.832177518 SecPageTables:         0 kB
1776799210.832177518 NFS_Unstable:          0 kB
1776799210.832177518 Bounce:                0 kB
1776799210.832177518 WritebackTmp:          0 kB
1776799210.832177518 CommitLimit:     3537964 kB
1776799210.832177518 Committed_AS:     508168 kB
1776799210.832177518 VmallocTotal:   135288315904 kB
1776799210.832177518 VmallocUsed:       25860 kB
1776799210.832177518 VmallocChunk:          0 kB
1776799210.832177518 Percpu:             1552 kB
1776799210.832177518 AnonHugePages:         0 kB
1776799210.832177518 ShmemHugePages:        0 kB
1776799210.832177518 ShmemPmdMapped:        0 kB
1776799210.832177518 FileHugePages:         0 kB
1776799210.832177518 FilePmdMapped:         0 kB
1776799210.832177518 CmaTotal:          65536 kB
1776799210.832177518 CmaFree:           49104 kB
1776799210.832177518 Balloon:               0 kB
1776799210.832177518 HugePages_Total:     512
1776799210.832177518 HugePages_Free:      469
1776799210.832177518 HugePages_Rsvd:        0
1776799210.832177518 HugePages_Surp:        0
1776799210.832177518 Hugepagesize:       2048 kB
1776799210.832177518 Hugetlb:         1048576 kB
1776799211.839166420 MemTotal:        8124504 kB
1776799211.839166420 MemFree:         6358748 kB
1776799211.839166420 MemAvailable:    6640240 kB
1776799211.839166420 Buffers:           32480 kB
1776799211.839166420 Cached:           377868 kB
1776799211.839166420 SwapCached:            0 kB
1776799211.839166420 Active:           401768 kB
1776799211.839166420 Inactive:         111308 kB
1776799211.839166420 Active(anon):     107884 kB
1776799211.839166420 Inactive(anon):        0 kB
1776799211.839166420 Active(file):     293884 kB
1776799211.839166420 Inactive(file):   111308 kB
1776799211.839166420 Unevictable:           0 kB
1776799211.839166420 Mlocked:               0 kB
1776799211.839166420 SwapTotal:             0 kB
1776799211.839166420 SwapFree:              0 kB
1776799211.839166420 Zswap:                 0 kB
1776799211.839166420 Zswapped:              0 kB
1776799211.839166420 Dirty:              1276 kB
1776799211.839166420 Writeback:             0 kB
1776799211.839166420 AnonPages:        102844 kB
1776799211.839166420 Mapped:           105380 kB
1776799211.839166420 Shmem:              5248 kB
1776799211.839166420 KReclaimable:      32120 kB
1776799211.839166420 Slab:             123352 kB
1776799211.839166420 SReclaimable:      32120 kB
1776799211.839166420 SUnreclaim:        91232 kB
1776799211.839166420 KernelStack:        3184 kB
1776799211.839166420 PageTables:         4248 kB
1776799211.839166420 SecPageTables:         0 kB
1776799211.839166420 NFS_Unstable:          0 kB
1776799211.839166420 Bounce:                0 kB
1776799211.839166420 WritebackTmp:          0 kB
1776799211.839166420 CommitLimit:     3537964 kB
1776799211.839166420 Committed_AS:     508168 kB
1776799211.839166420 VmallocTotal:   135288315904 kB
1776799211.839166420 VmallocUsed:       25860 kB
1776799211.839166420 VmallocChunk:          0 kB
1776799211.839166420 Percpu:             1552 kB
1776799211.839166420 AnonHugePages:         0 kB
1776799211.839166420 ShmemHugePages:        0 kB
1776799211.839166420 ShmemPmdMapped:        0 kB
1776799211.839166420 FileHugePages:         0 kB
1776799211.839166420 FilePmdMapped:         0 kB
1776799211.839166420 CmaTotal:          65536 kB
1776799211.839166420 CmaFree:           49104 kB
1776799211.839166420 Balloon:               0 kB
1776799211.839166420 HugePages_Total:     512
1776799211.839166420 HugePages_Free:      469
1776799211.839166420 HugePages_Rsvd:        0
1776799211.839166420 HugePages_Surp:        0
1776799211.839166420 Hugepagesize:       2048 kB
1776799211.839166420 Hugetlb:         1048576 kB
1776799212.845985099 MemTotal:        8124504 kB
1776799212.845985099 MemFree:         6360408 kB
1776799212.845985099 MemAvailable:    6641912 kB
1776799212.845985099 Buffers:           32488 kB
1776799212.845985099 Cached:           377872 kB
1776799212.845985099 SwapCached:            0 kB
1776799212.845985099 Active:           401824 kB
1776799212.845985099 Inactive:         111320 kB
1776799212.845985099 Active(anon):     107936 kB
1776799212.845985099 Inactive(anon):        0 kB
1776799212.845985099 Active(file):     293888 kB
1776799212.845985099 Inactive(file):   111320 kB
1776799212.845985099 Unevictable:           0 kB
1776799212.845985099 Mlocked:               0 kB
1776799212.845985099 SwapTotal:             0 kB
1776799212.845985099 SwapFree:              0 kB
1776799212.845985099 Zswap:                 0 kB
1776799212.845985099 Zswapped:              0 kB
1776799212.845985099 Dirty:              1284 kB
1776799212.845985099 Writeback:             0 kB
1776799212.845985099 AnonPages:        102728 kB
1776799212.845985099 Mapped:           105380 kB
1776799212.845985099 Shmem:              5248 kB
1776799212.845985099 KReclaimable:      32108 kB
1776799212.845985099 Slab:             123316 kB
1776799212.845985099 SReclaimable:      32108 kB
1776799212.845985099 SUnreclaim:        91208 kB
1776799212.845985099 KernelStack:        3184 kB
1776799212.845985099 PageTables:         4304 kB
1776799212.845985099 SecPageTables:         0 kB
1776799212.845985099 NFS_Unstable:          0 kB
1776799212.845985099 Bounce:                0 kB
1776799212.845985099 WritebackTmp:          0 kB
1776799212.845985099 CommitLimit:     3537964 kB
1776799212.845985099 Committed_AS:     508168 kB
1776799212.845985099 VmallocTotal:   135288315904 kB
1776799212.845985099 VmallocUsed:       25860 kB
1776799212.845985099 VmallocChunk:          0 kB
1776799212.845985099 Percpu:             1552 kB
1776799212.845985099 AnonHugePages:         0 kB
1776799212.845985099 ShmemHugePages:        0 kB
1776799212.845985099 ShmemPmdMapped:        0 kB
1776799212.845985099 FileHugePages:         0 kB
1776799212.845985099 FilePmdMapped:         0 kB
1776799212.845985099 CmaTotal:          65536 kB
1776799212.845985099 CmaFree:           49104 kB
1776799212.845985099 Balloon:               0 kB
1776799212.845985099 HugePages_Total:     512
1776799212.845985099 HugePages_Free:      469
1776799212.845985099 HugePages_Rsvd:        0
1776799212.845985099 HugePages_Surp:        0
1776799212.845985099 Hugepagesize:       2048 kB
1776799212.845985099 Hugetlb:         1048576 kB
1776799213.852752519 MemTotal:        8124504 kB
1776799213.852752519 MemFree:         6357880 kB
1776799213.852752519 MemAvailable:    6639380 kB
1776799213.852752519 Buffers:           32488 kB
1776799213.852752519 Cached:           377876 kB
1776799213.852752519 SwapCached:            0 kB
1776799213.852752519 Active:           401700 kB
1776799213.852752519 Inactive:         111320 kB
1776799213.852752519 Active(anon):     107816 kB
1776799213.852752519 Inactive(anon):        0 kB
1776799213.852752519 Active(file):     293884 kB
1776799213.852752519 Inactive(file):   111320 kB
1776799213.852752519 Unevictable:           0 kB
1776799213.852752519 Mlocked:               0 kB
1776799213.852752519 SwapTotal:             0 kB
1776799213.852752519 SwapFree:              0 kB
1776799213.852752519 Zswap:                 0 kB
1776799213.852752519 Zswapped:              0 kB
1776799213.852752519 Dirty:              1288 kB
1776799213.852752519 Writeback:             0 kB
1776799213.852752519 AnonPages:        102852 kB
1776799213.852752519 Mapped:           105380 kB
1776799213.852752519 Shmem:              5248 kB
1776799213.852752519 KReclaimable:      32108 kB
1776799213.852752519 Slab:             123280 kB
1776799213.852752519 SReclaimable:      32108 kB
1776799213.852752519 SUnreclaim:        91172 kB
1776799213.852752519 KernelStack:        3184 kB
1776799213.852752519 PageTables:         4224 kB
1776799213.852752519 SecPageTables:         0 kB
1776799213.852752519 NFS_Unstable:          0 kB
1776799213.852752519 Bounce:                0 kB
1776799213.852752519 WritebackTmp:          0 kB
1776799213.852752519 CommitLimit:     3537964 kB
1776799213.852752519 Committed_AS:     508168 kB
1776799213.852752519 VmallocTotal:   135288315904 kB
1776799213.852752519 VmallocUsed:       25844 kB
1776799213.852752519 VmallocChunk:          0 kB
1776799213.852752519 Percpu:             1552 kB
1776799213.852752519 AnonHugePages:         0 kB
1776799213.852752519 ShmemHugePages:        0 kB
1776799213.852752519 ShmemPmdMapped:        0 kB
1776799213.852752519 FileHugePages:         0 kB
1776799213.852752519 FilePmdMapped:         0 kB
1776799213.852752519 CmaTotal:          65536 kB
1776799213.852752519 CmaFree:           49104 kB
1776799213.852752519 Balloon:               0 kB
1776799213.852752519 HugePages_Total:     512
1776799213.852752519 HugePages_Free:      469
1776799213.852752519 HugePages_Rsvd:        0
1776799213.852752519 HugePages_Surp:        0
1776799213.852752519 Hugepagesize:       2048 kB
1776799213.852752519 Hugetlb:         1048576 kB
1776799214.859529661 MemTotal:        8124504 kB
1776799214.859529661 MemFree:         6357132 kB
1776799214.859529661 MemAvailable:    6638640 kB
1776799214.859529661 Buffers:           32488 kB
1776799214.859529661 Cached:           377884 kB
1776799214.859529661 SwapCached:            0 kB
1776799214.859529661 Active:           401784 kB
1776799214.859529661 Inactive:         111332 kB
1776799214.859529661 Active(anon):     107904 kB
1776799214.859529661 Inactive(anon):        0 kB
1776799214.859529661 Active(file):     293880 kB
1776799214.859529661 Inactive(file):   111332 kB
1776799214.859529661 Unevictable:           0 kB
1776799214.859529661 Mlocked:               0 kB
1776799214.859529661 SwapTotal:             0 kB
1776799214.859529661 SwapFree:              0 kB
1776799214.859529661 Zswap:                 0 kB
1776799214.859529661 Zswapped:              0 kB
1776799214.859529661 Dirty:              1296 kB
1776799214.859529661 Writeback:             0 kB
1776799214.859529661 AnonPages:        102764 kB
1776799214.859529661 Mapped:           105380 kB
1776799214.859529661 Shmem:              5248 kB
1776799214.859529661 KReclaimable:      32108 kB
1776799214.859529661 Slab:             123304 kB
1776799214.859529661 SReclaimable:      32108 kB
1776799214.859529661 SUnreclaim:        91196 kB
1776799214.859529661 KernelStack:        3180 kB
1776799214.859529661 PageTables:         4224 kB
1776799214.859529661 SecPageTables:         0 kB
1776799214.859529661 NFS_Unstable:          0 kB
1776799214.859529661 Bounce:                0 kB
1776799214.859529661 WritebackTmp:          0 kB
1776799214.859529661 CommitLimit:     3537964 kB
1776799214.859529661 Committed_AS:     508168 kB
1776799214.859529661 VmallocTotal:   135288315904 kB
1776799214.859529661 VmallocUsed:       25844 kB
1776799214.859529661 VmallocChunk:          0 kB
1776799214.859529661 Percpu:             1552 kB
1776799214.859529661 AnonHugePages:         0 kB
1776799214.859529661 ShmemHugePages:        0 kB
1776799214.859529661 ShmemPmdMapped:        0 kB
1776799214.859529661 FileHugePages:         0 kB
1776799214.859529661 FilePmdMapped:         0 kB
1776799214.859529661 CmaTotal:          65536 kB
1776799214.859529661 CmaFree:           49104 kB
1776799214.859529661 Balloon:               0 kB
1776799214.859529661 HugePages_Total:     512
1776799214.859529661 HugePages_Free:      469
1776799214.859529661 HugePages_Rsvd:        0
1776799214.859529661 HugePages_Surp:        0
1776799214.859529661 Hugepagesize:       2048 kB
1776799214.859529661 Hugetlb:         1048576 kB
1776799215.866454396 MemTotal:        8124504 kB
1776799215.866454396 MemFree:         6359876 kB
1776799215.866454396 MemAvailable:    6641388 kB
1776799215.866454396 Buffers:           32488 kB
1776799215.866454396 Cached:           377888 kB
1776799215.866454396 SwapCached:            0 kB
1776799215.866454396 Active:           401764 kB
1776799215.866454396 Inactive:         111336 kB
1776799215.866454396 Active(anon):     107880 kB
1776799215.866454396 Inactive(anon):        0 kB
1776799215.866454396 Active(file):     293884 kB
1776799215.866454396 Inactive(file):   111336 kB
1776799215.866454396 Unevictable:           0 kB
1776799215.866454396 Mlocked:               0 kB
1776799215.866454396 SwapTotal:             0 kB
1776799215.866454396 SwapFree:              0 kB
1776799215.866454396 Zswap:                 0 kB
1776799215.866454396 Zswapped:              0 kB
1776799215.866454396 Dirty:              1300 kB
1776799215.866454396 Writeback:             0 kB
1776799215.866454396 AnonPages:        102760 kB
1776799215.866454396 Mapped:           105380 kB
1776799215.866454396 Shmem:              5248 kB
1776799215.866454396 KReclaimable:      32104 kB
1776799215.866454396 Slab:             123344 kB
1776799215.866454396 SReclaimable:      32104 kB
1776799215.866454396 SUnreclaim:        91240 kB
1776799215.866454396 KernelStack:        3168 kB
1776799215.866454396 PageTables:         4232 kB
1776799215.866454396 SecPageTables:         0 kB
1776799215.866454396 NFS_Unstable:          0 kB
1776799215.866454396 Bounce:                0 kB
1776799215.866454396 WritebackTmp:          0 kB
1776799215.866454396 CommitLimit:     3537964 kB
1776799215.866454396 Committed_AS:     508168 kB
1776799215.866454396 VmallocTotal:   135288315904 kB
1776799215.866454396 VmallocUsed:       25844 kB
1776799215.866454396 VmallocChunk:          0 kB
1776799215.866454396 Percpu:             1552 kB
1776799215.866454396 AnonHugePages:         0 kB
1776799215.866454396 ShmemHugePages:        0 kB
1776799215.866454396 ShmemPmdMapped:        0 kB
1776799215.866454396 FileHugePages:         0 kB
1776799215.866454396 FilePmdMapped:         0 kB
1776799215.866454396 CmaTotal:          65536 kB
1776799215.866454396 CmaFree:           49104 kB
1776799215.866454396 Balloon:               0 kB
1776799215.866454396 HugePages_Total:     512
1776799215.866454396 HugePages_Free:      469
1776799215.866454396 HugePages_Rsvd:        0
1776799215.866454396 HugePages_Surp:        0
1776799215.866454396 Hugepagesize:       2048 kB
1776799215.866454396 Hugetlb:         1048576 kB
1776799216.874072577 MemTotal:        8124504 kB
1776799216.874072577 MemFree:         6357420 kB
1776799216.874072577 MemAvailable:    6638932 kB
1776799216.874072577 Buffers:           32488 kB
1776799216.874072577 Cached:           377896 kB
1776799216.874072577 SwapCached:            0 kB
1776799216.874072577 Active:           401648 kB
1776799216.874072577 Inactive:         111336 kB
1776799216.874072577 Active(anon):     107768 kB
1776799216.874072577 Inactive(anon):        0 kB
1776799216.874072577 Active(file):     293880 kB
1776799216.874072577 Inactive(file):   111336 kB
1776799216.874072577 Unevictable:           0 kB
1776799216.874072577 Mlocked:               0 kB
1776799216.874072577 SwapTotal:             0 kB
1776799216.874072577 SwapFree:              0 kB
1776799216.874072577 Zswap:                 0 kB
1776799216.874072577 Zswapped:              0 kB
1776799216.874072577 Dirty:              1308 kB
1776799216.874072577 Writeback:             0 kB
1776799216.874072577 AnonPages:        102724 kB
1776799216.874072577 Mapped:           105380 kB
1776799216.874072577 Shmem:              5248 kB
1776799216.874072577 KReclaimable:      32108 kB
1776799216.874072577 Slab:             123300 kB
1776799216.874072577 SReclaimable:      32108 kB
1776799216.874072577 SUnreclaim:        91192 kB
1776799216.874072577 KernelStack:        3168 kB
1776799216.874072577 PageTables:         4188 kB
1776799216.874072577 SecPageTables:         0 kB
1776799216.874072577 NFS_Unstable:          0 kB
1776799216.874072577 Bounce:                0 kB
1776799216.874072577 WritebackTmp:          0 kB
1776799216.874072577 CommitLimit:     3537964 kB
1776799216.874072577 Committed_AS:     508168 kB
1776799216.874072577 VmallocTotal:   135288315904 kB
1776799216.874072577 VmallocUsed:       25844 kB
1776799216.874072577 VmallocChunk:          0 kB
1776799216.874072577 Percpu:             1552 kB
1776799216.874072577 AnonHugePages:         0 kB
1776799216.874072577 ShmemHugePages:        0 kB
1776799216.874072577 ShmemPmdMapped:        0 kB
1776799216.874072577 FileHugePages:         0 kB
1776799216.874072577 FilePmdMapped:         0 kB
1776799216.874072577 CmaTotal:          65536 kB
1776799216.874072577 CmaFree:           49104 kB
1776799216.874072577 Balloon:               0 kB
1776799216.874072577 HugePages_Total:     512
1776799216.874072577 HugePages_Free:      469
1776799216.874072577 HugePages_Rsvd:        0
1776799216.874072577 HugePages_Surp:        0
1776799216.874072577 Hugepagesize:       2048 kB
1776799216.874072577 Hugetlb:         1048576 kB
1776799217.881828204 MemTotal:        8124504 kB
1776799217.881828204 MemFree:         6355376 kB
1776799217.881828204 MemAvailable:    6636900 kB
1776799217.881828204 Buffers:           32496 kB
1776799217.881828204 Cached:           377892 kB
1776799217.881828204 SwapCached:            0 kB
1776799217.881828204 Active:           401624 kB
1776799217.881828204 Inactive:         111348 kB
1776799217.881828204 Active(anon):     107744 kB
1776799217.881828204 Inactive(anon):        0 kB
1776799217.881828204 Active(file):     293880 kB
1776799217.881828204 Inactive(file):   111348 kB
1776799217.881828204 Unevictable:           0 kB
1776799217.881828204 Mlocked:               0 kB
1776799217.881828204 SwapTotal:             0 kB
1776799217.881828204 SwapFree:              0 kB
1776799217.881828204 Zswap:                 0 kB
1776799217.881828204 Zswapped:              0 kB
1776799217.881828204 Dirty:              1312 kB
1776799217.881828204 Writeback:             0 kB
1776799217.881828204 AnonPages:        102720 kB
1776799217.881828204 Mapped:           105380 kB
1776799217.881828204 Shmem:              5248 kB
1776799217.881828204 KReclaimable:      32108 kB
1776799217.881828204 Slab:             123272 kB
1776799217.881828204 SReclaimable:      32108 kB
1776799217.881828204 SUnreclaim:        91164 kB
1776799217.881828204 KernelStack:        3152 kB
1776799217.881828204 PageTables:         4192 kB
1776799217.881828204 SecPageTables:         0 kB
1776799217.881828204 NFS_Unstable:          0 kB
1776799217.881828204 Bounce:                0 kB
1776799217.881828204 WritebackTmp:          0 kB
1776799217.881828204 CommitLimit:     3537964 kB
1776799217.881828204 Committed_AS:     508168 kB
1776799217.881828204 VmallocTotal:   135288315904 kB
1776799217.881828204 VmallocUsed:       25828 kB
1776799217.881828204 VmallocChunk:          0 kB
1776799217.881828204 Percpu:             1552 kB
1776799217.881828204 AnonHugePages:         0 kB
1776799217.881828204 ShmemHugePages:        0 kB
1776799217.881828204 ShmemPmdMapped:        0 kB
1776799217.881828204 FileHugePages:         0 kB
1776799217.881828204 FilePmdMapped:         0 kB
1776799217.881828204 CmaTotal:          65536 kB
1776799217.881828204 CmaFree:           49104 kB
1776799217.881828204 Balloon:               0 kB
1776799217.881828204 HugePages_Total:     512
1776799217.881828204 HugePages_Free:      469
1776799217.881828204 HugePages_Rsvd:        0
1776799217.881828204 HugePages_Surp:        0
1776799217.881828204 Hugepagesize:       2048 kB
1776799217.881828204 Hugetlb:         1048576 kB
1776799218.891940559 MemTotal:        8124504 kB
1776799218.891940559 MemFree:         6351336 kB
1776799218.891940559 MemAvailable:    6632872 kB
1776799218.891940559 Buffers:           32496 kB
1776799218.891940559 Cached:           377904 kB
1776799218.891940559 SwapCached:            0 kB
1776799218.891940559 Active:           401756 kB
1776799218.891940559 Inactive:         111360 kB
1776799218.891940559 Active(anon):     107876 kB
1776799218.891940559 Inactive(anon):        0 kB
1776799218.891940559 Active(file):     293880 kB
1776799218.891940559 Inactive(file):   111360 kB
1776799218.891940559 Unevictable:           0 kB
1776799218.891940559 Mlocked:               0 kB
1776799218.891940559 SwapTotal:             0 kB
1776799218.891940559 SwapFree:              0 kB
1776799218.891940559 Zswap:                 0 kB
1776799218.891940559 Zswapped:              0 kB
1776799218.891940559 Dirty:              1316 kB
1776799218.891940559 Writeback:             0 kB
1776799218.891940559 AnonPages:        102724 kB
1776799218.891940559 Mapped:           105380 kB
1776799218.891940559 Shmem:              5248 kB
1776799218.891940559 KReclaimable:      32108 kB
1776799218.891940559 Slab:             123308 kB
1776799218.891940559 SReclaimable:      32108 kB
1776799218.891940559 SUnreclaim:        91200 kB
1776799218.891940559 KernelStack:        3152 kB
1776799218.891940559 PageTables:         4184 kB
1776799218.891940559 SecPageTables:         0 kB
1776799218.891940559 NFS_Unstable:          0 kB
1776799218.891940559 Bounce:                0 kB
1776799218.891940559 WritebackTmp:          0 kB
1776799218.891940559 CommitLimit:     3537964 kB
1776799218.891940559 Committed_AS:     508168 kB
1776799218.891940559 VmallocTotal:   135288315904 kB
1776799218.891940559 VmallocUsed:       25828 kB
1776799218.891940559 VmallocChunk:          0 kB
1776799218.891940559 Percpu:             1552 kB
1776799218.891940559 AnonHugePages:         0 kB
1776799218.891940559 ShmemHugePages:        0 kB
1776799218.891940559 ShmemPmdMapped:        0 kB
1776799218.891940559 FileHugePages:         0 kB
1776799218.891940559 FilePmdMapped:         0 kB
1776799218.891940559 CmaTotal:          65536 kB
1776799218.891940559 CmaFree:           49104 kB
1776799218.891940559 Balloon:               0 kB
1776799218.891940559 HugePages_Total:     512
1776799218.891940559 HugePages_Free:      469
1776799218.891940559 HugePages_Rsvd:        0
1776799218.891940559 HugePages_Surp:        0
1776799218.891940559 Hugepagesize:       2048 kB
1776799218.891940559 Hugetlb:         1048576 kB
1776799219.899676630 MemTotal:        8124504 kB
1776799219.899676630 MemFree:         6353804 kB
1776799219.899676630 MemAvailable:    6635348 kB
1776799219.899676630 Buffers:           32496 kB
1776799219.899676630 Cached:           377908 kB
1776799219.899676630 SwapCached:            0 kB
1776799219.899676630 Active:           401688 kB
1776799219.899676630 Inactive:         111364 kB
1776799219.899676630 Active(anon):     107804 kB
1776799219.899676630 Inactive(anon):        0 kB
1776799219.899676630 Active(file):     293884 kB
1776799219.899676630 Inactive(file):   111364 kB
1776799219.899676630 Unevictable:           0 kB
1776799219.899676630 Mlocked:               0 kB
1776799219.899676630 SwapTotal:             0 kB
1776799219.899676630 SwapFree:              0 kB
1776799219.899676630 Zswap:                 0 kB
1776799219.899676630 Zswapped:              0 kB
1776799219.899676630 Dirty:              1320 kB
1776799219.899676630 Writeback:             0 kB
1776799219.899676630 AnonPages:        102800 kB
1776799219.899676630 Mapped:           105380 kB
1776799219.899676630 Shmem:              5248 kB
1776799219.899676630 KReclaimable:      32112 kB
1776799219.899676630 Slab:             123356 kB
1776799219.899676630 SReclaimable:      32112 kB
1776799219.899676630 SUnreclaim:        91244 kB
1776799219.899676630 KernelStack:        3168 kB
1776799219.899676630 PageTables:         4176 kB
1776799219.899676630 SecPageTables:         0 kB
1776799219.899676630 NFS_Unstable:          0 kB
1776799219.899676630 Bounce:                0 kB
1776799219.899676630 WritebackTmp:          0 kB
1776799219.899676630 CommitLimit:     3537964 kB
1776799219.899676630 Committed_AS:     508168 kB
1776799219.899676630 VmallocTotal:   135288315904 kB
1776799219.899676630 VmallocUsed:       25844 kB
1776799219.899676630 VmallocChunk:          0 kB
1776799219.899676630 Percpu:             1552 kB
1776799219.899676630 AnonHugePages:         0 kB
1776799219.899676630 ShmemHugePages:        0 kB
1776799219.899676630 ShmemPmdMapped:        0 kB
1776799219.899676630 FileHugePages:         0 kB
1776799219.899676630 FilePmdMapped:         0 kB
1776799219.899676630 CmaTotal:          65536 kB
1776799219.899676630 CmaFree:           49104 kB
1776799219.899676630 Balloon:               0 kB
1776799219.899676630 HugePages_Total:     512
1776799219.899676630 HugePages_Free:      469
1776799219.899676630 HugePages_Rsvd:        0
1776799219.899676630 HugePages_Surp:        0
1776799219.899676630 Hugepagesize:       2048 kB
1776799219.899676630 Hugetlb:         1048576 kB
1776799220.908075332 MemTotal:        8124504 kB
1776799220.908075332 MemFree:         6355328 kB
1776799220.908075332 MemAvailable:    6636880 kB
1776799220.908075332 Buffers:           32496 kB
1776799220.908075332 Cached:           377916 kB
1776799220.908075332 SwapCached:            0 kB
1776799220.908075332 Active:           401796 kB
1776799220.908075332 Inactive:         111368 kB
1776799220.908075332 Active(anon):     107908 kB
1776799220.908075332 Inactive(anon):        0 kB
1776799220.908075332 Active(file):     293888 kB
1776799220.908075332 Inactive(file):   111368 kB
1776799220.908075332 Unevictable:           0 kB
1776799220.908075332 Mlocked:               0 kB
1776799220.908075332 SwapTotal:             0 kB
1776799220.908075332 SwapFree:              0 kB
1776799220.908075332 Zswap:                 0 kB
1776799220.908075332 Zswapped:              0 kB
1776799220.908075332 Dirty:              1328 kB
1776799220.908075332 Writeback:             0 kB
1776799220.908075332 AnonPages:        102780 kB
1776799220.908075332 Mapped:           105420 kB
1776799220.908075332 Shmem:              5248 kB
1776799220.908075332 KReclaimable:      32112 kB
1776799220.908075332 Slab:             123348 kB
1776799220.908075332 SReclaimable:      32112 kB
1776799220.908075332 SUnreclaim:        91236 kB
1776799220.908075332 KernelStack:        3168 kB
1776799220.908075332 PageTables:         4240 kB
1776799220.908075332 SecPageTables:         0 kB
1776799220.908075332 NFS_Unstable:          0 kB
1776799220.908075332 Bounce:                0 kB
1776799220.908075332 WritebackTmp:          0 kB
1776799220.908075332 CommitLimit:     3537964 kB
1776799220.908075332 Committed_AS:     508168 kB
1776799220.908075332 VmallocTotal:   135288315904 kB
1776799220.908075332 VmallocUsed:       25844 kB
1776799220.908075332 VmallocChunk:          0 kB
1776799220.908075332 Percpu:             1552 kB
1776799220.908075332 AnonHugePages:         0 kB
1776799220.908075332 ShmemHugePages:        0 kB
1776799220.908075332 ShmemPmdMapped:        0 kB
1776799220.908075332 FileHugePages:         0 kB
1776799220.908075332 FilePmdMapped:         0 kB
1776799220.908075332 CmaTotal:          65536 kB
1776799220.908075332 CmaFree:           49104 kB
1776799220.908075332 Balloon:               0 kB
1776799220.908075332 HugePages_Total:     512
1776799220.908075332 HugePages_Free:      469
1776799220.908075332 HugePages_Rsvd:        0
1776799220.908075332 HugePages_Surp:        0
1776799220.908075332 Hugepagesize:       2048 kB
1776799220.908075332 Hugetlb:         1048576 kB
1776799221.916002940 MemTotal:        8124504 kB
1776799221.916002940 MemFree:         6357168 kB
1776799221.916002940 MemAvailable:    6638720 kB
1776799221.916002940 Buffers:           32496 kB
1776799221.916002940 Cached:           377920 kB
1776799221.916002940 SwapCached:            0 kB
1776799221.916002940 Active:           401692 kB
1776799221.916002940 Inactive:         111376 kB
1776799221.916002940 Active(anon):     107812 kB
1776799221.916002940 Inactive(anon):        0 kB
1776799221.916002940 Active(file):     293880 kB
1776799221.916002940 Inactive(file):   111376 kB
1776799221.916002940 Unevictable:           0 kB
1776799221.916002940 Mlocked:               0 kB
1776799221.916002940 SwapTotal:             0 kB
1776799221.916002940 SwapFree:              0 kB
1776799221.916002940 Zswap:                 0 kB
1776799221.916002940 Zswapped:              0 kB
1776799221.916002940 Dirty:              1332 kB
1776799221.916002940 Writeback:             0 kB
1776799221.916002940 AnonPages:        102720 kB
1776799221.916002940 Mapped:           105380 kB
1776799221.916002940 Shmem:              5248 kB
1776799221.916002940 KReclaimable:      32112 kB
1776799221.916002940 Slab:             123276 kB
1776799221.916002940 SReclaimable:      32112 kB
1776799221.916002940 SUnreclaim:        91164 kB
1776799221.916002940 KernelStack:        3152 kB
1776799221.916002940 PageTables:         4184 kB
1776799221.916002940 SecPageTables:         0 kB
1776799221.916002940 NFS_Unstable:          0 kB
1776799221.916002940 Bounce:                0 kB
1776799221.916002940 WritebackTmp:          0 kB
1776799221.916002940 CommitLimit:     3537964 kB
1776799221.916002940 Committed_AS:     508168 kB
1776799221.916002940 VmallocTotal:   135288315904 kB
1776799221.916002940 VmallocUsed:       25828 kB
1776799221.916002940 VmallocChunk:          0 kB
1776799221.916002940 Percpu:             1552 kB
1776799221.916002940 AnonHugePages:         0 kB
1776799221.916002940 ShmemHugePages:        0 kB
1776799221.916002940 ShmemPmdMapped:        0 kB
1776799221.916002940 FileHugePages:         0 kB
1776799221.916002940 FilePmdMapped:         0 kB
1776799221.916002940 CmaTotal:          65536 kB
1776799221.916002940 CmaFree:           49104 kB
1776799221.916002940 Balloon:               0 kB
1776799221.916002940 HugePages_Total:     512
1776799221.916002940 HugePages_Free:      469
1776799221.916002940 HugePages_Rsvd:        0
1776799221.916002940 HugePages_Surp:        0
1776799221.916002940 Hugepagesize:       2048 kB
1776799221.916002940 Hugetlb:         1048576 kB
1776799222.924078271 MemTotal:        8124504 kB
1776799222.924078271 MemFree:         6356500 kB
1776799222.924078271 MemAvailable:    6638052 kB
1776799222.924078271 Buffers:           32500 kB
1776799222.924078271 Cached:           377916 kB
1776799222.924078271 SwapCached:            0 kB
1776799222.924078271 Active:           401636 kB
1776799222.924078271 Inactive:         111376 kB
1776799222.924078271 Active(anon):     107756 kB
1776799222.924078271 Inactive(anon):        0 kB
1776799222.924078271 Active(file):     293880 kB
1776799222.924078271 Inactive(file):   111376 kB
1776799222.924078271 Unevictable:           0 kB
1776799222.924078271 Mlocked:               0 kB
1776799222.924078271 SwapTotal:             0 kB
1776799222.924078271 SwapFree:              0 kB
1776799222.924078271 Zswap:                 0 kB
1776799222.924078271 Zswapped:              0 kB
1776799222.924078271 Dirty:              1332 kB
1776799222.924078271 Writeback:             0 kB
1776799222.924078271 AnonPages:        102720 kB
1776799222.924078271 Mapped:           105380 kB
1776799222.924078271 Shmem:              5248 kB
1776799222.924078271 KReclaimable:      32112 kB
1776799222.924078271 Slab:             123252 kB
1776799222.924078271 SReclaimable:      32112 kB
1776799222.924078271 SUnreclaim:        91140 kB
1776799222.924078271 KernelStack:        3152 kB
1776799222.924078271 PageTables:         4188 kB
1776799222.924078271 SecPageTables:         0 kB
1776799222.924078271 NFS_Unstable:          0 kB
1776799222.924078271 Bounce:                0 kB
1776799222.924078271 WritebackTmp:          0 kB
1776799222.924078271 CommitLimit:     3537964 kB
1776799222.924078271 Committed_AS:     508168 kB
1776799222.924078271 VmallocTotal:   135288315904 kB
1776799222.924078271 VmallocUsed:       25828 kB
1776799222.924078271 VmallocChunk:          0 kB
1776799222.924078271 Percpu:             1552 kB
1776799222.924078271 AnonHugePages:         0 kB
1776799222.924078271 ShmemHugePages:        0 kB
1776799222.924078271 ShmemPmdMapped:        0 kB
1776799222.924078271 FileHugePages:         0 kB
1776799222.924078271 FilePmdMapped:         0 kB
1776799222.924078271 CmaTotal:          65536 kB
1776799222.924078271 CmaFree:           49104 kB
1776799222.924078271 Balloon:               0 kB
1776799222.924078271 HugePages_Total:     512
1776799222.924078271 HugePages_Free:      469
1776799222.924078271 HugePages_Rsvd:        0
1776799222.924078271 HugePages_Surp:        0
1776799222.924078271 Hugepagesize:       2048 kB
1776799222.924078271 Hugetlb:         1048576 kB
1776799223.933865940 MemTotal:        8124504 kB
1776799223.933865940 MemFree:         6351680 kB
1776799223.933865940 MemAvailable:    6633248 kB
1776799223.933865940 Buffers:           32504 kB
1776799223.933865940 Cached:           377928 kB
1776799223.933865940 SwapCached:            0 kB
1776799223.933865940 Active:           401728 kB
1776799223.933865940 Inactive:         111388 kB
1776799223.933865940 Active(anon):     107844 kB
1776799223.933865940 Inactive(anon):        0 kB
1776799223.933865940 Active(file):     293884 kB
1776799223.933865940 Inactive(file):   111388 kB
1776799223.933865940 Unevictable:           0 kB
1776799223.933865940 Mlocked:               0 kB
1776799223.933865940 SwapTotal:             0 kB
1776799223.933865940 SwapFree:              0 kB
1776799223.933865940 Zswap:                 0 kB
1776799223.933865940 Zswapped:              0 kB
1776799223.933865940 Dirty:              1340 kB
1776799223.933865940 Writeback:             0 kB
1776799223.933865940 AnonPages:        102716 kB
1776799223.933865940 Mapped:           105380 kB
1776799223.933865940 Shmem:              5248 kB
1776799223.933865940 KReclaimable:      32112 kB
1776799223.933865940 Slab:             123280 kB
1776799223.933865940 SReclaimable:      32112 kB
1776799223.933865940 SUnreclaim:        91168 kB
1776799223.933865940 KernelStack:        3152 kB
1776799223.933865940 PageTables:         4180 kB
1776799223.933865940 SecPageTables:         0 kB
1776799223.933865940 NFS_Unstable:          0 kB
1776799223.933865940 Bounce:                0 kB
1776799223.933865940 WritebackTmp:          0 kB
1776799223.933865940 CommitLimit:     3537964 kB
1776799223.933865940 Committed_AS:     508168 kB
1776799223.933865940 VmallocTotal:   135288315904 kB
1776799223.933865940 VmallocUsed:       25844 kB
1776799223.933865940 VmallocChunk:          0 kB
1776799223.933865940 Percpu:             1552 kB
1776799223.933865940 AnonHugePages:         0 kB
1776799223.933865940 ShmemHugePages:        0 kB
1776799223.933865940 ShmemPmdMapped:        0 kB
1776799223.933865940 FileHugePages:         0 kB
1776799223.933865940 FilePmdMapped:         0 kB
1776799223.933865940 CmaTotal:          65536 kB
1776799223.933865940 CmaFree:           49104 kB
1776799223.933865940 Balloon:               0 kB
1776799223.933865940 HugePages_Total:     512
1776799223.933865940 HugePages_Free:      469
1776799223.933865940 HugePages_Rsvd:        0
1776799223.933865940 HugePages_Surp:        0
1776799223.933865940 Hugepagesize:       2048 kB
1776799223.933865940 Hugetlb:         1048576 kB
1776799224.941941234 MemTotal:        8124504 kB
1776799224.941941234 MemFree:         6357152 kB
1776799224.941941234 MemAvailable:    6638720 kB
1776799224.941941234 Buffers:           32504 kB
1776799224.941941234 Cached:           377932 kB
1776799224.941941234 SwapCached:            0 kB
1776799224.941941234 Active:           401640 kB
1776799224.941941234 Inactive:         111392 kB
1776799224.941941234 Active(anon):     107760 kB
1776799224.941941234 Inactive(anon):        0 kB
1776799224.941941234 Active(file):     293880 kB
1776799224.941941234 Inactive(file):   111392 kB
1776799224.941941234 Unevictable:           0 kB
1776799224.941941234 Mlocked:               0 kB
1776799224.941941234 SwapTotal:             0 kB
1776799224.941941234 SwapFree:              0 kB
1776799224.941941234 Zswap:                 0 kB
1776799224.941941234 Zswapped:              0 kB
1776799224.941941234 Dirty:              1344 kB
1776799224.941941234 Writeback:             0 kB
1776799224.941941234 AnonPages:        102720 kB
1776799224.941941234 Mapped:           105380 kB
1776799224.941941234 Shmem:              5248 kB
1776799224.941941234 KReclaimable:      32112 kB
1776799224.941941234 Slab:             123356 kB
1776799224.941941234 SReclaimable:      32112 kB
1776799224.941941234 SUnreclaim:        91244 kB
1776799224.941941234 KernelStack:        3152 kB
1776799224.941941234 PageTables:         4180 kB
1776799224.941941234 SecPageTables:         0 kB
1776799224.941941234 NFS_Unstable:          0 kB
1776799224.941941234 Bounce:                0 kB
1776799224.941941234 WritebackTmp:          0 kB
1776799224.941941234 CommitLimit:     3537964 kB
1776799224.941941234 Committed_AS:     508168 kB
1776799224.941941234 VmallocTotal:   135288315904 kB
1776799224.941941234 VmallocUsed:       25844 kB
1776799224.941941234 VmallocChunk:          0 kB
1776799224.941941234 Percpu:             1552 kB
1776799224.941941234 AnonHugePages:         0 kB
1776799224.941941234 ShmemHugePages:        0 kB
1776799224.941941234 ShmemPmdMapped:        0 kB
1776799224.941941234 FileHugePages:         0 kB
1776799224.941941234 FilePmdMapped:         0 kB
1776799224.941941234 CmaTotal:          65536 kB
1776799224.941941234 CmaFree:           49104 kB
1776799224.941941234 Balloon:               0 kB
1776799224.941941234 HugePages_Total:     512
1776799224.941941234 HugePages_Free:      469
1776799224.941941234 HugePages_Rsvd:        0
1776799224.941941234 HugePages_Surp:        0
1776799224.941941234 Hugepagesize:       2048 kB
1776799224.941941234 Hugetlb:         1048576 kB
1776799225.949980194 MemTotal:        8124504 kB
1776799225.949980194 MemFree:         6354268 kB
1776799225.949980194 MemAvailable:    6635852 kB
1776799225.949980194 Buffers:           32504 kB
1776799225.949980194 Cached:           377940 kB
1776799225.949980194 SwapCached:            0 kB
1776799225.949980194 Active:           401712 kB
1776799225.949980194 Inactive:         111404 kB
1776799225.949980194 Active(anon):     107828 kB
1776799225.949980194 Inactive(anon):        0 kB
1776799225.949980194 Active(file):     293884 kB
1776799225.949980194 Inactive(file):   111404 kB
1776799225.949980194 Unevictable:           0 kB
1776799225.949980194 Mlocked:               0 kB
1776799225.949980194 SwapTotal:             0 kB
1776799225.949980194 SwapFree:              0 kB
1776799225.949980194 Zswap:                 0 kB
1776799225.949980194 Zswapped:              0 kB
1776799225.949980194 Dirty:              1352 kB
1776799225.949980194 Writeback:             0 kB
1776799225.949980194 AnonPages:        102808 kB
1776799225.949980194 Mapped:           105380 kB
1776799225.949980194 Shmem:              5248 kB
1776799225.949980194 KReclaimable:      32112 kB
1776799225.949980194 Slab:             123332 kB
1776799225.949980194 SReclaimable:      32112 kB
1776799225.949980194 SUnreclaim:        91220 kB
1776799225.949980194 KernelStack:        3168 kB
1776799225.949980194 PageTables:         4188 kB
1776799225.949980194 SecPageTables:         0 kB
1776799225.949980194 NFS_Unstable:          0 kB
1776799225.949980194 Bounce:                0 kB
1776799225.949980194 WritebackTmp:          0 kB
1776799225.949980194 CommitLimit:     3537964 kB
1776799225.949980194 Committed_AS:     508168 kB
1776799225.949980194 VmallocTotal:   135288315904 kB
1776799225.949980194 VmallocUsed:       25844 kB
1776799225.949980194 VmallocChunk:          0 kB
1776799225.949980194 Percpu:             1552 kB
1776799225.949980194 AnonHugePages:         0 kB
1776799225.949980194 ShmemHugePages:        0 kB
1776799225.949980194 ShmemPmdMapped:        0 kB
1776799225.949980194 FileHugePages:         0 kB
1776799225.949980194 FilePmdMapped:         0 kB
1776799225.949980194 CmaTotal:          65536 kB
1776799225.949980194 CmaFree:           49104 kB
1776799225.949980194 Balloon:               0 kB
1776799225.949980194 HugePages_Total:     512
1776799225.949980194 HugePages_Free:      469
1776799225.949980194 HugePages_Rsvd:        0
1776799225.949980194 HugePages_Surp:        0
1776799225.949980194 Hugepagesize:       2048 kB
1776799225.949980194 Hugetlb:         1048576 kB
1776799226.958061933 MemTotal:        8124504 kB
1776799226.958061933 MemFree:         6350476 kB
1776799226.958061933 MemAvailable:    6632064 kB
1776799226.958061933 Buffers:           32504 kB
1776799226.958061933 Cached:           377944 kB
1776799226.958061933 SwapCached:            0 kB
1776799226.958061933 Active:           401684 kB
1776799226.958061933 Inactive:         111408 kB
1776799226.958061933 Active(anon):     107800 kB
1776799226.958061933 Inactive(anon):        0 kB
1776799226.958061933 Active(file):     293884 kB
1776799226.958061933 Inactive(file):   111408 kB
1776799226.958061933 Unevictable:           0 kB
1776799226.958061933 Mlocked:               0 kB
1776799226.958061933 SwapTotal:             0 kB
1776799226.958061933 SwapFree:              0 kB
1776799226.958061933 Zswap:                 0 kB
1776799226.958061933 Zswapped:              0 kB
1776799226.958061933 Dirty:              1356 kB
1776799226.958061933 Writeback:             0 kB
1776799226.958061933 AnonPages:        102716 kB
1776799226.958061933 Mapped:           105380 kB
1776799226.958061933 Shmem:              5248 kB
1776799226.958061933 KReclaimable:      32112 kB
1776799226.958061933 Slab:             123308 kB
1776799226.958061933 SReclaimable:      32112 kB
1776799226.958061933 SUnreclaim:        91196 kB
1776799226.958061933 KernelStack:        3152 kB
1776799226.958061933 PageTables:         4188 kB
1776799226.958061933 SecPageTables:         0 kB
1776799226.958061933 NFS_Unstable:          0 kB
1776799226.958061933 Bounce:                0 kB
1776799226.958061933 WritebackTmp:          0 kB
1776799226.958061933 CommitLimit:     3537964 kB
1776799226.958061933 Committed_AS:     508168 kB
1776799226.958061933 VmallocTotal:   135288315904 kB
1776799226.958061933 VmallocUsed:       25844 kB
1776799226.958061933 VmallocChunk:          0 kB
1776799226.958061933 Percpu:             1552 kB
1776799226.958061933 AnonHugePages:         0 kB
1776799226.958061933 ShmemHugePages:        0 kB
1776799226.958061933 ShmemPmdMapped:        0 kB
1776799226.958061933 FileHugePages:         0 kB
1776799226.958061933 FilePmdMapped:         0 kB
1776799226.958061933 CmaTotal:          65536 kB
1776799226.958061933 CmaFree:           49104 kB
1776799226.958061933 Balloon:               0 kB
1776799226.958061933 HugePages_Total:     512
1776799226.958061933 HugePages_Free:      469
1776799226.958061933 HugePages_Rsvd:        0
1776799226.958061933 HugePages_Surp:        0
1776799226.958061933 Hugepagesize:       2048 kB
1776799226.958061933 Hugetlb:         1048576 kB
1776799227.966239134 MemTotal:        8124504 kB
1776799227.966239134 MemFree:         6354112 kB
1776799227.966239134 MemAvailable:    6635696 kB
1776799227.966239134 Buffers:           32508 kB
1776799227.966239134 Cached:           377944 kB
1776799227.966239134 SwapCached:            0 kB
1776799227.966239134 Active:           401628 kB
1776799227.966239134 Inactive:         111408 kB
1776799227.966239134 Active(anon):     107748 kB
1776799227.966239134 Inactive(anon):        0 kB
1776799227.966239134 Active(file):     293880 kB
1776799227.966239134 Inactive(file):   111408 kB
1776799227.966239134 Unevictable:           0 kB
1776799227.966239134 Mlocked:               0 kB
1776799227.966239134 SwapTotal:             0 kB
1776799227.966239134 SwapFree:              0 kB
1776799227.966239134 Zswap:                 0 kB
1776799227.966239134 Zswapped:              0 kB
1776799227.966239134 Dirty:              1360 kB
1776799227.966239134 Writeback:             0 kB
1776799227.966239134 AnonPages:        102724 kB
1776799227.966239134 Mapped:           105380 kB
1776799227.966239134 Shmem:              5248 kB
1776799227.966239134 KReclaimable:      32112 kB
1776799227.966239134 Slab:             123384 kB
1776799227.966239134 SReclaimable:      32112 kB
1776799227.966239134 SUnreclaim:        91272 kB
1776799227.966239134 KernelStack:        3152 kB
1776799227.966239134 PageTables:         4180 kB
1776799227.966239134 SecPageTables:         0 kB
1776799227.966239134 NFS_Unstable:          0 kB
1776799227.966239134 Bounce:                0 kB
1776799227.966239134 WritebackTmp:          0 kB
1776799227.966239134 CommitLimit:     3537964 kB
1776799227.966239134 Committed_AS:     508168 kB
1776799227.966239134 VmallocTotal:   135288315904 kB
1776799227.966239134 VmallocUsed:       25828 kB
1776799227.966239134 VmallocChunk:          0 kB
1776799227.966239134 Percpu:             1552 kB
1776799227.966239134 AnonHugePages:         0 kB
1776799227.966239134 ShmemHugePages:        0 kB
1776799227.966239134 ShmemPmdMapped:        0 kB
1776799227.966239134 FileHugePages:         0 kB
1776799227.966239134 FilePmdMapped:         0 kB
1776799227.966239134 CmaTotal:          65536 kB
1776799227.966239134 CmaFree:           49104 kB
1776799227.966239134 Balloon:               0 kB
1776799227.966239134 HugePages_Total:     512
1776799227.966239134 HugePages_Free:      469
1776799227.966239134 HugePages_Rsvd:        0
1776799227.966239134 HugePages_Surp:        0
1776799227.966239134 Hugepagesize:       2048 kB
1776799227.966239134 Hugetlb:         1048576 kB
1776799228.976076859 MemTotal:        8124504 kB
1776799228.976076859 MemFree:         6356304 kB
1776799228.976076859 MemAvailable:    6637908 kB
1776799228.976076859 Buffers:           32512 kB
1776799228.976076859 Cached:           377952 kB
1776799228.976076859 SwapCached:            0 kB
1776799228.976076859 Active:           401832 kB
1776799228.976076859 Inactive:         111424 kB
1776799228.976076859 Active(anon):     107948 kB
1776799228.976076859 Inactive(anon):        0 kB
1776799228.976076859 Active(file):     293884 kB
1776799228.976076859 Inactive(file):   111424 kB
1776799228.976076859 Unevictable:           0 kB
1776799228.976076859 Mlocked:               0 kB
1776799228.976076859 SwapTotal:             0 kB
1776799228.976076859 SwapFree:              0 kB
1776799228.976076859 Zswap:                 0 kB
1776799228.976076859 Zswapped:              0 kB
1776799228.976076859 Dirty:              1364 kB
1776799228.976076859 Writeback:             0 kB
1776799228.976076859 AnonPages:        102724 kB
1776799228.976076859 Mapped:           105380 kB
1776799228.976076859 Shmem:              5248 kB
1776799228.976076859 KReclaimable:      32108 kB
1776799228.976076859 Slab:             123368 kB
1776799228.976076859 SReclaimable:      32108 kB
1776799228.976076859 SUnreclaim:        91260 kB
1776799228.976076859 KernelStack:        3152 kB
1776799228.976076859 PageTables:         4188 kB
1776799228.976076859 SecPageTables:         0 kB
1776799228.976076859 NFS_Unstable:          0 kB
1776799228.976076859 Bounce:                0 kB
1776799228.976076859 WritebackTmp:          0 kB
1776799228.976076859 CommitLimit:     3537964 kB
1776799228.976076859 Committed_AS:     508168 kB
1776799228.976076859 VmallocTotal:   135288315904 kB
1776799228.976076859 VmallocUsed:       25844 kB
1776799228.976076859 VmallocChunk:          0 kB
1776799228.976076859 Percpu:             1552 kB
1776799228.976076859 AnonHugePages:         0 kB
1776799228.976076859 ShmemHugePages:        0 kB
1776799228.976076859 ShmemPmdMapped:        0 kB
1776799228.976076859 FileHugePages:         0 kB
1776799228.976076859 FilePmdMapped:         0 kB
1776799228.976076859 CmaTotal:          65536 kB
1776799228.976076859 CmaFree:           49104 kB
1776799228.976076859 Balloon:               0 kB
1776799228.976076859 HugePages_Total:     512
1776799228.976076859 HugePages_Free:      469
1776799228.976076859 HugePages_Rsvd:        0
1776799228.976076859 HugePages_Surp:        0
1776799228.976076859 Hugepagesize:       2048 kB
1776799228.976076859 Hugetlb:         1048576 kB
1776799229.984127190 MemTotal:        8124504 kB
1776799229.984127190 MemFree:         6355128 kB
1776799229.984127190 MemAvailable:    6636732 kB
1776799229.984127190 Buffers:           32512 kB
1776799229.984127190 Cached:           377956 kB
1776799229.984127190 SwapCached:            0 kB
1776799229.984127190 Active:           401760 kB
1776799229.984127190 Inactive:         111428 kB
1776799229.984127190 Active(anon):     107880 kB
1776799229.984127190 Inactive(anon):        0 kB
1776799229.984127190 Active(file):     293880 kB
1776799229.984127190 Inactive(file):   111428 kB
1776799229.984127190 Unevictable:           0 kB
1776799229.984127190 Mlocked:               0 kB
1776799229.984127190 SwapTotal:             0 kB
1776799229.984127190 SwapFree:              0 kB
1776799229.984127190 Zswap:                 0 kB
1776799229.984127190 Zswapped:              0 kB
1776799229.984127190 Dirty:              1368 kB
1776799229.984127190 Writeback:             0 kB
1776799229.984127190 AnonPages:        102720 kB
1776799229.984127190 Mapped:           105380 kB
1776799229.984127190 Shmem:              5248 kB
1776799229.984127190 KReclaimable:      32108 kB
1776799229.984127190 Slab:             123320 kB
1776799229.984127190 SReclaimable:      32108 kB
1776799229.984127190 SUnreclaim:        91212 kB
1776799229.984127190 KernelStack:        3152 kB
1776799229.984127190 PageTables:         4192 kB
1776799229.984127190 SecPageTables:         0 kB
1776799229.984127190 NFS_Unstable:          0 kB
1776799229.984127190 Bounce:                0 kB
1776799229.984127190 WritebackTmp:          0 kB
1776799229.984127190 CommitLimit:     3537964 kB
1776799229.984127190 Committed_AS:     508168 kB
1776799229.984127190 VmallocTotal:   135288315904 kB
1776799229.984127190 VmallocUsed:       25844 kB
1776799229.984127190 VmallocChunk:          0 kB
1776799229.984127190 Percpu:             1552 kB
1776799229.984127190 AnonHugePages:         0 kB
1776799229.984127190 ShmemHugePages:        0 kB
1776799229.984127190 ShmemPmdMapped:        0 kB
1776799229.984127190 FileHugePages:         0 kB
1776799229.984127190 FilePmdMapped:         0 kB
1776799229.984127190 CmaTotal:          65536 kB
1776799229.984127190 CmaFree:           49104 kB
1776799229.984127190 Balloon:               0 kB
1776799229.984127190 HugePages_Total:     512
1776799229.984127190 HugePages_Free:      469
1776799229.984127190 HugePages_Rsvd:        0
1776799229.984127190 HugePages_Surp:        0
1776799229.984127190 Hugepagesize:       2048 kB
1776799229.984127190 Hugetlb:         1048576 kB
1776799230.992050595 MemTotal:        8124504 kB
1776799230.992050595 MemFree:         6350744 kB
1776799230.992050595 MemAvailable:    6632360 kB
1776799230.992050595 Buffers:           32512 kB
1776799230.992050595 Cached:           377964 kB
1776799230.992050595 SwapCached:            0 kB
1776799230.992050595 Active:           401732 kB
1776799230.992050595 Inactive:         111436 kB
1776799230.992050595 Active(anon):     107848 kB
1776799230.992050595 Inactive(anon):        0 kB
1776799230.992050595 Active(file):     293884 kB
1776799230.992050595 Inactive(file):   111436 kB
1776799230.992050595 Unevictable:           0 kB
1776799230.992050595 Mlocked:               0 kB
1776799230.992050595 SwapTotal:             0 kB
1776799230.992050595 SwapFree:              0 kB
1776799230.992050595 Zswap:                 0 kB
1776799230.992050595 Zswapped:              0 kB
1776799230.992050595 Dirty:              1376 kB
1776799230.992050595 Writeback:             0 kB
1776799230.992050595 AnonPages:        102808 kB
1776799230.992050595 Mapped:           105380 kB
1776799230.992050595 Shmem:              5248 kB
1776799230.992050595 KReclaimable:      32112 kB
1776799230.992050595 Slab:             123476 kB
1776799230.992050595 SReclaimable:      32112 kB
1776799230.992050595 SUnreclaim:        91364 kB
1776799230.992050595 KernelStack:        3168 kB
1776799230.992050595 PageTables:         4180 kB
1776799230.992050595 SecPageTables:         0 kB
1776799230.992050595 NFS_Unstable:          0 kB
1776799230.992050595 Bounce:                0 kB
1776799230.992050595 WritebackTmp:          0 kB
1776799230.992050595 CommitLimit:     3537964 kB
1776799230.992050595 Committed_AS:     508168 kB
1776799230.992050595 VmallocTotal:   135288315904 kB
1776799230.992050595 VmallocUsed:       25844 kB
1776799230.992050595 VmallocChunk:          0 kB
1776799230.992050595 Percpu:             1552 kB
1776799230.992050595 AnonHugePages:         0 kB
1776799230.992050595 ShmemHugePages:        0 kB
1776799230.992050595 ShmemPmdMapped:        0 kB
1776799230.992050595 FileHugePages:         0 kB
1776799230.992050595 FilePmdMapped:         0 kB
1776799230.992050595 CmaTotal:          65536 kB
1776799230.992050595 CmaFree:           49104 kB
1776799230.992050595 Balloon:               0 kB
1776799230.992050595 HugePages_Total:     512
1776799230.992050595 HugePages_Free:      469
1776799230.992050595 HugePages_Rsvd:        0
1776799230.992050595 HugePages_Surp:        0
1776799230.992050595 Hugepagesize:       2048 kB
1776799230.992050595 Hugetlb:         1048576 kB
1776799231.999989796 MemTotal:        8124504 kB
1776799231.999989796 MemFree:         6354492 kB
1776799231.999989796 MemAvailable:    6636116 kB
1776799231.999989796 Buffers:           32512 kB
1776799231.999989796 Cached:           377972 kB
1776799231.999989796 SwapCached:            0 kB
1776799231.999989796 Active:           401728 kB
1776799231.999989796 Inactive:         111444 kB
1776799231.999989796 Active(anon):     107844 kB
1776799231.999989796 Inactive(anon):        0 kB
1776799231.999989796 Active(file):     293884 kB
1776799231.999989796 Inactive(file):   111444 kB
1776799231.999989796 Unevictable:           0 kB
1776799231.999989796 Mlocked:               0 kB
1776799231.999989796 SwapTotal:             0 kB
1776799231.999989796 SwapFree:              0 kB
1776799231.999989796 Zswap:                 0 kB
1776799231.999989796 Zswapped:              0 kB
1776799231.999989796 Dirty:              1384 kB
1776799231.999989796 Writeback:             0 kB
1776799231.999989796 AnonPages:        102808 kB
1776799231.999989796 Mapped:           105380 kB
1776799231.999989796 Shmem:              5248 kB
1776799231.999989796 KReclaimable:      32112 kB
1776799231.999989796 Slab:             123316 kB
1776799231.999989796 SReclaimable:      32112 kB
1776799231.999989796 SUnreclaim:        91204 kB
1776799231.999989796 KernelStack:        3168 kB
1776799231.999989796 PageTables:         4192 kB
1776799231.999989796 SecPageTables:         0 kB
1776799231.999989796 NFS_Unstable:          0 kB
1776799231.999989796 Bounce:                0 kB
1776799231.999989796 WritebackTmp:          0 kB
1776799231.999989796 CommitLimit:     3537964 kB
1776799231.999989796 Committed_AS:     508168 kB
1776799231.999989796 VmallocTotal:   135288315904 kB
1776799231.999989796 VmallocUsed:       25844 kB
1776799231.999989796 VmallocChunk:          0 kB
1776799231.999989796 Percpu:             1552 kB
1776799231.999989796 AnonHugePages:         0 kB
1776799231.999989796 ShmemHugePages:        0 kB
1776799231.999989796 ShmemPmdMapped:        0 kB
1776799231.999989796 FileHugePages:         0 kB
1776799231.999989796 FilePmdMapped:         0 kB
1776799231.999989796 CmaTotal:          65536 kB
1776799231.999989796 CmaFree:           49104 kB
1776799231.999989796 Balloon:               0 kB
1776799231.999989796 HugePages_Total:     512
1776799231.999989796 HugePages_Free:      469
1776799231.999989796 HugePages_Rsvd:        0
1776799231.999989796 HugePages_Surp:        0
1776799231.999989796 Hugepagesize:       2048 kB
1776799231.999989796 Hugetlb:         1048576 kB
1776799233.007969922 MemTotal:        8124504 kB
1776799233.007969922 MemFree:         6357328 kB
1776799233.007969922 MemAvailable:    6638952 kB
1776799233.007969922 Buffers:           32516 kB
1776799233.007969922 Cached:           377968 kB
1776799233.007969922 SwapCached:            0 kB
1776799233.007969922 Active:           401708 kB
1776799233.007969922 Inactive:         111444 kB
1776799233.007969922 Active(anon):     107824 kB
1776799233.007969922 Inactive(anon):        0 kB
1776799233.007969922 Active(file):     293884 kB
1776799233.007969922 Inactive(file):   111444 kB
1776799233.007969922 Unevictable:           0 kB
1776799233.007969922 Mlocked:               0 kB
1776799233.007969922 SwapTotal:             0 kB
1776799233.007969922 SwapFree:              0 kB
1776799233.007969922 Zswap:                 0 kB
1776799233.007969922 Zswapped:              0 kB
1776799233.007969922 Dirty:              1384 kB
1776799233.007969922 Writeback:             0 kB
1776799233.007969922 AnonPages:        102800 kB
1776799233.007969922 Mapped:           105380 kB
1776799233.007969922 Shmem:              5248 kB
1776799233.007969922 KReclaimable:      32112 kB
1776799233.007969922 Slab:             123252 kB
1776799233.007969922 SReclaimable:      32112 kB
1776799233.007969922 SUnreclaim:        91140 kB
1776799233.007969922 KernelStack:        3168 kB
1776799233.007969922 PageTables:         4188 kB
1776799233.007969922 SecPageTables:         0 kB
1776799233.007969922 NFS_Unstable:          0 kB
1776799233.007969922 Bounce:                0 kB
1776799233.007969922 WritebackTmp:          0 kB
1776799233.007969922 CommitLimit:     3537964 kB
1776799233.007969922 Committed_AS:     508168 kB
1776799233.007969922 VmallocTotal:   135288315904 kB
1776799233.007969922 VmallocUsed:       25844 kB
1776799233.007969922 VmallocChunk:          0 kB
1776799233.007969922 Percpu:             1552 kB
1776799233.007969922 AnonHugePages:         0 kB
1776799233.007969922 ShmemHugePages:        0 kB
1776799233.007969922 ShmemPmdMapped:        0 kB
1776799233.007969922 FileHugePages:         0 kB
1776799233.007969922 FilePmdMapped:         0 kB
1776799233.007969922 CmaTotal:          65536 kB
1776799233.007969922 CmaFree:           49104 kB
1776799233.007969922 Balloon:               0 kB
1776799233.007969922 HugePages_Total:     512
1776799233.007969922 HugePages_Free:      469
1776799233.007969922 HugePages_Rsvd:        0
1776799233.007969922 HugePages_Surp:        0
1776799233.007969922 Hugepagesize:       2048 kB
1776799233.007969922 Hugetlb:         1048576 kB
1776799234.017494943 MemTotal:        8124504 kB
1776799234.017494943 MemFree:         6355256 kB
1776799234.017494943 MemAvailable:    6636892 kB
1776799234.017494943 Buffers:           32520 kB
1776799234.017494943 Cached:           377976 kB
1776799234.017494943 SwapCached:            0 kB
1776799234.017494943 Active:           401696 kB
1776799234.017494943 Inactive:         111456 kB
1776799234.017494943 Active(anon):     107812 kB
1776799234.017494943 Inactive(anon):        0 kB
1776799234.017494943 Active(file):     293884 kB
1776799234.017494943 Inactive(file):   111456 kB
1776799234.017494943 Unevictable:           0 kB
1776799234.017494943 Mlocked:               0 kB
1776799234.017494943 SwapTotal:             0 kB
1776799234.017494943 SwapFree:              0 kB
1776799234.017494943 Zswap:                 0 kB
1776799234.017494943 Zswapped:              0 kB
1776799234.017494943 Dirty:              1236 kB
1776799234.017494943 Writeback:             0 kB
1776799234.017494943 AnonPages:        102804 kB
1776799234.017494943 Mapped:           105380 kB
1776799234.017494943 Shmem:              5248 kB
1776799234.017494943 KReclaimable:      32112 kB
1776799234.017494943 Slab:             123368 kB
1776799234.017494943 SReclaimable:      32112 kB
1776799234.017494943 SUnreclaim:        91256 kB
1776799234.017494943 KernelStack:        3168 kB
1776799234.017494943 PageTables:         4192 kB
1776799234.017494943 SecPageTables:         0 kB
1776799234.017494943 NFS_Unstable:          0 kB
1776799234.017494943 Bounce:                0 kB
1776799234.017494943 WritebackTmp:          0 kB
1776799234.017494943 CommitLimit:     3537964 kB
1776799234.017494943 Committed_AS:     508168 kB
1776799234.017494943 VmallocTotal:   135288315904 kB
1776799234.017494943 VmallocUsed:       25844 kB
1776799234.017494943 VmallocChunk:          0 kB
1776799234.017494943 Percpu:             1552 kB
1776799234.017494943 AnonHugePages:         0 kB
1776799234.017494943 ShmemHugePages:        0 kB
1776799234.017494943 ShmemPmdMapped:        0 kB
1776799234.017494943 FileHugePages:         0 kB
1776799234.017494943 FilePmdMapped:         0 kB
1776799234.017494943 CmaTotal:          65536 kB
1776799234.017494943 CmaFree:           49104 kB
1776799234.017494943 Balloon:               0 kB
1776799234.017494943 HugePages_Total:     512
1776799234.017494943 HugePages_Free:      469
1776799234.017494943 HugePages_Rsvd:        0
1776799234.017494943 HugePages_Surp:        0
1776799234.017494943 Hugepagesize:       2048 kB
1776799234.017494943 Hugetlb:         1048576 kB
1776799235.025432144 MemTotal:        8124504 kB
1776799235.025432144 MemFree:         6354732 kB
1776799235.025432144 MemAvailable:    6636372 kB
1776799235.025432144 Buffers:           32520 kB
1776799235.025432144 Cached:           377980 kB
1776799235.025432144 SwapCached:            0 kB
1776799235.025432144 Active:           401740 kB
1776799235.025432144 Inactive:         111460 kB
1776799235.025432144 Active(anon):     107856 kB
1776799235.025432144 Inactive(anon):        0 kB
1776799235.025432144 Active(file):     293884 kB
1776799235.025432144 Inactive(file):   111460 kB
1776799235.025432144 Unevictable:           0 kB
1776799235.025432144 Mlocked:               0 kB
1776799235.025432144 SwapTotal:             0 kB
1776799235.025432144 SwapFree:              0 kB
1776799235.025432144 Zswap:                 0 kB
1776799235.025432144 Zswapped:              0 kB
1776799235.025432144 Dirty:              1248 kB
1776799235.025432144 Writeback:             0 kB
1776799235.025432144 AnonPages:        102808 kB
1776799235.025432144 Mapped:           105380 kB
1776799235.025432144 Shmem:              5248 kB
1776799235.025432144 KReclaimable:      32112 kB
1776799235.025432144 Slab:             123252 kB
1776799235.025432144 SReclaimable:      32112 kB
1776799235.025432144 SUnreclaim:        91140 kB
1776799235.025432144 KernelStack:        3168 kB
1776799235.025432144 PageTables:         4188 kB
1776799235.025432144 SecPageTables:         0 kB
1776799235.025432144 NFS_Unstable:          0 kB
1776799235.025432144 Bounce:                0 kB
1776799235.025432144 WritebackTmp:          0 kB
1776799235.025432144 CommitLimit:     3537964 kB
1776799235.025432144 Committed_AS:     508168 kB
1776799235.025432144 VmallocTotal:   135288315904 kB
1776799235.025432144 VmallocUsed:       25828 kB
1776799235.025432144 VmallocChunk:          0 kB
1776799235.025432144 Percpu:             1552 kB
1776799235.025432144 AnonHugePages:         0 kB
1776799235.025432144 ShmemHugePages:        0 kB
1776799235.025432144 ShmemPmdMapped:        0 kB
1776799235.025432144 FileHugePages:         0 kB
1776799235.025432144 FilePmdMapped:         0 kB
1776799235.025432144 CmaTotal:          65536 kB
1776799235.025432144 CmaFree:           49104 kB
1776799235.025432144 Balloon:               0 kB
1776799235.025432144 HugePages_Total:     512
1776799235.025432144 HugePages_Free:      469
1776799235.025432144 HugePages_Rsvd:        0
1776799235.025432144 HugePages_Surp:        0
1776799235.025432144 Hugepagesize:       2048 kB
1776799235.025432144 Hugetlb:         1048576 kB
1776799236.033356307 MemTotal:        8124504 kB
1776799236.033356307 MemFree:         6353356 kB
1776799236.033356307 MemAvailable:    6635000 kB
1776799236.033356307 Buffers:           32520 kB
1776799236.033356307 Cached:           377984 kB
1776799236.033356307 SwapCached:            0 kB
1776799236.033356307 Active:           401684 kB
1776799236.033356307 Inactive:         111464 kB
1776799236.033356307 Active(anon):     107800 kB
1776799236.033356307 Inactive(anon):        0 kB
1776799236.033356307 Active(file):     293884 kB
1776799236.033356307 Inactive(file):   111464 kB
1776799236.033356307 Unevictable:           0 kB
1776799236.033356307 Mlocked:               0 kB
1776799236.033356307 SwapTotal:             0 kB
1776799236.033356307 SwapFree:              0 kB
1776799236.033356307 Zswap:                 0 kB
1776799236.033356307 Zswapped:              0 kB
1776799236.033356307 Dirty:              1252 kB
1776799236.033356307 Writeback:             0 kB
1776799236.033356307 AnonPages:        102808 kB
1776799236.033356307 Mapped:           105380 kB
1776799236.033356307 Shmem:              5248 kB
1776799236.033356307 KReclaimable:      32112 kB
1776799236.033356307 Slab:             123264 kB
1776799236.033356307 SReclaimable:      32112 kB
1776799236.033356307 SUnreclaim:        91152 kB
1776799236.033356307 KernelStack:        3168 kB
1776799236.033356307 PageTables:         4180 kB
1776799236.033356307 SecPageTables:         0 kB
1776799236.033356307 NFS_Unstable:          0 kB
1776799236.033356307 Bounce:                0 kB
1776799236.033356307 WritebackTmp:          0 kB
1776799236.033356307 CommitLimit:     3537964 kB
1776799236.033356307 Committed_AS:     508168 kB
1776799236.033356307 VmallocTotal:   135288315904 kB
1776799236.033356307 VmallocUsed:       25844 kB
1776799236.033356307 VmallocChunk:          0 kB
1776799236.033356307 Percpu:             1552 kB
1776799236.033356307 AnonHugePages:         0 kB
1776799236.033356307 ShmemHugePages:        0 kB
1776799236.033356307 ShmemPmdMapped:        0 kB
1776799236.033356307 FileHugePages:         0 kB
1776799236.033356307 FilePmdMapped:         0 kB
1776799236.033356307 CmaTotal:          65536 kB
1776799236.033356307 CmaFree:           49104 kB
1776799236.033356307 Balloon:               0 kB
1776799236.033356307 HugePages_Total:     512
1776799236.033356307 HugePages_Free:      469
1776799236.033356307 HugePages_Rsvd:        0
1776799236.033356307 HugePages_Surp:        0
1776799236.033356307 Hugepagesize:       2048 kB
1776799236.033356307 Hugetlb:         1048576 kB
1776799237.041197601 MemTotal:        8124504 kB
1776799237.041197601 MemFree:         6357616 kB
1776799237.041197601 MemAvailable:    6639272 kB
1776799237.041197601 Buffers:           32520 kB
1776799237.041197601 Cached:           377992 kB
1776799237.041197601 SwapCached:            0 kB
1776799237.041197601 Active:           401740 kB
1776799237.041197601 Inactive:         111472 kB
1776799237.041197601 Active(anon):     107852 kB
1776799237.041197601 Inactive(anon):        0 kB
1776799237.041197601 Active(file):     293888 kB
1776799237.041197601 Inactive(file):   111472 kB
1776799237.041197601 Unevictable:           0 kB
1776799237.041197601 Mlocked:               0 kB
1776799237.041197601 SwapTotal:             0 kB
1776799237.041197601 SwapFree:              0 kB
1776799237.041197601 Zswap:                 0 kB
1776799237.041197601 Zswapped:              0 kB
1776799237.041197601 Dirty:                84 kB
1776799237.041197601 Writeback:             0 kB
1776799237.041197601 AnonPages:        102772 kB
1776799237.041197601 Mapped:           105488 kB
1776799237.041197601 Shmem:              5248 kB
1776799237.041197601 KReclaimable:      32112 kB
1776799237.041197601 Slab:             123260 kB
1776799237.041197601 SReclaimable:      32112 kB
1776799237.041197601 SUnreclaim:        91148 kB
1776799237.041197601 KernelStack:        3184 kB
1776799237.041197601 PageTables:         4320 kB
1776799237.041197601 SecPageTables:         0 kB
1776799237.041197601 NFS_Unstable:          0 kB
1776799237.041197601 Bounce:                0 kB
1776799237.041197601 WritebackTmp:          0 kB
1776799237.041197601 CommitLimit:     3537964 kB
1776799237.041197601 Committed_AS:     508168 kB
1776799237.041197601 VmallocTotal:   135288315904 kB
1776799237.041197601 VmallocUsed:       25844 kB
1776799237.041197601 VmallocChunk:          0 kB
1776799237.041197601 Percpu:             1552 kB
1776799237.041197601 AnonHugePages:         0 kB
1776799237.041197601 ShmemHugePages:        0 kB
1776799237.041197601 ShmemPmdMapped:        0 kB
1776799237.041197601 FileHugePages:         0 kB
1776799237.041197601 FilePmdMapped:         0 kB
1776799237.041197601 CmaTotal:          65536 kB
1776799237.041197601 CmaFree:           49104 kB
1776799237.041197601 Balloon:               0 kB
1776799237.041197601 HugePages_Total:     512
1776799237.041197601 HugePages_Free:      469
1776799237.041197601 HugePages_Rsvd:        0
1776799237.041197601 HugePages_Surp:        0
1776799237.041197601 Hugepagesize:       2048 kB
1776799237.041197601 Hugetlb:         1048576 kB
1776799238.049136190 MemTotal:        8124504 kB
1776799238.049136190 MemFree:         6358572 kB
1776799238.049136190 MemAvailable:    6640232 kB
1776799238.049136190 Buffers:           32528 kB
1776799238.049136190 Cached:           377988 kB
1776799238.049136190 SwapCached:            0 kB
1776799238.049136190 Active:           401652 kB
1776799238.049136190 Inactive:         111476 kB
1776799238.049136190 Active(anon):     107764 kB
1776799238.049136190 Inactive(anon):        0 kB
1776799238.049136190 Active(file):     293888 kB
1776799238.049136190 Inactive(file):   111476 kB
1776799238.049136190 Unevictable:           0 kB
1776799238.049136190 Mlocked:               0 kB
1776799238.049136190 SwapTotal:             0 kB
1776799238.049136190 SwapFree:              0 kB
1776799238.049136190 Zswap:                 0 kB
1776799238.049136190 Zswapped:              0 kB
1776799238.049136190 Dirty:                88 kB
1776799238.049136190 Writeback:             0 kB
1776799238.049136190 AnonPages:        102696 kB
1776799238.049136190 Mapped:           105380 kB
1776799238.049136190 Shmem:              5248 kB
1776799238.049136190 KReclaimable:      32112 kB
1776799238.049136190 Slab:             123388 kB
1776799238.049136190 SReclaimable:      32112 kB
1776799238.049136190 SUnreclaim:        91276 kB
1776799238.049136190 KernelStack:        3184 kB
1776799238.049136190 PageTables:         4524 kB
1776799238.049136190 SecPageTables:         0 kB
1776799238.049136190 NFS_Unstable:          0 kB
1776799238.049136190 Bounce:                0 kB
1776799238.049136190 WritebackTmp:          0 kB
1776799238.049136190 CommitLimit:     3537964 kB
1776799238.049136190 Committed_AS:     508168 kB
1776799238.049136190 VmallocTotal:   135288315904 kB
1776799238.049136190 VmallocUsed:       25860 kB
1776799238.049136190 VmallocChunk:          0 kB
1776799238.049136190 Percpu:             1552 kB
1776799238.049136190 AnonHugePages:         0 kB
1776799238.049136190 ShmemHugePages:        0 kB
1776799238.049136190 ShmemPmdMapped:        0 kB
1776799238.049136190 FileHugePages:         0 kB
1776799238.049136190 FilePmdMapped:         0 kB
1776799238.049136190 CmaTotal:          65536 kB
1776799238.049136190 CmaFree:           49104 kB
1776799238.049136190 Balloon:               0 kB
1776799238.049136190 HugePages_Total:     512
1776799238.049136190 HugePages_Free:      469
1776799238.049136190 HugePages_Rsvd:        0
1776799238.049136190 HugePages_Surp:        0
1776799238.049136190 Hugepagesize:       2048 kB
1776799238.049136190 Hugetlb:         1048576 kB
1776799239.059717492 MemTotal:        8124504 kB
1776799239.059717492 MemFree:         6354984 kB
1776799239.059717492 MemAvailable:    6636648 kB
1776799239.059717492 Buffers:           32528 kB
1776799239.059717492 Cached:           378000 kB
1776799239.059717492 SwapCached:            0 kB
1776799239.059717492 Active:           400996 kB
1776799239.059717492 Inactive:         111484 kB
1776799239.059717492 Active(anon):     107112 kB
1776799239.059717492 Inactive(anon):        0 kB
1776799239.059717492 Active(file):     293884 kB
1776799239.059717492 Inactive(file):   111484 kB
1776799239.059717492 Unevictable:           0 kB
1776799239.059717492 Mlocked:               0 kB
1776799239.059717492 SwapTotal:             0 kB
1776799239.059717492 SwapFree:              0 kB
1776799239.059717492 Zswap:                 0 kB
1776799239.059717492 Zswapped:              0 kB
1776799239.059717492 Dirty:                44 kB
1776799239.059717492 Writeback:             0 kB
1776799239.059717492 AnonPages:        102072 kB
1776799239.059717492 Mapped:           105404 kB
1776799239.059717492 Shmem:              5248 kB
1776799239.059717492 KReclaimable:      32108 kB
1776799239.059717492 Slab:             123072 kB
1776799239.059717492 SReclaimable:      32108 kB
1776799239.059717492 SUnreclaim:        90964 kB
1776799239.059717492 KernelStack:        3168 kB
1776799239.059717492 PageTables:         4476 kB
1776799239.059717492 SecPageTables:         0 kB
1776799239.059717492 NFS_Unstable:          0 kB
1776799239.059717492 Bounce:                0 kB
1776799239.059717492 WritebackTmp:          0 kB
1776799239.059717492 CommitLimit:     3537964 kB
1776799239.059717492 Committed_AS:     507092 kB
1776799239.059717492 VmallocTotal:   135288315904 kB
1776799239.059717492 VmallocUsed:       25844 kB
1776799239.059717492 VmallocChunk:          0 kB
1776799239.059717492 Percpu:             1552 kB
1776799239.059717492 AnonHugePages:         0 kB
1776799239.059717492 ShmemHugePages:        0 kB
1776799239.059717492 ShmemPmdMapped:        0 kB
1776799239.059717492 FileHugePages:         0 kB
1776799239.059717492 FilePmdMapped:         0 kB
1776799239.059717492 CmaTotal:          65536 kB
1776799239.059717492 CmaFree:           49104 kB
1776799239.059717492 Balloon:               0 kB
1776799239.059717492 HugePages_Total:     512
1776799239.059717492 HugePages_Free:      469
1776799239.059717492 HugePages_Rsvd:        0
1776799239.059717492 HugePages_Surp:        0
1776799239.059717492 Hugepagesize:       2048 kB
1776799239.059717492 Hugetlb:         1048576 kB
1776799240.069295642 MemTotal:        8124504 kB
1776799240.069295642 MemFree:         6349868 kB
1776799240.069295642 MemAvailable:    6631540 kB
1776799240.069295642 Buffers:           32528 kB
1776799240.069295642 Cached:           378008 kB
1776799240.069295642 SwapCached:            0 kB
1776799240.069295642 Active:           401864 kB
1776799240.069295642 Inactive:         111492 kB
1776799240.069295642 Active(anon):     107980 kB
1776799240.069295642 Inactive(anon):        0 kB
1776799240.069295642 Active(file):     293884 kB
1776799240.069295642 Inactive(file):   111492 kB
1776799240.069295642 Unevictable:           0 kB
1776799240.069295642 Mlocked:               0 kB
1776799240.069295642 SwapTotal:             0 kB
1776799240.069295642 SwapFree:              0 kB
1776799240.069295642 Zswap:                 0 kB
1776799240.069295642 Zswapped:              0 kB
1776799240.069295642 Dirty:                52 kB
1776799240.069295642 Writeback:             0 kB
1776799240.069295642 AnonPages:        102800 kB
1776799240.069295642 Mapped:           105380 kB
1776799240.069295642 Shmem:              5248 kB
1776799240.069295642 KReclaimable:      32108 kB
1776799240.069295642 Slab:             123212 kB
1776799240.069295642 SReclaimable:      32108 kB
1776799240.069295642 SUnreclaim:        91104 kB
1776799240.069295642 KernelStack:        3152 kB
1776799240.069295642 PageTables:         4204 kB
1776799240.069295642 SecPageTables:         0 kB
1776799240.069295642 NFS_Unstable:          0 kB
1776799240.069295642 Bounce:                0 kB
1776799240.069295642 WritebackTmp:          0 kB
1776799240.069295642 CommitLimit:     3537964 kB
1776799240.069295642 Committed_AS:     508168 kB
1776799240.069295642 VmallocTotal:   135288315904 kB
1776799240.069295642 VmallocUsed:       25828 kB
1776799240.069295642 VmallocChunk:          0 kB
1776799240.069295642 Percpu:             1552 kB
1776799240.069295642 AnonHugePages:         0 kB
1776799240.069295642 ShmemHugePages:        0 kB
1776799240.069295642 ShmemPmdMapped:        0 kB
1776799240.069295642 FileHugePages:         0 kB
1776799240.069295642 FilePmdMapped:         0 kB
1776799240.069295642 CmaTotal:          65536 kB
1776799240.069295642 CmaFree:           49104 kB
1776799240.069295642 Balloon:               0 kB
1776799240.069295642 HugePages_Total:     512
1776799240.069295642 HugePages_Free:      469
1776799240.069295642 HugePages_Rsvd:        0
1776799240.069295642 HugePages_Surp:        0
1776799240.069295642 Hugepagesize:       2048 kB
1776799240.069295642 Hugetlb:         1048576 kB
1776799241.077767640 MemTotal:        8124504 kB
1776799241.077767640 MemFree:         6354132 kB
1776799241.077767640 MemAvailable:    6635816 kB
1776799241.077767640 Buffers:           32528 kB
1776799241.077767640 Cached:           378012 kB
1776799241.077767640 SwapCached:            0 kB
1776799241.077767640 Active:           401788 kB
1776799241.077767640 Inactive:         111500 kB
1776799241.077767640 Active(anon):     107900 kB
1776799241.077767640 Inactive(anon):        0 kB
1776799241.077767640 Active(file):     293888 kB
1776799241.077767640 Inactive(file):   111500 kB
1776799241.077767640 Unevictable:           0 kB
1776799241.077767640 Mlocked:               0 kB
1776799241.077767640 SwapTotal:             0 kB
1776799241.077767640 SwapFree:              0 kB
1776799241.077767640 Zswap:                 0 kB
1776799241.077767640 Zswapped:              0 kB
1776799241.077767640 Dirty:                56 kB
1776799241.077767640 Writeback:             0 kB
1776799241.077767640 AnonPages:        102816 kB
1776799241.077767640 Mapped:           105420 kB
1776799241.077767640 Shmem:              5248 kB
1776799241.077767640 KReclaimable:      32108 kB
1776799241.077767640 Slab:             123444 kB
1776799241.077767640 SReclaimable:      32108 kB
1776799241.077767640 SUnreclaim:        91336 kB
1776799241.077767640 KernelStack:        3168 kB
1776799241.077767640 PageTables:         4192 kB
1776799241.077767640 SecPageTables:         0 kB
1776799241.077767640 NFS_Unstable:          0 kB
1776799241.077767640 Bounce:                0 kB
1776799241.077767640 WritebackTmp:          0 kB
1776799241.077767640 CommitLimit:     3537964 kB
1776799241.077767640 Committed_AS:     508168 kB
1776799241.077767640 VmallocTotal:   135288315904 kB
1776799241.077767640 VmallocUsed:       25844 kB
1776799241.077767640 VmallocChunk:          0 kB
1776799241.077767640 Percpu:             1552 kB
1776799241.077767640 AnonHugePages:         0 kB
1776799241.077767640 ShmemHugePages:        0 kB
1776799241.077767640 ShmemPmdMapped:        0 kB
1776799241.077767640 FileHugePages:         0 kB
1776799241.077767640 FilePmdMapped:         0 kB
1776799241.077767640 CmaTotal:          65536 kB
1776799241.077767640 CmaFree:           49104 kB
1776799241.077767640 Balloon:               0 kB
1776799241.077767640 HugePages_Total:     512
1776799241.077767640 HugePages_Free:      469
1776799241.077767640 HugePages_Rsvd:        0
1776799241.077767640 HugePages_Surp:        0
1776799241.077767640 Hugepagesize:       2048 kB
1776799241.077767640 Hugetlb:         1048576 kB
1776799242.085932509 MemTotal:        8124504 kB
1776799242.085932509 MemFree:         6357448 kB
1776799242.085932509 MemAvailable:    6639124 kB
1776799242.085932509 Buffers:           32528 kB
1776799242.085932509 Cached:           378012 kB
1776799242.085932509 SwapCached:            0 kB
1776799242.085932509 Active:           401628 kB
1776799242.085932509 Inactive:         111500 kB
1776799242.085932509 Active(anon):     107748 kB
1776799242.085932509 Inactive(anon):        0 kB
1776799242.085932509 Active(file):     293880 kB
1776799242.085932509 Inactive(file):   111500 kB
1776799242.085932509 Unevictable:           0 kB
1776799242.085932509 Mlocked:               0 kB
1776799242.085932509 SwapTotal:             0 kB
1776799242.085932509 SwapFree:              0 kB
1776799242.085932509 Zswap:                 0 kB
1776799242.085932509 Zswapped:              0 kB
1776799242.085932509 Dirty:                56 kB
1776799242.085932509 Writeback:             0 kB
1776799242.085932509 AnonPages:        102728 kB
1776799242.085932509 Mapped:           105380 kB
1776799242.085932509 Shmem:              5248 kB
1776799242.085932509 KReclaimable:      32108 kB
1776799242.085932509 Slab:             123392 kB
1776799242.085932509 SReclaimable:      32108 kB
1776799242.085932509 SUnreclaim:        91284 kB
1776799242.085932509 KernelStack:        3152 kB
1776799242.085932509 PageTables:         4192 kB
1776799242.085932509 SecPageTables:         0 kB
1776799242.085932509 NFS_Unstable:          0 kB
1776799242.085932509 Bounce:                0 kB
1776799242.085932509 WritebackTmp:          0 kB
1776799242.085932509 CommitLimit:     3537964 kB
1776799242.085932509 Committed_AS:     508168 kB
1776799242.085932509 VmallocTotal:   135288315904 kB
1776799242.085932509 VmallocUsed:       25844 kB
1776799242.085932509 VmallocChunk:          0 kB
1776799242.085932509 Percpu:             1552 kB
1776799242.085932509 AnonHugePages:         0 kB
1776799242.085932509 ShmemHugePages:        0 kB
1776799242.085932509 ShmemPmdMapped:        0 kB
1776799242.085932509 FileHugePages:         0 kB
1776799242.085932509 FilePmdMapped:         0 kB
1776799242.085932509 CmaTotal:          65536 kB
1776799242.085932509 CmaFree:           49104 kB
1776799242.085932509 Balloon:               0 kB
1776799242.085932509 HugePages_Total:     512
1776799242.085932509 HugePages_Free:      469
1776799242.085932509 HugePages_Rsvd:        0
1776799242.085932509 HugePages_Surp:        0
1776799242.085932509 Hugepagesize:       2048 kB
1776799242.085932509 Hugetlb:         1048576 kB
1776799243.093811283 MemTotal:        8124504 kB
1776799243.093811283 MemFree:         6356424 kB
1776799243.093811283 MemAvailable:    6638112 kB
1776799243.093811283 Buffers:           32536 kB
1776799243.093811283 Cached:           378016 kB
1776799243.093811283 SwapCached:            0 kB
1776799243.093811283 Active:           401736 kB
1776799243.093811283 Inactive:         111508 kB
1776799243.093811283 Active(anon):     107852 kB
1776799243.093811283 Inactive(anon):        0 kB
1776799243.093811283 Active(file):     293884 kB
1776799243.093811283 Inactive(file):   111508 kB
1776799243.093811283 Unevictable:           0 kB
1776799243.093811283 Mlocked:               0 kB
1776799243.093811283 SwapTotal:             0 kB
1776799243.093811283 SwapFree:              0 kB
1776799243.093811283 Zswap:                 0 kB
1776799243.093811283 Zswapped:              0 kB
1776799243.093811283 Dirty:                68 kB
1776799243.093811283 Writeback:             0 kB
1776799243.093811283 AnonPages:        102816 kB
1776799243.093811283 Mapped:           105380 kB
1776799243.093811283 Shmem:              5248 kB
1776799243.093811283 KReclaimable:      32108 kB
1776799243.093811283 Slab:             123288 kB
1776799243.093811283 SReclaimable:      32108 kB
1776799243.093811283 SUnreclaim:        91180 kB
1776799243.093811283 KernelStack:        3168 kB
1776799243.093811283 PageTables:         4188 kB
1776799243.093811283 SecPageTables:         0 kB
1776799243.093811283 NFS_Unstable:          0 kB
1776799243.093811283 Bounce:                0 kB
1776799243.093811283 WritebackTmp:          0 kB
1776799243.093811283 CommitLimit:     3537964 kB
1776799243.093811283 Committed_AS:     508168 kB
1776799243.093811283 VmallocTotal:   135288315904 kB
1776799243.093811283 VmallocUsed:       25828 kB
1776799243.093811283 VmallocChunk:          0 kB
1776799243.093811283 Percpu:             1552 kB
1776799243.093811283 AnonHugePages:         0 kB
1776799243.093811283 ShmemHugePages:        0 kB
1776799243.093811283 ShmemPmdMapped:        0 kB
1776799243.093811283 FileHugePages:         0 kB
1776799243.093811283 FilePmdMapped:         0 kB
1776799243.093811283 CmaTotal:          65536 kB
1776799243.093811283 CmaFree:           49104 kB
1776799243.093811283 Balloon:               0 kB
1776799243.093811283 HugePages_Total:     512
1776799243.093811283 HugePages_Free:      469
1776799243.093811283 HugePages_Rsvd:        0
1776799243.093811283 HugePages_Surp:        0
1776799243.093811283 Hugepagesize:       2048 kB
1776799243.093811283 Hugetlb:         1048576 kB
1776799244.104140454 MemTotal:        8124504 kB
1776799244.104140454 MemFree:         6354076 kB
1776799244.104140454 MemAvailable:    6635772 kB
1776799244.104140454 Buffers:           32536 kB
1776799244.104140454 Cached:           378024 kB
1776799244.104140454 SwapCached:            0 kB
1776799244.104140454 Active:           401724 kB
1776799244.104140454 Inactive:         111520 kB
1776799244.104140454 Active(anon):     107840 kB
1776799244.104140454 Inactive(anon):        0 kB
1776799244.104140454 Active(file):     293884 kB
1776799244.104140454 Inactive(file):   111520 kB
1776799244.104140454 Unevictable:           0 kB
1776799244.104140454 Mlocked:               0 kB
1776799244.104140454 SwapTotal:             0 kB
1776799244.104140454 SwapFree:              0 kB
1776799244.104140454 Zswap:                 0 kB
1776799244.104140454 Zswapped:              0 kB
1776799244.104140454 Dirty:                72 kB
1776799244.104140454 Writeback:             0 kB
1776799244.104140454 AnonPages:        102820 kB
1776799244.104140454 Mapped:           105380 kB
1776799244.104140454 Shmem:              5248 kB
1776799244.104140454 KReclaimable:      32104 kB
1776799244.104140454 Slab:             123164 kB
1776799244.104140454 SReclaimable:      32104 kB
1776799244.104140454 SUnreclaim:        91060 kB
1776799244.104140454 KernelStack:        3168 kB
1776799244.104140454 PageTables:         4184 kB
1776799244.104140454 SecPageTables:         0 kB
1776799244.104140454 NFS_Unstable:          0 kB
1776799244.104140454 Bounce:                0 kB
1776799244.104140454 WritebackTmp:          0 kB
1776799244.104140454 CommitLimit:     3537964 kB
1776799244.104140454 Committed_AS:     508168 kB
1776799244.104140454 VmallocTotal:   135288315904 kB
1776799244.104140454 VmallocUsed:       25844 kB
1776799244.104140454 VmallocChunk:          0 kB
1776799244.104140454 Percpu:             1552 kB
1776799244.104140454 AnonHugePages:         0 kB
1776799244.104140454 ShmemHugePages:        0 kB
1776799244.104140454 ShmemPmdMapped:        0 kB
1776799244.104140454 FileHugePages:         0 kB
1776799244.104140454 FilePmdMapped:         0 kB
1776799244.104140454 CmaTotal:          65536 kB
1776799244.104140454 CmaFree:           49104 kB
1776799244.104140454 Balloon:               0 kB
1776799244.104140454 HugePages_Total:     512
1776799244.104140454 HugePages_Free:      469
1776799244.104140454 HugePages_Rsvd:        0
1776799244.104140454 HugePages_Surp:        0
1776799244.104140454 Hugepagesize:       2048 kB
1776799244.104140454 Hugetlb:         1048576 kB
1776799245.112092637 MemTotal:        8124504 kB
1776799245.112092637 MemFree:         6358276 kB
1776799245.112092637 MemAvailable:    6639972 kB
1776799245.112092637 Buffers:           32536 kB
1776799245.112092637 Cached:           378028 kB
1776799245.112092637 SwapCached:            0 kB
1776799245.112092637 Active:           401652 kB
1776799245.112092637 Inactive:         111524 kB
1776799245.112092637 Active(anon):     107772 kB
1776799245.112092637 Inactive(anon):        0 kB
1776799245.112092637 Active(file):     293880 kB
1776799245.112092637 Inactive(file):   111524 kB
1776799245.112092637 Unevictable:           0 kB
1776799245.112092637 Mlocked:               0 kB
1776799245.112092637 SwapTotal:             0 kB
1776799245.112092637 SwapFree:              0 kB
1776799245.112092637 Zswap:                 0 kB
1776799245.112092637 Zswapped:              0 kB
1776799245.112092637 Dirty:                76 kB
1776799245.112092637 Writeback:             0 kB
1776799245.112092637 AnonPages:        102728 kB
1776799245.112092637 Mapped:           105380 kB
1776799245.112092637 Shmem:              5248 kB
1776799245.112092637 KReclaimable:      32104 kB
1776799245.112092637 Slab:             123288 kB
1776799245.112092637 SReclaimable:      32104 kB
1776799245.112092637 SUnreclaim:        91184 kB
1776799245.112092637 KernelStack:        3152 kB
1776799245.112092637 PageTables:         4184 kB
1776799245.112092637 SecPageTables:         0 kB
1776799245.112092637 NFS_Unstable:          0 kB
1776799245.112092637 Bounce:                0 kB
1776799245.112092637 WritebackTmp:          0 kB
1776799245.112092637 CommitLimit:     3537964 kB
1776799245.112092637 Committed_AS:     508168 kB
1776799245.112092637 VmallocTotal:   135288315904 kB
1776799245.112092637 VmallocUsed:       25844 kB
1776799245.112092637 VmallocChunk:          0 kB
1776799245.112092637 Percpu:             1552 kB
1776799245.112092637 AnonHugePages:         0 kB
1776799245.112092637 ShmemHugePages:        0 kB
1776799245.112092637 ShmemPmdMapped:        0 kB
1776799245.112092637 FileHugePages:         0 kB
1776799245.112092637 FilePmdMapped:         0 kB
1776799245.112092637 CmaTotal:          65536 kB
1776799245.112092637 CmaFree:           49104 kB
1776799245.112092637 Balloon:               0 kB
1776799245.112092637 HugePages_Total:     512
1776799245.112092637 HugePages_Free:      469
1776799245.112092637 HugePages_Rsvd:        0
1776799245.112092637 HugePages_Surp:        0
1776799245.112092637 Hugepagesize:       2048 kB
1776799245.112092637 Hugetlb:         1048576 kB
1776799246.119993523 MemTotal:        8124504 kB
1776799246.119993523 MemFree:         6357588 kB
1776799246.119993523 MemAvailable:    6639296 kB
1776799246.119993523 Buffers:           32536 kB
1776799246.119993523 Cached:           378036 kB
1776799246.119993523 SwapCached:            0 kB
1776799246.119993523 Active:           401844 kB
1776799246.119993523 Inactive:         111528 kB
1776799246.119993523 Active(anon):     107956 kB
1776799246.119993523 Inactive(anon):        0 kB
1776799246.119993523 Active(file):     293888 kB
1776799246.119993523 Inactive(file):   111528 kB
1776799246.119993523 Unevictable:           0 kB
1776799246.119993523 Mlocked:               0 kB
1776799246.119993523 SwapTotal:             0 kB
1776799246.119993523 SwapFree:              0 kB
1776799246.119993523 Zswap:                 0 kB
1776799246.119993523 Zswapped:              0 kB
1776799246.119993523 Dirty:                84 kB
1776799246.119993523 Writeback:             0 kB
1776799246.119993523 AnonPages:        102820 kB
1776799246.119993523 Mapped:           105380 kB
1776799246.119993523 Shmem:              5248 kB
1776799246.119993523 KReclaimable:      32104 kB
1776799246.119993523 Slab:             123356 kB
1776799246.119993523 SReclaimable:      32104 kB
1776799246.119993523 SUnreclaim:        91252 kB
1776799246.119993523 KernelStack:        3152 kB
1776799246.119993523 PageTables:         4176 kB
1776799246.119993523 SecPageTables:         0 kB
1776799246.119993523 NFS_Unstable:          0 kB
1776799246.119993523 Bounce:                0 kB
1776799246.119993523 WritebackTmp:          0 kB
1776799246.119993523 CommitLimit:     3537964 kB
1776799246.119993523 Committed_AS:     508168 kB
1776799246.119993523 VmallocTotal:   135288315904 kB
1776799246.119993523 VmallocUsed:       25828 kB
1776799246.119993523 VmallocChunk:          0 kB
1776799246.119993523 Percpu:             1552 kB
1776799246.119993523 AnonHugePages:         0 kB
1776799246.119993523 ShmemHugePages:        0 kB
1776799246.119993523 ShmemPmdMapped:        0 kB
1776799246.119993523 FileHugePages:         0 kB
1776799246.119993523 FilePmdMapped:         0 kB
1776799246.119993523 CmaTotal:          65536 kB
1776799246.119993523 CmaFree:           49104 kB
1776799246.119993523 Balloon:               0 kB
1776799246.119993523 HugePages_Total:     512
1776799246.119993523 HugePages_Free:      469
1776799246.119993523 HugePages_Rsvd:        0
1776799246.119993523 HugePages_Surp:        0
1776799246.119993523 Hugepagesize:       2048 kB
1776799246.119993523 Hugetlb:         1048576 kB
1776799247.127986631 MemTotal:        8124504 kB
1776799247.127986631 MemFree:         6354488 kB
1776799247.127986631 MemAvailable:    6636196 kB
1776799247.127986631 Buffers:           32536 kB
1776799247.127986631 Cached:           378040 kB
1776799247.127986631 SwapCached:            0 kB
1776799247.127986631 Active:           401708 kB
1776799247.127986631 Inactive:         111532 kB
1776799247.127986631 Active(anon):     107824 kB
1776799247.127986631 Inactive(anon):        0 kB
1776799247.127986631 Active(file):     293884 kB
1776799247.127986631 Inactive(file):   111532 kB
1776799247.127986631 Unevictable:           0 kB
1776799247.127986631 Mlocked:               0 kB
1776799247.127986631 SwapTotal:             0 kB
1776799247.127986631 SwapFree:              0 kB
1776799247.127986631 Zswap:                 0 kB
1776799247.127986631 Zswapped:              0 kB
1776799247.127986631 Dirty:                88 kB
1776799247.127986631 Writeback:             0 kB
1776799247.127986631 AnonPages:        102732 kB
1776799247.127986631 Mapped:           105380 kB
1776799247.127986631 Shmem:              5248 kB
1776799247.127986631 KReclaimable:      32104 kB
1776799247.127986631 Slab:             123164 kB
1776799247.127986631 SReclaimable:      32104 kB
1776799247.127986631 SUnreclaim:        91060 kB
1776799247.127986631 KernelStack:        3136 kB
1776799247.127986631 PageTables:         4188 kB
1776799247.127986631 SecPageTables:         0 kB
1776799247.127986631 NFS_Unstable:          0 kB
1776799247.127986631 Bounce:                0 kB
1776799247.127986631 WritebackTmp:          0 kB
1776799247.127986631 CommitLimit:     3537964 kB
1776799247.127986631 Committed_AS:     508168 kB
1776799247.127986631 VmallocTotal:   135288315904 kB
1776799247.127986631 VmallocUsed:       25828 kB
1776799247.127986631 VmallocChunk:          0 kB
1776799247.127986631 Percpu:             1552 kB
1776799247.127986631 AnonHugePages:         0 kB
1776799247.127986631 ShmemHugePages:        0 kB
1776799247.127986631 ShmemPmdMapped:        0 kB
1776799247.127986631 FileHugePages:         0 kB
1776799247.127986631 FilePmdMapped:         0 kB
1776799247.127986631 CmaTotal:          65536 kB
1776799247.127986631 CmaFree:           49104 kB
1776799247.127986631 Balloon:               0 kB
1776799247.127986631 HugePages_Total:     512
1776799247.127986631 HugePages_Free:      469
1776799247.127986631 HugePages_Rsvd:        0
1776799247.127986631 HugePages_Surp:        0
1776799247.127986631 Hugepagesize:       2048 kB
1776799247.127986631 Hugetlb:         1048576 kB
1776799248.135922184 MemTotal:        8124504 kB
1776799248.135922184 MemFree:         6356564 kB
1776799248.135922184 MemAvailable:    6638284 kB
1776799248.135922184 Buffers:           32540 kB
1776799248.135922184 Cached:           378044 kB
1776799248.135922184 SwapCached:            0 kB
1776799248.135922184 Active:           401740 kB
1776799248.135922184 Inactive:         111544 kB
1776799248.135922184 Active(anon):     107856 kB
1776799248.135922184 Inactive(anon):        0 kB
1776799248.135922184 Active(file):     293884 kB
1776799248.135922184 Inactive(file):   111544 kB
1776799248.135922184 Unevictable:           0 kB
1776799248.135922184 Mlocked:               0 kB
1776799248.135922184 SwapTotal:             0 kB
1776799248.135922184 SwapFree:              0 kB
1776799248.135922184 Zswap:                 0 kB
1776799248.135922184 Zswapped:              0 kB
1776799248.135922184 Dirty:                96 kB
1776799248.135922184 Writeback:             0 kB
1776799248.135922184 AnonPages:        102812 kB
1776799248.135922184 Mapped:           105380 kB
1776799248.135922184 Shmem:              5248 kB
1776799248.135922184 KReclaimable:      32104 kB
1776799248.135922184 Slab:             123140 kB
1776799248.135922184 SReclaimable:      32104 kB
1776799248.135922184 SUnreclaim:        91036 kB
1776799248.135922184 KernelStack:        3152 kB
1776799248.135922184 PageTables:         4188 kB
1776799248.135922184 SecPageTables:         0 kB
1776799248.135922184 NFS_Unstable:          0 kB
1776799248.135922184 Bounce:                0 kB
1776799248.135922184 WritebackTmp:          0 kB
1776799248.135922184 CommitLimit:     3537964 kB
1776799248.135922184 Committed_AS:     508168 kB
1776799248.135922184 VmallocTotal:   135288315904 kB
1776799248.135922184 VmallocUsed:       25828 kB
1776799248.135922184 VmallocChunk:          0 kB
1776799248.135922184 Percpu:             1552 kB
1776799248.135922184 AnonHugePages:         0 kB
1776799248.135922184 ShmemHugePages:        0 kB
1776799248.135922184 ShmemPmdMapped:        0 kB
1776799248.135922184 FileHugePages:         0 kB
1776799248.135922184 FilePmdMapped:         0 kB
1776799248.135922184 CmaTotal:          65536 kB
1776799248.135922184 CmaFree:           49104 kB
1776799248.135922184 Balloon:               0 kB
1776799248.135922184 HugePages_Total:     512
1776799248.135922184 HugePages_Free:      469
1776799248.135922184 HugePages_Rsvd:        0
1776799248.135922184 HugePages_Surp:        0
1776799248.135922184 Hugepagesize:       2048 kB
1776799248.135922184 Hugetlb:         1048576 kB
1776799249.145429463 MemTotal:        8124504 kB
1776799249.145429463 MemFree:         6353784 kB
1776799249.145429463 MemAvailable:    6635516 kB
1776799249.145429463 Buffers:           32544 kB
1776799249.145429463 Cached:           378052 kB
1776799249.145429463 SwapCached:            0 kB
1776799249.145429463 Active:           401720 kB
1776799249.145429463 Inactive:         111556 kB
1776799249.145429463 Active(anon):     107836 kB
1776799249.145429463 Inactive(anon):        0 kB
1776799249.145429463 Active(file):     293884 kB
1776799249.145429463 Inactive(file):   111556 kB
1776799249.145429463 Unevictable:           0 kB
1776799249.145429463 Mlocked:               0 kB
1776799249.145429463 SwapTotal:             0 kB
1776799249.145429463 SwapFree:              0 kB
1776799249.145429463 Zswap:                 0 kB
1776799249.145429463 Zswapped:              0 kB
1776799249.145429463 Dirty:               100 kB
1776799249.145429463 Writeback:             0 kB
1776799249.145429463 AnonPages:        102820 kB
1776799249.145429463 Mapped:           105380 kB
1776799249.145429463 Shmem:              5248 kB
1776799249.145429463 KReclaimable:      32104 kB
1776799249.145429463 Slab:             123288 kB
1776799249.145429463 SReclaimable:      32104 kB
1776799249.145429463 SUnreclaim:        91184 kB
1776799249.145429463 KernelStack:        3152 kB
1776799249.145429463 PageTables:         4184 kB
1776799249.145429463 SecPageTables:         0 kB
1776799249.145429463 NFS_Unstable:          0 kB
1776799249.145429463 Bounce:                0 kB
1776799249.145429463 WritebackTmp:          0 kB
1776799249.145429463 CommitLimit:     3537964 kB
1776799249.145429463 Committed_AS:     508168 kB
1776799249.145429463 VmallocTotal:   135288315904 kB
1776799249.145429463 VmallocUsed:       25828 kB
1776799249.145429463 VmallocChunk:          0 kB
1776799249.145429463 Percpu:             1552 kB
1776799249.145429463 AnonHugePages:         0 kB
1776799249.145429463 ShmemHugePages:        0 kB
1776799249.145429463 ShmemPmdMapped:        0 kB
1776799249.145429463 FileHugePages:         0 kB
1776799249.145429463 FilePmdMapped:         0 kB
1776799249.145429463 CmaTotal:          65536 kB
1776799249.145429463 CmaFree:           49104 kB
1776799249.145429463 Balloon:               0 kB
1776799249.145429463 HugePages_Total:     512
1776799249.145429463 HugePages_Free:      469
1776799249.145429463 HugePages_Rsvd:        0
1776799249.145429463 HugePages_Surp:        0
1776799249.145429463 Hugepagesize:       2048 kB
1776799249.145429463 Hugetlb:         1048576 kB
1776799250.153396016 MemTotal:        8124504 kB
1776799250.153396016 MemFree:         6357288 kB
1776799250.153396016 MemAvailable:    6639024 kB
1776799250.153396016 Buffers:           32544 kB
1776799250.153396016 Cached:           378052 kB
1776799250.153396016 SwapCached:            0 kB
1776799250.153396016 Active:           401752 kB
1776799250.153396016 Inactive:         111556 kB
1776799250.153396016 Active(anon):     107864 kB
1776799250.153396016 Inactive(anon):        0 kB
1776799250.153396016 Active(file):     293888 kB
1776799250.153396016 Inactive(file):   111556 kB
1776799250.153396016 Unevictable:           0 kB
1776799250.153396016 Mlocked:               0 kB
1776799250.153396016 SwapTotal:             0 kB
1776799250.153396016 SwapFree:              0 kB
1776799250.153396016 Zswap:                 0 kB
1776799250.153396016 Zswapped:              0 kB
1776799250.153396016 Dirty:               100 kB
1776799250.153396016 Writeback:             0 kB
1776799250.153396016 AnonPages:        102816 kB
1776799250.153396016 Mapped:           105380 kB
1776799250.153396016 Shmem:              5248 kB
1776799250.153396016 KReclaimable:      32104 kB
1776799250.153396016 Slab:             123184 kB
1776799250.153396016 SReclaimable:      32104 kB
1776799250.153396016 SUnreclaim:        91080 kB
1776799250.153396016 KernelStack:        3152 kB
1776799250.153396016 PageTables:         4192 kB
1776799250.153396016 SecPageTables:         0 kB
1776799250.153396016 NFS_Unstable:          0 kB
1776799250.153396016 Bounce:                0 kB
1776799250.153396016 WritebackTmp:          0 kB
1776799250.153396016 CommitLimit:     3537964 kB
1776799250.153396016 Committed_AS:     508168 kB
1776799250.153396016 VmallocTotal:   135288315904 kB
1776799250.153396016 VmallocUsed:       25828 kB
1776799250.153396016 VmallocChunk:          0 kB
1776799250.153396016 Percpu:             1552 kB
1776799250.153396016 AnonHugePages:         0 kB
1776799250.153396016 ShmemHugePages:        0 kB
1776799250.153396016 ShmemPmdMapped:        0 kB
1776799250.153396016 FileHugePages:         0 kB
1776799250.153396016 FilePmdMapped:         0 kB
1776799250.153396016 CmaTotal:          65536 kB
1776799250.153396016 CmaFree:           49104 kB
1776799250.153396016 Balloon:               0 kB
1776799250.153396016 HugePages_Total:     512
1776799250.153396016 HugePages_Free:      469
1776799250.153396016 HugePages_Rsvd:        0
1776799250.153396016 HugePages_Surp:        0
1776799250.153396016 Hugepagesize:       2048 kB
1776799250.153396016 Hugetlb:         1048576 kB
1776799251.161392550 MemTotal:        8124504 kB
1776799251.161392550 MemFree:         6352036 kB
1776799251.161392550 MemAvailable:    6633772 kB
1776799251.161392550 Buffers:           32544 kB
1776799251.161392550 Cached:           378060 kB
1776799251.161392550 SwapCached:            0 kB
1776799251.161392550 Active:           401732 kB
1776799251.161392550 Inactive:         111560 kB
1776799251.161392550 Active(anon):     107848 kB
1776799251.161392550 Inactive(anon):        0 kB
1776799251.161392550 Active(file):     293884 kB
1776799251.161392550 Inactive(file):   111560 kB
1776799251.161392550 Unevictable:           0 kB
1776799251.161392550 Mlocked:               0 kB
1776799251.161392550 SwapTotal:             0 kB
1776799251.161392550 SwapFree:              0 kB
1776799251.161392550 Zswap:                 0 kB
1776799251.161392550 Zswapped:              0 kB
1776799251.161392550 Dirty:               108 kB
1776799251.161392550 Writeback:             0 kB
1776799251.161392550 AnonPages:        102824 kB
1776799251.161392550 Mapped:           105380 kB
1776799251.161392550 Shmem:              5248 kB
1776799251.161392550 KReclaimable:      32104 kB
1776799251.161392550 Slab:             123228 kB
1776799251.161392550 SReclaimable:      32104 kB
1776799251.161392550 SUnreclaim:        91124 kB
1776799251.161392550 KernelStack:        3152 kB
1776799251.161392550 PageTables:         4184 kB
1776799251.161392550 SecPageTables:         0 kB
1776799251.161392550 NFS_Unstable:          0 kB
1776799251.161392550 Bounce:                0 kB
1776799251.161392550 WritebackTmp:          0 kB
1776799251.161392550 CommitLimit:     3537964 kB
1776799251.161392550 Committed_AS:     508168 kB
1776799251.161392550 VmallocTotal:   135288315904 kB
1776799251.161392550 VmallocUsed:       25828 kB
1776799251.161392550 VmallocChunk:          0 kB
1776799251.161392550 Percpu:             1552 kB
1776799251.161392550 AnonHugePages:         0 kB
1776799251.161392550 ShmemHugePages:        0 kB
1776799251.161392550 ShmemPmdMapped:        0 kB
1776799251.161392550 FileHugePages:         0 kB
1776799251.161392550 FilePmdMapped:         0 kB
1776799251.161392550 CmaTotal:          65536 kB
1776799251.161392550 CmaFree:           49104 kB
1776799251.161392550 Balloon:               0 kB
1776799251.161392550 HugePages_Total:     512
1776799251.161392550 HugePages_Free:      469
1776799251.161392550 HugePages_Rsvd:        0
1776799251.161392550 HugePages_Surp:        0
1776799251.161392550 Hugepagesize:       2048 kB
1776799251.161392550 Hugetlb:         1048576 kB
1776799252.169350862 MemTotal:        8124504 kB
1776799252.169350862 MemFree:         6353768 kB
1776799252.169350862 MemAvailable:    6635508 kB
1776799252.169350862 Buffers:           32544 kB
1776799252.169350862 Cached:           378060 kB
1776799252.169350862 SwapCached:            0 kB
1776799252.169350862 Active:           401728 kB
1776799252.169350862 Inactive:         111564 kB
1776799252.169350862 Active(anon):     107844 kB
1776799252.169350862 Inactive(anon):        0 kB
1776799252.169350862 Active(file):     293884 kB
1776799252.169350862 Inactive(file):   111564 kB
1776799252.169350862 Unevictable:           0 kB
1776799252.169350862 Mlocked:               0 kB
1776799252.169350862 SwapTotal:             0 kB
1776799252.169350862 SwapFree:              0 kB
1776799252.169350862 Zswap:                 0 kB
1776799252.169350862 Zswapped:              0 kB
1776799252.169350862 Dirty:               108 kB
1776799252.169350862 Writeback:             0 kB
1776799252.169350862 AnonPages:        102816 kB
1776799252.169350862 Mapped:           105380 kB
1776799252.169350862 Shmem:              5248 kB
1776799252.169350862 KReclaimable:      32104 kB
1776799252.169350862 Slab:             123196 kB
1776799252.169350862 SReclaimable:      32104 kB
1776799252.169350862 SUnreclaim:        91092 kB
1776799252.169350862 KernelStack:        3152 kB
1776799252.169350862 PageTables:         4184 kB
1776799252.169350862 SecPageTables:         0 kB
1776799252.169350862 NFS_Unstable:          0 kB
1776799252.169350862 Bounce:                0 kB
1776799252.169350862 WritebackTmp:          0 kB
1776799252.169350862 CommitLimit:     3537964 kB
1776799252.169350862 Committed_AS:     508168 kB
1776799252.169350862 VmallocTotal:   135288315904 kB
1776799252.169350862 VmallocUsed:       25828 kB
1776799252.169350862 VmallocChunk:          0 kB
1776799252.169350862 Percpu:             1552 kB
1776799252.169350862 AnonHugePages:         0 kB
1776799252.169350862 ShmemHugePages:        0 kB
1776799252.169350862 ShmemPmdMapped:        0 kB
1776799252.169350862 FileHugePages:         0 kB
1776799252.169350862 FilePmdMapped:         0 kB
1776799252.169350862 CmaTotal:          65536 kB
1776799252.169350862 CmaFree:           49104 kB
1776799252.169350862 Balloon:               0 kB
1776799252.169350862 HugePages_Total:     512
1776799252.169350862 HugePages_Free:      469
1776799252.169350862 HugePages_Rsvd:        0
1776799252.169350862 HugePages_Surp:        0
1776799252.169350862 Hugepagesize:       2048 kB
1776799252.169350862 Hugetlb:         1048576 kB
1776799253.177319730 MemTotal:        8124504 kB
1776799253.177319730 MemFree:         6356392 kB
1776799253.177319730 MemAvailable:    6638140 kB
1776799253.177319730 Buffers:           32548 kB
1776799253.177319730 Cached:           378064 kB
1776799253.177319730 SwapCached:            0 kB
1776799253.177319730 Active:           401776 kB
1776799253.177319730 Inactive:         111568 kB
1776799253.177319730 Active(anon):     107888 kB
1776799253.177319730 Inactive(anon):        0 kB
1776799253.177319730 Active(file):     293888 kB
1776799253.177319730 Inactive(file):   111568 kB
1776799253.177319730 Unevictable:           0 kB
1776799253.177319730 Mlocked:               0 kB
1776799253.177319730 SwapTotal:             0 kB
1776799253.177319730 SwapFree:              0 kB
1776799253.177319730 Zswap:                 0 kB
1776799253.177319730 Zswapped:              0 kB
1776799253.177319730 Dirty:               116 kB
1776799253.177319730 Writeback:             0 kB
1776799253.177319730 AnonPages:        102740 kB
1776799253.177319730 Mapped:           105380 kB
1776799253.177319730 Shmem:              5248 kB
1776799253.177319730 KReclaimable:      32104 kB
1776799253.177319730 Slab:             123116 kB
1776799253.177319730 SReclaimable:      32104 kB
1776799253.177319730 SUnreclaim:        91012 kB
1776799253.177319730 KernelStack:        3152 kB
1776799253.177319730 PageTables:         4192 kB
1776799253.177319730 SecPageTables:         0 kB
1776799253.177319730 NFS_Unstable:          0 kB
1776799253.177319730 Bounce:                0 kB
1776799253.177319730 WritebackTmp:          0 kB
1776799253.177319730 CommitLimit:     3537964 kB
1776799253.177319730 Committed_AS:     508168 kB
1776799253.177319730 VmallocTotal:   135288315904 kB
1776799253.177319730 VmallocUsed:       25828 kB
1776799253.177319730 VmallocChunk:          0 kB
1776799253.177319730 Percpu:             1552 kB
1776799253.177319730 AnonHugePages:         0 kB
1776799253.177319730 ShmemHugePages:        0 kB
1776799253.177319730 ShmemPmdMapped:        0 kB
1776799253.177319730 FileHugePages:         0 kB
1776799253.177319730 FilePmdMapped:         0 kB
1776799253.177319730 CmaTotal:          65536 kB
1776799253.177319730 CmaFree:           49104 kB
1776799253.177319730 Balloon:               0 kB
1776799253.177319730 HugePages_Total:     512
1776799253.177319730 HugePages_Free:      469
1776799253.177319730 HugePages_Rsvd:        0
1776799253.177319730 HugePages_Surp:        0
1776799253.177319730 Hugepagesize:       2048 kB
1776799253.177319730 Hugetlb:         1048576 kB
1776799254.188166254 MemTotal:        8124504 kB
1776799254.188166254 MemFree:         6355280 kB
1776799254.188166254 MemAvailable:    6637044 kB
1776799254.188166254 Buffers:           32552 kB
1776799254.188166254 Cached:           378080 kB
1776799254.188166254 SwapCached:            0 kB
1776799254.188166254 Active:           401680 kB
1776799254.188166254 Inactive:         111588 kB
1776799254.188166254 Active(anon):     107796 kB
1776799254.188166254 Inactive(anon):        0 kB
1776799254.188166254 Active(file):     293884 kB
1776799254.188166254 Inactive(file):   111588 kB
1776799254.188166254 Unevictable:           0 kB
1776799254.188166254 Mlocked:               0 kB
1776799254.188166254 SwapTotal:             0 kB
1776799254.188166254 SwapFree:              0 kB
1776799254.188166254 Zswap:                 0 kB
1776799254.188166254 Zswapped:              0 kB
1776799254.188166254 Dirty:               128 kB
1776799254.188166254 Writeback:             0 kB
1776799254.188166254 AnonPages:        102816 kB
1776799254.188166254 Mapped:           105380 kB
1776799254.188166254 Shmem:              5248 kB
1776799254.188166254 KReclaimable:      32104 kB
1776799254.188166254 Slab:             123328 kB
1776799254.188166254 SReclaimable:      32104 kB
1776799254.188166254 SUnreclaim:        91224 kB
1776799254.188166254 KernelStack:        3152 kB
1776799254.188166254 PageTables:         4180 kB
1776799254.188166254 SecPageTables:         0 kB
1776799254.188166254 NFS_Unstable:          0 kB
1776799254.188166254 Bounce:                0 kB
1776799254.188166254 WritebackTmp:          0 kB
1776799254.188166254 CommitLimit:     3537964 kB
1776799254.188166254 Committed_AS:     508168 kB
1776799254.188166254 VmallocTotal:   135288315904 kB
1776799254.188166254 VmallocUsed:       25812 kB
1776799254.188166254 VmallocChunk:          0 kB
1776799254.188166254 Percpu:             1552 kB
1776799254.188166254 AnonHugePages:         0 kB
1776799254.188166254 ShmemHugePages:        0 kB
1776799254.188166254 ShmemPmdMapped:        0 kB
1776799254.188166254 FileHugePages:         0 kB
1776799254.188166254 FilePmdMapped:         0 kB
1776799254.188166254 CmaTotal:          65536 kB
1776799254.188166254 CmaFree:           49104 kB
1776799254.188166254 Balloon:               0 kB
1776799254.188166254 HugePages_Total:     512
1776799254.188166254 HugePages_Free:      469
1776799254.188166254 HugePages_Rsvd:        0
1776799254.188166254 HugePages_Surp:        0
1776799254.188166254 Hugepagesize:       2048 kB
1776799254.188166254 Hugetlb:         1048576 kB
1776799255.196693957 MemTotal:        8124504 kB
1776799255.196693957 MemFree:         6352124 kB
1776799255.196693957 MemAvailable:    6633896 kB
1776799255.196693957 Buffers:           32552 kB
1776799255.196693957 Cached:           378080 kB
1776799255.196693957 SwapCached:            0 kB
1776799255.196693957 Active:           401868 kB
1776799255.196693957 Inactive:         111592 kB
1776799255.196693957 Active(anon):     107980 kB
1776799255.196693957 Inactive(anon):        0 kB
1776799255.196693957 Active(file):     293888 kB
1776799255.196693957 Inactive(file):   111592 kB
1776799255.196693957 Unevictable:           0 kB
1776799255.196693957 Mlocked:               0 kB
1776799255.196693957 SwapTotal:             0 kB
1776799255.196693957 SwapFree:              0 kB
1776799255.196693957 Zswap:                 0 kB
1776799255.196693957 Zswapped:              0 kB
1776799255.196693957 Dirty:               128 kB
1776799255.196693957 Writeback:             0 kB
1776799255.196693957 AnonPages:        102856 kB
1776799255.196693957 Mapped:           105420 kB
1776799255.196693957 Shmem:              5248 kB
1776799255.196693957 KReclaimable:      32104 kB
1776799255.196693957 Slab:             123232 kB
1776799255.196693957 SReclaimable:      32104 kB
1776799255.196693957 SUnreclaim:        91128 kB
1776799255.196693957 KernelStack:        3168 kB
1776799255.196693957 PageTables:         4228 kB
1776799255.196693957 SecPageTables:         0 kB
1776799255.196693957 NFS_Unstable:          0 kB
1776799255.196693957 Bounce:                0 kB
1776799255.196693957 WritebackTmp:          0 kB
1776799255.196693957 CommitLimit:     3537964 kB
1776799255.196693957 Committed_AS:     508168 kB
1776799255.196693957 VmallocTotal:   135288315904 kB
1776799255.196693957 VmallocUsed:       25828 kB
1776799255.196693957 VmallocChunk:          0 kB
1776799255.196693957 Percpu:             1552 kB
1776799255.196693957 AnonHugePages:         0 kB
1776799255.196693957 ShmemHugePages:        0 kB
1776799255.196693957 ShmemPmdMapped:        0 kB
1776799255.196693957 FileHugePages:         0 kB
1776799255.196693957 FilePmdMapped:         0 kB
1776799255.196693957 CmaTotal:          65536 kB
1776799255.196693957 CmaFree:           49104 kB
1776799255.196693957 Balloon:               0 kB
1776799255.196693957 HugePages_Total:     512
1776799255.196693957 HugePages_Free:      469
1776799255.196693957 HugePages_Rsvd:        0
1776799255.196693957 HugePages_Surp:        0
1776799255.196693957 Hugepagesize:       2048 kB
1776799255.196693957 Hugetlb:         1048576 kB
1776799256.204659343 MemTotal:        8124504 kB
1776799256.204659343 MemFree:         6356784 kB
1776799256.204659343 MemAvailable:    6638556 kB
1776799256.204659343 Buffers:           32552 kB
1776799256.204659343 Cached:           378084 kB
1776799256.204659343 SwapCached:            0 kB
1776799256.204659343 Active:           401744 kB
1776799256.204659343 Inactive:         111596 kB
1776799256.204659343 Active(anon):     107860 kB
1776799256.204659343 Inactive(anon):        0 kB
1776799256.204659343 Active(file):     293884 kB
1776799256.204659343 Inactive(file):   111596 kB
1776799256.204659343 Unevictable:           0 kB
1776799256.204659343 Mlocked:               0 kB
1776799256.204659343 SwapTotal:             0 kB
1776799256.204659343 SwapFree:              0 kB
1776799256.204659343 Zswap:                 0 kB
1776799256.204659343 Zswapped:              0 kB
1776799256.204659343 Dirty:               132 kB
1776799256.204659343 Writeback:             0 kB
1776799256.204659343 AnonPages:        102820 kB
1776799256.204659343 Mapped:           105380 kB
1776799256.204659343 Shmem:              5248 kB
1776799256.204659343 KReclaimable:      32104 kB
1776799256.204659343 Slab:             123240 kB
1776799256.204659343 SReclaimable:      32104 kB
1776799256.204659343 SUnreclaim:        91136 kB
1776799256.204659343 KernelStack:        3152 kB
1776799256.204659343 PageTables:         4180 kB
1776799256.204659343 SecPageTables:         0 kB
1776799256.204659343 NFS_Unstable:          0 kB
1776799256.204659343 Bounce:                0 kB
1776799256.204659343 WritebackTmp:          0 kB
1776799256.204659343 CommitLimit:     3537964 kB
1776799256.204659343 Committed_AS:     508168 kB
1776799256.204659343 VmallocTotal:   135288315904 kB
1776799256.204659343 VmallocUsed:       25828 kB
1776799256.204659343 VmallocChunk:          0 kB
1776799256.204659343 Percpu:             1552 kB
1776799256.204659343 AnonHugePages:         0 kB
1776799256.204659343 ShmemHugePages:        0 kB
1776799256.204659343 ShmemPmdMapped:        0 kB
1776799256.204659343 FileHugePages:         0 kB
1776799256.204659343 FilePmdMapped:         0 kB
1776799256.204659343 CmaTotal:          65536 kB
1776799256.204659343 CmaFree:           49104 kB
1776799256.204659343 Balloon:               0 kB
1776799256.204659343 HugePages_Total:     512
1776799256.204659343 HugePages_Free:      469
1776799256.204659343 HugePages_Rsvd:        0
1776799256.204659343 HugePages_Surp:        0
1776799256.204659343 Hugepagesize:       2048 kB
1776799256.204659343 Hugetlb:         1048576 kB
1776799257.212580562 MemTotal:        8124504 kB
1776799257.212580562 MemFree:         6357116 kB
1776799257.212580562 MemAvailable:    6638892 kB
1776799257.212580562 Buffers:           32552 kB
1776799257.212580562 Cached:           378088 kB
1776799257.212580562 SwapCached:            0 kB
1776799257.212580562 Active:           401704 kB
1776799257.212580562 Inactive:         111600 kB
1776799257.212580562 Active(anon):     107820 kB
1776799257.212580562 Inactive(anon):        0 kB
1776799257.212580562 Active(file):     293884 kB
1776799257.212580562 Inactive(file):   111600 kB
1776799257.212580562 Unevictable:           0 kB
1776799257.212580562 Mlocked:               0 kB
1776799257.212580562 SwapTotal:             0 kB
1776799257.212580562 SwapFree:              0 kB
1776799257.212580562 Zswap:                 0 kB
1776799257.212580562 Zswapped:              0 kB
1776799257.212580562 Dirty:               136 kB
1776799257.212580562 Writeback:             0 kB
1776799257.212580562 AnonPages:        102816 kB
1776799257.212580562 Mapped:           105380 kB
1776799257.212580562 Shmem:              5248 kB
1776799257.212580562 KReclaimable:      32104 kB
1776799257.212580562 Slab:             123264 kB
1776799257.212580562 SReclaimable:      32104 kB
1776799257.212580562 SUnreclaim:        91160 kB
1776799257.212580562 KernelStack:        3152 kB
1776799257.212580562 PageTables:         4184 kB
1776799257.212580562 SecPageTables:         0 kB
1776799257.212580562 NFS_Unstable:          0 kB
1776799257.212580562 Bounce:                0 kB
1776799257.212580562 WritebackTmp:          0 kB
1776799257.212580562 CommitLimit:     3537964 kB
1776799257.212580562 Committed_AS:     508168 kB
1776799257.212580562 VmallocTotal:   135288315904 kB
1776799257.212580562 VmallocUsed:       25828 kB
1776799257.212580562 VmallocChunk:          0 kB
1776799257.212580562 Percpu:             1552 kB
1776799257.212580562 AnonHugePages:         0 kB
1776799257.212580562 ShmemHugePages:        0 kB
1776799257.212580562 ShmemPmdMapped:        0 kB
1776799257.212580562 FileHugePages:         0 kB
1776799257.212580562 FilePmdMapped:         0 kB
1776799257.212580562 CmaTotal:          65536 kB
1776799257.212580562 CmaFree:           49104 kB
1776799257.212580562 Balloon:               0 kB
1776799257.212580562 HugePages_Total:     512
1776799257.212580562 HugePages_Free:      469
1776799257.212580562 HugePages_Rsvd:        0
1776799257.212580562 HugePages_Surp:        0
1776799257.212580562 Hugepagesize:       2048 kB
1776799257.212580562 Hugetlb:         1048576 kB
1776799258.221603674 MemTotal:        8124504 kB
1776799258.221603674 MemFree:         6355840 kB
1776799258.221603674 MemAvailable:    6637620 kB
1776799258.221603674 Buffers:           32560 kB
1776799258.221603674 Cached:           378084 kB
1776799258.221603674 SwapCached:            0 kB
1776799258.221603674 Active:           401704 kB
1776799258.221603674 Inactive:         111604 kB
1776799258.221603674 Active(anon):     107820 kB
1776799258.221603674 Inactive(anon):        0 kB
1776799258.221603674 Active(file):     293884 kB
1776799258.221603674 Inactive(file):   111604 kB
1776799258.221603674 Unevictable:           0 kB
1776799258.221603674 Mlocked:               0 kB
1776799258.221603674 SwapTotal:             0 kB
1776799258.221603674 SwapFree:              0 kB
1776799258.221603674 Zswap:                 0 kB
1776799258.221603674 Zswapped:              0 kB
1776799258.221603674 Dirty:               140 kB
1776799258.221603674 Writeback:             0 kB
1776799258.221603674 AnonPages:        102812 kB
1776799258.221603674 Mapped:           105380 kB
1776799258.221603674 Shmem:              5248 kB
1776799258.221603674 KReclaimable:      32104 kB
1776799258.221603674 Slab:             123136 kB
1776799258.221603674 SReclaimable:      32104 kB
1776799258.221603674 SUnreclaim:        91032 kB
1776799258.221603674 KernelStack:        3152 kB
1776799258.221603674 PageTables:         4192 kB
1776799258.221603674 SecPageTables:         0 kB
1776799258.221603674 NFS_Unstable:          0 kB
1776799258.221603674 Bounce:                0 kB
1776799258.221603674 WritebackTmp:          0 kB
1776799258.221603674 CommitLimit:     3537964 kB
1776799258.221603674 Committed_AS:     508168 kB
1776799258.221603674 VmallocTotal:   135288315904 kB
1776799258.221603674 VmallocUsed:       25828 kB
1776799258.221603674 VmallocChunk:          0 kB
1776799258.221603674 Percpu:             1552 kB
1776799258.221603674 AnonHugePages:         0 kB
1776799258.221603674 ShmemHugePages:        0 kB
1776799258.221603674 ShmemPmdMapped:        0 kB
1776799258.221603674 FileHugePages:         0 kB
1776799258.221603674 FilePmdMapped:         0 kB
1776799258.221603674 CmaTotal:          65536 kB
1776799258.221603674 CmaFree:           49104 kB
1776799258.221603674 Balloon:               0 kB
1776799258.221603674 HugePages_Total:     512
1776799258.221603674 HugePages_Free:      469
1776799258.221603674 HugePages_Rsvd:        0
1776799258.221603674 HugePages_Surp:        0
1776799258.221603674 Hugepagesize:       2048 kB
1776799258.221603674 Hugetlb:         1048576 kB
1776799259.232799514 MemTotal:        8124504 kB
1776799259.232799514 MemFree:         6354628 kB
1776799259.232799514 MemAvailable:    6636420 kB
1776799259.232799514 Buffers:           32560 kB
1776799259.232799514 Cached:           378096 kB
1776799259.232799514 SwapCached:            0 kB
1776799259.232799514 Active:           401708 kB
1776799259.232799514 Inactive:         111616 kB
1776799259.232799514 Active(anon):     107824 kB
1776799259.232799514 Inactive(anon):        0 kB
1776799259.232799514 Active(file):     293884 kB
1776799259.232799514 Inactive(file):   111616 kB
1776799259.232799514 Unevictable:           0 kB
1776799259.232799514 Mlocked:               0 kB
1776799259.232799514 SwapTotal:             0 kB
1776799259.232799514 SwapFree:              0 kB
1776799259.232799514 Zswap:                 0 kB
1776799259.232799514 Zswapped:              0 kB
1776799259.232799514 Dirty:               144 kB
1776799259.232799514 Writeback:             0 kB
1776799259.232799514 AnonPages:        102820 kB
1776799259.232799514 Mapped:           105380 kB
1776799259.232799514 Shmem:              5248 kB
1776799259.232799514 KReclaimable:      32104 kB
1776799259.232799514 Slab:             123192 kB
1776799259.232799514 SReclaimable:      32104 kB
1776799259.232799514 SUnreclaim:        91088 kB
1776799259.232799514 KernelStack:        3152 kB
1776799259.232799514 PageTables:         4192 kB
1776799259.232799514 SecPageTables:         0 kB
1776799259.232799514 NFS_Unstable:          0 kB
1776799259.232799514 Bounce:                0 kB
1776799259.232799514 WritebackTmp:          0 kB
1776799259.232799514 CommitLimit:     3537964 kB
1776799259.232799514 Committed_AS:     508168 kB
1776799259.232799514 VmallocTotal:   135288315904 kB
1776799259.232799514 VmallocUsed:       25828 kB
1776799259.232799514 VmallocChunk:          0 kB
1776799259.232799514 Percpu:             1552 kB
1776799259.232799514 AnonHugePages:         0 kB
1776799259.232799514 ShmemHugePages:        0 kB
1776799259.232799514 ShmemPmdMapped:        0 kB
1776799259.232799514 FileHugePages:         0 kB
1776799259.232799514 FilePmdMapped:         0 kB
1776799259.232799514 CmaTotal:          65536 kB
1776799259.232799514 CmaFree:           49104 kB
1776799259.232799514 Balloon:               0 kB
1776799259.232799514 HugePages_Total:     512
1776799259.232799514 HugePages_Free:      469
1776799259.232799514 HugePages_Rsvd:        0
1776799259.232799514 HugePages_Surp:        0
1776799259.232799514 Hugepagesize:       2048 kB
1776799259.232799514 Hugetlb:         1048576 kB
1776799260.241690421 MemTotal:        8124504 kB
1776799260.241690421 MemFree:         6352460 kB
1776799260.241690421 MemAvailable:    6634264 kB
1776799260.241690421 Buffers:           32560 kB
1776799260.241690421 Cached:           378108 kB
1776799260.241690421 SwapCached:            0 kB
1776799260.241690421 Active:           401728 kB
1776799260.241690421 Inactive:         111628 kB
1776799260.241690421 Active(anon):     107844 kB
1776799260.241690421 Inactive(anon):        0 kB
1776799260.241690421 Active(file):     293884 kB
1776799260.241690421 Inactive(file):   111628 kB
1776799260.241690421 Unevictable:           0 kB
1776799260.241690421 Mlocked:               0 kB
1776799260.241690421 SwapTotal:             0 kB
1776799260.241690421 SwapFree:              0 kB
1776799260.241690421 Zswap:                 0 kB
1776799260.241690421 Zswapped:              0 kB
1776799260.241690421 Dirty:               156 kB
1776799260.241690421 Writeback:             0 kB
1776799260.241690421 AnonPages:        102820 kB
1776799260.241690421 Mapped:           105380 kB
1776799260.241690421 Shmem:              5248 kB
1776799260.241690421 KReclaimable:      32104 kB
1776799260.241690421 Slab:             123280 kB
1776799260.241690421 SReclaimable:      32104 kB
1776799260.241690421 SUnreclaim:        91176 kB
1776799260.241690421 KernelStack:        3152 kB
1776799260.241690421 PageTables:         4192 kB
1776799260.241690421 SecPageTables:         0 kB
1776799260.241690421 NFS_Unstable:          0 kB
1776799260.241690421 Bounce:                0 kB
1776799260.241690421 WritebackTmp:          0 kB
1776799260.241690421 CommitLimit:     3537964 kB
1776799260.241690421 Committed_AS:     508168 kB
1776799260.241690421 VmallocTotal:   135288315904 kB
1776799260.241690421 VmallocUsed:       25828 kB
1776799260.241690421 VmallocChunk:          0 kB
1776799260.241690421 Percpu:             1552 kB
1776799260.241690421 AnonHugePages:         0 kB
1776799260.241690421 ShmemHugePages:        0 kB
1776799260.241690421 ShmemPmdMapped:        0 kB
1776799260.241690421 FileHugePages:         0 kB
1776799260.241690421 FilePmdMapped:         0 kB
1776799260.241690421 CmaTotal:          65536 kB
1776799260.241690421 CmaFree:           49104 kB
1776799260.241690421 Balloon:               0 kB
1776799260.241690421 HugePages_Total:     512
1776799260.241690421 HugePages_Free:      469
1776799260.241690421 HugePages_Rsvd:        0
1776799260.241690421 HugePages_Surp:        0
1776799260.241690421 Hugepagesize:       2048 kB
1776799260.241690421 Hugetlb:         1048576 kB
1776799261.250643718 MemTotal:        8124504 kB
1776799261.250643718 MemFree:         6356508 kB
1776799261.250643718 MemAvailable:    6638312 kB
1776799261.250643718 Buffers:           32560 kB
1776799261.250643718 Cached:           378108 kB
1776799261.250643718 SwapCached:            0 kB
1776799261.250643718 Active:           401708 kB
1776799261.250643718 Inactive:         111628 kB
1776799261.250643718 Active(anon):     107824 kB
1776799261.250643718 Inactive(anon):        0 kB
1776799261.250643718 Active(file):     293884 kB
1776799261.250643718 Inactive(file):   111628 kB
1776799261.250643718 Unevictable:           0 kB
1776799261.250643718 Mlocked:               0 kB
1776799261.250643718 SwapTotal:             0 kB
1776799261.250643718 SwapFree:              0 kB
1776799261.250643718 Zswap:                 0 kB
1776799261.250643718 Zswapped:              0 kB
1776799261.250643718 Dirty:               156 kB
1776799261.250643718 Writeback:             0 kB
1776799261.250643718 AnonPages:        102812 kB
1776799261.250643718 Mapped:           105380 kB
1776799261.250643718 Shmem:              5248 kB
1776799261.250643718 KReclaimable:      32104 kB
1776799261.250643718 Slab:             123176 kB
1776799261.250643718 SReclaimable:      32104 kB
1776799261.250643718 SUnreclaim:        91072 kB
1776799261.250643718 KernelStack:        3152 kB
1776799261.250643718 PageTables:         4184 kB
1776799261.250643718 SecPageTables:         0 kB
1776799261.250643718 NFS_Unstable:          0 kB
1776799261.250643718 Bounce:                0 kB
1776799261.250643718 WritebackTmp:          0 kB
1776799261.250643718 CommitLimit:     3537964 kB
1776799261.250643718 Committed_AS:     508168 kB
1776799261.250643718 VmallocTotal:   135288315904 kB
1776799261.250643718 VmallocUsed:       25828 kB
1776799261.250643718 VmallocChunk:          0 kB
1776799261.250643718 Percpu:             1552 kB
1776799261.250643718 AnonHugePages:         0 kB
1776799261.250643718 ShmemHugePages:        0 kB
1776799261.250643718 ShmemPmdMapped:        0 kB
1776799261.250643718 FileHugePages:         0 kB
1776799261.250643718 FilePmdMapped:         0 kB
1776799261.250643718 CmaTotal:          65536 kB
1776799261.250643718 CmaFree:           49104 kB
1776799261.250643718 Balloon:               0 kB
1776799261.250643718 HugePages_Total:     512
1776799261.250643718 HugePages_Free:      469
1776799261.250643718 HugePages_Rsvd:        0
1776799261.250643718 HugePages_Surp:        0
1776799261.250643718 Hugepagesize:       2048 kB
1776799261.250643718 Hugetlb:         1048576 kB
1776799262.259555458 MemTotal:        8124504 kB
1776799262.259555458 MemFree:         6350324 kB
1776799262.259555458 MemAvailable:    6632132 kB
1776799262.259555458 Buffers:           32560 kB
1776799262.259555458 Cached:           378116 kB
1776799262.259555458 SwapCached:            0 kB
1776799262.259555458 Active:           401736 kB
1776799262.259555458 Inactive:         111636 kB
1776799262.259555458 Active(anon):     107856 kB
1776799262.259555458 Inactive(anon):        0 kB
1776799262.259555458 Active(file):     293880 kB
1776799262.259555458 Inactive(file):   111636 kB
1776799262.259555458 Unevictable:           0 kB
1776799262.259555458 Mlocked:               0 kB
1776799262.259555458 SwapTotal:             0 kB
1776799262.259555458 SwapFree:              0 kB
1776799262.259555458 Zswap:                 0 kB
1776799262.259555458 Zswapped:              0 kB
1776799262.259555458 Dirty:               164 kB
1776799262.259555458 Writeback:             0 kB
1776799262.259555458 AnonPages:        102820 kB
1776799262.259555458 Mapped:           105504 kB
1776799262.259555458 Shmem:              5248 kB
1776799262.259555458 KReclaimable:      32104 kB
1776799262.259555458 Slab:             123284 kB
1776799262.259555458 SReclaimable:      32104 kB
1776799262.259555458 SUnreclaim:        91180 kB
1776799262.259555458 KernelStack:        3136 kB
1776799262.259555458 PageTables:         4324 kB
1776799262.259555458 SecPageTables:         0 kB
1776799262.259555458 NFS_Unstable:          0 kB
1776799262.259555458 Bounce:                0 kB
1776799262.259555458 WritebackTmp:          0 kB
1776799262.259555458 CommitLimit:     3537964 kB
1776799262.259555458 Committed_AS:     508168 kB
1776799262.259555458 VmallocTotal:   135288315904 kB
1776799262.259555458 VmallocUsed:       25828 kB
1776799262.259555458 VmallocChunk:          0 kB
1776799262.259555458 Percpu:             1552 kB
1776799262.259555458 AnonHugePages:         0 kB
1776799262.259555458 ShmemHugePages:        0 kB
1776799262.259555458 ShmemPmdMapped:        0 kB
1776799262.259555458 FileHugePages:         0 kB
1776799262.259555458 FilePmdMapped:         0 kB
1776799262.259555458 CmaTotal:          65536 kB
1776799262.259555458 CmaFree:           49104 kB
1776799262.259555458 Balloon:               0 kB
1776799262.259555458 HugePages_Total:     512
1776799262.259555458 HugePages_Free:      469
1776799262.259555458 HugePages_Rsvd:        0
1776799262.259555458 HugePages_Surp:        0
1776799262.259555458 Hugepagesize:       2048 kB
1776799262.259555458 Hugetlb:         1048576 kB
1776799263.268724385 MemTotal:        8124504 kB
1776799263.268724385 MemFree:         6355752 kB
1776799263.268724385 MemAvailable:    6637564 kB
1776799263.268724385 Buffers:           32564 kB
1776799263.268724385 Cached:           378112 kB
1776799263.268724385 SwapCached:            0 kB
1776799263.268724385 Active:           401708 kB
1776799263.268724385 Inactive:         111636 kB
1776799263.268724385 Active(anon):     107824 kB
1776799263.268724385 Inactive(anon):        0 kB
1776799263.268724385 Active(file):     293884 kB
1776799263.268724385 Inactive(file):   111636 kB
1776799263.268724385 Unevictable:           0 kB
1776799263.268724385 Mlocked:               0 kB
1776799263.268724385 SwapTotal:             0 kB
1776799263.268724385 SwapFree:              0 kB
1776799263.268724385 Zswap:                 0 kB
1776799263.268724385 Zswapped:              0 kB
1776799263.268724385 Dirty:               164 kB
1776799263.268724385 Writeback:             0 kB
1776799263.268724385 AnonPages:        102820 kB
1776799263.268724385 Mapped:           105380 kB
1776799263.268724385 Shmem:              5248 kB
1776799263.268724385 KReclaimable:      32104 kB
1776799263.268724385 Slab:             123248 kB
1776799263.268724385 SReclaimable:      32104 kB
1776799263.268724385 SUnreclaim:        91144 kB
1776799263.268724385 KernelStack:        3152 kB
1776799263.268724385 PageTables:         4192 kB
1776799263.268724385 SecPageTables:         0 kB
1776799263.268724385 NFS_Unstable:          0 kB
1776799263.268724385 Bounce:                0 kB
1776799263.268724385 WritebackTmp:          0 kB
1776799263.268724385 CommitLimit:     3537964 kB
1776799263.268724385 Committed_AS:     508168 kB
1776799263.268724385 VmallocTotal:   135288315904 kB
1776799263.268724385 VmallocUsed:       25828 kB
1776799263.268724385 VmallocChunk:          0 kB
1776799263.268724385 Percpu:             1552 kB
1776799263.268724385 AnonHugePages:         0 kB
1776799263.268724385 ShmemHugePages:        0 kB
1776799263.268724385 ShmemPmdMapped:        0 kB
1776799263.268724385 FileHugePages:         0 kB
1776799263.268724385 FilePmdMapped:         0 kB
1776799263.268724385 CmaTotal:          65536 kB
1776799263.268724385 CmaFree:           49104 kB
1776799263.268724385 Balloon:               0 kB
1776799263.268724385 HugePages_Total:     512
1776799263.268724385 HugePages_Free:      469
1776799263.268724385 HugePages_Rsvd:        0
1776799263.268724385 HugePages_Surp:        0
1776799263.268724385 Hugepagesize:       2048 kB
1776799263.268724385 Hugetlb:         1048576 kB
1776799264.277882812 MemTotal:        8124504 kB
1776799264.277882812 MemFree:         6355148 kB
1776799264.277882812 MemAvailable:    6636972 kB
1776799264.277882812 Buffers:           32568 kB
1776799264.277882812 Cached:           378120 kB
1776799264.277882812 SwapCached:            0 kB
1776799264.277882812 Active:           401728 kB
1776799264.277882812 Inactive:         111648 kB
1776799264.277882812 Active(anon):     107844 kB
1776799264.277882812 Inactive(anon):        0 kB
1776799264.277882812 Active(file):     293884 kB
1776799264.277882812 Inactive(file):   111648 kB
1776799264.277882812 Unevictable:           0 kB
1776799264.277882812 Mlocked:               0 kB
1776799264.277882812 SwapTotal:             0 kB
1776799264.277882812 SwapFree:              0 kB
1776799264.277882812 Zswap:                 0 kB
1776799264.277882812 Zswapped:              0 kB
1776799264.277882812 Dirty:               172 kB
1776799264.277882812 Writeback:             0 kB
1776799264.277882812 AnonPages:        102816 kB
1776799264.277882812 Mapped:           105380 kB
1776799264.277882812 Shmem:              5248 kB
1776799264.277882812 KReclaimable:      32104 kB
1776799264.277882812 Slab:             123164 kB
1776799264.277882812 SReclaimable:      32104 kB
1776799264.277882812 SUnreclaim:        91060 kB
1776799264.277882812 KernelStack:        3152 kB
1776799264.277882812 PageTables:         4188 kB
1776799264.277882812 SecPageTables:         0 kB
1776799264.277882812 NFS_Unstable:          0 kB
1776799264.277882812 Bounce:                0 kB
1776799264.277882812 WritebackTmp:          0 kB
1776799264.277882812 CommitLimit:     3537964 kB
1776799264.277882812 Committed_AS:     508168 kB
1776799264.277882812 VmallocTotal:   135288315904 kB
1776799264.277882812 VmallocUsed:       25828 kB
1776799264.277882812 VmallocChunk:          0 kB
1776799264.277882812 Percpu:             1552 kB
1776799264.277882812 AnonHugePages:         0 kB
1776799264.277882812 ShmemHugePages:        0 kB
1776799264.277882812 ShmemPmdMapped:        0 kB
1776799264.277882812 FileHugePages:         0 kB
1776799264.277882812 FilePmdMapped:         0 kB
1776799264.277882812 CmaTotal:          65536 kB
1776799264.277882812 CmaFree:           49104 kB
1776799264.277882812 Balloon:               0 kB
1776799264.277882812 HugePages_Total:     512
1776799264.277882812 HugePages_Free:      469
1776799264.277882812 HugePages_Rsvd:        0
1776799264.277882812 HugePages_Surp:        0
1776799264.277882812 Hugepagesize:       2048 kB
1776799264.277882812 Hugetlb:         1048576 kB
1776799265.287109405 MemTotal:        8124504 kB
1776799265.287109405 MemFree:         6354536 kB
1776799265.287109405 MemAvailable:    6636376 kB
1776799265.287109405 Buffers:           32568 kB
1776799265.287109405 Cached:           378132 kB
1776799265.287109405 SwapCached:            0 kB
1776799265.287109405 Active:           401824 kB
1776799265.287109405 Inactive:         111660 kB
1776799265.287109405 Active(anon):     107936 kB
1776799265.287109405 Inactive(anon):        0 kB
1776799265.287109405 Active(file):     293888 kB
1776799265.287109405 Inactive(file):   111660 kB
1776799265.287109405 Unevictable:           0 kB
1776799265.287109405 Mlocked:               0 kB
1776799265.287109405 SwapTotal:             0 kB
1776799265.287109405 SwapFree:              0 kB
1776799265.287109405 Zswap:                 0 kB
1776799265.287109405 Zswapped:              0 kB
1776799265.287109405 Dirty:                12 kB
1776799265.287109405 Writeback:             0 kB
1776799265.287109405 AnonPages:        102816 kB
1776799265.287109405 Mapped:           105380 kB
1776799265.287109405 Shmem:              5248 kB
1776799265.287109405 KReclaimable:      32104 kB
1776799265.287109405 Slab:             123320 kB
1776799265.287109405 SReclaimable:      32104 kB
1776799265.287109405 SUnreclaim:        91216 kB
1776799265.287109405 KernelStack:        3152 kB
1776799265.287109405 PageTables:         4180 kB
1776799265.287109405 SecPageTables:         0 kB
1776799265.287109405 NFS_Unstable:          0 kB
1776799265.287109405 Bounce:                0 kB
1776799265.287109405 WritebackTmp:          0 kB
1776799265.287109405 CommitLimit:     3537964 kB
1776799265.287109405 Committed_AS:     508168 kB
1776799265.287109405 VmallocTotal:   135288315904 kB
1776799265.287109405 VmallocUsed:       25828 kB
1776799265.287109405 VmallocChunk:          0 kB
1776799265.287109405 Percpu:             1552 kB
1776799265.287109405 AnonHugePages:         0 kB
1776799265.287109405 ShmemHugePages:        0 kB
1776799265.287109405 ShmemPmdMapped:        0 kB
1776799265.287109405 FileHugePages:         0 kB
1776799265.287109405 FilePmdMapped:         0 kB
1776799265.287109405 CmaTotal:          65536 kB
1776799265.287109405 CmaFree:           49104 kB
1776799265.287109405 Balloon:               0 kB
1776799265.287109405 HugePages_Total:     512
1776799265.287109405 HugePages_Free:      469
1776799265.287109405 HugePages_Rsvd:        0
1776799265.287109405 HugePages_Surp:        0
1776799265.287109405 Hugepagesize:       2048 kB
1776799265.287109405 Hugetlb:         1048576 kB
1776799266.296268758 MemTotal:        8124504 kB
1776799266.296268758 MemFree:         6352304 kB
1776799266.296268758 MemAvailable:    6634140 kB
1776799266.296268758 Buffers:           32568 kB
1776799266.296268758 Cached:           378132 kB
1776799266.296268758 SwapCached:            0 kB
1776799266.296268758 Active:           401724 kB
1776799266.296268758 Inactive:         111660 kB
1776799266.296268758 Active(anon):     107840 kB
1776799266.296268758 Inactive(anon):        0 kB
1776799266.296268758 Active(file):     293884 kB
1776799266.296268758 Inactive(file):   111660 kB
1776799266.296268758 Unevictable:           0 kB
1776799266.296268758 Mlocked:               0 kB
1776799266.296268758 SwapTotal:             0 kB
1776799266.296268758 SwapFree:              0 kB
1776799266.296268758 Zswap:                 0 kB
1776799266.296268758 Zswapped:              0 kB
1776799266.296268758 Dirty:                28 kB
1776799266.296268758 Writeback:             0 kB
1776799266.296268758 AnonPages:        102816 kB
1776799266.296268758 Mapped:           105380 kB
1776799266.296268758 Shmem:              5248 kB
1776799266.296268758 KReclaimable:      32104 kB
1776799266.296268758 Slab:             123316 kB
1776799266.296268758 SReclaimable:      32104 kB
1776799266.296268758 SUnreclaim:        91212 kB
1776799266.296268758 KernelStack:        3152 kB
1776799266.296268758 PageTables:         4184 kB
1776799266.296268758 SecPageTables:         0 kB
1776799266.296268758 NFS_Unstable:          0 kB
1776799266.296268758 Bounce:                0 kB
1776799266.296268758 WritebackTmp:          0 kB
1776799266.296268758 CommitLimit:     3537964 kB
1776799266.296268758 Committed_AS:     508168 kB
1776799266.296268758 VmallocTotal:   135288315904 kB
1776799266.296268758 VmallocUsed:       25828 kB
1776799266.296268758 VmallocChunk:          0 kB
1776799266.296268758 Percpu:             1552 kB
1776799266.296268758 AnonHugePages:         0 kB
1776799266.296268758 ShmemHugePages:        0 kB
1776799266.296268758 ShmemPmdMapped:        0 kB
1776799266.296268758 FileHugePages:         0 kB
1776799266.296268758 FilePmdMapped:         0 kB
1776799266.296268758 CmaTotal:          65536 kB
1776799266.296268758 CmaFree:           49104 kB
1776799266.296268758 Balloon:               0 kB
1776799266.296268758 HugePages_Total:     512
1776799266.296268758 HugePages_Free:      469
1776799266.296268758 HugePages_Rsvd:        0
1776799266.296268758 HugePages_Surp:        0
1776799266.296268758 Hugepagesize:       2048 kB
1776799266.296268758 Hugetlb:         1048576 kB
